,GRACE-3L-OMAT-large-ft-AM,SevenNet-MPALOE,SevenNet-omat24,PET-OAM-XL
1000_CsAgLuCl,0.0,0.0,0.0,0.0
1001_CsAuVCl,0.14910020828247195,0.12979583740000322,0.16048386097000122,0.5520584106445376
1002_CsNaPrCl,0.0006580829620395079,0.0038972854550110014,0.0,0.00011258125305513289
1003_CsAgDyCl,0.0,0.0,0.0,0.0
1004_CsMgNdCl,0.1275966405868525,0.08858413696249912,0.13909513354687464,0.12954715490341195
1005_CsVSmCl,0.1859906733036052,0.10817461014000251,0.1935001373316032,0.19457778930664116
1006_CsPtAmCl,,,,
1007_CsAgYbCl,0.06679040193557917,0.0,0.0,0.05741090774536284
1008_CsSmPtCl,0.2643454074859628,0.2499366760225037,0.2700561523491025,0.2619653701782232
1009_CsKVCl,0.01044265031814362,0.0,0.01017851829499783,0.009501028060910244
1010_CsCaHgCl,0.028445560733474817,0.0182198418544246,0.028764428030553457,0.029631212022567244
1011_CsCaYbCl,0.0010287165641784668,0.0,0.06344782511638858,0.0017536163330076349
1012_CsNaPuCl,0.0,0.0,0.0,0.0
1013_CsGeNdCl,0.23373200893402135,0.2540419578525004,0.22312676906187523,0.23010001182556206
1014_CsCdDyCl,0.10627975016832325,0.12016890844415506,0.10730557442029198,0.10629569292068508
1015_CsCuNdCl,0.03673921227455379,0.02649126052916806,0.04042167663687746,0.038217067718508524
1016_CsNaNdCl,0.0,0.0,0.0,0.0
1017_CsAgAuCl,0.05378370285034162,0.04106292724000227,0.05794429779000021,0.39478158950805664
1018_CsKGaCl,0.04888812899589556,0.025752830502504764,0.05102367400500096,0.051257181167603694
1019_CsVAmCl,,,,
1020_CsPdEuCl,0.04356039762496877,0.006611633302814113,0.04334869385421758,0.0479667663574217
1021_CsTiEuCl,0.05133027566804138,0.013031768797496568,0.05198580424361321,0.05121390024821171
1022_CsNaNpCl,0.0,0.0,0.0,0.0
1023_CsAgTmCl,0.0,0.0,0.0,0.0
1024_CsZnNdCl,0.15627983510493593,0.18440035184013404,0.15889521042675225,0.15485000411668848
1025_CsNaCeCl,0.0,0.0,0.0,0.0
1026_CsCaTmCl,0.12360906269815208,0.009738922119982618,0.11722453435500624,0.1182309680514857
1027_CsNaAmCl,,,,
1028_CsKCrCl,0.003028845787049761,0.0,0.006922674170001031,0.004880285263062056
1029_CsKMnCl,0.020373855034509614,0.01897678374541556,0.024159844710832434,0.019673681259154474
1030_CsAgTlCl,0.0,0.0,0.0,0.0
1031_CsAuRhCl,0.08037039637565657,0.06232795715999728,0.08997074365999991,0.5080045700073232
1032_CsTlAlCl,0.03650695681571969,0.02313156128749938,0.041850280762500525,0.039586639404296964
1033_CsPtPbCl,0.14475076198578618,0.13600196838500622,0.15086913109000744,0.140893077850349
1034_CsHgInCl,0.05290292203426317,0.06935577392668435,0.05999301075937513,0.0549367770552629
1035_CsNaCmCl,,,,
1036_CsAuGaCl,0.15828232765197825,0.13774070740500477,0.16381751298500058,0.5844944953918465
1037_CsNaPmCl,0.0,0.0,0.0,0.0
1038_CsCoNdCl,0.14090552628040331,0.09419625600375348,0.13884622256291657,0.1359359900156658
1039_CsYbHgCl,0.028722862402599247,0.11096420288500752,0.10224301814499981,0.024702623155383296
1040_CsNiBaCl,0.0664690017700238,0.06399612427000356,0.06381559372500067,0.06460018157959047
1041_CsSrPdCl,0.10376228094101014,0.06597251892030087,0.10770540237921944,0.10376157760620197
1042_CsAuTiCl,0.23342974185943666,0.22875213623000334,0.24477379322000115,0.5560035705566415
1043_CsTlCuCl,0.006042842070261845,0.012800598147052256,0.008569876355000172,0.0056954383850102985
1044_CsTiSrCl,0.05416208042039283,0.02219161987500229,0.05796877542861445,0.05893561045329143
1045_CsHgAuCl,0.07230968872706312,0.06364144219944379,0.07703312767555515,0.4433267593383792
1046_CsAgErCl,0.0,0.0,0.0,0.0
1047_CsMnNdCl,0.17087183752279067,0.13855047226333284,0.1896375897251792,0.1737874096837544
1048_CsAgNpCl,0.08727722167968821,0.06220951079998471,0.09214134216000236,0.08650202751159775
1049_CsAuCrCl,0.1202864229679097,0.11842269898249924,0.13393827676999948,0.5424156188964848
1050_CsFeNdCl,0.18277140061060582,0.13848896026624935,0.17079878912986146,0.17893661922878668
1051_CsCrSmCl,0.13374380866686497,0.07028694153749981,0.14740215936743528,0.1371852238972986
1052_CsAuMnCl,0.0806995391845704,0.058005523680005666,0.09333565234999774,0.4971248626708977
1053_CsNaUCl,0.0,0.0,0.0,0.0
1054_CsFeBaCl,0.07370912233988491,0.05756301879999448,0.06850639979249973,0.06860872904459647
1055_CsKRhCl,0.0,0.0,0.0,0.0
1056_CsNiNdCl,0.12881515026092494,0.12742381095499944,0.14136390685687505,0.13419971466064506
1057_CsVPbCl,0.031089103221887626,0.01863174438500792,0.029727745049994425,0.0267225265502935
1058_CsSrPtCl,0.18588506579399544,0.15761985778501497,0.18982901573750421,0.1828709602355998
1059_CsCdTmCl,0.10551649183035128,0.11195631027499431,0.1052471637727952,0.10511733293533565
1060_CsCoBaCl,0.10096804499625955,0.08565750121750604,0.09834117890000105,0.09331855773925879
1061_CsCuThCl,0.3417891263961801,0.3798318862889154,0.3687328100194942,0.34858307838440084
1062_CsNaSmCl,0.0,0.0,0.0,0.0
1063_CsKFeCl,0.04476473331451514,0.006932258602493135,0.04478206634000026,0.03363366127014222
1064_CsTiPbCl,0.10783653259277326,0.07775917053248449,0.11099917888000022,0.10517413616180438
1065_CsPdPbCl,0.06275337934494063,0.044881439206733376,0.07010488510421986,0.06271171569824308
1066_CsAuRuCl,0.15073921680450564,0.13347396851001037,0.16137268544000127,0.5670063018798883
1067_CsAuIrCl,0.1455687522888165,0.12658157349061838,0.15075943470230246,0.5626472473144548
1068_CsTmYbCl,0.1475069132116147,0.0,0.20703055063972986,0.11253715091281968
1069_CsTmHgCl,0.09699707329273233,0.11458358765000298,0.09788205623500001,0.09887342453002912
1070_CsKTiCl,0.008696621656424597,0.0,0.015062475197506586,0.012133169174195046
1072_CsNaBiCl,0.0,0.0,0.0,0.0
1073_CsAgYCl,0.0,0.0,0.0,0.0
1074_CsHgLuCl,0.04669926166534477,0.05262985229749617,0.04535554647375051,0.04846799075603547
1075_CsAgHoCl,0.0,0.0,0.0,0.0
1076_CsNaLaCl,0.004436469078065386,0.009680366512499816,0.0023981094375011835,0.0039326190948507644
1077_CsCrAmCl,,,,
1078_CsCrNdCl,0.14438673655191803,0.09203338623499668,0.15775400797770622,0.1482731183369932
1079_CsRbAlCl,0.03906745314598181,0.02235794067749275,0.04186019897250137,0.04142055511474663
1080_CsCdYbCl,0.005531891187032123,0.08681446711708674,0.09964337348279395,0.0009403228759765625
1081_CsCdHgCl,0.023022577166557312,0.011089409726107391,0.022517225472223235,0.023404672410753946
1082_CsVSrCl,0.026058536767959772,0.01531677245499985,0.02953891753750071,0.025233840942383345
1084_CsEuPtCl,0.1495142519474033,0.11973342895247896,0.15351462364250068,0.15495729446411133
1085_CsLiThCl,0.11886551082134122,0.12431526183999608,0.1264620542502044,0.12857434749603147
1088_CsNaEuCl,0.0,0.0,0.0,0.0
1089_CsNaPaCl,0.09108283519744909,0.06987228392999612,0.08214316368249985,0.07794785499572754
1090_CsKIrCl,0.0056297242641458745,0.0,0.00851385593422993,0.007080984115601652
1091_CsRbCuCl,0.05403281748294919,0.030808258065002647,0.05127272606000055,0.050637531280517845
1092_CsAuMoCl,0.17446460723877122,0.17087173463000482,0.19730484486000144,0.5590740203857423
1093_CsKRuCl,0.022772294282914274,0.014400672910005241,0.030850362772500972,0.031034612655640448
1094_CsKAsCl,0.019764721393586093,0.029625129699997643,0.022631978980001133,0.02008109092712429
1095_CsZnSmCl,0.153958261013031,0.17181363106016434,0.15707095861169407,0.15512612462043762
1096_CsRbPCl,0.06173098683357203,0.061988830567500486,0.06543893813499935,0.06235923767089968
1097_CsVEuCl,0.0193537175655365,0.01467132568749463,0.02765560150249957,0.02066307067871076
1098_CsKNiCl,0.027025294303896885,0.0059476852450046636,0.002012300485000562,0.0
1099_CsPdNpCl,0.17032673358916917,0.16538791655999674,0.19116039275999697,0.1695912361144991
1100_CsFrNCl,,,,
1101_CsAgHgCl,0.027307982246080886,0.01739128960444347,0.029723919765556772,0.02797534730699347
1102_CsTiNpCl,0.08151428103446978,0.08800201416250175,0.10143745740472099,0.08585284550984706
1104_CsNaGdCl,0.0,0.0,0.0,0.0
1105_CsKCoCl,0.006385955214502026,0.004419517508750914,0.0019249916000001477,0.0
1106_CsTiAmCl,,,,
1108_CsKMoCl,0.007337343692785936,0.0,0.009204022088749042,0.009847021102912024
1109_CsFrBCl,,,,
1110_CsMgBaCl,0.03907793164253359,0.03824844360499391,0.038280677797501106,0.03835182189941433
1111_CsPdAmCl,,,,
1112_CsCaDyCl,0.10518285036086894,0.015240436133884927,0.10894685320860953,0.10685539775424324
1113_CsCrPbCl,0.040997620423635084,0.017241287234984526,0.048231252031666116,0.04305903116862009
1114_CsAgTbCl,0.0,0.0,0.0,0.0
1115_CsHgTlCl,0.022810850540792682,0.027512444393188673,0.026571644680550843,0.02364166047837557
1116_CsZnAmCl,,,,
1117_CsGeSmCl,0.22192109227180312,0.2193037986749946,0.21101596355160002,0.21886296272277672
1118_CsAuNiCl,0.08764845132827626,0.11425170898498394,0.10022869110499855,0.4455234527587897
1119_CsAuAsCl,0.09311115145683457,0.0960403442425104,0.10028482674999983,0.5195652008056646
1120_CsHgSbCl,0.05927829146385255,0.0670059204066753,0.05660212636187323,0.056168352067469396
1121_CsHgPdCl,0.05123844444751935,0.03759063720888989,0.05940141677546551,0.0480331548055033
1122_CsCaCdCl,0.0047846933205923925,0.0033584594716682403,0.0048535664816671265,0.005553054809570579
1123_CsCuSmCl,0.03833852708339691,0.014887237545000431,0.039696884157852,0.03765220642089817
1124_CsAgInCl,0.0,0.0,0.0,0.0
1125_CsTlCoCl,0.008541351556774934,0.04066467284729214,0.005492115022496691,0.001573371887203301
1126_CsAuCoCl,0.10491793155670193,0.10493087768999843,0.10996323426630505,0.5135235786437979
1127_CsVNdCl,0.192000770568848,0.14379930496749793,0.20039472580187567,0.20077486038208026
1128_CsTlNiCl,0.027670347690582187,0.05335159301876047,0.028280925749999852,0.024179744720458807
1129_CsGeBaCl,0.05683956146240199,0.07118911742999501,0.055713176729999425,0.05644702911376864
1131_CsTlAsCl,0.010984313488005881,0.023667526249997906,0.017138242719999308,0.011691188812255504
1132_CsCuBaCl,0.08974829316139266,0.08298263550000229,0.08907566071000028,0.09036483764648473
1133_CsHgErCl,0.09709851443767636,0.11931381225625515,0.09873731136003983,0.09889745712280407
1134_CsTiSmCl,0.14850865867402963,0.05810279846000199,0.15058806736882513,0.1465644200642915
1135_CsCrSrCl,0.06281670530637218,0.0322902679499979,0.07128003437916686,0.06453024546305297
1136_CsNaTbCl,0.0,0.0,0.0,0.0
1137_CsGeAmCl,,,,
1138_CsCuAmCl,,,,
1139_CsTlPCl,0.07134116093317688,0.036674499517499015,0.04420785904499969,0.03851184844970623
1140_CsMgSmCl,0.12945257127285092,0.0390174865750037,0.13624617456785293,0.13168300390243592
1142_CsTeVacCl,0.0,8.47711103091342e-07,4.2385555421020626e-07,0.0
1143_CsMnPbCl,0.004421452681222959,0.003044891356687174,0.008119710288333692,0.005537986755371094
1145_CsAgGdCl,0.0,0.0,0.0,0.0
1144_CsCaAgCl,0.0712361812591551,0.07450561523999966,0.07316522597499997,0.0730290412902832
1146_CsAuNbCl,0.2571336388587895,0.25158004760998054,0.2682841539399936,0.5853127670288094
1147_CsZnBaCl,0.10385547280311691,0.10031967163500255,0.10405864715750157,0.10149002075195446
1148_CsAuTaCl,0.28044865131377517,0.3021400451700025,0.26896736621999384,0.598267163170707
1149_CsDyHgCl,0.09945324957370794,0.11833267212250576,0.1004245519625,0.09974508285522532
1150_CsNdPtCl,0.2734444200992576,0.2722177505474974,0.27943766117187474,0.2706007480621331
1151_CsHgYCl,0.10023541748523979,0.11824188232500532,0.09903523921999957,0.10006284713745117
1152_CsDyYbCl,0.12725768089294842,0.0,0.1886202918213895,0.10144081645542169
1153_CsHgHoCl,0.099571338295938,0.11930618286000438,0.09919736385000144,0.09936094284057706
1154_CsCrEuCl,0.04699340065320534,0.014558410642507624,0.054271062214168,0.04336897532145301
1155_CsHgScCl,0.09578464229901629,0.11056086222582806,0.09881271520916624,0.09754654566446863
1157_CsTiDyCl,0.17325734761025657,0.06449368794582,0.1737616221101339,0.16998068491617424
1156_CsNaDyCl,0.0,0.0,0.0,0.0
1158_CsBeRaCl,,,,
1159_CsMnSrCl,0.010395548741025884,0.0091979980466661,0.01511243184583666,0.012051010131839845
1160_CsZnPbCl,0.05418940186500665,0.04644088745000374,0.05432081222250096,0.05103588104248136
1161_CsPdDyCl,0.11677603721619079,0.0939990679451661,0.12028824488294676,0.11644822756449802
1162_CsMgAmCl,,,,
1163_CsAgEuCl,0.0,0.0,0.0,0.0
1164_CsRbCoCl,0.009952983260156145,0.013320159908763785,0.007285213470000329,0.00486125946044913
1165_CsTlFeCl,0.0381944179534921,0.00715141297251165,0.03459701538000104,0.03200912475586026
1166_CsKTaCl,0.1021354198455855,0.08601459503201525,0.10889142990100442,0.10209532737732374
1168_CsCaNpCl,0.09945751428604233,0.13244120280159422,0.11299559276007098,0.09638497034708671
1169_CsRbAsCl,0.030555832386018,0.04441947936999924,0.032669782640000644,0.031115436553955433
1170_CsMnBaCl,0.04624220927556433,0.050236511230837166,0.04803663890166643,0.04623317718505948
1171_CsRbNiCl,0.03343689441681175,0.018243408205002254,0.009694528585001194,0.004719638824463246
1172_CsKNbCl,0.043539371490477485,0.02308521270899888,0.048479595175999535,0.04210425376892157
1174_CsNaHoCl,0.0,0.0,0.0,0.0
1175_CsKCuCl,0.046201935410500106,0.01893825530500237,0.0434131145400003,0.041991758346557884
1176_CsZnSrCl,0.06888173222541605,0.05867424011499445,0.07079553604749789,0.06788911819457821
1177_CsNaYCl,0.0,0.0,0.0,0.0
1178_CsMnEuCl,0.0046247581640876945,0.002749633789168371,0.01010526021083269,0.0060684204101555395
1179_CsGePbCl,0.017944324016570867,0.019819641110004227,0.018421173095000576,0.016731834411621627
1180_CsCuPbCl,0.02002056042353617,0.01885147094833428,0.020121256515003072,0.01833438873291282
1181_CsAgSmCl,0.0,0.0,0.0,0.0
1182_CsCoSmCl,0.1447542428970321,0.08231906890749485,0.14002966880909984,0.1382621288299548
1183_CsKAlCl,0.03070208430290311,0.008421897887505025,0.032858848562500764,0.03252129554748606
1184_CsFeSmCl,0.17162250479062546,0.11167774200875336,0.1582193215691028,0.16698478062947686
1185_CsTlMnCl,0.001558051506677316,0.004890441895422981,0.007197602590832464,0.001965999603270596
1186_CsHgTbCl,0.07137485742568961,0.07973709106499882,0.0705494451469999,0.07045019149780263
1187_CsAuScCl,0.10708211660385203,0.10476226806500222,0.11492010355499938,0.5394248644510897
1188_CsTlCrCl,0.005471229553222656,0.0029895782500091173,0.009930753710000406,0.0059802055358888495
1189_CsCrBaCl,0.08315666516622056,0.07414932252000028,0.09091914494666753,0.0857260386149088
1190_CsAgSbCl,0.0,0.0,0.0,0.0
1191_CsHgTaCl,0.08286392390728992,0.10722351074500125,0.07403962613000026,0.07627653479577079
1192_CsHgNbCl,0.0808570057153708,0.10427551269500057,0.0738763570900014,0.07674574255943467
1193_CsZnEuCl,0.05224105715751559,0.04572601318749747,0.0551624298125013,0.05145778656005806
1194_CsMgPbCl,0.02199686765670661,0.011651611325000033,0.020055007929999924,0.02006511688232404
1195_CsAuCuCl,0.05259428421656587,0.05500259399333984,0.05996367137000291,0.42668685913085946
1196_CsGeSrCl,0.033027201890945435,0.03918380736999971,0.03437995910250047,0.03285827636718741
1197_CsCuSrCl,0.05968725482622972,0.05337371825833159,0.06021792094250111,0.061053848266602984
1198_CsNiSmCl,0.11897798180580033,0.10254130363749958,0.13131837844660144,0.12458276748657138
1199_CsAgPdCl,0.0018879592418659108,0.0,0.007436943049608846,0.002326250076293057
1200_CsNaErCl,0.0,0.0,0.0,0.0
1201_CsRbFeCl,0.05455064773559615,0.023424911502502255,0.05568199157999887,0.04500293731689542
1202_CsCoAmCl,,,,
1203_CsAgPmCl,0.0,0.0,0.0,0.0
1204_CsCdEuCl,0.0,0.0,0.0006425221741768183,0.0
1206_CsHgNpCl,0.07701897919177991,0.11819763183498111,0.07719209194999799,0.07321409583091576
1207_CsSrAgCl,0.0758130013942715,0.07838745117000023,0.07743883132250007,0.07678880691528267
1209_CsTlGaCl,0.04749152064323514,0.034229278572503574,0.053840255735001286,0.05146408081054776
1210_CsAgCmCl,,,,
1211_CsNaTlCl,0.0,0.0,0.0,0.0003614902496340555
1213_CsAuAlCl,0.16423215866088947,0.14440116883000442,0.17196666002250094,0.5905480384826665
1214_CsKScCl,0.0,0.0,0.0,0.0
1215_CsAgAmCl,,,,
1216_CsPtNpCl,0.3323257207870469,0.34947280882999365,0.36482496261999753,0.3363698959350572
1217_CsMgSrCl,0.016128093004226685,0.005342864994998919,0.015768051147500017,0.015665054321289062
1218_CsNaTmCl,0.0,0.0,0.0,0.0
1219_CsCuEuCl,0.0,0.0,0.0,0.0
1220_CsNiAmCl,,,,
1221_CsAgAgCl,0.010051178932189764,0.003741455079998346,0.01306743621000006,0.011761283874511363
1222_CsGeEuCl,0.0255318582057944,0.023162078852495327,0.026588058467500453,0.024832916259764914
1223_CsHgGdCl,0.09757641255855543,0.11834945678499409,0.09792058467999887,0.0994956016540538
1225_CsAuSbCl,0.08496683239936775,0.08676071167249333,0.09190641641499875,0.5127147674560555
1226_CsAgPbCl,0.009044170379640892,0.007056427000001975,0.011298465725002593,0.005035686492922409
1228_CsSrCdCl,0.007812668879827012,0.007130432131667419,0.008372624709166665,0.008240890502929421
1229_CsKAgCl,0.07027847468853032,0.06087245940499919,0.0669518947500003,0.06623959541320801
1230_CsAgScCl,0.0,0.0,0.0,0.0
1231_CsRbMnCl,0.030430001020431252,0.0348751068154165,0.03526339530750011,0.03171634674072177
1232_CsAgNdCl,0.0,0.0,0.0,0.0
1233_CsRbCrCl,0.01120440959930491,0.00785865784001416,0.015789365770000785,0.014350223541259588
1234_CsVNpCl,0.15025372505188095,0.12579507828249703,0.17032012940000207,0.1632915496826186
1237_CsMgEuCl,0.01714379191398585,0.0,0.01252326965249928,0.012507247924798293
1238_CsCuAcCl,0.062516477704047,0.06852989196249837,0.06666016578874867,0.06317377090453968
1239_CsAgCdCl,0.03703080614407828,0.04195556640166842,0.04058326084666675,0.03735971450805664
1240_CsHgEuCl,0.005510521928464129,8.091396723486355e-05,0.0045544518330586925,0.007675340440538747
1241_CsNaYbCl,0.08368721902370213,0.0,0.0,0.07674021720886293
1242_CsCoPbCl,0.046219199895856544,0.02954940795625305,0.045685100555000524,0.04079761505126722
1243_CsNaAcCl,0.0,0.002747535699999304,0.0,0.0
1244_CsAgPrCl,0.006678080558780053,0.015377426155012586,0.006231689447503186,0.007391500473025836
1245_CsRbGaCl,0.0574787557125096,0.0398719787625037,0.05967674255500022,0.06033115386962962
1246_CsVBaCl,0.044522595405577015,0.04649963379499411,0.04840288162499995,0.04442119598388583
1247_CsKSbCl,0.011086916923523926,0.01618824005000441,0.011305761335000497,0.011644124984742099
1248_CsKPdCl,0.06820210814476102,0.06388072967515868,0.07032346724961025,0.06555533409118741
1249_CsCdPbCl,0.005827226241429617,0.00416488647167057,0.004391606651666269,0.004630851745605291
1250_CsTlVCl,0.015774428844453237,0.010960006720011961,0.01542582512500168,0.013981151580811702
1252_CsNaLuCl,0.0,0.0,0.0,0.0
1251_CsFePbCl,0.04555708434846517,0.022299194330003047,0.04023896322916576,0.041934543185763395
1253_CsPoVacCl,,,,
1254_CsLiAcCl,0.006493562459946922,0.015135955806172774,0.009336948391172939,0.006652164459229226
1257_CsNiPbCl,0.04332059621810869,0.03347167968999898,0.03906631469999988,0.03641605377197221
1258_CsThVacCl,0.006492058436074366,0.012761433920996268,0.006668514677211412,0.0072029961480017946
1259_CsTiYbCl,0.06314036978615611,0.035488001508753086,0.16401398976431025,0.05375830332438003
1260_CsTiHgCl,0.07527970373630488,0.10100936889500645,0.07083795071000232,0.06948027014732538
1261_CsHgMoCl,0.07277417480945614,0.08695983887496084,0.06215951443000023,0.07209143042564392
1262_CsHgSmCl,0.07943890094757045,0.09263992309249502,0.07891343831785225,0.0797675818204886
1263_CsCoSrCl,0.06734566092491123,0.0464229583774749,0.06823358536000157,0.0609509468078544
1264_CsPdNdCl,0.1188940346240921,0.1054590543101277,0.12102867761751934,0.11629640261331486
1265_CsBaPtCl,0.20502985715866195,0.19234542847000569,0.21030712128000006,0.20058212280273535
1266_CsAgPuCl,0.02498021125793226,0.01794986725998271,0.030773162839996537,0.023630094528195755
1268_CsFeSrCl,0.05519730846087256,0.027832794189999177,0.05108553568500085,0.053669420878092566
1269_CsNaAuCl,0.10557657480239868,0.08356494903500433,0.1104470253000005,0.4152633190155033
1270_CsDyPtCl,0.275303143262859,0.2619796117158195,0.28170905908291255,0.27434261639912494
1271_CsNiSrCl,0.051131635904315687,0.037728118900000496,0.050527572627500295,0.04927139282226589
1272_CsAgTaCl,0.19721808433533727,0.1694452285800061,0.2021865844699997,0.194144010543833
1273_CsAgNbCl,0.12307596206665261,0.08907260894999425,0.12633018494000137,0.12169337272644176
1274_CsHgRuCl,0.08832298616569023,0.08116327921486999,0.0783533308272304,0.08603418138292929
1275_CsHgIrCl,0.09156277577082239,0.06577233207975652,0.07131179704170698,0.09005792405870139
1277_CsHgCmCl,,,,
1278_CsAgCeCl,0.030212426185604713,0.0,0.030060577389998233,0.02965617179870339
1279_CsRbVCl,0.019584286212927626,0.013427352909991086,0.01999049186500601,0.019757938385015716
1280_CsHgPmCl,0.022148203849793546,0.020430374149999153,0.021228969098750827,0.019126579165459567
1281_CsCdAmCl,,,,
1282_CsCrNpCl,0.14303658008575493,0.07577514649000605,0.16908607483000093,0.15552501678466868
1283_CsFeEuCl,0.038695512215297434,0.01907424927249579,0.03241297404000054,0.030508867899577297
1284_CsTlRhCl,0.0,0.0,0.0,0.0
1286_CsCaTiCl,0.05548738373650153,0.021018218994997895,0.056730906171108764,0.05799109141031611
1289_CsNiEuCl,0.0188089311122992,0.014295196532531307,0.01975173950251019,0.016613769531259592
1290_CsCaPdCl,0.09060989022255184,0.04957275391313232,0.09429006576544463,0.09018580118815356
1291_CsHgRhCl,0.04524574689567107,0.010143407186244957,0.03955062230083328,0.03928945859273281
1292_CsCaEuCl,0.007759314775467097,0.00294342041249962,0.0035209655725001454,0.0035812377929689276
1293_CsCdSmCl,0.0957073623935365,0.11017999649832433,0.096263710654934,0.09642225503921376
1294_CsTlTiCl,0.01614691615104613,0.007699966437495931,0.022234678267499586,0.019688701629638317
1295_CsNiRaCl,,,,
1296_CsDyNpCl,0.255805033445359,0.15708211262568383,0.27923634847264367,0.2510148366292331
1297_CsAuInCl,0.09282789826393056,0.09281082153249542,0.10031076670249872,0.5197938919067391
1298_CsHgNdCl,0.10444854199886366,0.12643152873000574,0.10296412308583358,0.1021490414937345
1300_CsAgUCl,0.1480594635009762,0.13094730378000818,0.15910835265999967,0.15223498344421316
1301_CsFeRaCl,,,,
1302_CsCoRaCl,,,,
1303_CsTlIrCl,0.0037640511989605052,0.0,0.0046219110542300434,0.0025370597839367015
1304_CsTlRuCl,0.01951487660407958,0.011266708379999102,0.025260496142499367,0.0272982597351068
1305_CsHgPrCl,0.11860705316066822,0.14525222778001634,0.11683652400750066,0.11650915145874086
1306_CsCaSrCl,0.0057543456554416395,0.006497192380001238,0.006186294547499749,0.005984878540039151
1307_CsKInCl,0.0,0.0,0.0,0.0
1308_CsAgBiCl,0.0,0.0,0.0,0.0
1309_CsAgLaCl,0.008867788314819158,0.023167037962505077,0.00938796996749991,0.009563589096069691
1310_CsZnNpCl,0.13821890354156618,0.18696370124266082,0.13996589184018582,0.13268572092056452
1311_CsAgMoCl,0.03988242149352983,0.002507972719975271,0.04874229430999977,0.04265208244323704
1312_CsRbRhCl,0.0,0.0,0.0,0.0
1313_CsCrDyCl,0.1475707570711755,0.0704106648733358,0.16042404174874925,0.14991003672281789
1315_CsRbTiCl,0.019376558065415495,0.00834846496749364,0.02544054984750055,0.023874378204346236
1316_CsCaPbCl,0.01078321933746329,0.01217422484999986,0.010712432859999677,0.010986900329590377
1318_CsAgPaCl,0.23762350082397443,0.2558740615899957,0.25355682371999944,0.24387774467468226
1317_CsHgPuCl,0.06871738731861132,0.11646423340498302,0.06702935695999734,0.06642126441001661
1319_CsEuYbCl,0.011226004362105968,0.0,0.05993715922167109,0.006279373168945668
1320_CsTlMoCl,0.016266000270845016,0.0,0.013095585508750673,0.01623754501342889
1321_CsCuNpCl,0.13479599952697807,0.099970436090004,0.14322049617000232,0.13609833717346387
1322_CsAgIrCl,0.03142899274826272,0.002026176452982753,0.03442962169673036,0.033435273170473234
1324_CsTmPtCl,0.2751453349987707,0.25535297393918555,0.2791790246979211,0.27343452771505206
1325_CsGeNpCl,0.23882138729095548,0.32292690276500124,0.2651690959950006,0.2399838447570808
1327_CsMgRaCl,,,,
1326_CsAgRuCl,0.03867149353027388,0.018102073670000607,0.04694976806500062,0.044096970558166415
1328_CsRbIrCl,0.010405009984971514,0.0,0.013775658614230135,0.012580966949464312
1329_CsSrHgCl,0.03176678220431217,0.02325219048444893,0.03332489860805721,0.032882478502063606
1330_CsEuTmCl,0.1012812892595969,0.0005958557108449725,0.10225934982167129,0.10398216247559056
1331_CsRbRuCl,0.02866769433021643,0.028565597540007204,0.03858065605250083,0.03883905410766708
1332_CsHgCeCl,0.07029697597026585,0.08539276122498407,0.06402070521999814,0.0658463895320871
1333_CsSrYbCl,0.00953524708748077,0.0,0.06790672937666908,0.007609558105470704
1334_CsMnDyCl,0.19205796280126375,0.09946406682166753,0.20060153829622074,0.1891621973322728
1335_CsVTmCl,0.21783288816610646,0.10462923049915318,0.21946439742791313,0.21616242726643442
1336_CsMgNpCl,0.10139042735099846,0.12780634562658832,0.12336241404757242,0.10318695704142211
1337_CsYbPtCl,0.1860048651695294,0.2420773188287697,0.27115042209708795,0.18070383071899832
1338_CsPtHgCl,0.05601033816735068,0.06945084465946394,0.05450364748916581,0.051016500261096276
1339_CsKPCl,0.051883846521377563,0.047836112977501344,0.05600461959500125,0.05223622322082644
1340_CsAgTiCl,0.10165066719054927,0.06866321563999733,0.10511627196999784,0.10265574455261017
1341_CsNaInCl,0.0,0.0,0.0,0.0
1342_CsAgRhCl,0.0,0.0,0.0,0.0
1343_CsRbMoCl,0.017329442501075043,0.0022106170675257886,0.018459049858749133,0.02038316726685263
1344_CsCaAmCl,,,,
1345_CsSrTmCl,0.13225569327672515,0.01685752868500856,0.12229938506666871,0.12762562433878788
1346_CsGeRaCl,,,,
1347_CsPdBaCl,0.13674496412277293,0.10490493774031684,0.13678798675921966,0.13503856658935653
1348_CsCuRaCl,,,,
1349_CsHgPbCl,0.01923623184363077,0.009352196584444528,0.01832188500055576,0.018864228990343346
1351_CsTiBaCl,0.074054457081691,0.05317916870499673,0.07888657252611253,0.0788736979166682
1352_CsPdCdCl,0.08078017234802326,0.05420227050479198,0.08701896666980513,0.0801220893859873
1353_CsZnDyCl,0.1525820046663302,0.16413261095433107,0.15464716355217556,0.1532810191313443
1354_CsVYbCl,0.03174922466278485,0.0749580065387363,0.19790849685708078,0.024594116210940875
1355_CsAuPCl,0.1386049826939897,0.12651824951499968,0.13923435211000434,0.5456797599792478
1356_CsHgGaCl,0.11048221886157972,0.10537643433082877,0.11764706373874922,0.11310393512248984
1357_CsTiCdCl,0.11678295433519192,0.09053888321333226,0.11067096391833342,0.11966831684112567
1358_CsCuPaCl,0.2867893218994162,0.2948465347300093,0.3096862554500017,0.3026590824127213
1359_CsVHgCl,0.08770651221275383,0.10151443481667144,0.07536624074187381,0.07854555696248866
1360_CsHgUCl,0.08132708668708766,0.11897888183500882,0.08005311490000011,0.07992567420005692
1361_CsHgCrCl,0.08510065376758558,0.08369293212668083,0.08830607533687518,0.07948778718709892
1362_CsTlNbCl,0.05377552509307737,0.03261199951899485,0.05502229690199911,0.04984916687011687
1363_CsCaSmCl,0.0831792473792925,0.018366622927462828,0.09151792526022362,0.08847516377765885
1364_CsHgBiCl,0.07130278448263772,0.07856775919416137,0.06999928951499967,0.06794169743855738
1365_CsZnRaCl,,,,
1366_CsTlTaCl,0.11413627862930742,0.09657196045202099,0.1147217750520042,0.10751960754394929
1368_CsAuAuCl,0.07186233997344971,0.05810394286999809,0.08126583098999962,0.7933664321899414
1367_CsTmPbCl,0.17499206066131734,0.15306739806750613,0.17522299289250087,0.18064086437225502
1369_CsHgMnCl,0.019004513820009006,0.011686028371109103,0.023126051158888217,0.021672990587021435
1370_CsCuLaCl,0.05024399757385378,0.0532958030735351,0.05368185042812357,0.05213932991027992
1371_CsHgLaCl,0.12308553457260274,0.15295333861750393,0.11750638484750153,0.12046689987182724
1373_CsBeBaCl,0.21439824104309135,0.21129455566250321,0.21391429901250048,0.21326808929443386
1375_CsPaVacCl,0.0,0.0,0.0,0.0
1376_CsCaPtCl,0.18690867424011337,0.15481681823500537,0.18805518150000067,0.18374528884887775
1377_CsCuBiCl,0.025507876276969377,0.00972566604416869,0.0262695312499992,0.025142097473144
1378_CsCuDyCl,0.03826929926872458,0.019701608017488326,0.04217084248791858,0.039696057637533144
1379_CsGeDyCl,0.2304158329963646,0.22180674871082395,0.2216818889029133,0.2287347634633341
1380_CsLiPaCl,0.08864303529262418,0.07961254119581085,0.10150339603308556,0.09311273097991801
1381_CsPdThCl,0.2575494289398179,0.3014123916589,0.2845933914194916,0.25656900405883665
1382_CsCoNpCl,0.22082198858261037,0.12744483948000251,0.2235610008300002,0.22095632553100675
1383_CsFeNpCl,0.23098580837249916,0.15924797058250562,0.22738142013750196,0.22569961547851758
1385_CsCuUCl,0.19797468185424716,0.16846561432000584,0.21235692500999725,0.20334305763244398
1386_CsNaThCl,0.15120663642883336,0.11420574188417731,0.10777587890961904,0.11367917060852051
1387_CsYbAmCl,,,,
1388_CsMnRaCl,,,,
1389_CsHgPaCl,0.08719694018363722,0.12141418457499142,0.08417947291999717,0.08152174353599317
1390_CsKAuCl,0.1124293923377988,0.09858989715499966,0.11964912413999995,0.42036185264587456
1391_CsLiLaCl,0.015984582901001687,0.014189815522502869,0.016880273822501124,0.016955995559693626
1392_CsAuLuCl,0.0608387857675563,0.05114669800000371,0.06836410761000122,0.4893075942993166
1393_CsMgDyCl,0.1685508847236603,0.052439626060824196,0.16099810798791303,0.17072074015934957
1394_CsNiNpCl,0.2059108018875122,0.15465917586999467,0.22590713500999993,0.2085428237915048
1395_CsRbBCl,0.3233418703079227,0.30394630432000014,0.3238478660550008,0.3243572235107428
1396_CsLiBiCl,0.009936610857654404,0.0,0.012123727800008588,0.010370810826627608
1397_CsAgVCl,0.022436100244522805,0.007718467709999288,0.023888015747498326,0.01956694126129177
1399_CsHgFeCl,0.07185859382152371,0.04658126830917553,0.07402256727374956,0.06549479663372004
1398_CsCaVCl,0.027327573299407604,0.01695251464500025,0.03019847869000003,0.02648658752441424
1401_CsCrYbCl,0.0648761828740474,0.0506045023662427,0.1476586023929185,0.05732924143473639
1402_CsLiUCl,0.008944568037981604,0.0,0.01568009853558916,0.010784244537354937
1403_CsAuYbCl,0.12610596418380737,0.09573313395373262,0.10803095101957982,0.47962722778320366
1404_CsFrPCl,,,,
1405_CsRbNbCl,0.05694722890853843,0.04130767822599957,0.06225282669300025,0.05632930755615284
1406_CsEuDyCl,0.08954874873161245,0.009974797569185512,0.09439369837833667,0.09296339352926086
1408_CsRbTaCl,0.10582725670602411,0.0956658363375027,0.11141161918500142,0.10519856346977896
1409_CsSmYbCl,0.10303228298823264,0.0,0.16279786427942167,0.08033561706543235
1411_CsCdNdCl,0.11003036350011985,0.1365654945358319,0.10943506558362781,0.10848297675450791
1412_CsKLuCl,0.0,0.0,0.0,0.0
1413_CsCuCeCl,0.07686445713043355,0.016083717340006132,0.08062474727000168,0.07935395240783905
1414_CsMnTmCl,0.20109482540310175,0.08717947006500282,0.20071814087122064,0.19317506812084684
1415_CsNaPdCl,0.06500088572502216,0.05503864288515814,0.06749629974961069,0.060612058639527344
1416_CsNaSbCl,0.0003495454788202679,0.0,0.001985979084999645,0.001316404342651012
1417_CsUVacCl,0.0,0.0032348632777789987,0.0,0.0
1418_CsCrRaCl,,,,
1419_CsTlScCl,0.004462202390033809,0.008877054850827903,0.005557219189165075,0.00529848734537719
1420_CsKYbCl,0.10852559506893211,0.0,0.0,0.10052084922790572
1422_CsSrDyCl,0.11112983226776318,0.02384236653334426,0.11354033152333542,0.11586489677429412
1424_CsAuTmCl,0.09588483075300491,0.09139862060415282,0.1047809123986112,0.5386624336242685
1425_CsAgGaCl,0.06552255749702596,0.03507385254250117,0.06736469269000134,0.06755723953247239
1426_CsNaAgCl,0.05900356471538615,0.04374179839500236,0.05636944771000074,0.057880830764770685
1427_CsLiNpCl,0.0,0.0,0.0,0.0
1428_CsMnYbCl,0.008167831103007117,0.043126837414584784,0.16783144501038816,0.008960723876953125
1429_CsHgAsCl,0.06392912864685041,0.06654832839601355,0.060823088886875265,0.05875662416219685
1430_CsTlBCl,0.3073165416717525,0.2901264190699955,0.3109622001649992,0.3091135025024405
1431_CsLiCeCl,0.0,0.0,0.0,0.0
1432_CsHgNiCl,0.06744615236918117,0.06237343682442642,0.06940182580055332,0.06267564561631733
1433_CsCuPuCl,0.06943533420562886,0.05554752350000314,0.07940289974000247,0.0679701328277611
1435_CsZnTmCl,0.1465629329284095,0.15149579048352102,0.14687179326968147,0.14734039107959118
1436_CsCoDyCl,0.14713325202465288,0.0788283666008347,0.14455262819833425,0.14147645632426187
1437_CsHgCoCl,0.07577604293823548,0.05032897949500992,0.07917242050000173,0.06868682861328468
1438_CsAuTlCl,0.05039811134338379,0.044313049322486364,0.054165172574999865,0.47644739151001003
1439_CsNaScCl,0.0,0.0,0.0,0.0
1441_CsAgCrCl,0.01694123148918436,0.0028425216700149747,0.021752166742503132,0.015144181251528721
1442_CsCaCrCl,0.0606733282407097,0.027577209470003083,0.06961072286166381,0.06437994639078504
1443_CsAgMnCl,0.0,0.0,0.0,0.0
1444_CsDyPbCl,0.1748591601848566,0.16103248595999986,0.1766090472579127,0.18431187470753674
1445_CsTlSbCl,0.007557940483092551,0.016052627569997924,0.010055875784999557,0.00728368759155229
1446_CsTlPdCl,0.02416254632613235,0.024266052250197845,0.031364154819608636,0.026406517028811027
1447_CsAuErCl,0.09625635246435404,0.09579264322977821,0.10561840799764655,0.5384839057922393
1448_CsKTmCl,0.0,0.0,0.0,0.0
1450_CsZnHgCl,0.07766660511493617,0.05213699341099698,0.0818245887775011,0.07750374794006332
1451_CsNiDyCl,0.13386629819870066,0.11776703199333305,0.14695256550791758,0.1389314969380706
1452_CsLiPuCl,0.0,0.0,0.0,0.0
1454_CsGeTmCl,0.2284736285607023,0.2104315757741695,0.21916863917791662,0.22401960690816303
1453_CsCuTmCl,0.037129850188892366,0.015910625455003213,0.0405880808800001,0.038408788045248166
1455_CsCuPrCl,0.050850804646808356,0.0444556872008377,0.053510538738750224,0.05276266733805279
1456_CsRbScCl,0.00633033116658499,0.008529154460870103,0.005816237129177004,0.006641070048024389
1457_CsKTlCl,0.005215531587600797,0.00801982878749996,0.006479930875000317,0.007233285903930575
1458_CsKErCl,0.000800253947577545,0.0,9.01540156785785e-05,1.4495849610440814e-05
1459_CsEuNpCl,0.08353357911109693,0.10209299723408094,0.0983895937575694,0.08921238581339352
1460_CsVRaCl,,,,
1462_CsAgAcCl,0.020074266195299284,0.0319419860775092,0.021697616582501578,0.020680809020998225
1461_CsAuYCl,0.09889796376228022,0.09941635131998083,0.10570839246472108,0.5387017250061037
1463_CsRbAgCl,0.08033437430858648,0.07453079223500403,0.07579951286000064,0.07632083892822283
1464_CsAuHoCl,0.09795581400394093,0.09793090820414818,0.10649854342472187,0.5385952949523958
1465_CsGeYbCl,0.02949609756469762,0.1722169558237514,0.2076019048670834,0.027425003051757546
1466_CsMgTmCl,0.16600140432516408,0.04557037353415261,0.1565736949429133,0.15811106761296267
1467_CsGeHgCl,0.03149080214401012,0.03068389892499468,0.028976678849165882,0.029516474405923088
1468_CsLiPrCl,0.012992048263551048,0.008508968355004143,0.014044046402502453,0.013684892654421965
1469_CsCuHgCl,0.036506425340971926,0.032839287652777216,0.03916793399555685,0.036560037400988676
1470_CsCaMnCl,0.008209995428724248,0.005891418456664965,0.012117131548333049,0.010331726074218395
1471_CsCuYbCl,0.05790876547495705,0.011513487500403485,0.03857593536208537,0.04789390563964968
1472_CsCdPtCl,0.1423132379849723,0.1495845794666799,0.15023601850166957,0.14470109939575515
1473_CsAgFeCl,0.040636813640595904,0.0,0.043527412415001354,0.03488740921020694
1474_CsLiNdCl,0.0,0.0,0.0009837945308337481,0.0
1475_CsSrNpCl,0.10283748507499624,0.13377939860159316,0.11472527186257064,0.100344435373942
1476_CsKYCl,0.0,0.0,0.0,0.0
1477_CsPtRaCl,,,,
1478_CsRbPdCl,0.07666732668876763,0.0776657104551628,0.07803010940960986,0.07484827041626074
1479_CsRbSbCl,0.022904276847840244,0.03252449036000726,0.02264590263500077,0.023906803131104493
1481_CsCeVacCl,0.0011741320292157909,0.003979153100003074,0.0,0.0007697211371526791
1482_CsNpVacCl,0.0,0.0,0.0,0.0
1483_CsCuCmCl,,,,
1484_CsCuPmCl,0.0,0.0,0.0,0.0
1485_CsCaZnCl,0.05440467000007576,0.032704925535000484,0.05612335204749952,0.05354843139648402
1486_CsBeNdCl,0.3580376304429165,0.32417453129622587,0.3560648074079613,0.34807435671487763
1488_CsVCdCl,0.049875753621261065,0.03780670165666322,0.04966632525583359,0.04391504526138368
1487_CsMgYbCl,0.013318920135497958,2.81398949874513,0.10955278277207992,0.013874053955078125
1489_CsNaTaCl,0.09045810368325746,0.06379499435750269,0.09358258247500117,0.09082387818230409
1490_CsAgPtCl,0.05277249813079932,0.05210800171000329,0.05780315398800129,0.05223339080810652
1491_CsNaNbCl,0.031985113620757843,0.0011487960816634057,0.03380274772900105,0.03042876243591408
1492_CsMgHgCl,0.04827451209227185,0.0286667717794451,0.047934998400556594,0.04806001451280473
1493_CsKHoCl,0.0010228554407758494,0.0006411234550007805,0.0005353291833349871,0.0006089528401682642
1494_CsAuDyCl,0.09840567708015069,0.09846623739082005,0.10697154601541303,0.5385491371154791
1495_CsLiAmCl,,,,
1496_CsCaNdCl,0.08352791070938093,0.058671569824165104,0.09028768539041643,0.08577407201131226
1498_CsAgBaCl,0.09410632848739686,0.10969848633000545,0.09752922058000069,0.09557561874389675
1499_CsPbNpCl,0.14444415569305402,0.2236305236774747,0.17381148337999974,0.14835658073425328
1500_CsCaCuCl,0.06087098519007439,0.05670623779833228,0.06042887369499983,0.06233787536621138
1501_CsCaGeCl,0.027342450618744074,0.03491668700999995,0.029207992545000394,0.027915191650390803
1502_CsLiCmCl,,,,
1504_CsLiPmCl,0.0,0.0,0.0,0.0
1505_CsAgNiCl,0.02351733446121207,0.04502182006999966,0.030431461335000076,0.022044849395751687
1507_CsAgAsCl,0.007307487726214923,0.008516502380016888,0.010799789422502926,0.0065237283706691684
1508_CsKDyCl,0.0,0.0,0.0,0.0
1509_CsCoTmCl,0.14705977539221493,0.0700990676841684,0.1416696071658352,0.13902436892191794
1510_CsAgCoCl,0.022184538841247825,0.02712097167500005,0.015157270429456915,0.010658931732177468
1511_CsAuTbCl,0.08048887848854136,0.07093887329750359,0.08760355234050143,0.5087587165832526
1512_CsFeTmCl,0.19773941900995062,0.11111392974790313,0.18056678772027812,0.18965494367811342
1513_CsHgAlCl,0.12275552749633789,0.11487197876582478,0.1258484721162496,0.1252154082059853
1514_CsMgCaCl,0.015551817417144953,0.004753875735000079,0.015005493159999439,0.015254974365234375
1515_CsNiTmCl,0.137445867061615,0.11033778190666688,0.14703707695000068,0.13930816650390643
1517_CsPuVacCl,0.0,0.0,0.0,0.0
1518_CsTlInCl,0.0,0.0,0.0,0.0
1519_CsCdBaCl,0.030654414494831528,0.041581726081663106,0.030182298026665944,0.030980491638182617
1520_CsLiSmCl,0.0,0.0,0.0,0.0
1521_CsCoYbCl,0.05370784997940081,0.07201506296375548,0.1377294063541683,0.043572807312012074
1523_CsKTbCl,0.0,0.0,0.0,0.0
1524_CsFeYbCl,0.059764091173806655,0.10511976877748452,0.16686299641638858,0.04605121612548668
1525_CsCrCdCl,0.045158050457636545,0.024532413485838234,0.05139643351333456,0.04436880747477456
1527_CsAuGdCl,0.09951992233593732,0.10052998861332085,0.10600324869666178,0.5354062080383306
1528_CsNiYbCl,0.052865600585937145,0.09266454378625255,0.1369710922220837,0.04709815979003906
1530_CsNaMoCl,0.006432306766511076,0.0,0.007485405608750995,0.007907438278199841
1531_CsPdAcCl,0.1442619264125815,0.15130662917515636,0.150632476799609,0.14375205039977956
1532_CsHgAcCl,0.11154723465442729,0.14759788512999705,0.10824984311875063,0.1094261854887022
1533_CsNpAmCl,,,,
1535_CsNdYbCl,0.10475089550018257,0.026097106934166447,0.15037695567000053,0.07991545995076521
1536_CsCuGdCl,0.03601775368054927,0.023423989609984375,0.03952217101916933,0.03651326497395857
1537_CsLiEuCl,0.0,0.0,0.00033783913000018373,0.0
1539_CsAuEuCl,0.04926488995552081,0.043996810913121465,0.045559501647499445,0.4738568305969242
1540_CsKGdCl,0.0,0.0,0.0,0.0
1541_CsPrVacCl,0.13372329539722294,0.1276295979888662,0.13160626093054928,0.14204120635985795
1542_CsAmVacCl,,,,
1543_CsCmVacCl,,,,
1544_CsNaIrCl,0.018339389562608055,0.0,0.0202332735142301,0.018274641036988726
1545_CsMnCdCl,0.00938022732734689,0.0073989868183339524,0.01468607583999848,0.012390136718748224
1546_CsNaRuCl,0.029868990182876143,0.013249015809996934,0.036208009722499934,0.034989500045775834
1547_CsRbInCl,0.0007136821746835942,0.0029087066700075326,0.000878667832500124,0.002498340606690075
1550_CsLiGdCl,0.0,0.0,0.0,0.0
1551_CsCaCoCl,0.05555319786071777,0.03194580078500309,0.05446395874000043,0.04728374481201181
1552_CsCaFeCl,0.05607312122980446,0.028903961180001048,0.05244480769083015,0.04976069132486671
1553_CsCuTbCl,0.029930022358894526,0.005568695067498908,0.031870841981250564,0.02892360687255824
1554_CsKEuCl,0.009755768378576057,0.013284238180002461,0.007702986400834888,0.009379402796430902
1555_CsAuSmCl,0.088953864574433,0.08406753540500489,0.09510246515410214,0.5170766830444333
1556_CsZnCdCl,0.06997093558311418,0.042085647574991114,0.07055206298808381,0.06805353164672656
1557_CsAgCuCl,0.016314510504406243,0.019667053218331176,0.018708769480001664,0.01695947647094842
1559_CsCaNiCl,0.056728279590606334,0.04247055054000093,0.05522308349000005,0.05326347351074201
1560_CsNaTiCl,0.004392236471177924,0.0,0.010073900227501653,0.006988859176636275
1561_CsNaRhCl,0.0,0.0,0.0,0.0
1562_CsAgAlCl,0.05895922780037077,0.031130981447507367,0.06250743865750241,0.06090059280395588
1563_CsLiTbCl,0.0,0.0,0.0,0.0
1564_CsFrAlCl,,,,
1565_CsCuCdCl,0.045183807611465454,0.04679260254000539,0.04558544158666811,0.0441804885864272
1566_CsZnAgCl,0.08334567248821179,0.07430191039499867,0.08941030501874936,0.08481936454772931
1567_CsRbNCl,0.4509471684694293,0.46473045349500275,0.4645079135863286,0.44458131790161204
1568_CsGeCdCl,0.021107496817907023,0.021886444091666846,0.01840413411666697,0.01930885314941433
1569_CsKSmCl,0.0,0.0,0.0,0.0
1570_CsTiRaCl,,,,
1571_CsAuCmCl,,,,
1572_CsAuPmCl,0.029859405755995994,0.007701492312495617,0.03728142976499926,0.456296443939209
1573_CsFrCuCl,,,,
1574_CsPdRaCl,,,,
1575_CsAuAmCl,,,,
1576_CsLiDyCl,0.0,0.0,0.00015015602750079182,0.0
1577_CsCuHoCl,0.038265374302865585,0.02153596878082098,0.041566467289584796,0.039086023966472094
1578_CsMgCdCl,0.027733691533406546,0.016010284426666743,0.027190526321667186,0.027172851562499822
1580_CsGeAgCl,0.02713971138000515,0.034002113339994366,0.02902965546000047,0.018846464157105114
1581_CsCuYCl,0.03812261223792479,0.023431873316658525,0.040213584899585264,0.03924395243326906
1582_CsBeSmCl,0.35660960427646016,0.2907698795682787,0.3580109563382714,0.3657583565547542
1583_CsKPmCl,0.0,0.0,0.0,0.0
1584_CsKCmCl,,,,
1586_CsCaBaCl,0.03861563205719021,0.04993591308999967,0.037892341619996994,0.03773727416991912
1587_CsSrEuCl,0.016267514228831104,0.010812377932534645,0.010869979860009593,0.012213134765634237
1588_CsAuNdCl,0.10049322247505188,0.10551528931249976,0.10743108988437511,0.5393024762471512
1589_CsKAmCl,,,,
1590_CsLiHoCl,0.0,0.0,0.00014405250500182376,0.0
1591_CsPdPtCl,0.10177856683731035,0.07786661783877236,0.11044251124362914,0.09169843461778493
1592_CsCuErCl,0.037431372205418256,0.021535015111251,0.04098288217895396,0.038678995768230084
1593_CsMgAgCl,0.07980149984359874,0.08138656616499951,0.08412714004500144,0.08202104568481605
1594_CsTiPtCl,0.35010709762573367,0.355146789540008,0.36779088974000107,0.35603275299072434
1595_CsLiYCl,0.0,0.0,0.0,0.0
1596_CsBeAmCl,,,,
1597_CsTlNCl,0.5215959101915364,0.5320270538325005,1.3468908309935554,1.3345830917358406
1598_CsNaVCl,0.009340465068814474,0.0,0.00958065987499701,0.007327222824093482
1599_CsAgThCl,0.2884989976882917,0.3369165420589013,0.28067169188949004,0.27063670158386
1600_CsEuPbCl,0.01246452927589381,0.00640487670249712,0.011139297482500865,0.011912727355957387
1601_CsAuPrCl,0.11536169846852262,0.12418619792415342,0.1211791316662465,0.5536343574523963
1603_CsTlLuCl,0.0,0.0,0.0,0.0
1605_CsKNdCl,0.01180799404780064,0.018341509499167685,0.010946242016668162,0.01158887545267806
1606_CsLiErCl,0.0,0.0,0.00020966529503851916,0.0
1607_CsKBCl,0.3192550420761111,0.2970766067500037,0.32007379531500035,0.3207756519317635
1609_CsTiVCl,0.14765726923942424,0.06643142699999949,0.15053434371499907,0.1479047775268567
1610_CsTlYbCl,0.06700097322464016,0.019413757329999726,0.010763645174999947,0.061681270599365234
1611_CsCoCdCl,0.07283222079277207,0.039663696286668326,0.06960372925058689,0.06306085586547994
1612_CsAuPuCl,0.15400304794311737,0.16931076051000815,0.16783440113000214,0.4692177772521955
1613_CsSrPbCl,0.018306583166122437,0.019739532470005372,0.017806625367500217,0.018164634704589844
1614_CsKPrCl,0.014726473887761049,0.027419853205010725,0.014323520654999644,0.01483124097188293
1616_CsRbAuCl,0.12238110303878802,0.11257629394500057,0.12827949524000015,0.4296858787536628
1615_CsBaHgCl,0.06604733876883317,0.06718063354630743,0.06691684723749347,0.06528282165526678
1617_CsBaYbCl,0.04519746303557959,0.0222328186000027,0.08647524516500305,0.03795337677001598
1618_CsLiTlCl,0.017334991693488178,0.0022833824175112483,0.019098901750000508,0.0183926105499288
1619_CsFeCdCl,0.05475300550460771,0.03411483765166423,0.05102920531916677,0.05043417612711565
1620_CsBePbCl,0.17174577713012784,0.1656097412075077,0.1719672203075011,0.17004127502441557
1621_CsAuBCl,0.4315198481082909,0.4096977233924992,0.4381992459249995,0.8602751731872567
1622_CsLiTmCl,0.0,0.0,0.00039734839999994165,0.0
1623_CsNaGaCl,0.05036723017692557,0.022451972962503675,0.05260629654500093,0.05307660102844336
1624_CsNiCdCl,0.06869013508160915,0.05598526001166704,0.06473744710166729,0.06018257141113281
1625_CsFrCoCl,,,,
1628_CsNaCrCl,0.005729460716247026,0.0,0.011620759969999561,0.00698504447937065
1629_CsEuAmCl,,,,
1630_CsFrAsCl,,,,
1631_CsFrNiCl,,,,
1632_CsBaTmCl,0.14068530400594303,0.05110626221167891,0.13167715072500297,0.13771750132243188
1633_CsKPuCl,0.0,0.0,0.0,0.0
1634_CsAuNpCl,0.21823588609695133,0.21318283081000544,0.2292433977199968,0.482073497772217
1635_CsTlTmCl,0.002931213378906339,0.015072631835000294,0.00484704971499994,0.00472259521484375
1636_CsAuCeCl,0.16653592586517174,0.13491134643000535,0.1711291551599987,0.4936211585998507
1637_CsRbLuCl,0.0,0.0,0.0,0.0
1638_CsNaMnCl,0.01670683423678021,0.00916423797541377,0.020824559530832953,0.013966703414916015
1639_CsCuLuCl,0.015139961242675692,0.0,0.016060256953750685,0.01456184387207049
1641_CsHgPCl,0.1356150687982649,0.08981153700172229,0.08850601438218675,0.08913833375961122
1642_CsPdPaCl,0.24071631431579643,0.26705417633001005,0.26672000884000013,0.23805398941040057
1643_CsBeSrCl,0.18451554775238055,0.17700843811250166,0.18640947342250058,0.18516378402709988
1645_CsLiYbCl,0.08728745877742528,0.0,0.0026453495000007266,0.07779712677001926
1646_CsRbYbCl,0.12701867520809262,0.014212036130000882,0.009009265895000507,0.11857728958129954
1648_CsTiCrCl,0.14811367988586355,0.05127716064249377,0.14948183695083372,0.15568714141845685
1649_CsSmEuCl,0.0710276822249094,0.007716369632372988,0.07504676182773373,0.07398389180501219
1650_CsSrAmCl,,,,
1651_CsTlErCl,0.004000467061999302,0.015341186531259154,0.0058201789900418355,0.005544662475589046
1652_CsKNpCl,0.0,0.0,0.0,0.0
1653_CsNdNpCl,0.22547658681869454,0.18808441162317635,0.25030695597597674,0.22388464609781877
1654_CsKCeCl,0.0,0.0,0.0,0.0
1655_CsPdLaCl,0.13082397580146843,0.13227472305140964,0.13429269790835985,0.12927498817443972
1656_CsLiLuCl,0.0,0.0,0.0,0.0
1657_CsPdBiCl,0.07819852828979679,0.06912279129155152,0.08629460334272254,0.08125704129537148
1658_CsBeEuCl,0.1737083911895807,0.16724166870501733,0.17469596862750514,0.1735088348388727
1660_CsAuUCl,0.2719761610031126,0.27969894409999085,0.27931625842999974,0.5265768289566051
1661_CsNaFeCl,0.039809727668763006,0.0,0.03992052079000086,0.029295778274536666
1662_CsFrFeCl,,,,
1663_CsPdUCl,0.20712575912475462,0.21107578276998495,0.22912769316999881,0.2077347755432113
1664_CsHgThCl,0.09168332517146771,0.13404388427390046,0.08901269435948977,0.08820547461509509
1665_CsTlYCl,0.005797272920609053,0.014553070070004281,0.005950260169999666,0.006925201416016158
1666_CsAuBiCl,0.0826697081327441,0.08217010498750099,0.08945928811749937,0.5172460873921705
1667_CsPbAmCl,,,,
1668_CsSrSmCl,0.08480628530184475,0.02141876220984429,0.09089454015273501,0.09234898885091258
1669_CsRbTmCl,0.0035056253274281524,0.011756896975001041,0.0038613001491665244,0.004216130574544508
1670_CsTlHoCl,0.005053800344470449,0.016447448735018355,0.006493473060003474,0.006323242187503464
1671_CsAuLaCl,0.11475939750671227,0.13316822052686916,0.12177311182562356,0.5548481941223149
1672_CsLiAuCl,0.12483959794044663,0.10165405273116512,0.1319030761661737,0.43447265625000053
1674_CsTiMnCl,0.12166359582166208,0.048825836181666915,0.1340360882583047,0.1226244038548936
1675_CsRbTlCl,0.01599919199943578,0.024835205077501143,0.01683111190499975,0.018316078186035423
1676_CsKUCl,0.006918191909791815,0.0,0.010464477535002459,0.010098242759705833
1677_CsRbErCl,0.018688831726710653,0.026189676921150706,0.018302917475674807,0.01902592976888151
1678_CsSmPbCl,0.17205497821172377,0.16512285867918663,0.17322693665160527,0.17895082632700943
1679_CsAuPaCl,0.29318497180938774,0.34030075074000266,0.28866264820000076,0.5189623832702646
1680_CsKBiCl,0.012246155738830922,0.016381072996249912,0.011999702457500039,0.012394523620605558
1681_CsKLaCl,0.018273806571958318,0.03386211394250083,0.01732854842750342,0.01819519996643404
1682_CsTlDyCl,0.005919474363327737,0.017752075197503103,0.006836795812500185,0.00703506469726678
1683_CsFrMnCl,,,,
1684_CsNaAsCl,0.013218939304352695,0.01788005829000383,0.017552995680000905,0.014756345748901722
1685_CsZnPdCl,0.129831224679946,0.1044863383016601,0.13950595855916603,0.1301310857137037
1686_CsPdCeCl,0.1330293893814085,0.10013523101000033,0.14003429412000035,0.1354477882385252
1687_CsNaNiCl,0.0296650171279933,0.0067201614350036465,0.0050399303450006094,0.0
1688_CsTiZnCl,0.1543477520346639,0.12501149177266413,0.15252832174696707,0.16416602730751073
1689_CsFrCrCl,,,,
1690_CsNaCoCl,0.019095715880395492,0.012169837948761142,0.0142704010100001,0.010713243484496981
1692_CsAgRaCl,,,,
1693_CsBaDyCl,0.12396177053451485,0.05878537495999936,0.12653023402166585,0.13081555366516096
1694_CsRbYCl,0.005744000275932137,0.013047027590001647,0.005342928565000626,0.006712595621745976
1695_CsFrGaCl,,,,
1696_CsRbHoCl,0.01893607179323986,0.02731526693167119,0.018691253663331242,0.019613520304362808
1697_CsCuPdCl,0.04239181280136162,0.029663085941457723,0.0508901595992195,0.03948116302490323
1698_CsTiGeCl,0.20661237239837638,0.21602306365499935,0.21028819083500006,0.20356988906860307
1700_CsAgPCl,0.05728118419647199,0.03870086669502193,0.058120918272503985,0.053278923034671966
1702_CsGePdCl,0.09793159639512927,0.09802365689597003,0.10096395853953277,0.09582517469251162
1701_CsPdPuCl,0.12293617725372474,0.12885837555000634,0.14031772613000193,0.12270555496215962
1703_CsVPtCl,0.2816702365875252,0.2615266799875151,0.2880831718500021,0.2837469100952168
1704_CsTlTbCl,0.0,0.0,0.0,0.0
1705_CsCdRaCl,,,,
1706_CsSmAmCl,,,,
1707_CsPdPrCl,0.13305411140124423,0.12238715489350582,0.1351818402596141,0.13150432904561837
1708_CsMgPdCl,0.11933457255363589,0.08101577758812617,0.12379941940544192,0.11860224405924447
1709_CsMgTiCl,0.09114492071999791,0.045854949949999835,0.08986651102111454,0.08998724619547449
1710_CsRbDyCl,0.005883298317590935,0.015245056157501935,0.005926577251666565,0.006669235229492365
1711_CsTlGdCl,0.007581901550293146,0.019201660160000245,0.00896615981999993,0.00782546997070277
1712_CsFrVCl,,,,
1713_CsCuInCl,0.03870599865913382,0.02473039626916851,0.04106044769500006,0.038898849487304155
1714_CsRbTbCl,0.0,0.0,0.0,0.0
1715_CsCrPtCl,0.24804463982581737,0.24297428130748244,0.26138193607749693,0.25350222587585813
1716_CsTlEuCl,0.0,0.0,0.0,0.0
1717_CsNaCuCl,0.04553202688694036,0.016299629204999277,0.041857004170000156,0.04259409904480016
1718_CsPdPmCl,0.05906080603599495,0.019640827175155806,0.06186599730960918,0.05567259788513157
1719_CsLiInCl,0.012586057186126709,0.009257507325004966,0.014181518549987171,0.013472747802734109
1720_CsPdCmCl,,,,
1721_CsBaNpCl,0.11993430852890175,0.15922342936158884,0.13156439464007175,0.12186409632364903
1723_CsTiCoCl,0.25527378320694005,0.12747764587,0.23954153061000127,0.24267568588256871
1725_CsVCrCl,0.09421306053797629,0.04875335693507665,0.09302889505833356,0.09437039693196692
1726_CsFePdCl,0.12127582430839556,0.08885850905768145,0.1310318946846114,0.11545062065124778
1727_CsNaAlCl,0.03390969634056118,0.0074556350675045735,0.03614206314250046,0.035824251174926935
1728_CsRbGdCl,0.00772516727447492,0.017282104490004002,0.008177661900000466,0.008585548400877663
1729_CsTlSmCl,0.0,0.0,0.0,0.0
1730_CsMnPtCl,0.1530142823855103,0.1577388763416785,0.16562298138833675,0.14947786331177015
1731_CsPbVacCl,6.490283542159858e-06,0.0,8.47711111529037e-07,7.714165581562682e-05
1732_CsNiPdCl,0.09480711221694849,0.10670089721312515,0.1044249534592181,0.08528480529785121
1733_CsTiNiCl,0.24244627952575648,0.1623610496500021,0.2455085754399997,0.239975547790527
1734_CsBeNpCl,0.2781903862953188,0.3342880775196555,0.2981594721525722,0.276004759470621
1735_CsNdEuCl,0.07329260706901408,0.05185750325667371,0.07872343063291609,0.07703841527302924
1736_CsFrRhCl,,,,
1737_CsRbEuCl,0.029814366499586242,0.037745666500835995,0.027025095618336437,0.028453572591145893
1738_CsKNCl,0.4460555821657186,0.45499515533500023,0.4581266879963284,0.4396247386932379
1739_CsZnPtCl,0.1997928947210319,0.19263191223000575,0.21135230064375055,0.20057883262634357
1740_CsVMnCl,0.059744361241656385,0.04251403808167353,0.060233141584664196,0.052690200805662
1741_CsTlPmCl,0.0,0.0,0.0,0.0
1742_CsTlCmCl,,,,
1743_CsFrTiCl,,,,
1744_CsSrNdCl,0.09667983055114515,0.07384351094415997,0.10128847757833181,0.10168647766113104
1745_CsTlAmCl,,,,
1746_CsCuSbCl,0.03561926484107936,0.021712970735002557,0.03587150573749964,0.035467910766601385
1747_CsCuPtCl,0.09397017274583863,0.0920674641955479,0.1040599005528553,0.09339580535888459
1748_CsVZnCl,0.10224151313304786,0.08365173339999998,0.11278343200749896,0.09902806282043386
1750_CsGePtCl,0.16986482143402037,0.18708114623000327,0.1724253177674977,0.16603832244872985
1749_CsAuNCl,0.5171197623014452,0.4829013824499988,0.5332883357963287,0.8343803405761725
1751_CsRbSmCl,0.0,0.005938148499375018,0.0,0.0
1752_CsPdGdCl,0.11396771470706124,0.0972167650868414,0.12060308455794733,0.11432611147563243
1753_CsCaRaCl,,,,
1754_CsFrRuCl,,,,
1755_CsNdPbCl,0.1778332054615026,0.1992375691699806,0.18016955852687477,0.18512208461761448
1756_CsFrIrCl,,,,
1757_CsTlNdCl,0.011395752429963046,0.02548014323500425,0.012592156735833804,0.012641080220541223
1758_CsTbVacCl,0.06947163409657087,0.06169679430000308,0.06867019865222312,0.07557951609293756
1759_CsMgPtCl,0.21262878179549904,0.1843036651600123,0.21701025963000342,0.21357545852661453
1760_CsLiPdCl,0.08743051886558817,0.07029027938515497,0.09319291115461192,0.08383288383484144
1761_CsVGeCl,0.09442487955093526,0.07728643417251213,0.09430215358250127,0.08650002479553276
1762_CsBeDyCl,0.35487327082403786,0.2890153819112111,0.35544367822931067,0.35300027255354216
1764_CsLiSbCl,0.01722317636013182,0.009753036495823153,0.019394612315587256,0.01836802959442263
1765_CsRbPmCl,0.0,0.0,0.0,0.0
1766_CsTlPrCl,0.02648086547851669,0.04703216553503253,0.026387882237502325,0.027730941772461826
1767_CsAuAcCl,0.11502755284309352,0.13691825867249818,0.12402688264499906,0.5446452140808113
1768_CsRbCmCl,,,,
1769_CsFrMoCl,,,,
1770_CsCuScCl,0.051498401165010144,0.03561830520165543,0.054749298097498844,0.051504135131832385
1771_CsCrMnCl,0.05658075809478724,0.025735473636665063,0.06593958537000155,0.059821383158365826
1772_CsPdTbCl,0.10936264395713913,0.08119821548015693,0.11209989547861099,0.10823088645935108
1773_CsRbAmCl,,,,
1775_CsMgVCl,0.06314589977264795,0.04531631469999908,0.06532421112000009,0.06098365783691406
1774_CsLiAgCl,0.07390481531620008,0.05856246948117594,0.07433218955617171,0.07338876724243137
1776_CsTlPuCl,0.0,0.0,0.0,0.0
1777_CsYbRaCl,,,,
1778_CsNdAmCl,,,,
1779_CsHgRaCl,,,,
1780_CsKAcCl,0.005339908599853782,0.02644405365000324,0.005526447285000291,0.005520677566528853
1781_CsLiScCl,0.010528409481048051,0.007807922360020925,0.01223106384499939,0.010998535156249822
1782_CsCrZnCl,0.10564252634843152,0.06476979255515936,0.1115725835154171,0.10249721209208129
1784_CsCoPtCl,0.19504419394901884,0.19246635437000847,0.19399543489382154,0.1749210357665989
1783_CsRbNdCl,0.028043760855993582,0.04123229980750409,0.02716042201083413,0.02883866628011056
1785_CsCrGeCl,0.08085167407989235,0.09898366928249658,0.0929715871774981,0.08536057472228897
1788_CsTmRaCl,,,,
1789_CsRbPrCl,0.031246342261632698,0.04689941406501141,0.03068443934499765,0.03227138519286932
1790_CsTlNpCl,0.0,0.0,0.0,0.0
1792_CsTlCeCl,0.0,0.0,0.0,0.0
1791_CsNdSmCl,0.13238030910491805,0.05000795999933061,0.1451441319739475,0.1359538459777827
1793_CsPdHoCl,0.11581055521965444,0.09695342381832717,0.11854734420878055,0.11466930707296186
1794_CsCuNbCl,0.17876362800597967,0.12979984282999446,0.18326032161999795,0.17796273231506188
1795_CsNiPtCl,0.16198145151138377,0.19855079650499974,0.17463698387000104,0.15474367141723722
1796_CsPdYCl,0.11602153033017792,0.09630403518604247,0.11779775618877952,0.11657474835714154
1797_CsCuTaCl,0.2577189922332863,0.22309970856000305,0.26511533260000064,0.25568795204163575
1798_CsMnZnCl,0.06916711926460417,0.04792709350166291,0.07331390381750147,0.06696286201476687
1799_CsVCoCl,0.16240875720978032,0.07299213409250349,0.14087779522472932,0.14262528419494735
1800_CsMgCrCl,0.0846335967381826,0.04591140747499978,0.09291508992166975,0.08609816233317424
1801_CsVFeCl,0.13889784415563078,0.07042007446499987,0.1311238129900012,0.13116687138875438
1802_CsFrNbCl,,,,
1803_CsBaEuCl,0.043453019857420117,0.049708557132500886,0.03751783371751394,0.040806388854993436
1804_CsFrTaCl,,,,
1805_CsRbPuCl,0.0,0.005083847053761303,0.0,0.0
1806_CsBeTmCl,0.3510108639454028,0.2814437866205193,0.348665447897587,0.34763544016871073
1807_CsLiNbCl,0.057325021028519885,0.02020378112784016,0.05865483284517303,0.05559379577636747
1808_CsLiTaCl,0.11873823669221473,0.08550530751184304,0.12191212971767218,0.11822012795342118
1810_CsMnGeCl,0.024311415354408616,0.029750823966661955,0.029364522293333195,0.023462677001951704
1811_CsVNiCl,0.16074799299240095,0.10521621704500284,0.15192222595749882,0.15502843856811488
1813_CsTlUCl,0.052403807640074795,0.0507686615000047,0.054665231699999595,0.05695292949676567
1815_CsGeSrF,0.07716764211654681,0.13653860092249737,0.07545411587749928,0.07767214775085396
1816_CsNiSmF,0.35631626993417864,0.19889512061437564,0.3237798690825011,0.3350574970245379
1817_CsZnEuF,0.00339584350586275,0.0,0.0052199681566698075,0.004782613118493373
1818_CsAgSbF,0.08014487624168432,0.1047521591200038,0.08593959808250062,0.08476753234863299
1819_CsCuSrF,0.044809019565580144,0.04979400634502085,0.04622917174999763,0.04720020294189187
1820_CsTaHgF,0.060136190056801375,0.07821655273500028,0.06640412808000029,0.0641583859920507
1821_CsNbHgF,0.0898392766714089,0.11493377685499695,0.08663613795999936,0.08437246680259669
1822_CsMgPbF,0.0004942377408356791,0.0,0.0041203180947855245,0.002127615610758582
1823_CsNaErF,0.0,0.0,0.0,0.0
1825_CsAlKF,0.0,0.0,0.0,0.0
1827_CsCoSmF,0.26080013513565614,0.16586389541562419,0.26106400490188,0.25882940292358825
1828_CsAlAuF,0.12947482069333027,0.1305992126461053,0.1498422993566617,0.13292808002895384
1829_CsNaTlF,0.0,0.0,0.0,0.0
1831_CsNaYF,0.0,0.0,0.0,0.0
1832_CsCuPbF,0.020487179358801733,0.020796457931130163,0.026836744941561186,0.02205584843953723
1833_CsGePbF,0.07070572376251416,0.12122144698750859,0.07065560817250294,0.07038960456848375
1834_CsMnEuF,0.0022440195083675007,0.011804962159990495,0.005794334409997326,0.0043037414550832764
1835_CsZnSrF,0.011302042007447,0.004986317950004704,0.011198425300000814,0.010273106892904948
1836_CsKCuF,0.0,0.0,0.0,0.0
1837_CsNaHoF,0.0,0.0,0.0,0.0
1838_CsNaTmF,0.0,0.0,0.0,0.0
1839_CsNiAmF,,,,
1840_CsGeEuF,0.07154791355133039,0.1213698387175004,0.07048242091750012,0.07088856697082413
1841_CsPtNpF,0.5099617481231666,0.50486221313,0.5312499046399974,0.5141763687133762
1842_CsAgAgF,0.004122829437255948,0.0020919799799994365,0.009743881229999918,0.0024433135986328125
1843_CsMgSrF,0.0035674492518111833,0.0,0.004767990113333731,0.003495788574219283
1844_CsScAgF,0.0,0.0,0.0,0.0
1845_CsMnSrF,0.009013950824748207,0.01497421265502652,0.009443283079996867,0.008278083801280367
1846_CsMgAmF,,,,
1847_CsBeRaF,,,,
1848_CsTiDyF,0.29832241535186643,0.15563201904332757,0.27521800994875,0.2619863033294667
1849_CsZnPbF,0.00419346491495709,0.0,0.007722918191453765,0.005045604705809836
1850_CsNaDyF,0.0,0.0,0.0,0.0
1851_CsVNpF,0.3880638360977162,0.14737332662166835,0.3769538879499992,2.5267668724060055
1852_CsCuAcF,0.09577049016952621,0.1525517463550088,0.10004309416000101,0.09945299625396853
1853_CsTiTmF,0.1124326017167867,0.005165100100009923,0.09189580282222565,0.08649848302205676
1854_CsMgEuF,0.001967386404676752,0.0,0.0008426030500015003,0.001765441894533204
1855_CsAgCdF,0.037368285655975164,0.041083526614999144,0.041019821164999914,0.038102531433105824
1856_CsCrEuF,0.11590070724487411,0.07857182820333541,0.11282952626666898,0.10284748077392614
1857_CsScHgF,0.08278810679912674,0.0982915878324988,0.08848714828937432,0.08637609481811559
1858_CsNaYbF,0.006418585777282715,0.0,0.0,0.0
1859_CsCoPbF,0.007964046796170798,0.0015245437650364124,0.007134310401459842,0.004859956105558894
1860_CsFePbF,0.05605599880219003,0.01557782491196491,0.047274939223526324,0.053342533111576884
1861_CsCaAgF,0.05154352188110334,0.053571319585000055,0.05802555084499961,0.05616054534912163
1862_CsMnPbF,0.0,0.0,0.0,0.0
1863_CsAgHgF,0.018187999725341797,0.01863937378499969,0.021823883054999715,0.018770027160644354
1864_CsGeAmF,,,,
1865_CsTeVacF,0.0019967820909281286,0.03898874918611028,0.0032893286833335367,0.006692780388726227
1866_CsPTlF,0.218499615192413,0.2298426701459615,0.1763624924932703,0.17348062075101467
1867_CsMgSmF,0.18175470449563935,0.05154198866589965,0.19227997644487083,0.18325768556350308
1869_CsNaTbF,0.0,0.0,0.0,0.0
1868_CsNaLuF,0.0,0.0,0.0,0.0
1870_CsPoVacF,,,,
1871_CsLiAcF,0.009593003988267235,0.05024681090500138,0.015349388132500863,0.009483814239502841
1872_CsNiPbF,0.030824542045591485,0.00140933990251213,0.007385826111451443,0.0198472976684565
1873_CsThVacF,0.013638571456624504,0.0894139607679314,0.021979861790739186,0.02492639753553405
1874_CsMoHgF,0.08155723214149813,0.09439086914499839,0.06551034451000337,0.06308187842369506
1875_CsTiYbF,0.12532659371694432,0.1605560302683351,0.28937220573999944,0.1049496650695847
1876_CsCrSrF,0.1172180533409124,0.08532994587833542,0.11495068868666536,0.11170310974121023
1878_CsCoAuF,0.10181689560413343,0.09381881713900775,0.12857796669400035,0.1039261150360149
1877_CsCoSrF,0.018129131197929027,0.011928367616247826,0.013012218477499893,0.014665150642393598
1880_CsFeSrF,0.07282241582870341,0.031248092652498727,0.06229206720916647,0.06932659149169851
1881_CsSbHgF,0.09881924688816124,0.1537006378149961,0.10254085461333329,0.10520294805367758
1882_CsAsAuF,0.2090317487716673,0.2611747741725008,0.22731831074499897,0.21419937610626238
1883_CsAgInF,0.0,0.0,0.0,0.0
1884_CsCaCdF,0.0,0.0,0.0,0.0
1885_CsGeSmF,0.2985072433948526,0.3417082309662476,0.29387747048875124,0.30930736064910924
1886_CsPdHgF,0.04743800631591544,0.028369140627152234,0.06733899797714438,0.04889409201486039
1887_CsZnAmF,,,,
1888_CsNiAuF,0.12403656641641536,0.10380732219001843,0.1447060664499933,0.12024959723154005
1889_CsRuHgF,0.07040669322014192,0.07968139648501449,0.06257874965999832,0.06292662024498341
1890_CsNbAgF,0.264978039264677,0.23740482329999502,0.27314720152999783,0.275448179244993
1891_CsAgTaF,0.18218139410018885,0.23599185943999856,0.17781372069999968,0.19708361625671245
1892_CsNiSrF,0.013346993923187611,0.007066154483750253,0.009377765658749482,0.01445839405059779
1893_CsIrHgF,0.07863686482111465,0.09672826130332979,0.07142127355333283,0.07561105092366383
1894_CsNaAuF,0.038913577795027354,0.03435211181499476,0.06516456604999998,0.0392683029174794
1896_CsCrPbF,0.09280211925506521,0.10524915059167483,0.09566987356102175,0.09161024093627912
1899_CsNaGdF,0.0,0.0,0.0,0.0
1898_CsKCoF,0.0,0.0,0.0,0.0
1900_CsFeEuF,0.06447765827179364,0.027315902717496954,0.06782220204833145,0.06343193054199503
1903_CsCrNpF,0.39205329418182444,0.2093584696416677,0.3996189117500002,0.38351459503173935
1904_CsTiNpF,0.26761785745620426,0.17414474487499731,0.23889369965021068,0.24415025711059268
1905_CsPRbF,0.2167288446426392,0.20840517680057147,0.16465003876562356,0.16539888472784003
1906_CsKNiF,0.0,0.0,0.0,0.0
1907_CsKAsF,0.0,0.0,0.0,0.0
1908_CsZnSmF,0.18623882134755654,0.22637855211515934,0.18166761795176,0.1847480965985211
1909_CsVEuF,0.0532106479009018,0.0,0.056225395200002914,2.2286522626876817
1910_CsNFrF,,,,
1911_CsMnAmF,,,,
1913_CsTiHgF,0.07477298080921102,0.08401489257500572,0.06576898098999973,0.06517156958580106
1914_CsCaTiF,0.11083877881368132,0.04431304931000213,0.10260448456166849,0.10459928512573313
1915_CsCaPdF,0.05772453546524048,0.019266605380002133,0.0710482597300004,0.05764756202697807
1916_CsNiEuF,0.08810690310266267,0.0,0.08900095622000137,0.08984626134236606
1917_CsNaEuF,0.0,0.0,0.0,0.0
1918_CsFeAuF,0.12275792161624022,0.12355270385834771,0.13927779198083634,0.12111086845398322
1920_CsRhHgF,0.07264169057210257,0.05989653269499584,0.06291289329166583,0.06533834934234584
1921_CsLiThF,0.15913469493389165,0.16515522003336258,0.1600738048587509,0.1640557050704956
1922_CsVSrF,0.05154099067052087,0.0,0.05847892760999951,2.2330538511276252
1923_CsEuPtF,0.21609821915626437,0.24896793365374492,0.25323231220749864,0.21737885475158425
1925_CsCdHgF,0.0011900424957271838,0.001808166509999154,0.002508163449999934,0.0012252807617185724
1926_CsCdYbF,0.0,0.15420961380375253,0.12020606994000094,0.0
1927_CsMnNpF,0.3783407203082376,0.20384664536000585,0.38377334331827573,0.3729007852488646
1928_CsCrAmF,,,,
1929_CsKFeF,0.0,0.0,0.0,0.0
1930_CsNaSmF,0.0,0.0,0.0,0.0
1931_CsCuThF,0.34479333957036395,0.4402009963911482,0.36916234493166655,0.36501784324645925
1932_CsVPbF,0.04041052659353195,0.03981361389167759,0.04560375213436174,2.561147451400756
1933_CsSrPtF,0.22037594318389875,0.1995044708199991,0.23357920647999908,0.21578369140625053
1934_CsCdTmF,0.0,0.0,0.0,0.0
1936_CsMnAuF,0.16836974620819145,0.23238449096998082,0.18454926013999984,0.15658199787139981
1935_CsNiNdF,0.3610868285099684,0.21645162899937453,0.332821146652293,0.3419325033823659
1937_CsZnNpF,0.14156372547150564,0.18122491836532362,0.1349217176501849,0.13769975900650966
1938_CsMoAgF,0.06132771968841322,0.08354434967999858,0.074559020989998,0.0634887218475324
1939_CsCrAuF,0.11430586377779584,0.1400978088400464,0.13103707102333306,0.11380856037140052
1940_CsCrSmF,0.29395349025726336,0.19244639079166959,0.30418116251333327,0.2917303721110027
1941_CsFeNdF,0.38741636541154456,0.24818471272500453,0.39564601050944326,0.4050919002956803
1942_CsCoNdF,0.265744810799756,0.18108886083063425,0.2692359129616646,0.26503683725992744
1944_CsNaPmF,0.0,0.0,0.0,0.0
1945_CsNaCmF,,,,
1946_CsGaAuF,0.1266705877251093,0.12350025884018301,0.14563805085740622,0.131459845436944
1947_CsPtPbF,0.21494823694229037,0.19640541077001927,0.23053507804499862,0.20638513565063743
1948_CsInHgF,0.055920292933782534,0.0671469370500084,0.06162815094500029,0.06064167022705158
1949_CsKMnF,0.003126192092898883,0.0,0.000990867620009439,0.0
1950_CsRuAgF,0.10548741817474205,0.06229953766999685,0.12062492369999855,0.10014147758483638
1951_CsGeNpF,0.3544492006301887,0.3706975936950023,0.34525332451500024,0.35230073928833594
1953_CsVHgF,0.06695558130741297,0.08777618408002041,0.06286981106000233,2.66467203497887
1954_CsAgIrF,0.06815109252929652,0.01815961202166605,0.07135810851999924,0.06829218864440811
1955_CsKCrF,0.0,0.0,0.0,0.0
1956_CsNaAmF,,,,
1957_CsVAmF,,,,
1958_CsKGaF,0.0,0.0,0.0,0.0
1959_CsAgAuF,0.039192012945812316,0.04477920532667312,0.060539984706668104,0.04052617549896409
1961_CsPtHgF,0.08076814611752825,,0.06951684952333315,
1960_CsNaNdF,0.0,0.0,0.0,0.0
1962_CsMnDyF,0.2884510254722894,0.15781164169833595,0.2854376080378884,0.28691731156973965
1964_CsNaInF,0.0,0.0,0.0,0.0
1965_CsMgNpF,0.1655841800901614,0.1270764668799238,0.16871098412340313,0.1660449875725627
1966_CsTiAgF,0.2544734001159643,0.20750980378000072,0.25695648193999965,0.25661654472351003
1967_CsYbPtF,0.22015627622604228,0.361041450496252,0.3869999647125013,0.21151742935180629
1968_CsPKF,0.20927354335784898,0.19812781016057102,0.15736272721562372,0.15676612944830026
1969_CsRhAgF,0.0,0.0,0.0040679931599987285,0.0
1970_CsVAuF,0.2580781221389765,0.27802505493500007,0.26008789540000077,2.8437434434890747
1971_CsVSmF,0.38286496798197334,0.13342145284167195,0.3867034912099978,2.377094467480977
1972_CsMgNdF,0.1628500936131836,0.07689842950737003,0.17430620947188036,0.1717155397447785
1973_CsPtAmF,,,,
1974_CsNaPrF,0.0,0.0,0.0,0.0
1975_CsAgLuF,0.0,0.0,0.0,0.0
1976_CsTiCdF,0.12338208556175267,0.1434251785300038,0.11502580643499982,0.12071621417999268
1977_CsZnDyF,0.17071568436092743,0.2091994444496077,0.1642788714792589,0.16951749391025928
1978_CsPAuF,0.21892090559005695,0.21069422404032778,0.2069727977196658,0.19673535823821897
1979_CsPdCdF,0.05699698925018559,0.026751041420009614,0.07476739883000239,0.05888466835022221
1980_CsCuPaF,0.3330909013748169,0.3861505508399965,0.33035657405999963,0.3402372837066654
1981_CsVYbF,0.04152845640976732,0.12744611104499803,0.38242130280000364,2.207879900932311
1982_CsGaHgF,0.08319688042004802,0.09461436801389489,0.08962603675055414,0.08869825998941927
1983_CsAgYbF,0.045954918861388805,0.0,0.0,0.038827133178711115
1985_CsCaYbF,0.0027956724166866564,0.10783271789752291,0.17579632996667804,0.00029392242432635385
1986_CsKVF,0.0,0.0,0.0,2.300965058803558
1987_CsNaPuF,0.0,0.0,0.0,0.0
1988_CsGeNdF,0.29922718604405674,0.35922964414125325,0.2975332220445832,0.314722450574239
1989_CsCaHgF,0.001495289802551092,0.0018188476700000678,0.00338764190999985,0.0018775939941404474
1990_CsSmPtF,0.3536201357841495,0.36841144561249806,0.3869807481725003,0.37556490898132466
1991_CsCdDyF,0.11532875746488713,0.14641809463750377,0.11110672950875156,0.11635185480117904
1992_CsMnHgF,0.037455618381510014,0.0943008422850049,0.04679660797500951,0.02939052581788193
1993_CsCuLaF,0.09785198767980052,0.14225638707500288,0.1035962939283337,0.10038657983144184
1994_CsPaVacF,0.0,0.0,0.0,0.0
1995_CsCuBiF,0.05798998309505787,0.06288016636889182,0.06342180967478761,0.05629791948529839
1996_CsCaPtF,0.2213611960411077,0.1939792633050068,0.23654303551000133,0.2171103477478038
1997_CsBeBaF,0.24950838685035315,0.22333106993999507,0.2526962280199969,0.24994926452636435
1998_CsLiPaF,0.12208059728145848,0.08342552184751284,0.1341374397262527,0.13099832534790323
2000_CsPdAgF,0.006006237080224075,0.0014018563717659305,0.029909896840006223,0.0029982918187201335
2001_CsPdThF,0.3468141277631105,0.3975954055711455,0.35532207489166545,0.3546596527099588
2002_CsCoNpF,0.46175740957260025,0.22425117492998226,0.4428034782500099,0.44981489181519585
2003_CsCrTmF,0.09074718952178884,0.024476114906665458,0.10019938151333285,0.0943284034728995
2004_CsCuUF,0.3367012739181492,0.2940652847199807,0.3454627752299988,0.3402128696441631
2006_CsZnNdF,0.1915255667986715,0.23865246773016047,0.18649398706935205,0.1903924639578234
2007_CsTiEuF,0.11529206169975481,0.06113052367999572,0.10221335093111872,0.1009823481241936
2008_CsAgTmF,0.0,0.0,0.0,0.0
2009_CsNaNpF,0.0,0.0,0.0,0.0
2010_CsNaCeF,0.0,0.0,0.0,0.0
2011_CsCaTmF,0.030142907301580202,0.0,0.021885204324996188,0.03821188608804871
2012_CsLiLaF,0.01441145141919531,0.04563077290500317,0.020195770270834856,0.014425881703695076
2013_CsBRbF,0.31803641319275044,0.26826591491499485,0.31324529647749877,0.3166225433349581
2015_CsCaVF,0.03264543314774482,0.0,0.04083251952999856,2.2141777753829954
2016_CsVAgF,0.07426750659942627,0.07255802154499946,0.06797523498000047,2.6642037868499777
2017_CsMgDyF,0.21421150830057112,0.048807754514498924,0.20298639601583446,0.20676280524995683
2018_CsLiBiF,0.004371591409047859,0.0,0.011483764648334116,0.0035316467285149145
2019_CsRhAuF,0.1660741329193094,0.1488800048900174,0.18589470385999807,0.16336185932159442
2020_CsAgTlF,0.0,0.0,0.0,0.0
2021_CsAlTlF,0.0,0.0,0.0,0.0
2022_CsFeHgF,0.08177641034129213,0.0931125640900845,0.07837848663753011,0.07752285003665094
2023_CsLiUF,0.06497299373150067,0.022656122838334625,0.06546149254375244,0.05632889270782737
2024_CsCrYbF,0.09862564802169782,0.18604685465500204,0.29520994822333524,0.08784332275390483
2025_CsSrPdF,0.06977608203887886,0.040997743609999304,0.07705235481249861,0.06837179660797155
2026_CsTiSrF,0.1126947893036725,0.06480026245499637,0.10617243449110969,0.10952326456705652
2027_CsMnNdF,0.31384726986573863,0.19245494206499636,0.30723699226024337,0.30973897108172466
2028_CsTiAuF,0.314123713970182,0.3324226379400059,0.3202960252799967,0.3096787691116303
2029_CsAuHgF,0.0831353863080353,0.09015630086334525,0.09794588884333466,0.08477056026458829
2030_CsNiBaF,0.03891069889068621,0.03321933745874972,0.032541751858749635,0.03881847858428955
2031_CsAgErF,0.0,0.0,0.0,0.0
2033_CsNaPdF,0.01717631220817495,0.013410401342500933,0.031871819496250176,0.01760531663894671
2034_CsNaSbF,0.027484023571015648,0.0574447631800048,0.03023548126500053,0.031292819976806996
2035_CsCuNpF,0.2720673799514781,0.2175043106099963,0.28058011532000027,0.26308312416076696
2036_CsUVacF,0.0,0.0,0.0,0.0
2037_CsCuCeF,0.17298262119293373,0.11482410431125345,0.18055150509000217,0.17049851417542694
2038_CsKRhF,0.0,0.0,0.0,0.0
2039_CsFeBaF,0.09898476600646866,0.05588302611749896,0.08841549554916561,0.09673957824706925
2040_CsNaUF,0.06155331134796249,0.0,0.008773946767499652,0.005864596366881081
2041_CsCoBaF,0.04314340054988541,0.03771228790124148,0.03681745528749669,0.03975079059600528
2042_CsIrAuF,0.2505968570709207,0.22276840209999804,0.25826675891999873,0.2501054048538194
2043_CsTiPbF,0.3091688632965095,0.25712890625000284,0.29433760643000095,0.29348902702331703
2044_CsKTiF,0.0,0.0,0.0,0.0
2045_CsNaBiF,0.0,0.0,0.0,0.0
2046_CsYAgF,0.0,0.0,0.0,0.0
2047_CsCdNpF,0.11686140894889885,0.14449787140000225,0.10676736831499944,0.1113850831985479
2048_CsPdPbF,0.04840368032455267,0.0220783710483623,0.06401529311499754,0.046262788772581054
2050_CsRuAuF,0.28700726032256973,0.26821365356999394,0.30209839343999967,0.2777226686477654
2049_CsTmYbF,0.05488025347391812,0.05746053059582579,0.31334981918500127,0.04127709070841501
2051_CsAgHoF,0.0,0.0,0.0,0.0
2052_CsLuHgF,0.09284384548664182,0.10342350006062517,0.092355918881875,0.0908148765563972
2053_CsNaLaF,0.0,0.0,0.0,0.0
2054_CsZnTmF,0.0,0.05912543933016323,0.0,0.0
2056_CsBTlF,0.33905526399612373,0.30492820739500104,0.33511152267250033,0.338311958312989
2058_CsNiHgF,0.02069352865219143,0.0018549601299966412,0.013529713949999689,0.016979789733886363
2057_CsCuPuF,0.20324420928955345,0.141692543030004,0.21254117488999924,0.19418931007385165
2059_CsLiNpF,0.0030950466791788145,0.0,0.01425158183000974,0.00559565226237968
2060_CsLiCeF,0.004382594426473041,0.00982398987000721,0.011313162905556062,0.009513346354166785
2061_CsNaAgF,0.0,0.0,0.0,0.0
2062_CsGaAgF,0.0,0.0,0.0,0.0
2063_CsAsHgF,0.0692530870437631,0.12584228515750162,0.07891919613500065,0.0756694257259376
2064_CsAlRbF,0.0,0.0,0.0,0.0
2066_CsCoDyF,0.2470651355054665,0.15199279785124808,0.24691810077916898,0.24497705565558725
2067_CsCoHgF,0.022746258974079225,0.010680262248316197,0.012321090699991544,0.008162371317537165
2068_CsNaScF,0.0,0.0,0.0,0.0
2070_CsCaCrF,0.0965804100036598,0.06353658040333521,0.09555714924666514,0.09307003021240057
2071_CsCrAgF,0.0,0.0,0.0,0.0
2072_CsYbHgF,0.0,0.1113842010441708,0.09249753952000095,0.0
2073_CsCuRbF,0.0,0.0,0.0,0.0
2074_CsMoAuF,0.2459164500236488,0.2969093322799914,0.27246963977999616,0.2474793672561626
2075_CsKRuF,0.007858443260192693,0.0,0.00875272751249856,0.0027154445648180925
2076_CsNaPaF,0.1299449920654281,0.03345432281499683,0.0662602424699994,0.07097210884094096
2077_CsKIrF,0.0,0.0,0.0,0.0
2078_CsMnAgF,0.029088282585139957,0.052987098689996515,0.027125072474995626,0.016318368911739434
2079_CsAgDyF,0.0,0.0,0.0,0.0
2080_CsLiPuF,0.0,0.005688858025003185,0.0,0.0
2082_CsCuPrF,0.10388339757919063,0.13392305373334068,0.11292780637833477,0.1083394606908179
2081_CsZnHgF,0.004725243151188607,0.0,0.00757308006375057,0.004580044746400169
2083_CsGeTmF,0.09150004386901767,0.17520127296124777,0.09142404795624959,0.10759699344634921
2086_CsCuNdF,0.09772497680451675,0.1213793118749944,0.10707168800259215,0.09960858292049402
2084_CsZnYbF,0.008088423311711779,0.21609311104210782,0.17371400594842523,0.0052799860636403295
2087_CsCaDyF,0.1557740281368174,0.04853630066500614,0.15008202791250458,0.15790389776230374
2089_CsKMoF,0.0,0.0,0.0,0.0
2091_CsTiAmF,,,,
2090_CsMgBaF,0.027042869726817464,0.022254816691670953,0.028422164913333603,0.027179908752441584
2092_CsBFrF,,,,
2093_CsGeYbF,0.08492231369018466,0.3286833286297952,0.2856691479687523,0.0753437519073481
2094_CsCaMnF,0.0,0.0,0.0,0.00014514923095809706
2095_CsCdPtF,0.22462137937545767,0.20589942932500094,0.2374976634999988,0.2175803184509273
2096_CsGeHgF,0.3044564843177784,0.3636535644449932,0.31052377223999983,0.30426382422447107
2097_CsLiPrF,0.020184439420694034,0.03829231262334076,0.02927246094083813,0.021626885732018764
2098_CsMgTmF,0.06849276622136458,0.0,0.05741796493833373,0.06625620524088571
2099_CsAgTbF,0.0,0.0,0.0,0.0
2100_CsHgTlF,0.03464643359184194,0.041690063479997264,0.0389839172399995,0.03386440277099512
2101_CsCoTlF,0.019978231191635665,0.0,0.007969665530008996,0.008317820231121154
2102_CsCuAmF,,,,
2103_CsLiNdF,0.01554454697502905,0.028215916955000253,0.0224328782836114,0.014135572645399996
2104_CsGeBaF,0.10525064468383682,0.16504926681749943,0.10210702418749928,0.10698866844177246
2105_CsAsTlF,0.0,0.027171707144997725,0.0008677482649996904,0.0
2106_CsNiTlF,0.09284167140722221,0.03856913249001437,0.07419122059583394,0.09069315592448035
2107_CsTiSmF,0.2991867687967069,0.16275024413500283,0.27956746419222256,0.2683792114257795
2108_CsErHgF,0.08653243184089465,0.10850766500083253,0.0863312403333314,0.08628470102945762
2109_CsVNdF,0.36677810615963224,0.16468187967667092,0.392617967391109,2.374101784494189
2110_CsCuBaF,0.06791460514068337,0.07448921203002001,0.06926574705999666,0.06987190246581765
2111_CsMgYbF,0.009264469146729404,2.1690418235089926,0.22249156832499928,0.009885787963868076
2112_CsCaZnF,0.013956908384960443,0.004608154305000056,0.013869857783333828,0.013301213582357363
2113_CsCeVacF,0.0,0.03907352023472477,0.0,0.0
2114_CsVCdF,0.04295532107353406,0.03982324600250031,0.0476247310587512,2.602417302131652
2115_CsNaNbF,0.04723577499389542,0.019111905771426407,0.04961087704249856,0.047260856628416725
2116_CsMgHgF,0.007353210449220882,0.0,0.01179022788750217,0.00910816192627184
2117_CsCuPmF,0.04614976545174532,0.06164954503777764,0.056859703861666944,0.04775032202402496
2118_CsAgPtF,0.11141490936279297,0.11652357313444028,0.1392974853499993,0.11225733757019007
2119_CsCuCmF,,,,
2120_CsNpVacF,0.0,0.0,0.0,0.0
2121_CsNaTaF,0.12558114873038217,0.10287640889166205,0.1339485168466652,0.13098287582397372
2122_CsBeNdF,0.40289414194310247,0.279906297163361,0.4176994796180882,0.41333359068090036
2123_CsLiAmF,,,,
2124_CsAgGdF,0.0,0.0,0.0,0.0
2125_CsDyYbF,0.18983071549185304,0.1501281738224982,0.36096760299222197,0.16042293310165423
2126_CsYHgF,0.09011232058207153,0.10527534484749168,0.08593718210666701,0.08877557118733748
2127_CsNbAuF,0.25501699447631854,0.30958633423000137,0.24895775317999913,0.25210087299346906
2128_CsZnBaF,0.036052739620208385,0.031258519485000136,0.03632049559999917,0.035102780659993726
2129_CsNdPtF,0.35872113903363356,0.38008874256750147,0.3910896857583319,0.3812676270802804
2130_CsTaAuF,0.12693173885344677,0.16075820923997597,0.12583992481999218,0.13203289508818816
2131_CsHoHgF,0.08829351862271384,0.10967305501000624,0.0872565587333316,0.087984593709308
2132_CsCaGeF,0.07920911312103396,0.13169965744250156,0.08051450252750048,0.07995934486389267
2133_CsCuHgF,0.020846495032312617,0.012568155925819724,0.02135915756000184,0.016372632980358848
2134_CsLiCmF,,,,
2135_CsCaCuF,0.04899457891782344,0.04248657226664854,0.04972842534500277,0.049438063303631985
2136_CsAsAgF,0.04274365901946986,0.06900119781250247,0.054109764105000124,0.047272253036498846
2137_CsLiPmF,0.0,0.0,0.0,0.0
2138_CsCuSmF,0.0925674835840864,0.11004228590999787,0.10230711698500006,0.09302890830569766
2139_CsCoTmF,0.06174001544713814,0.002419376370623283,0.06286668778374871,0.06643935441970772
2140_CsAgEuF,0.0,0.0,0.0,0.0
2141_CsAlHgF,0.08996691703796333,0.10465812683333375,0.09664122263749952,0.09533933003743478
2143_CsCoRbF,0.0,0.0,0.0,0.0
2144_CsFeTlF,0.0,0.0,0.0,0.0
2145_CsKNbF,0.03916404247283811,0.012840352731426918,0.0386787176124983,0.038300228118895774
2146_CsNiRbF,0.0,0.0,0.0,0.0
2147_CsMnBaF,0.03757100105285538,0.04519844054999034,0.03719978331999929,0.03731613159179492
2148_CsCaNpF,0.15027630726496355,0.13875757853824666,0.1537453969267375,0.15037431716918803
2150_CsKTaF,0.15402890086173926,0.13401770590999895,0.16134090424374925,0.1557771801948542
2151_CsAsRbF,0.0,0.0071475982649964465,0.0,0.0
2152_CsDyHgF,0.0903119663397467,0.11167030334666705,0.08991591135249966,0.08958861033121757
2153_CsNiTmF,0.155496740341186,0.037113809589374824,0.12786946297437485,0.14048506021499563
2154_CsMgCaF,0.009296607971190696,0.001903279621666698,0.010385465617497758,0.009424018859862215
2155_CsPuVacF,0.0,0.0,0.0,0.0
2156_CsLiSmF,0.014446461200713578,0.023531723019999617,0.020231246945000336,0.012558492024739465
2157_CsCoYbF,0.009774702787399114,0.17820367812907456,0.2563681125683335,0.014371744791666252
2158_CsCuEuF,0.0,0.00460608800331741,0.0,0.0
2159_CsFeYbF,0.06359006961186964,0.23072128296333183,0.3847028096483358,0.0555109659830757
2160_CsCrCdF,,,0.0762980143166665,0.07833849589029906
2161_CsAgSmF,0.0,0.00887527465835447,0.0,0.0
2162_CsNiYbF,0.014199268817901789,0.20464768409781087,0.3190335909533335,0.014919662475586293
2163_CsPdAcF,0.1751062810421029,0.22620477675501505,0.18521528244250351,0.17858114242554102
2164_CsNaMoF,0.0,0.0,0.0,0.0
2165_CsMnTlF,0.021859824657440186,0.014860153189992786,0.01797895431499974,0.01643991470336381
2167_CsCuGdF,0.024875989556311318,0.04087497923291572,0.03664562304249941,0.026243710517882768
2168_CsCrBaF,0.14134154319763148,0.11065610249333346,0.1408307393366659,0.1392797470092768
2169_CsScAuF,0.11271612445513224,0.11562194824832872,0.13168997765249735,0.11591207186380803
2170_CsCrTlF,0.0,0.0,0.0,0.0
2172_CsLiEuF,0.005828897158305146,0.0,0.014523315424999517,0.0027570724487304688
2173_CsFeRbF,0.0,0.0,0.0,0.0
2174_CsSrAgF,0.05581678152084901,0.0656379699750147,0.06163330078000495,0.05942344665527877
2175_CsAgPmF,0.0,0.0,0.0,0.0
2177_CsCdEuF,0.0,0.0,0.0,0.0
2178_CsAgCmF,,,,
2179_CsGaTlF,0.0,0.0,0.0,0.0
2180_CsAmVacF,,,,
2181_CsNaIrF,0.015679663419722267,0.0,0.010469889644999952,0.014179372787475053
2182_CsNaRuF,0.02624878883361692,0.0,0.03117856979249911,0.01923260688781614
2183_CsMnCdF,0.0004185994466148202,0.0,0.0,0.0
2184_CsPrVacF,0.13640989197625064,0.0802527533666666,0.15230305990000037,0.14527045355902768
2185_CsCmVacF,,,,
2186_CsLiGdF,0.0,0.0,0.0,0.0
2187_CsCaCoF,0.013044412930796945,0.005199178059999809,0.011202239993323815,0.012336222330719515
2188_CsKScF,0.0,0.0,0.0,0.0
2189_CsAgAmF,,,,
2191_CsCaFeF,0.05745954513549645,0.020338312787496093,0.0480231920874985,0.0556297302246076
2193_CsGdHgF,0.05541455745696933,0.07599245707500302,0.05046431223499859,0.054642677307128906
2194_CsCuTbF,0.08076322740978359,0.09366477330666001,0.09083116186937534,0.08245325353410227
2195_CsSrCdF,0.0,0.0057418823250010576,0.0,0.0
2196_CsKAgF,0.0,0.0,0.0,0.0
2197_CsSbAuF,0.24726983904838473,0.29568519591999376,0.25887463093249874,0.2520665884017932
2199_CsAgPbF,0.0,0.0015129089400005569,0.006535720829996983,0.0
2200_CsCaNiF,0.019244688749314953,0.009008026123737523,0.017722082136251593,0.02180571556091504
2201_CsZnCdF,0.011451734602453634,0.0014394124383283469,0.011511754983751565,0.010562252998354449
2202_CsNaTiF,0.015276265144350099,0.0,0.0008089701366653657,0.0023251851399734846
2203_CsMnRbF,0.010670328140261809,0.0016139984100096427,0.008562374110003823,0.004422664642333984
2204_CsAgNdF,0.0,0.019786580403353682,0.0013909163326024654,0.0
2205_CsCrRbF,0.0,0.0,0.0,0.0
2206_CsNaRhF,0.0,0.0,0.0,0.0
2207_CsAlAgF,0.0,0.0,0.0,0.0
2209_CsEuHgF,0.006959638992945827,0.06227633158916035,0.02534046172999993,0.005957412719726385
2210_CsLiTbF,0.010770813624062292,0.0029326121008388384,0.015545145667497096,0.009145991007484255
2211_CsCuDyF,0.07803928885194633,0.09292192458831927,0.08854625357187107,0.0791799889670477
2212_CsAgPrF,0.0,0.034127807611657346,0.008200645451664101,0.0054629961649554915
2213_CsNaAcF,0.0,0.0073524474999970835,0.0,0.0
2214_CsGaRbF,0.0,0.0,0.0,0.0
2215_CsVBaF,0.07991286118825158,0.012214342753331664,0.08289299010999951,2.2608593702316275
2216_CsKSbF,0.019976079463957852,0.053471183779993936,0.019758796694999248,0.023047065734862926
2217_CsVTlF,0.0,0.0,0.0,2.51042754650116
2218_CsKPdF,0.008024987578394871,0.006976604462508362,0.014590930933753299,0.008499908447268112
2219_CsCdPbF,0.0,0.0029876709050000727,0.0,0.0
2220_CsZnAgF,0.04177460819482759,0.03300924301375119,0.04424147605874973,0.0396373033523556
2221_CsCuCdF,0.043040785193436015,0.037695821127513796,0.042599773399993435,0.037833356857292166
2222_CsGeCdF,0.09109855592250948,0.1261469841025029,0.09481248855500102,0.0899533510208137
2223_CsNRbF,0.08690096288919458,0.07069051265250081,0.08778445720882777,0.07139348983764693
2224_CsSmHgF,0.10090913176536542,0.134967041012505,0.09937953949000011,0.0990500768025715
2225_CsLiDyF,0.010064665476480883,0.005964660641668118,0.014824167887499407,0.007982508341470407
2226_CsTiNdF,0.2851475053363357,0.18814061483000444,0.28225279914333257,0.26942918565538054
2227_CsBaPtF,0.25095554590225255,0.23353424071499873,0.26453356743,0.24528141021728533
2229_CsCuHoF,0.07558266388045087,0.0929114977549812,0.08653732802819114,0.07644317679934964
2230_CsBeSmF,0.4911673759591979,0.2600937999365449,0.5251302653301719,0.5065894992872204
2231_CsMgCdF,0.011304938793182728,0.0018116951012565607,0.012786245347500724,0.012560462951663354
2232_CsGeAgF,0.25653951168060196,0.2883676528899919,0.2641036987299996,0.2592357158660876
2233_CsCuAgF,0.0001657932996774747,0.0,0.00407857895500241,0.0
2234_CsCuYF,0.07586408091915597,0.08990068434998477,0.0860180629568017,0.07781742148929194
2235_CsPmHgF,0.07205616235732926,0.10081748963166959,0.07101141611833217,0.07144279479980398
2236_CsAgNpF,0.20896475315093976,0.17646579743000146,0.2129852294900001,0.20374827384948713
2237_CsHgCmF,,,,
2238_CsVRbF,0.0,0.0,0.0,2.310347020626068
2239_CsCdAmF,,,,
2240_CsAgCeF,0.11235296726226807,0.08040180206125669,0.12193489074000041,0.11399111747741664
2241_CsLiHoF,0.009091254075368482,0.004249699914998573,0.013562520338332718,0.007202847798664536
2242_CsCuErF,0.07404448986053325,0.09231869379667046,0.08571546210235859,0.07477132214440019
2243_CsPdPtF,0.20872454643249583,,0.23968944549999893,0.2013371467590339
2245_CsNTlF,0.4736877307295799,0.4390161275899995,0.47633330821632835,0.4781674385070809
2244_CsLiYF,0.015295692284899687,0.004831186933332177,0.020024617508331843,0.013149007161455728
2246_CsTiPtF,0.5258646249771104,0.5108238220199972,0.5376948356699991,0.5293474197387686
2247_CsMgAgF,0.06381020545959348,0.06577577591624184,0.07405753136249782,0.0668502807617175
2248_CsNaVF,0.003025305271147971,12.049459330233752,0.0020996093800000892,2.3193807959556585
2249_CsBeAmF,,,,
2250_CsRhTlF,0.0,0.0,0.0,0.0
2251_CsHgAmF,,,,
2252_CsCuTlF,0.03245012462139396,0.02619291606024987,0.03177747727000346,0.030495977401735708
2254_CsTiTlF,0.1031909704208438,0.07406578064000158,0.10399994850000649,0.10247638225556166
2255_CsNiRaF,,,,
2256_CsCdSmF,0.13052252978086631,0.16598024367999997,0.12888474464000144,0.13091465234756594
2257_CsInAuF,0.0943684981928925,0.09097654554500423,0.11171520551333192,0.09909586906432999
2258_CsCaEuF,0.0,0.0023307800300020887,0.0005777359000198601,6.484985346055794e-06
2259_CsLiErF,0.008137714862823664,0.008070882165835513,0.014438120518333264,0.006866327921549953
2260_CsBKF,0.31950519084930296,0.2688718795749949,0.31408710480749846,0.31780652999877823
2261_CsCuTmF,0.0,0.0,0.0,0.0
2262_CsTiVF,0.399096894264213,0.08974246979000355,0.3720569610699922,2.47152442932129
2264_CsCoCdF,0.023512953519821522,0.007802327480021631,0.013299942009999732,0.013306872049967389
2263_CsNdHgF,0.10379281308915367,0.14673589070750026,0.10273119476110626,0.10462228424018871
2266_CsFeRaF,,,,
2267_CsLiTlF,0.009261849522586907,0.0,0.013657951352496589,0.007303905487056284
2268_CsFeCdF,0.059160174926124576,0.014033181326064792,0.046174208322502075,0.05340735117594608
2269_CsCoRaF,,,,
2270_CsPrHgF,0.11146820187568451,0.15982284545584236,0.11201790571833659,0.11397228737672371
2271_CsKInF,0.0,0.0,0.0,0.0
2272_CsIrTlF,0.044659197330478406,0.006681060790015181,0.04013533593000318,0.04735031127930078
2273_CsAgBiF,0.0,0.0,0.0,0.0
2274_CsRuTlF,0.03261867761611814,0.002633476263746104,0.03742675781749849,0.0309998035430894
2275_CsCaSrF,0.0032650351524310395,0.010945129394992037,0.003608703619997655,0.0033227920532201694
2276_CsBePbF,0.22175398468971164,0.1965019226033604,0.22164134979435524,0.22220811843872035
2277_CsLiTmF,0.0,0.0,0.0,0.0
2278_CsNiCdF,0.02719837427139815,0.015310414640007153,0.02106068929000493,0.023919677734380862
2279_CsNaGaF,0.007937610149384433,0.007560729974999347,0.008602523800001372,0.00842514038085973
2280_CsBAuF,0.5208047131697349,0.49480794271000583,0.5342816829675012,0.5179140885670996
2281_CsAgLaF,0.0,0.04072011312332258,0.0,0.0
2282_CsCuYbF,0.04407944381237261,0.1019642829833387,0.09184921184708283,0.036092138290406695
2283_CsCoAgF,0.0,0.0,0.0,0.0
2284_CsRbRhF,0.0,0.0,0.0,0.0
2285_CsNaCrF,0.005332267284392955,0.005339813234998658,0.005541992189999512,0.005001068115234375
2286_CsFeAgF,0.0,0.0,0.0,0.0
2287_CsNaMnF,0.02642488479613725,0.006417846680008665,0.02509479523000646,0.01573076248169336
2288_CsEuYbF,0.012948822975149987,0.10257301330834068,0.15320187806000263,0.0036823272704991084
2291_CsHgPuF,0.06714993715286077,0.08871765136499121,0.06235330104999903,0.059556716680524424
2290_CsCaPbF,0.002715253829951969,0.004434204104985184,0.003134727474995991,0.004157447814937321
2292_CsMoTlF,0.0,0.0,0.0005062580134360672,0.0017055511474612928
2293_CsTiRbF,0.014159035682674848,0.0,0.0,0.0
2294_CsCuLuF,0.08399123971660938,0.08604955672937109,0.09437725146671916,0.0839984496434516
2295_CsPHgF,0.24804279029369258,0.27709706624528607,0.22864195302281054,0.22155408308619418
2296_CsNiAgF,0.05242341756820679,0.004374186205000186,0.05152791341499974,0.04877204895019549
2297_CsPdPaF,0.3845068931579618,0.4071436309840095,0.39586208343700235,0.3719629669189475
2298_CsBeSrF,0.2414504468440981,0.21737136840499183,0.24315452575999696,0.2418485641479462
2299_CsLiYbF,0.0466128170490272,0.014884948726663794,0.01905870437500301,0.024084281921386896
2301_CsPdLaF,0.17553620537121972,0.21328490574499703,0.1844269752508314,0.1782436688741038
2302_CsLiLuF,0.01845688521861888,0.0065973917633286305,0.02183685302687355,0.015343189239501065
2303_CsRbIrF,0.005548948049543867,0.0,0.0003057241449999637,0.007250928878782759
2304_CsHgNpF,0.07224170267581886,0.09421386718500457,0.06033837795999997,0.059816497564316506
2305_CsCeHgF,0.055527839064597906,0.10729598998624112,0.05214555264000076,0.05702833533287066
2306_CsSrYbF,0.0044479250907905055,0.12116737365333918,0.16608353853000146,0.0
2307_CsEuTmF,0.0,0.0,0.0,0.0
2308_CsMgRaF,,,,
2309_CsSrHgF,0.01940313577651942,0.027178192135004053,0.020536804210000703,0.018664932250977984
2310_CsRbRuF,0.01672012805938916,0.0,0.01880264282250188,0.012691354751588335
2311_CsCuAuF,0.07166451215745351,0.08646926879666594,0.09588798682667976,0.0700381358464699
2312_CsBeEuF,0.2392170011997239,0.20421371460000337,0.2370069503800014,0.23558006286621236
2314_CsNaFeF,0.004390478134149056,0.0004241943349985178,0.002857971194992537,0.002689361572264737
2315_CsPdUF,0.33964073657989413,0.323114967339972,0.3419347762999996,0.3239594459533679
2316_CsHgPbF,0.0,0.0020271301233769634,0.0,0.0
2317_CsPdBaF,0.10074390172958303,0.07272343635500178,0.10642056464249983,0.09670336246490496
2318_CsRbMoF,0.0,0.0,0.0,0.0
2319_CsSrTmF,0.0,0.0,0.0,0.0
2320_CsYbPbF,0.00939278602599991,0.20855751037627002,0.2007263421950034,0.00036544799804705264
2321_CsGeRaF,,,,
2322_CsCuRaF,,,,
2323_CsTiBaF,0.1380542172325967,0.08647956847999794,0.12808100382111132,0.13338591257731025
2324_CsCaAmF,,,,
2325_CsLiAuF,0.0981738686561604,0.09596595764000782,0.12913455963250176,0.09626579284668058
2326_CsTiMnF,0.39919001973908497,0.12011852264999234,0.3793090031082764,0.38511163119612135
2327_CsHgUF,0.06961734592914581,0.08469543456500261,0.06240098477,0.05942701697349495
2328_CsHgBiF,0.06426818172136972,0.08902168273833766,0.06811656951749967,0.06805311838785766
2329_CsCaSmF,0.15823406679876761,0.06686744690500213,0.15695039033499825,0.15855582952499248
2330_CsZnRaF,,,,
2331_CsTaTlF,0.1861732959747311,0.17222862243999515,0.18646607398999926,0.1968985319137566
2332_CsTmPbF,0.0,0.041914749147501595,0.0,0.008033680915832342
2333_CsAuAuF,0.09560782114664645,0.1121312459299979,0.1305762767899994,0.09585293134053474
2334_CsNbTlF,0.12422461509704519,0.10707511901000188,0.11839356421999714,0.12459819316864085
2335_CsNaNiF,0.0,0.0,0.00258202553437048,0.0
2336_CsNaAsF,0.0,0.007160949704996256,0.0,0.0
2337_CsTiZnF,0.1485978007316584,0.17346735000532298,0.13941619397018368,0.14464479684829712
2339_CsZnPdF,0.07175364643335591,0.035871887208758224,0.0929750919337522,0.0718234777450597
2338_CsPdCeF,0.24585561752319318,0.2232667922912519,0.2516267776500003,0.24075670242309677
2340_CsPdNpF,0.30959610939025417,0.2880029678300069,0.31672344207999714,0.2996144294738725
2341_CsLaHgF,0.1062800665696475,0.16985753376751234,0.10195473432833602,0.10705738564332545
2342_CsNaCoF,0.021610617637626284,0.01940765380497922,0.018349838254992257,0.01678428649901509
2344_CsMnRaF,,,,
2345_CsHgPaF,0.06045238636893746,0.10293826053077737,0.08201788350631123,0.0580147600173877
2346_CsKAuF,0.029892629384996372,0.030830192565007408,0.052458572400001735,0.029207897186280807
2347_CsYbAmF,,,,
2349_CsGePdF,0.338233065605162,0.3189126968299991,0.33146533965999936,0.3342793464660625
2350_CsPdPuF,0.27245905399322545,0.2300851821900025,0.2863008499099955,0.25659799575805753
2351_CsTiGeF,0.3949764490127565,0.4011358261109379,0.3840552806949997,0.3852437019348143
2352_CsPAgF,0.3418619108200067,0.36064401799999857,0.3279027834776356,0.31585110751065226
2353_CsCuPdF,0.056259784102438815,0.04424352646093688,0.07373847960999935,0.046123313903808416
2354_CsLuAuF,0.12729688286781382,0.12771148681584066,0.14333955447583424,0.12731903394063426
2355_CsYbAuF,0.10195871194203576,0.14249649048056057,0.14440665245666473,0.1021373192469266
2356_CsSmYbF,0.19444343550451837,0.1655555725024982,0.3187000791125003,0.15699390172958338
2357_CsCdNdF,0.13560070445140315,0.18054450352499885,0.13420904477583484,0.13629197676976634
2358_CsPFrF,,,,
2359_CsRbTaF,0.17414497077465008,0.15755896567624816,0.1819789886487495,0.17404900789260758
2360_CsEuDyF,0.11739577356426167,0.05097999572334189,0.11298918326500029,0.12678849299748762
2361_CsRbNbF,0.05081708431244003,0.030427442281434125,0.05240752697250173,0.050418090820313566
2363_CsPdPrF,0.18142910599708806,0.20534982681334846,0.19453592300083766,0.18544696172078812
2364_CsMgTiF,0.14155774911244912,0.06947199503333934,0.13083472251916906,0.1327950477600126
2365_CsMgPdF,0.0810966372489963,0.0410924911512609,0.10227952002750307,0.07911114692688326
2366_CsKLuF,0.0,0.0,0.0,0.0
2367_CsScTlF,0.0,0.0,0.0,0.0
2368_CsCrRaF,,,,
2370_CsPdNdF,0.17274804446431968,0.1911764462749943,0.18490001890638652,0.17507191234164488
2371_CsKYbF,0.012718406319618403,0.0,0.0,0.0018014907836922944
2372_CsCuInF,0.05345661044120931,0.04611864089750384,0.06104277371750122,0.05321457386017059
2374_CsSrDyF,0.1262514859780497,0.0549640655483401,0.12661280234500083,0.13061635096867796
2375_CsTmAuF,0.0,0.0,0.0,0.0
2376_CsCrPtF,0.33302596807478935,0.3274431228549677,0.36667206287999043,0.3333724498748687
2377_CsPdAmF,,,,
2378_CsAuTlF,0.09666423996289852,0.09496994018834926,0.10919674237667065,0.10311452547709399
2380_CsPdCmF,,,,
2381_CsNaCuF,0.0,0.0,0.0,0.0
2382_CsLiInF,0.002411081393558945,0.0,0.007239913936665232,0.002329762776692057
2383_CsPdPmF,0.11295872330665446,0.12269830704166118,0.128467893599999,0.11534345149993808
2384_CsErAuF,0.12077002326647612,0.13571260240945549,0.13666010433111353,0.12159821722242814
2385_CsDyPbF,0.18387837409973162,0.19975433350000316,0.1845095396037495,0.19540364742278982
2386_CsSbTlF,0.0390739202499395,0.08760032654000938,0.041675853730000156,0.045816516876221236
2387_CsKTmF,0.0,0.0,0.0,0.0
2389_CsTiCoF,0.521008932590485,0.28051338195999875,0.4884413719200005,0.5089415550231937
2392_CsVCrF,0.16630029082298226,0.05382639566666825,0.1668123880983341,2.7441459655761715
2393_CsNaAlF,0.015554809570312855,0.01817626953000051,0.016997146604995628,0.015928649902343217
2394_CsKTlF,0.0,0.0,0.0,0.0
2395_CsScRbF,0.0,0.0,0.0,0.0
2396_CsMnPtF,,0.31951522826000556,,0.22864966392517516
2397_CsNiPdF,0.15463352203369052,0.05967899958000089,0.15570030212000052,0.13575038909912074
2398_CsPbVacF,0.0,0.0,0.0,0.0
2400_CsBeNpF,0.40333690841992986,0.32925898233825635,0.39580326080674144,0.40047547022501906
2401_CsAgAcF,0.0,0.050128936763321974,0.0,0.0
2402_CsYAuF,0.12357948554886633,0.1334108988483358,0.13793154293222099,0.12517038451300522
2403_CsRbAgF,0.0,0.0,0.0,0.0
2404_CsVRaF,,,,
2405_CsKErF,0.0,0.0,0.0,0.0
2406_CsEuNpF,0.15144828557968193,0.11911265054825648,0.14936243692673834,0.14823764165242448
2407_CsHoAuF,0.12302099532551125,0.13696636624166914,0.13826134470444273,0.12365251647101339
2408_CsPdSmF,0.163759458065031,0.17930078505999347,0.17534856795999687,0.16484106381733898
2409_CsNKF,0.030606123805045904,0.01320068836499999,0.028832340251327526,0.004828929901123047
2410_CsVMnF,0.06480523306747621,0.0,0.07087512838436894,2.632274831574539
2411_CsZnPtF,0.23670101314782865,0.20857191085374183,0.2541016578737474,0.22869951725005855
2412_CsKYF,0.0,0.0,0.0,0.0
2413_CsRbSbF,0.030898702144622092,0.07007713317999809,0.03041944503499927,0.03445310592651296
2414_CsPtRaF,,,,
2415_CsSrNpF,0.15650384426117014,0.13778330484325707,0.15471808115673813,0.14883597691853812
2416_CsRbPdF,0.019898506999018295,0.025773620604987002,0.02701148986499735,0.021341180801388582
2417_CsDyAmF,,,,
2418_CsKHoF,0.0,0.0,0.0,0.0
2419_CsDyAuF,0.12561682793829032,0.1399548848505603,0.1406205230333315,0.1262106948428663
2420_CsPdEuF,0.041072863340375854,0.08195301691541168,0.07401556968749823,0.0377214193344102
2422_CsCuPtF,0.17643053253492091,0.19820346832592506,0.19919569651600444,0.17226654688517673
2423_CsGePtF,0.5451703548431386,0.5842201232799678,0.5539969444300006,0.5389814376831046
2424_CsVZnF,0.06898881276449043,0.04555427233515097,0.07487472534400474,2.5926731705665587
2425_CsCuSbF,0.14891878877367226,0.1652223146878864,0.15079147644785706,0.14646546159471807
2426_CsNAuF,0.4259031429886817,0.3517877340300011,0.4055409193138275,0.42707471847534206
2427_CsCaNdF,0.14695453547883197,0.09173749287988286,0.1452902595166643,0.15309267441431462
2428_CsAgBaF,0.08459856510162123,0.0991397857600056,0.09002952575000212,0.08695774078368856
2429_CsPbNpF,0.25678412914276993,0.25344848633000794,0.2535962581600053,0.2484420299530088
2431_CsPdGdF,0.08744725584983826,0.09440588950500128,0.10333743094500036,0.08877589702606148
2432_CsKDyF,0.0,0.0,0.0,0.0
2433_CsTbAuF,0.1285195820861409,0.14080615573611865,0.1443142943933351,0.1292053593529614
2435_CsMgPtF,0.2388143420219393,0.20852518081624716,0.2619507789674964,0.23408746719360085
2436_CsLiSbF,0.08406599760055578,0.11642532347999612,0.09239120483500063,0.08660659790039205
2437_CsVGeF,0.1578882435957576,0.1754890918712526,0.1549062516961044,2.661925411224365
2438_CsTbVacF,0.07673173922079801,0.03166283501666456,0.0872011626166671,0.08591171547218757
2439_CsBeDyF,0.4765884528214892,0.2739191252597113,0.5057624641482752,0.49056061931039885
2440_CsLiPdF,0.08138145804404662,0.08164770603248606,0.09990789889624452,0.08032647371291635
2441_CsInTlF,0.0,0.0,0.0,0.0
2442_CsCdBaF,0.027792513370513916,0.041851425169999956,0.028667831419999956,0.028180599212646484
2443_CsKTbF,0.0,0.0,0.0,0.0
2444_CsCrMnF,0.10192292266421799,0.052389356822221345,0.09805369907499983,0.0956984837849939
2445_CsScCuF,0.07150721028447204,0.07364109357061999,0.0833320498425012,0.07229399681091309
2447_CsGdAuF,0.0787695745627115,0.09791319105501373,0.09343627824000222,0.08096168835958206
2448_CsLiAgF,0.033559648195895964,3.174437963963671,0.04116191863999674,0.027269109090162225
2449_CsMgVF,0.06225922107696835,0.0,0.07224788665999604,2.262727046012878
2451_CsNdYbF,0.1854259958212392,0.19239400227750636,0.30115829264009264,0.14965811173121146
2450_CsNpAmF,,,,
2452_CsHgAcF,0.10275476574897979,0.17872924803750934,0.09892185927000163,0.10536887347698443
2453_CsLiScF,0.021117880940437317,0.016469001767500657,0.026939487454374245,0.020547199249266512
2454_CsCrZnF,0.11256388425827168,0.10739339722182883,0.10470002492166675,0.10389113956027707
2455_CsPdDyF,0.1415054857730853,0.15217103957916223,0.15441241264124894,0.1422726392745961
2456_CsEuAuF,0.07516858511500768,0.11188261244388897,0.10224471092999998,0.07529215812682999
2457_CsKGdF,0.0,0.0,0.0,0.0
2459_CsRbInF,0.0,0.0,0.0,0.0
2460_CsSmNpF,0.3601114630699147,0.19962437947651068,0.342489751183475,0.3568251927693673
2462_CsCrGeF,0.233988261222839,0.22919278145124622,0.22621841430999812,0.22933368682861222
2464_CsPdHoF,0.13864085674285764,0.14682925542249592,0.15187563896249845,0.1393443822860707
2465_CsKEuF,0.0,0.0,0.0,0.0
2466_CsCuNbF,0.3356221914291364,0.2896707534699967,0.3409091710999981,0.33766541481017853
2467_CsCuTaF,0.26684921979904264,0.3704721450800008,0.26700780392000034,0.27382874488830655
2468_CsMnZnF,0.025171686543361105,0.013027604422083172,0.02374899122500551,
2469_CsYPdF,0.13828113675117404,0.14490022658624646,0.15209231376749877,0.14098689556121702
2470_CsNiPtF,0.3332565069198603,0.23631426493499852,0.3366756439299996,0.3118902206420904
2471_CsSmAuF,0.13977257212003025,0.16242650350000432,0.15371464093333298,0.13931528197394272
2472_CsVCoF,0.2638693928718583,0.09345035552500747,0.2396819114699973,2.85606050491333
2474_CsMgCrF,0.12505227327346713,0.08523801167333467,0.12338975270666541,0.12233448028564364
2475_CsAlFrF,,,,
2476_CsBeTmF,0.33013481895128827,0.16257044474833293,0.35847043991500005,0.3470638910929358
2478_CsLiTaF,0.1847465123732892,0.1576548576350021,0.1964906692537518,0.1892442941665653
2479_CsMnGeF,0.12712366498750072,0.1273498853058328,0.12527343486827824,0.12067109469709969
2480_CsLiNbF,0.10996221005916773,0.08591431208393807,0.11899144648875293,0.10821900367737047
2482_CsKSmF,0.0,0.003355407714996872,0.0,0.0
2483_CsPmAuF,0.1011691629886613,0.12059656780055761,0.11671343379444288,0.10273877779642682
2484_CsCuFrF,,,,
2485_CsTiRaF,,,,
2486_CsAuCmF,,,,
2487_CsPdRaF,,,,
2488_CsPdTlF,0.04009324312209728,0.022194767000002003,0.03805704116999653,0.034814500808711735
2489_CsAuAmF,,,,
2490_CsZnGeF,0.08778907209634657,0.1330308914212477,0.08978188038124912,0.08492810726165612
2491_CsBeYbF,0.2343085348606051,0.27774568755058127,0.5217737592513769,0.24541034698486452
2492_CsBeHgF,0.22070994973182678,0.19552764891998997,0.22215576172250007,0.22082805633544833
2493_CsMgMnF,0.028227063020076493,0.016736062364577364,0.026679881412495554,0.02580833435059393
2494_CsCuZnF,0.07870265543460775,0.06817828814145876,0.07639220555333281,0.07014584541320712
2495_CsPdTmF,0.0,0.00441827774501391,0.0,0.0
2496_CsKPmF,0.0,0.0,0.0,0.0
2497_CsSrEuF,0.0005655169487024381,0.010369873044998812,0.0,0.0025816917419456686
2498_CsCaBaF,0.03557188510894438,0.046785354619990116,0.03535423278999783,0.036230087280269885
2499_CsKCmF,,,,
2500_CsNdAuF,0.14383482513604218,0.17390848795500347,0.15888188856740548,0.14474981272662113
2501_CsCrCoF,0.2264871835708684,0.13857288360251907,0.2006368160225085,0.20820269584656614
2502_CsKAmF,,,,
2503_CsBHgF,0.45459583401679904,0.4409858703624874,0.4559346079874995,0.46336819827556575
2504_CsNaPF,0.23100191593170027,0.221288553870572,0.18156202226562268,0.1767756471179771
2505_CsMgZnF,0.05549509127934993,0.04386259714583751,0.05699720383166795,0.053799184163413116
2506_CsCuMoF,0.12923166751861448,0.1383813858099927,0.14346921443000138,0.12549653053283905
2507_CsCuGeF,0.2997283220291127,0.3168001174900006,0.30352284907999927,0.29610123634338237
2509_CsPdYbF,0.052588069438938234,0.16269006729292812,0.17116441726250464,0.05245099067688397
2510_CsAgThF,0.2554772814114896,0.36258869171115293,0.2795627594016681,0.2759500980377201
2511_CsEuPbF,0.0,0.004556274414987627,0.0008224487249997026,0.0007038116455078125
2513_CsPrAuF,0.14914628068606195,0.18789571126334437,0.16399016380833498,0.15290385882059887
2514_CsLuTlF,0.0,0.0,0.0,0.0
2516_CsKNdF,0.0,0.015890502929998718,0.0,0.0
2517_CsPdLuF,0.14427130371332897,0.13142356872904415,0.15810961723531847,0.14376165866852464
2518_CsBeCaF,0.2481588184833523,0.22804565430000068,0.2501934051499992,0.249247360229492
2519_CsMgCuF,0.09353115955988667,0.08569598198187656,0.0938262542079169,0.08936354319254569
2520_CsMgGeF,0.09522907733916952,0.14091720580374556,0.09927513599499793,0.09405865669250169
2521_CsCuRuF,0.16467137336731064,0.1129487991384277,0.18159902095000202,0.15150780677795606
2522_CsLiMoF,0.04330646842718355,0.0018456141199738596,0.05361628532468998,0.04096150398254661
2523_CsCuIrF,0.16523734033107473,0.14611797332092635,0.1689548969299972,0.15754752159118368
2524_CsYbTlF,0.07445414066314626,0.0,0.0,0.0679946899414059
2525_CsMnCoF,0.05789631009101992,0.019710795083334176,0.037770986552501995,0.03799495697021804
2526_CsRbAuF,0.04346380233764746,0.04743003845500482,0.06225290299000097,0.04079227447509881
2527_CsBaYbF,0.04231452941894531,0.13009325662666882,0.1573001980700015,0.031231784820556108
2528_CsKPrF,0.00084221959114128,0.02510223388499888,0.0003730774000008097,0.003133964538573508
2529_CsAuPuF,0.29508146047592376,0.2960395813000041,0.3035769701000026,0.2886616945266738
2530_CsSrPbF,0.006627571582794367,0.01700897217000019,0.005871200565000123,0.007558345794676846
2531_CsBaHgF,0.051601564884186324,0.06513862609000398,0.05254478454000111,0.05028781890869194
2532_CsMnFeF,0.06880490647421844,0.031642332529390416,0.05719363954124912,0.0634791056315045
2533_CsTiCuF,0.32978975772857755,0.2739381790200053,0.336107230189997,0.32773957252502584
2534_CsPdAuF,0.13723241090774607,0.15331573486999517,0.17346298694000017,0.13414547443389946
2535_CsMnNiF,0.12777795791626012,0.028881835940000045,0.10695800781000031,0.11515941619873082
2536_CsLiIrF,0.08508975803852437,0.04751001993332871,0.08595664501125366,0.08180866241455398
2537_CsZrVacF,0.019993808534407798,0.03804185655554981,0.02253341675555287,0.02483664618597814
2538_CsLiRuF,0.09560204446315979,0.057192611696258666,0.1074378013587527,0.08615159988403676
2539_CsCoFrF,,,,
2540_CsCoZnF,0.058273287614187375,0.036501015556666516,0.04737486839375826,0.04560249116685622
2542_CsBaTmF,0.10262318356283728,0.06632976531000523,0.0957651257449994,0.10633920431137156
2543_CsCeAuF,0.27559658288955724,0.2864898681712553,0.2908267259600006,0.2727246522903446
2544_CsAsFrF,,,,
2546_CsKPuF,0.0,0.0,0.0,0.0
2545_CsNiFrF,,,,
2547_CsEuAmF,,,,
2548_CsTmTlF,0.0,0.0,0.0,0.0
2549_CsRbLuF,0.0,0.0,0.0,0.0
2550_CsCuRhF,0.0605988830327977,0.0582440493421057,0.07022757529999968,0.054350113868712135
2551_CsFeZnF,0.092684961500626,0.04239907037962709,0.07679996036631298,0.08198016938709429
2553_CsLiTiF,0.043198604053910294,0.03107376098374992,0.04837697347054526,0.04439318974811801
2554_CsNiZnF,0.06563843488693166,0.04504334131875254,0.05573099984166596,0.05508047739664601
2555_CsRbYbF,0.05197058022022194,0.0,0.0,0.0437557220458995
2556_CsCoGeF,0.3499718546867383,0.19930915832000196,0.3200873374900013,0.33686056137084996
2557_CsCoCuF,0.0979844580094067,0.06607820298399503,0.07977363586200159,0.06887980990940079
2558_CsKNpF,0.0,0.0,0.0,0.0
2559_CsSmEuF,0.12425733311423137,0.07005348205500184,0.12158776521000103,0.12808676163355592
2560_CsErTlF,0.0,0.0,0.0,0.0
2561_CsNdNpF,0.35213597085740656,0.2232218424415109,0.34082518683458574,0.3481995688544375
2562_CsSrAmF,,,,
2563_CsKCeF,0.0,0.0,0.0,0.0
2564_CsLiRhF,0.02663564284641673,0.0015503565499734862,0.032318067546658114,0.024240136146537417
2565_CsFeGeF,0.31873977184295477,0.15883936728079462,0.30638074874749854,0.31325988769531055
2566_CsAuUF,0.2513012170791624,0.3165809631300114,0.2587603807500001,0.24848721027374232
2567_CsNiCuF,0.09899724721908587,0.07592654758466999,0.08734386868466615,0.08597350120544345
2568_CsBAgF,0.38035496075947783,0.3438514709483176,0.3826047897308289,0.3797307332356734
2569_CsHfVacF,0.015392038557261678,0.03563266329998882,0.02041117349999766,0.020134396023217427
2570_CsNiGeF,0.45173068046569753,0.20300817488999812,0.4199985504099999,0.43722820281982333
2571_CsFeFrF,,,,
2572_CsMgCoF,0.05688935518264859,0.04560874303125928,0.05489072800166728,0.05138842264811849
2573_CsHgThF,0.07705018421014209,0.15781631469614865,0.07886292935166672,0.08043751120567322
2574_CsPbAmF,,,,
2575_CsYTlF,0.0,0.0,0.0,0.0
2576_CsAuBiF,0.10853644145859853,0.1219088236494521,0.12601459821000205,0.11071768336826171
2577_CsSrSmF,0.12813186152228173,0.07583351135000171,0.1309423565800012,0.13331156174341974
2578_CsRbTmF,0.0,0.0,0.0,0.0
2579_CsMgFeF,0.09487172932852328,0.04794343312833149,0.08214533215297948,0.08751204354422715
2580_CsHoTlF,0.0,0.0,0.0,0.0
2581_CsLaAuF,0.14204909205436778,0.19373423258501177,0.155070257198334,0.1451272169748954
2583_CsRbTlF,0.0,0.0,0.0,0.0
2584_CsMgNiF,0.06157622734705548,0.051674620311251473,0.05985339483166818,0.06014480590820348
2586_CsRbErF,0.0,0.0,0.0,0.0
2585_CsVCuF,0.14343550205230837,0.13424625396498335,0.14195363521000193,2.733964204788208
2587_CsSmPbF,0.19400348067284057,0.21624031066250282,0.19889323710500495,0.20875413417816535
2588_CsAuPaF,0.2323140120506313,0.31470275878801246,0.24563183784600184,0.24115235328674522
2589_CsKBiF,0.0,0.0,0.0,0.0
2590_CsKLaF,0.0,0.034912109375001776,0.0,0.0
2591_CsDyTlF,0.0,0.0,0.0,0.0
2592_CsMnFrF,,,,
2593_CsCrFrF,,,,
2594_CsBeCdF,0.23839780688285828,0.21683044434000287,0.23592491149249994,0.23865108489990217
2595_CsLiVF,0.03299170434474874,0.02859344482496695,0.03153795514713842,2.391096913814545
2596_CsAgRaF,,,,
2597_CsRbYF,0.0,0.0,0.0,0.0
2598_CsBaDyF,0.10873865190593968,0.06866607665334357,0.10908312399500275,0.11588112910588855
2599_CsKPaF,0.04251060485839986,0.03221969604500785,0.043223285680001666,0.04731383323669469
2600_CsGaFrF,,,,
2601_CsRbHoF,0.0,0.0,0.0,0.0
2602_CsFeCoF,0.13942584395408986,0.06348997752250618,0.10289492607000206,0.11643811861674269
2603_CsTbTlF,0.0,0.0,0.0,0.0
2604_CsPdInF,0.10728580951690514,0.08433127403249685,0.12074751853499865,0.10734412670135463
2605_CsCuGaF,0.09899878948927654,0.09352604547880361,0.10785160462334087,0.09913539886475409
2606_CsBeAgF,0.27835434675216497,0.2678237915049948,0.28745727539749755,0.2742309570312482
2607_CsCoNiF,0.0706941175460809,0.053921508789972705,0.059387334190000196,0.06491460800170934
2608_CsCrCuF,0.07548912167548583,0.07541780471751203,0.08489493131999737,0.06946098804474499
2610_CsCdRaF,,,,
2612_CsRbDyF,0.0,0.0,0.0,0.0
2613_CsMnCuF,0.04473341873713821,0.05141925811000014,0.04915247303499992,0.032528829574581586
2614_CsLiGaF,0.05709292888641304,0.05403900145999785,0.06260681153000025,0.056610107421875
2615_CsSnVacF,0.004999584621853792,0.020780775277779995,0.0063035752999995864,0.009996626112195983
2616_CsGdTlF,0.0,0.0,0.0,0.0
2617_CsLiCrF,0.049126267433166504,0.054219818110018636,0.05564804076999952,0.04829368591308647
2618_CsVFrF,,,,
2619_CsLiMnF,0.09670796394348447,0.08216857909999753,0.09841003418000316,0.08646507263183967
2620_CsRbTbF,0.0,0.0,0.0,0.0
2622_CsEuTlF,0.0,0.0,0.0,0.0
2624_CsNbVacF,0.02369946903652398,0.033184475366661914,0.01908238728888545,0.020425584581160727
2625_CsTaVacF,0.0,0.0,0.0,0.0
2626_CsLiFeF,0.04502018690109555,0.037746429444997176,0.042960739132503534,0.039796829223636365
2627_CsSmTlF,0.0,0.012762832634990673,0.0,0.0
2628_CsRbGdF,0.0,0.0,0.0,0.0
2629_CsNdEuF,0.11977473269020855,0.09259351094000223,0.11718348529111555,0.12442465225856036
2630_CsCuAsF,0.12202030420303078,0.14662523268999372,0.1305921435299977,0.11778767108916988
2631_CsPdSbF,0.23083533644676102,0.24536952971999426,0.23503227233249913,0.2316159725189193
2632_CsNHgF,0.32662231475114734,0.3082427501600016,0.3186639308913284,0.30683879852294993
2633_CsPdPdF,0.07388474941253431,0.04774036406999471,0.10299243925999768,0.062264347076413706
2634_CsRhFrF,,,,
2636_CsRbEuF,0.0,0.0,0.0,0.0
2637_CsSrNdF,0.12205416927849377,0.09796002705500229,0.12283553150111182,0.1296820468372788
2638_CsTiFrF,,,,
2639_CsPmTlF,0.0,0.0,0.0,0.0
2640_CsTlCmF,,,,
2641_CsLiNiF,0.0686752162873665,0.07554812430998048,0.07763147353843003,0.05682924058703076
2642_CsLiAsF,0.05552703738212639,0.07832603454999543,0.07108268738250079,0.05694599151611168
2645_CsTlAmF,,,,
2647_CsScPdF,0.1279563412070326,0.1122936725612611,0.14404764175156703,0.13072264194489147
2646_CsLiCoF,0.05885798335075787,0.04006835937551401,0.05634876251250187,0.04401412963867379
2648_CsRbSmF,0.0,0.0003532409616671117,0.0,0.0
2649_CsIrFrF,,,,
2650_CsNdPbF,0.1925175031026196,0.2329789479575055,0.20177613099083302,0.21322127183278372
2651_CsCaRaF,,,,
2652_CsRuFrF,,,,
2653_CsNdTlF,0.0,0.02452252704999225,0.0,0.0
2655_CsMoFrF,,,,
2656_CsPrTlF,0.0,0.038468551628330516,0.0,0.00021594365437760388
2657_CsRbCmF,,,,
2658_CsRbPmF,0.0,0.0,0.0,0.0
2659_CsAuAcF,0.13888851205508068,0.20236790974501062,0.15205721856000132,0.1453960259755469
2660_CsWVacF,0.0,0.0,0.015742407904599354,0.0
2662_CsYbRaF,,,,
2661_CsRbAmF,,,,
2663_CsHgRaF,,,,
2664_CsNdAmF,,,,
2665_CsKAcF,0.0,0.018202781669998558,0.0,0.0
2666_CsTlPuF,0.00513906478882209,0.0030986785799989036,0.0003092289000026227,0.002725863456729094
2667_CsNAgF,0.4263536691665668,0.4488758087100013,0.4436592102063277,0.4013359069824216
2668_CsCuCuF,0.0640613257884981,0.06653251648187286,0.06389293671000029,0.054336833953857244
2669_CsBeTiF,0.39556197722752895,0.28972015380501226,0.3698341369641662,0.37840738296508736
2670_CsBePdF,0.3161114692687965,0.2647065162600022,0.343647480012498,0.3078285694122309
2671_CsPdTaF,0.3241866350173961,0.30340518952000295,0.29996967316000056,0.3277020454406747
2672_CsNbPdF,0.3602897167205805,0.34061527251999557,0.3486265182399979,0.34838304519653196
2673_CsRbNdF,0.0,0.032887268065000086,0.0,0.0039007186889650214
2674_CsAlCuF,0.10959882239500995,0.11516160965124556,0.12012587520646267,0.10909104612138787
2675_CsCeTlF,0.0,0.006074142454995268,0.0,0.0
2677_CsTlNpF,0.07279889583588517,0.05361900329000591,0.06693863868999994,0.06266086101532053
2678_CsTmRaF,,,,
2679_CsRbPrF,0.009861832857132491,0.044443511962498405,0.010317230227499863,0.014820671081543502
2680_CsLiCuF,0.05254105329513603,0.04339116414000266,0.0585761070225006,0.045443916320801137
2681_CsMoVacF,0.0,0.0,0.0,0.0
2682_CsLiAlF,0.07971217632293648,0.08151397705000107,0.08667488097999954,0.07903442382812464
2683_CsNbFrF,,,,
2684_CsRbPuF,0.0,0.0,0.0,0.0
2685_CsBaEuF,0.029642558097842553,0.04318351745000015,0.03017845153000298,0.03585596084595011
2686_CsTaFrF,,,,
2687_CsTcVacF,0.0,0.013912624788890326,0.0017424689333331855,0.0031123691134986586
2688_CsBNaF,0.3671837568283083,0.33413238525499445,0.36618022919749915,0.3679609298706037
2689_CsTlUF,0.14818463325500186,0.1339305877600303,0.14580712317999733,0.1460097074508644
2690_CsRbCeF,0.0,0.018640136719998424,0.0,0.0
2691_CsSrBaF,0.03692654371261739,0.06091270446500374,0.03701171875000053,0.038617706298829546
2692_CsTlBiF,0.0,0.0,0.0,0.0
2693_CsRbNpF,0.0,0.0,0.0,0.0
2694_CsMoPdF,0.24011602401733256,0.24211826325000274,0.24619693755999972,0.2336628913879375
2695_CsLaTlF,0.0,0.04714063007999769,0.0,0.0
2696_CsBaPbF,0.03870477676391548,0.053623580934996085,0.038032150264998954,0.04065866470336843
2697_CsTlPaF,0.17785716056823553,0.19053611754999267,0.17191262244999717,0.185970950126646
2698_CsRuPdF,0.25641055107116895,0.22157382964999606,0.2706556320200013,0.24287729263305824
2699_CsPdIrF,0.23307147026062047,0.1802774429299987,0.23074741362999873,0.22359476089477415
2700_CsScFrF,,,,
2702_CsAgFrF,,,,
2703_CsRbBiF,0.0,0.0,0.0,0.0
2704_CsDyRaF,,,,
2705_CsOsVacF,0.0,0.0,0.0,0.0
2706_CsTiPdF,0.33497347831725754,0.29837741851997635,0.3212423324599998,0.3171483039855918
2707_CsReVacF,0.0011100239223900132,0.016908433711108728,0.004553476966666636,0.005916595458984375
2708_CsRbLaF,0.005086106061936491,0.05404281616250195,0.0037029266424992713,0.008142280578613104
2709_CsRhPdF,0.1460486888885475,0.10143451689999416,0.15823879240999794,0.1337567329406717
2710_CsIrVacF,0.0,0.008356730144438274,0.0,0.0
2711_CsPtVacF,8.106231689453125e-06,0.0,0.0,0.0
2712_CsBePtF,0.46956596374511594,0.4292507171649973,0.5022788524624984,0.45842409133910955
2714_CsPdFrF,,,,
2715_CsSbFrF,,,,
2717_CsBeVF,0.32439545591672747,0.26233005523999964,0.32573877970167153,2.545191085338592
2718_CsRuVacF,0.0,0.0,0.0,0.0
2719_CsBaSmF,0.11467931969412604,0.09508666991500192,0.1196352124100013,0.12207365433375195
2720_CsPdVacF,1.2503729926116591e-05,0.0,0.0,0.0
2722_CsAuThF,0.31841179927189955,0.41231842041114675,0.3331637621016652,0.3237453699111912
2723_CsRaNpF,,,,
2724_CsKThF,0.06633442428898828,0.1318742752027866,0.08886953592571434,0.07975648880005082
2725_CsBeCrF,0.3640638530254412,0.31259833442001117,0.3585325029216717,0.3580742094251903
2727_CsTiSrBr,0.04866158962249845,0.0327178955075027,0.0500301361075004,0.05287494659423908
2728_CsAuHgBr,0.06173315706352467,0.054666392009995235,0.06594861348416758,0.06171541213989373
2729_CsAgErBr,0.005107393860818377,0.0,0.007236182695001592,0.0056959271430985225
2730_CsNiBaBr,0.06943581402301824,0.07174453735500208,0.06639189719625094,0.06952564716339138
2731_CsSrPdBr,0.07921448945999154,0.05766143798251022,0.07823629379249919,0.0841056823730475
2732_CsTiAuBr,0.19589307308197057,0.1975517273000058,0.20311844348999974,0.1998540163040161
2733_CsMnNdBr,0.1563813771667144,0.1075072288499932,0.16528917181163783,0.15515168370871635
2734_CsFeBaBr,0.08594069778919078,0.06658954620250768,0.08028611455107004,0.08902480602264307
2735_CsKRhBr,0.008415079116821822,0.0,0.00918598173999996,0.008925342559814364
2736_CsNaUBr,0.0019279837608356942,0.0,0.006485748290002036,0.006662797927857511
2737_CsAgTlBr,0.0,0.0,0.0,0.0
2738_CsRhAuBr,0.08061442375183026,0.07036209107250002,0.09418288468749969,0.0834580302238459
2739_CsAlTlBr,0.0517058789730056,0.044659423827489775,0.057046985632499325,0.055109739303587535
2740_CsCoBaBr,0.0953321278095256,0.09126052856250055,0.0905744552575003,0.09009923934936603
2741_CsNaBiBr,0.0007464170455953045,0.0,0.001052713395002236,0.0020375490188611067
2742_CsYAgBr,0.004532417654993015,0.0,0.005021178725001629,0.004634487628938366
2744_CsKTiBr,0.0,0.0,0.0,0.0
2745_CsTiPbBr,0.0711467266082737,0.0467117309549927,0.06999182700999729,0.06977763175964036
2746_CsIrAuBr,0.1215401768684381,0.11724166870999042,0.13133826256499903,0.12664051055908176
2747_CsPdPbBr,0.042336286107697685,0.041954040520007396,0.04744243622166566,0.04548168182372869
2748_CsRuAuBr,0.12513685226440296,0.12171401976999263,0.13511688709999836,0.12402184009551842
2749_CsTmYbBr,0.0967117627461751,0.0035003662099981625,0.14881846109666608,0.0655116875966395
2750_CsAgHoBr,0.0049401193857172565,0.0,0.006824576852498154,0.005194485187528297
2751_CsLuHgBr,0.01598711218685045,0.006288146976242359,0.014853274826251539,0.016200277209283076
2752_CsNaLaBr,0.008029991388320834,0.012928390504995946,0.006187152865001266,0.007222366333008878
2753_CsCaTmBr,0.08478103478749599,0.012652587889999012,0.08092044193833337,0.0788596471150722
2754_CsTiEuBr,0.04639315605163663,0.024781799317501907,0.04754161835000126,0.04627017974853587
2755_CsZnNdBr,0.11906670629978189,0.13748822212015455,0.11768420934373491,0.11436555981636065
2756_CsNaNpBr,0.0,0.0,0.0,0.0
2757_CsAgTmBr,0.0,0.0,0.0,0.0
2758_CsNaCeBr,0.0,0.0,0.0,0.0
2759_CsCrNdBr,0.10951219797134382,0.049808502194998994,0.11890168189416617,0.1101894776026402
2760_CsAlRbBr,0.06289965510368223,0.05238780975750856,0.06524057388249904,0.06470804214477432
2761_CsYbHgBr,0.04126815857986488,0.051730346681239325,0.05750216245125106,0.03697128295898322
2762_CsKRuBr,0.04231663346290704,0.023215293881257537,0.04711956977500131,0.04658663272857755
2763_CsNaPaBr,0.09295165538788241,0.07457294464500563,0.08651680946000173,0.08449766635894873
2764_CsMoAuBr,0.14534645080566433,0.14899978638000633,0.16749527454000024,0.14710628986358687
2765_CsKIrBr,0.029611593484879517,0.012895584105010016,0.03227388859000113,0.028513407707215777
2766_CsCuRbBr,0.09792224019765783,0.0799669265775016,0.09569978714249938,0.09770398139953551
2767_CsAgDyBr,0.0,0.0,0.0,0.0
2768_CsCaHgBr,0.0397076076517493,0.025773111974999097,0.03910840351916578,0.04146709442138574
2769_CsSmPtBr,0.2098751485347745,0.1987672805749945,0.21141436099749944,0.20929105281829807
2770_CsCdDyBr,0.04658592864871114,0.03209085464498074,0.04422812461500136,0.04361039400100841
2771_CsNaPuBr,0.0,0.0,0.0,0.0
2772_CsCaYbBr,0.0012912750244140625,0.0,0.0493612925216671,0.0014949798583985263
2774_CsGeNdBr,0.18137284517288244,0.1940962791475016,0.17214157581250067,0.17872040271759104
2773_CsKVBr,0.0,0.0,0.0,0.0
2776_CsCaDyBr,0.06665892601013201,0.012513732905002684,0.06984103521000096,0.06715550422668493
2775_CsAgYbBr,0.06031177043915248,0.0,0.0,0.04797153472900817
2777_CsTiAmBr,,,,
2778_CsBFrBr,,,,
2779_CsMgBaBr,0.04600923359394038,0.05317230224999747,0.046414041521249505,0.04520866870880047
2780_CsKMoBr,0.036118476092814156,0.005927276619978272,0.03613271712675736,0.03395659128824802
2781_CsTmHgBr,0.020000501535834214,0.005442810056241143,0.01832312345125109,0.019494840502740196
2782_CsAgLuBr,0.0,0.0,0.0,0.0
2783_CsVAuBr,0.12080340385437038,0.10826644898000737,0.13095886707000082,0.11690571308136022
2784_CsPtAmBr,,,,
2785_CsNaPrBr,0.0,0.0,0.0,0.0
2786_CsVSmBr,0.15891349315643355,0.09858598709500299,0.16831259727250103,0.16230695247650173
2787_CsMgNdBr,0.10261396765708897,0.07239077532869942,0.0991267383100003,0.10222665071487391
2788_CsAgTbBr,0.0037040680646880375,0.0,0.004823386669998264,0.0039024472236612873
2789_CsHgTlBr,0.026069695626697253,0.025573094685888975,0.03183600107905704,0.025946378707887074
2790_CsCoTlBr,0.019536261260509225,0.054859924314985875,0.023833084107499847,0.017124462127684925
2791_CsNaNdBr,0.0,0.0,0.0,0.0
2792_CsNiTlBr,0.013958169519902697,0.04726181029595011,0.021712207790685056,0.018128824234009855
2793_CsVNdBr,0.16427521705627468,0.1221684455900025,0.17472167015250006,0.16789090633392378
2794_CsErHgBr,0.08486646367236839,0.09784393310377482,0.08327093720312417,0.08437331765889988
2795_CsCuBaBr,0.0869847744703236,0.09052009582746479,0.08833904266374404,0.09052491188048695
2796_CsGeBaBr,0.052462616562843234,0.07081375122500333,0.053026914601249864,0.053366780281066895
2797_CsTiSmBr,0.11668206652005564,0.04971618652750465,0.1258060932116667,0.1181848287582401
2798_CsAsTlBr,0.0,0.0,0.0,0.0
2799_CsAgAuBr,0.023049139976501376,0.017485809334999658,0.02692356110000027,0.022667598724365412
2800_CsVAmBr,,,,
2801_CsKGaBr,0.07633548378944477,0.060147857674994754,0.07833395003750088,0.07879977226257395
2802_CsKCrBr,0.022588098049168615,0.012738800055021926,0.02495818138250483,0.025004601478581634
2803_CsNaAmBr,,,,
2804_CsAgGdBr,0.0,0.0,0.0,0.0
2805_CsKMnBr,0.013660903275015457,0.011802673341261283,0.014972782135002749,0.011867856979372426
2806_CsNbAuBr,0.22038290500640922,0.22527999878001026,0.23287041188000002,0.21813328266143817
2808_CsZnBaBr,0.1030133783817293,0.10782241820999872,0.1025260925322855,0.100761127471924
2809_CsNdPtBr,0.21796304583549464,0.21076679228999495,0.21905062198749947,0.21625096797943089
2810_CsTaAuBr,0.2610090732574468,0.27927017211997196,0.2517199754699999,0.2576642274856571
2811_CsYHgBr,0.0859209205023932,0.09894714355127476,0.08317461610312415,0.08442958444356741
2812_CsPCuF,0.42504834651946943,0.4262143135062484,0.4023813319204992,0.38968564510345427
2813_CsTiVacF,0.0,0.0,0.0,0.0
2814_CsGaPdF,0.14868538379669172,0.1276831467983346,0.16645795503833316,0.14931342601776088
2815_CsHoHgBr,0.08610781086608643,0.09700317382877444,0.0832179129106243,0.08420184701680977
2816_CsGaAuBr,0.14130249619484037,0.1359199523925021,0.14687138795500054,0.14057000875473102
2817_CsNaCmBr,,,,
2818_CsPtPbBr,0.12541032433509702,0.1323680877700042,0.1339146137199987,0.12178497314452974
2819_CsNaPmBr,0.0,0.0,0.0,0.0
2820_CsInHgBr,0.004311819622912161,0.0036677042604225107,0.009570415813383804,0.004756895701089281
2823_CsCrAuBr,0.10628312826156527,0.11294631958249823,0.12332979440999914,0.10716668367385784
2821_CsCoNdBr,0.1227226793766043,0.07676868438251461,0.11909222603125214,0.11833667755127175
2824_CsFeNdBr,0.15481078028678885,0.10903759002124502,0.14430894851124876,0.15028128623962456
2825_CsAgEuBr,0.0,0.0,0.0,0.0
2826_CsCoRbBr,0.041421650350094374,0.06407308578749848,0.04046020507812509,0.03821713924407977
2827_CsFeTlBr,0.0549474060535422,0.025393676749999372,0.0497616767900011,0.04654765129089222
2828_CsMnAuBr,0.05115388631820661,0.06452713012999922,0.06264133453000031,0.05805616378784206
2829_CsKNbBr,0.05593794107437322,0.03680750529584742,0.058172225947424216,0.055167579650880594
2830_CsNiRbBr,0.054766647517681566,0.0718603134150051,0.05925755500500074,0.055506825447082964
2832_CsKTaBr,0.10978052086300183,0.09411636352799846,0.11361187828208186,0.11027542750040453
2833_CsMnBaBr,0.055777841806409434,0.06020736694125617,0.05780277252000099,0.054892826080322976
2834_CsAsRbBr,0.0,0.0,0.0,0.0
2836_CsVPbBr,0.0457813680171979,0.039176940919979586,0.041949653620001026,0.040740585327149414
2837_CsNiNdBr,0.09780212044715908,0.08542704582000127,0.10566658973750087,0.09846293926239102
2838_CsCdTmBr,0.042408039420843924,0.02266550064497963,0.03953413962500063,0.03905774354934799
2839_CsSrPtBr,0.17653148174285826,0.15938682556249262,0.18106465339249977,0.1783971786499019
2840_CsDyHgBr,0.025318505428732596,0.013615417486260384,0.02350577116125141,0.023888036608697316
2841_CsCuThBr,0.3150764226913467,0.3517679214500049,0.326892447470001,0.3196150302886971
2842_CsNaSmBr,0.0,0.0,0.0,0.0
2843_CsKFeBr,0.0670303642749781,0.02989120484000196,0.06405382156000039,0.057175397872923917
2844_CsCrAmBr,,,,
2845_CsAgSmBr,0.0,0.0,0.0,0.0
2846_CsCdHgBr,0.039951572443048367,0.02886606851999929,0.042199611664997416,0.04236240386962864
2847_CsEuPtBr,0.14306759834289462,0.12761039733249646,0.1491270542149996,0.15256786346435458
2848_CsVSrBr,0.0393621563911446,0.03408660889250115,0.04334392547250099,0.037503433227539684
2849_CsCdYbBr,0.02129900753498326,0.043281650549999995,0.0732488155350004,0.015443992614748492
2850_CsMnSmBr,0.1510063018264436,0.08106679916499715,0.15985513555163777,0.15081818761496635
2851_CsMnTlBr,0.00013626515865405864,0.015812683100946856,0.001082515723222599,0.0011183261871345884
2852_CsLiThBr,0.11656329035759105,0.11402397156249577,0.11543216705500114,0.12027637958526727
2853_CsTbHgBr,0.0854446197859926,0.09713897704876828,0.08259897827812424,0.08344634622335301
2855_CsInFrF,,,,
2856_CsNaEuBr,0.0,0.0,0.0,0.0
2857_CsScAuBr,0.10688465833663852,0.10338973998749168,0.11198030710000229,0.1052484631538384
2859_CsCrTlBr,0.016870367527008323,0.01430358886498695,0.020757818222500557,0.018061089515686746
2860_CsCrBaBr,0.08835031092166856,0.06739959716496813,0.09140486716958307,0.08743520577748543
2861_CsFeRbBr,0.07711115479469166,0.0456708908100012,0.07536535263000088,0.06826715469360245
2862_CsYbNpBr,0.09561432003974879,0.10285110473492409,0.2357472737634767,0.0779002666473394
2863_CsCdEuBr,0.014238664507863596,0.012527465817512962,0.015588569639997552,0.016252899169919566
2864_CsGaTlBr,0.06532319188118052,0.057055664055006616,0.06980447768750064,0.06780829429626589
2865_CsSrAgBr,0.07351063489913923,0.07801055908249666,0.07042808533249989,0.07472381591796884
2866_CsAgPmBr,0.0,0.0,0.0,0.0
2867_CsAgCmBr,,,,
2868_CsVEuBr,0.031832611560822066,0.03237762451250248,0.04194335937500071,0.03322906494140643
2869_CsZnSmBr,0.10819415748119354,0.12244153022516002,0.10725711584373476,0.10595720410346976
2870_CsKNiBr,0.0470686361193664,0.05864868164500692,0.05094990729500104,0.04776418209075972
2871_CsNFrBr,,,,
2872_CsKAsBr,0.0,0.0,0.0,0.0
2873_CsPRbBr,0.0802002564072608,0.05002346038499894,0.05476055144750003,0.052541494369506836
2874_CsMnAmBr,,,,
2875_CsTiNpBr,0.08912424246469897,0.0957717895475021,0.11555480957333408,0.09663028717041211
2876_CsNaGdBr,0.0,0.0,0.0,0.0
2877_CsKCoBr,0.032668180763721466,0.049929618834372747,0.030359125132500164,0.028118705749511808
2878_CsKScBr,0.01052380800247299,0.0040534973200152535,0.008591604232501382,0.009635376930237527
2880_CsAgAmBr,,,,
2881_CsCrPbBr,0.045087760686874034,0.012521362299985128,0.04917640686333469,0.04820168813069747
2882_CsGdHgBr,0.044490455649794924,0.04818878174123853,0.04658945798625247,0.0502195566892647
2883_CsSbAuBr,0.06743896007537753,0.07096176147749489,0.07118135690249927,0.06793538331985394
2884_CsSrCdBr,0.02484895139932597,0.021670532227510364,0.025649356842499582,0.02574157714843528
2885_CsKAgBr,0.1080207844575245,0.10123977661498529,0.10203990935999974,0.10757697423299106
2886_CsAgPbBr,0.010421866178515149,0.014276123050045442,0.011669158940002866,0.006796264648440076
2889_CsPdHgBr,0.028838933631777586,0.024267069495003568,0.03485469817749953,0.025324249267578036
2888_CsAgInBr,0.0,0.0,0.0,0.0
2890_CsSbHgBr,0.04432702613994355,0.04954681396877092,0.0408057272481237,0.04120505899190752
2891_CsCaCdBr,0.01919977366924286,0.014152526854999792,0.01830635069999964,0.02010326385498029
2892_CsZnAmBr,,,,
2893_CsAsAuBr,0.023278295993805376,0.013320159912503016,0.028704559797500195,0.024596774578094394
2894_CsNiAuBr,0.06501995325088528,0.10406036377500172,0.0813266754100006,0.0678248405456543
2895_CsGeSmBr,0.17060626745224017,0.17100210190250564,0.1629336595525004,0.1697924852371222
2896_CsMnRbBr,0.02703285813331613,0.02728481293125995,0.02759399414125019,0.02526527643203691
2897_CsAgNdBr,0.0,0.0,0.0,0.0
2898_CsCoAuBr,0.09452629983424865,0.10506153106623017,0.1037822723362476,0.08899660110473384
2899_CsCrRbBr,0.030605423450474234,0.026228141785018977,0.03363413810250515,0.034035277366643246
2900_CsCrSrBr,0.07017766237258893,0.03589630126249688,0.07458648681583302,0.06904862721761074
2901_CsEuHgBr,0.019129679227865903,0.010520426437494734,0.018263371789163596,0.02354030609130575
2902_CsNaTbBr,0.0,0.0,0.0,0.0
2903_CsKSbBr,0.024502086639406784,0.031180572510031368,0.025408315655002234,0.02593290805816828
2904_CsAgPrBr,0.0,0.0,0.0,0.0
2905_CsVBaBr,0.05484463274478779,0.06644592285499584,0.05894923209624903,0.05372669696807719
2906_CsGaRbBr,0.08490222096443079,0.07314891815500602,0.08671846389750071,0.08723115921020597
2907_CsNaAcBr,0.0,0.005932235719996015,0.0,0.0
2908_CsVTlBr,0.0,0.0,0.0,0.0
2909_CsKPdBr,0.06634250879287551,0.06591110229499009,0.06730060577000119,0.0635715961456289
2910_CsCdPbBr,0.02073783576488264,0.01928558349499454,0.01993179321499916,0.02117424011230229
2911_CsAgHgBr,0.025193308914700285,0.02064615885501908,0.028100522364165492,0.02521800994872958
2912_CsCaAgBr,0.0640508413314822,0.06903381347996884,0.06040420531500024,0.06545772552490225
2913_CsMgSmBr,0.09726315140724218,0.042968749997505995,0.09207946658000044,0.09439049959182766
2914_CsPTlBr,0.08230163335800178,0.014182281485002335,0.02466526031750016,0.0191827774047848
2915_CsMnPbBr,0.019233232736587613,0.021607971194985254,0.024443817140000323,0.02076873779296884
2916_CsGeAmBr,,,,
2917_CsTeVacBr,2.2252400699862562e-06,1.695422216840825e-06,0.0,0.0
2918_CsCrPdF,0.13368906974792516,0.11164832114750212,0.14653010367999997,0.12672946453094536
2919_CsScHgBr,0.09104643417522151,0.10077362060877348,0.0910903036656241,0.09032596200704424
2920_CsCrEuBr,0.05535823106765925,0.019483947752497954,0.05801029205833519,0.047657330830894296
2921_CsSmHgBr,0.0471368929371252,0.05273284912124154,0.04415911436625164,0.04487707316875644
2922_CsNaDyBr,0.0,0.0,0.0,0.0
2923_CsAgPuBr,0.012551021575932353,0.005034828190026985,0.020154571530005327,0.013100385665897996
2924_CsTiNdBr,0.1220624585946406,0.07193450927249856,0.13037266731166675,0.12211434841156033
2925_CsBaPtBr,0.18825228512287273,0.18695945739500885,0.19386959075625176,0.19041817188263055
2926_CsBeRaBr,,,,
2927_CsMnSrBr,0.02836156487464736,0.023068237307498407,0.03297414779250074,0.029373741149902877
2928_CsTiDyBr,0.10895915230114861,0.0,0.11602787971666295,0.10956323146819669
2929_CsMgAmBr,,,,
2930_CsZnPbBr,0.06622988581657463,0.057056236264998006,0.06627292632728565,0.06467638015747124
2932_CsMnPdF,0.08735485076904315,0.1542856216399997,0.1025683879862509,0.07674148082733367
2933_CsNaHoBr,0.0,0.0,0.0,0.0
2934_CsHgCmBr,,,,
2935_CsPmHgBr,0.03740347232669716,0.027148437506237855,0.03311995267625134,0.03218099772930305
2936_CsVRbBr,0.01239658594131976,0.011296590174190158,0.01482825278613742,0.012801337242131172
2937_CsAgNpBr,0.07129092216492161,0.04766330719002809,0.07531661987000327,0.07059130668640545
2938_CsAgCeBr,0.026814436912540263,0.0,0.027692413330003607,0.02661700248718679
2939_CsCdAmBr,,,,
2940_CsGePbBr,0.015850585699081154,0.020795440680007715,0.018031311034999664,0.01546344757080087
2941_CsNaYBr,0.0,0.0,0.0,0.0
2942_CsKCuBr,0.08877299875020705,0.06718101501748386,0.08609037399249697,0.08829584121703782
2943_CsZnSrBr,0.07917554974555996,0.07024574279250118,0.0801806449847855,0.07829666137695357
2944_CsMnEuBr,0.016002464294433416,0.016925048827499012,0.02553386688499959,0.021881866455077947
2945_CsCuPbBr,0.028912138938903542,0.024610137937500554,0.030614089965000257,0.028558635711669833
2947_CsRhTlBr,0.0,0.0,0.0,0.0
2949_CsAlKBr,0.05493609309196312,0.0393852233975025,0.056780719752498765,0.05643019676208372
2950_CsFeSmBr,0.14824835658073443,0.09478740692624044,0.13832559585124882,0.14366736412048375
2951_CsDyNpBr,0.17861444652080571,0.09656600951991123,0.20167249043347546,0.17419137954711683
2952_CsInAuBr,0.037489914894103915,0.033681488039061236,0.04435487985917952,0.03809214830398533
2953_CsNiRaBr,,,,
2954_CsTiTlBr,0.0,0.0,0.0,0.0
2955_CsCdSmBr,0.06706590577959926,0.0746354103099911,0.06442580222999839,0.06403809785842807
2956_CsCaEuBr,0.009199512004851584,0.007574462892495859,0.007002067559998437,0.006582069396972479
2957_CsZnEuBr,0.06429122805595444,0.05782257079600228,0.06489963531928522,0.06353576660156257
2958_CsGeSrBr,0.031240475177765514,0.03821182251250477,0.03413753509750084,0.03276996612548899
2959_CsNaErBr,0.0,0.0,0.0,0.0
2961_CsCuSrBr,0.07167531847953867,0.06052017212000749,0.07068939208750047,0.07440042495727628
2962_CsAgSbBr,0.007455363869665277,0.0,0.008046424389997586,0.006291592121121958
2963_CsTaHgBr,0.07699508666992205,0.10086059569500705,0.06950700283000044,0.07103437781333932
2964_CsMgPbBr,0.03161244988441503,0.027311706545003034,0.030951213835000768,0.030687141418457742
2965_CsNbHgBr,0.0750043034553518,0.09741821288498542,0.06886651516999853,0.0706090390682208
2967_CsNdHgBr,0.05819543804973515,0.06788940429626322,0.055443751816251385,0.053938123583794795
2968_CsBeMnF,0.2811973869800575,0.24845818413221998,0.2754779815649995,0.271795463562011
2969_CsRhVacF,0.0,0.004440307611108807,0.0,0.0
2970_CsLiPF,0.3026635968685145,0.3001288096155683,,0.246931172325497
2971_CsAgUBr,0.125431084632873,0.10959568024998134,0.13492050169999947,0.13042788505554181
2972_CsFeRaBr,,,,
2973_CsAlAuBr,0.15517491698265173,0.14590225220500486,0.16239644289000088,0.15497754812240672
2974_CsNaTlBr,0.019267681241035728,0.010842514041875972,0.02022619247136781,0.020312118530273704
2976_CsCoRaBr,,,,
2977_CsIrTlBr,0.017690068483353638,0.0013195037750115546,0.02066118718000176,0.013565135002137296
2978_CsPrHgBr,0.059469436667860975,0.07967376709124352,0.058406627176251114,0.05598203837871729
2979_CsKInBr,0.0,0.0,0.0,0.0
2980_CsCaSrBr,0.008388531208038508,0.010560607902501573,0.009476852417500403,0.008905982971191495
2981_CsRuTlBr,0.03285802006721639,0.0156309127712575,0.03482441902500133,0.03433115482330429
2982_CsAgBiBr,0.0014819294214230005,0.0,0.0018498301499976222,0.00026017427444235963
2983_CsNaTmBr,0.0,0.0,0.0,0.0
2984_CsNiAmBr,,,,
2985_CsGeEuBr,0.02237573862075859,0.024515533452500904,0.025965499880000742,0.025295066833496804
2986_CsMgSrBr,0.025776982307433638,0.019172668457496655,0.027235889437499772,0.02560176849365181
2987_CsPtNpBr,0.2937973022460927,0.3212486266999939,0.32456045150999824,0.29873638153076065
2988_CsAgAgBr,9.775161742275884e-07,1.000444171950221e-11,0.0,0.0
2989_CsAgLaBr,0.018897587060930032,0.021899032585029232,0.019203805924999262,0.019059705734251864
2990_CsRbRhBr,0.013050436973571777,0.0,0.014065933219999938,0.014772272109985884
2991_CsScAgBr,0.017552569508550775,0.0019506454500017867,0.01830338239749807,0.017652904987333518
2993_CsAgCdBr,0.037914875149727134,0.04540252686498647,0.03984642028499952,0.037858581542968395
2992_CsMgEuBr,0.02477655410766566,0.014508056637499323,0.024661922459999985,0.02227725982666051
2994_CsCuAcBr,0.05894313156604758,0.06863708496250709,0.06346936225750088,0.06099808216095015
2995_CsTiTmBr,0.11765893896420376,0.0,0.12098965644666304,0.11374280452727792
2996_CsVNpBr,0.1569971084594739,0.13043718338499843,0.18151473999000078,0.17014465332031392
2997_CsAgPaBr,0.21284842491150036,0.22748813629000608,0.22188301086000184,0.21681857109069957
2998_CsEuYbBr,0.010962116718292059,0.0005950927724747146,0.04626003901166609,0.008679389953613281
3000_CsCaPbBr,0.015321701765060869,0.01902770996000669,0.015636062615000945,0.015611457824707298
3001_CsTiRbBr,0.0021280705928830024,0.0012464523275141914,0.0059018611900025775,0.00679862499237327
3002_CsMoTlBr,0.0359369680285444,0.009512329099997885,0.03468923568675697,0.032875315348306344
3003_CsNaYbBr,0.08614109009504434,0.0,0.0,0.0840225934982306
3004_CsCoPbBr,0.059252589941024336,0.04282655715687156,0.05726203918249961,0.05146627426147399
3005_CsFePbBr,0.06267735295825405,0.03177871703999102,0.05615727106805446,0.05976460774739456
3006_CsNaLuBr,0.0,0.0,0.0,0.0
3007_CsMoHgBr,0.10395692599316453,0.0819381713887708,0.09319305419601642,0.10971101125081395
3008_CsNiPbBr,0.04747183918952924,0.04495162963999988,0.04749183655000033,0.04294929504394496
3010_CsPoVacBr,,,,
3009_CsLiAcBr,0.0018031954765320712,0.009518814085009097,0.005071067809999885,0.002789688110351296
3011_CsTiYbBr,0.05339976549148551,0.013055419917499478,0.14451375007666556,0.04125480651855451
3012_CsThVacBr,0.0,0.0,0.0,0.0
3013_CsRbIrBr,0.03338995575904935,0.01999759674500723,0.03663733006000092,0.03308393955230837
3014_CsSrYbBr,0.011438500881194802,0.0,0.047427145639166834,0.010904121398926048
3015_CsHgNpBr,0.07011001110077153,0.11109466552502667,0.07291352749000213,0.06697401404380976
3016_CsRbRuBr,0.04777916073799249,0.034626388551256326,0.05446114540500124,0.05398423671722519
3017_CsMgRaBr,,,,
3018_CsEuTmBr,0.06276437838872262,0.009162902832471786,0.06899121601833258,0.062433036168415335
3019_CsSrHgBr,0.04660234265029439,0.0360019683825179,0.0477955818199991,0.04775333404540971
3020_CsCeHgBr,0.060109481215478766,0.07168273925502078,0.05963723660000175,0.06004995703697391
3021_CsCoSrBr,0.07202134728431542,0.05700263976499542,0.07140607833999901,0.06853981018066291
3022_CsFeSrBr,0.06846592426300058,0.033832550052508736,0.06526208604892858,0.06553645133972141
3024_CsRuHgBr,0.09263954473038627,0.08039766947751659,0.09137484232583493,0.09422823588053486
3025_CsNaAuBr,0.09674219265580053,0.0778823852549877,0.09449722766687385,0.09454091787338115
3026_CsAgTaBr,0.17229063510894926,0.14836215973000577,0.17480506897000092,0.1677978038787855
3027_CsDyPtBr,0.19325192570686145,0.160824775689985,0.19473803043249838,0.19293782711028884
3028_CsNbAgBr,0.10689451694488339,0.07938327788999189,0.11058197022000105,0.10338320732116468
3029_CsNiSrBr,0.056485867500305265,0.04616928100249851,0.05617675781250053,0.056516265869140714
3030_CsIrHgBr,0.08876850518087709,0.07644399007001113,0.08166093826583465,0.09162311553955194
3031_CsHgPbBr,0.02865123363832689,0.021039835614999447,0.03051293690416612,0.030691337585448508
3032_CsPdBaBr,0.09332908689975783,0.08348693847500144,0.09120182990624937,0.09830906391143834
3033_CsGeRaBr,,,,
3035_CsCuRaBr,,,,
3036_CsRbMoBr,0.046511734525361614,0.019521903989978995,0.045849132531249115,0.044288690884906945
3037_CsTiBaBr,0.06653888523578555,0.06515045165999211,0.06828169822124952,0.07006790637969873
3038_CsCaAmBr,,,,
3039_CsYbPbBr,0.019216936826707,0.05273666382250397,0.12197749613999953,0.01628170013427832
3040_CsCoEuBr,0.044838060140609315,0.031929931638494224,0.0386890411345,0.03371856689453079
3042_CsCrNpBr,0.1407845497131346,0.05943222046000329,0.16523437499999982,0.15182704925537127
3045_CsFeEuBr,0.05456140041351265,0.02446212768250078,0.04947477068142714,0.04958033561706543
3046_CsHgUBr,0.07693375349044729,0.11298828125497806,0.07878243922999939,0.07580274939537057
3047_CsCaPdBr,0.0778189748525615,0.05550079344999759,0.07874794006500085,0.08052768707275426
3048_CsTiHgBr,0.06718079745769368,0.08936157226500185,0.059557890899998966,0.06160406470298874
3049_CsNiEuBr,0.028209948539734242,0.024028778072501922,0.030011177065000894,0.0276947021484375
3051_CsCaTiBr,0.04691203832626201,0.02698822021499936,0.04490356444999932,0.04845619201660023
3052_CsCaSmBr,0.058537801106769205,0.02589111328250837,0.0698182741774982,0.0651907602945947
3053_CsNbTlBr,0.06204903125762895,0.036994628897005555,0.058449783322000126,0.05706943511962903
3054_CsTmPbBr,0.10998653173446682,0.06749649047749884,0.11593387127000021,0.11508862972259548
3055_CsTaTlBr,0.11767475075191758,0.09802795409800069,0.11510075463208169,0.11074997584024882
3056_CsAuAuBr,0.05523636341094962,0.047459411620000225,0.06380310058000038,0.055047416687012074
3057_CsHgBiBr,0.04762465907260616,0.05445251464876577,0.045760446788123854,0.04477599710225855
3058_CsZnRaBr,,,,
3059_CsLaHgBr,0.10708017349243093,0.13240966797000553,0.10197403430499907,0.10416841506957919
3060_CsBeZnF,0.3166143655776992,0.2946865081800052,0.31226100921500244,0.31310167312622283
3062_CsRhHgBr,0.06054068418840597,0.035496902466661595,0.05816952386916663,0.05614705085754412
3064_CsNaThBr,0.14664735794067596,0.11279106141000739,0.10441770553500129,0.11335909366607755
3065_CsKAuBr,0.11315869465470385,0.09856681824500768,0.11151621341687568,0.1118732810020453
3066_CsYbAmBr,,,,
3067_CsMnRaBr,,,,
3068_CsHgPaBr,0.08623163998126904,0.12396545409499282,0.08597886563000001,0.07900328040122861
3069_CsLuAuBr,0.028061187267303556,0.006903839117498478,0.03678447007749952,0.02868860960006714
3070_CsTlAcF,0.0,0.05372047422999415,0.0,0.0
3071_CsYbAuBr,0.12130579948425302,0.05666275025249945,0.07373210191249946,0.1082768440246582
3072_CsMoAgBr,0.05209627946218065,0.009688377380019375,0.05553181171675803,0.051657783985140426
3073_CsZnNpBr,0.11646133661270186,0.16501202583516417,0.12595946789018386,0.11950784921646296
3074_CsEuDyBr,0.05159314870834386,0.012345886227500102,0.05965817768999937,0.05292158126830948
3076_CsPFrBr,,,,
3077_CsRbTaBr,0.11956707901424712,0.1108176803580001,0.1245186699720815,0.12019187609354498
3078_CsRbNbBr,0.0683572101593013,0.054312019350000185,0.07200695038199978,0.06821042060852012
3079_CsCdNdBr,0.07859724387526423,0.0909699440049927,0.07511420249999867,0.07331200838088892
3080_CsSmYbBr,0.06503475507100376,0.007955932612496497,0.11479352314999947,0.051494518915812026
3081_CsKLuBr,0.0,0.0,0.0,0.0
3082_CsCrDyBr,0.08328745365142698,0.0,0.0934889316591665,0.08288959662119488
3083_CsScTlBr,0.015198838710784646,0.016125488279989497,0.014883565902499729,0.014988541603088379
3085_CsCrRaBr,,,,
3086_CsGeNpBr,0.20508158206939786,0.29049892425498314,0.23483233452500052,0.21147699356079208
3087_CsRuAgBr,0.057228776812552784,0.023811721801251906,0.061238467689999077,0.057758533954619384
3088_CsVHgBr,0.04888912737369999,0.06915384928499435,0.043081069000004746,0.05261549353600037
3089_CsAgIrBr,0.05373425185680292,0.026442146295000413,0.05778843164499925,0.05664831399917514
3091_CsKYbBr,0.11068869084119903,0.0,0.0,0.11034600734710764
3090_CsTmPtBr,0.19364320635795496,0.15359516143999485,0.19296572208249962,0.19125001430511412
3092_CsSrDyBr,0.07017656564712471,0.021434020997503467,0.0715094884274996,0.071368312835693
3094_CsTmAuBr,0.030635142326354448,0.0019111633374997439,0.03793460130250015,0.030870807170867653
3096_CsAuTlBr,0.040941084921360726,0.03796920776093771,0.043583393100684376,0.04132475852966344
3098_CsTiAgBr,0.08288254737853773,0.057756996160005514,0.08779182433999777,0.08580088615417258
3099_CsYbPtBr,0.1746746659278866,0.1905382156349944,0.22073061466249966,0.1690910339355467
3100_CsVTmBr,0.1542874097824094,0.0360493659999932,0.15909895896750026,0.14841172695159877
3101_CsNaInBr,0.0,0.0,0.0,0.0
3102_CsMnDyBr,0.14181618351361047,0.027729702000016232,0.14817720281663993,0.14014275731711745
3103_CsMgNpBr,0.09816672205924881,0.12110061645991976,0.11411635080673843,0.09918131828308052
3104_CsPKBr,0.07165993601083764,0.03593902588500164,0.04493885039750012,0.0433526992797848
3105_CsPtHgBr,0.045462811614075616,0.05864626566498998,0.05249441464416593,0.04146881103515554
3106_CsKTmBr,0.0,0.0,0.0,0.0
3107_CsSbTlBr,0.011511421203614702,0.02144775390000575,0.015224599835001129,0.011957001686096813
3108_CsErAuBr,0.09634525775909308,0.09549331665249383,0.10301119089749866,0.09665642976760802
3110_CsBeCuF,0.35587569773199057,0.3359367370600186,0.35046672820626856,0.3445707321167175
3111_CsBeGeF,0.3227548480033864,0.33699827194249465,0.3186345815699987,0.31719937324523695
3112_CsNNaF,0.05762517005205137,0.057833051683592984,0.05977652073882789,0.03909902572631818
3113_CsRhAgBr,0.03421717882156328,0.001721191402499045,0.036812019349999225,0.036430835723876065
3114_CsScRbBr,0.021956861019134077,0.02135601044001234,0.0203776836425007,0.021683859825134988
3115_CsKTlBr,0.028816846013068886,0.02631149292187729,0.03055877685136732,0.030490207672118963
3116_CsCuPaBr,0.26580026149749614,0.2746652603100088,0.28048398494000226,0.27890305519103764
3117_CsGaHgBr,0.09720101859420449,0.09788818359750451,0.10280159712374948,0.09756219089031148
3118_CsZnDyBr,0.08841550648212504,0.08060845268760275,0.08759540319873516,0.08693216443061935
3119_CsVYbBr,0.04299860000610334,0.048224353794999786,0.17016348838750028,0.030558204650878995
3120_CsPdCdBr,0.06289460510015488,0.05914611816499615,0.06925907135000031,0.059769630432128906
3121_CsPAuBr,0.1386707141995429,0.06879266591846545,0.07958555221038566,0.07763927533076442
3122_CsTiCdBr,0.09044564068317218,0.05787200928000047,0.08677263259499801,0.09119122028350635
3123_CsEuNpBr,0.08176764845848083,0.10525588989741763,0.10288407007673772,0.09249053001403684
3124_CsRbAgBr,0.11986014246940613,0.11576366425498819,0.11283073424999968,0.11854475339253723
3125_CsAgAcBr,0.024615108966827837,0.032907104497510886,0.02577285766000026,0.024982452392578125
3126_CsKErBr,0.0,0.0,0.0,0.0
3127_CsYAuBr,0.09581534266471836,0.09728012084999804,0.10079962015749899,0.0953878521919247
3128_CsVRaBr,,,,
3129_CsHoAuBr,0.09621622562408394,0.09606246948753139,0.10270754098499912,0.09615117311477572
3130_CsCrHgBr,0.0731649602763329,0.0708145141637857,0.0759596884256224,0.06926482766866426
3131_CsMnHgBr,0.036919115856290485,0.02927195231000468,0.04083414077250058,0.04149904251098624
3132_CsCuLaBr,0.05582922001679691,0.05499801636083035,0.05808684031208289,0.057316621144612334
3134_CsGeDyBr,0.14907369613647514,0.11913137435750087,0.14509232044750053,0.14906532764434877
3135_CsPaVacBr,0.0,0.0,0.0,0.0
3136_CsCuBiBr,0.03230302333831725,0.02083129882999657,0.0325817108124995,0.033830165863036665
3137_CsPdAgBr,0.0,0.0,0.000999569892496499,0.0
3138_CsCaPtBr,0.17340790033340348,0.15550651549999017,0.1757698535849994,0.17569885253906214
3139_CsBeBaBr,0.1488983064889915,0.13683471679500414,0.15049996375625074,0.14980065822601407
3140_CsPdThBr,0.22078256607055646,0.26007480622000045,0.2432676315299993,0.2227650642395007
3142_CsRbPdBr,0.06704704761504932,0.07457714080499045,0.06358251571249918,0.0657127141952496
3143_CsPtRaBr,,,,
3144_CsRbSbBr,0.03564107418060436,0.047176933290010936,0.03674712181500217,0.03709847927093701
3145_CsSrNpBr,0.10030457377433688,0.13384323119741737,0.11733433405423721,0.10231719017028684
3147_CsKYBr,0.0,0.0,0.0,0.0
3148_CsKHoBr,0.0,0.0,0.0,0.0
3150_CsCuUBr,0.18079953193664666,0.15826053620000735,0.19282147884000178,0.18821282386779847
3149_CsCrTmBr,0.08290530443191546,0.0,0.09216637610916756,0.08021606604258213
3151_CsFeNpBr,0.22905600070953547,0.16759147643251282,0.2298537254375015,0.2260135650634778
3152_CsDyAuBr,0.033218109607693336,0.010573577887473817,0.0407876133924967,0.034287059307095635
3153_CsLiLaBr,0.01429116129875485,0.011815261845004699,0.014773178105003115,0.014559650421145154
3155_CsMgDyBr,0.07830865979194623,0.02917022704998118,0.07483016848500057,0.07649308443069458
3156_CsBRbBr,0.3135401725769036,0.3079305648749937,0.31813707351499954,0.31665196418762154
3157_CsVAgBr,0.00849738121032706,0.0,0.014048385620000658,0.006296110153197976
3158_CsCaVBr,0.03752026557922372,0.029591369630001196,0.03926944732499926,0.03522167205810556
3160_CsLiBiBr,0.009755480289459051,0.0012554168725067427,0.011996221544999575,0.010927987098693137
3161_CsFeHgBr,0.06660827942192427,0.05265441894150413,0.07158827781899912,0.06255241394042832
3162_CsCaNdBr,0.06478026707966933,0.05211181640249407,0.0696770032224987,0.0650590578714989
3163_CsAgBaBr,0.09287544538577652,0.11087646484499203,0.09125566482125169,0.09350775082906315
3164_CsPbNpBr,0.11524758338928276,0.20171279907250295,0.1468781948100002,0.12176814079284615
3166_CsCrYbBr,0.06693663597106925,0.01837997437000638,0.12215371131916708,0.05325520833333375
3167_CsLiUBr,0.010662007331848855,0.0,0.01726980208999862,0.01481299400329572
3168_CsKDyBr,0.0,0.0,0.0,0.0
3169_CsTbAuBr,0.09422546029090784,0.09419174194749402,0.10014673471249891,0.09442845582961956
3170_CsFeVacF,0.0,0.0,0.0,0.0
3171_CsBeMgF,0.34338316321373075,0.3235187530500063,0.34364070893000154,0.3414630889892605
3172_CsAsPdF,0.19247179031372053,0.22226684569700517,0.20608863830499935,0.19553136825561435
3174_CsUVacBr,4.556443954584211e-06,0.0,0.0,0.0
3175_CsMnTmBr,0.14930156130215266,0.01817312240999769,0.15026727544663832,0.142617542168189
3176_CsCuNpBr,0.12421174049377193,0.09697055816000955,0.13203198910000147,0.1267805576324479
3177_CsNaSbBr,0.011956739425660334,0.012377548220005252,0.013277482985001754,0.013471722602846015
3178_CsCuCeBr,0.08010492324829244,0.025794410700004988,0.0834754705400016,0.08299317359924441
3179_CsNaPdBr,0.04693295955657728,0.04797630310499201,0.04639587402249701,0.04315483570098699
3180_CsCdBaBr,0.051530539244407425,0.05788898468123094,0.05086727141874414,0.05144186019896857
3181_CsInTlBr,0.0,0.0,0.0,0.0
3182_CsKTbBr,0.0,0.0,0.0,0.0
3183_CsBTlBr,0.28472657203674245,0.2796821594149961,0.2927826881449995,0.28915967941284126
3185_CsZnTmBr,0.08476406037807482,0.0714115619701623,0.08318599461873477,0.08338697552680996
3184_CsMnYbBr,0.020098650455471212,0.020042324065002504,0.15646386968663872,0.018465995788574663
3186_CsAsHgBr,0.023215331758061453,0.018855635321656905,0.018310515080832257,0.01802139282226456
3187_CsNiHgBr,0.05992779098451084,0.07211939493500452,0.06502265930249873,0.05888710021972576
3188_CsNaAgBr,0.08758466442426105,0.07730064392500324,0.08233556747999993,0.08648618062337299
3189_CsGaAgBr,0.08322230577468748,0.05991516113497397,0.08423244952749886,0.08433864116668577
3190_CsLiNpBr,0.0,0.0,0.0,0.0
3191_CsCuPuBr,0.06235494613647585,0.05669956207001192,0.07517507076000207,0.06441178321838592
3192_CsLiCeBr,0.0,0.0,0.0,0.0
3193_CsBaNdF,0.12619213564642529,0.13246625264499912,0.13222666979000053,0.13723226785659737
3194_CsRbAcF,0.0,0.03654518126999662,0.0,0.0
3195_CsCoHgBr,0.08215971179306347,0.07354402542187088,0.08225841521937349,0.0753992080688457
3196_CsCoDyBr,0.1002282798290266,0.026579475402513708,0.0999218463862519,0.09565906524658363
3197_CsGdAuBr,0.054621303081512806,0.04391555786249768,0.06278201341750034,0.0570794939994812
3198_CsCaCrBr,0.06491398811340332,0.0295120239199953,0.06831932067833346,0.06473134358724009
3200_CsFeDyBr,0.13246503472328364,0.05461711883123144,0.12516756057624656,0.12838721275329723
3199_CsCrAgBr,0.03227963745593776,0.017851829525010743,0.03978470563749781,0.03379498720168872
3201_CsNaScBr,5.766153335562407e-05,0.0,0.0,0.0
3202_CsNdYbBr,0.07405114968617754,0.02487182616249939,0.11244920094833333,0.05088636080424003
3204_CsNpAmBr,,,,
3203_CsHgAcBr,0.09840008821338575,0.1299240112262403,0.0970519900262512,0.09681818187236946
3205_CsMnAgBr,0.0,0.0,0.0,0.0
3206_CsZnYbBr,0.06894365064799768,0.09785199165516545,0.11997035741873407,0.0619451761245724
3207_CsZnHgBr,0.08997897002846011,0.07371578216999808,0.09336963891577676,0.09199115037918082
3208_CsCuPrBr,0.024221113324165433,0.019261169437506,0.02602696418750039,0.024228024482727317
3209_CsNiDyBr,0.0730596959590879,0.03526988029997824,0.08415932655249625,0.07485187053680065
3210_CsLiPuBr,0.0,0.0,0.0,0.0
3211_CsGeTmBr,0.1473148226737977,0.10850515365750368,0.14391205310750044,0.14290935993194642
3212_CsEuAuBr,0.06086708307266253,0.045148468017501386,0.054645156855000376,0.061201763153076794
3213_CsKGdBr,0.0,0.0,0.0,0.0
3214_CsRbInBr,0.009715056419372647,0.0,0.011730003352499185,0.011680507659910688
3216_CsSmNpBr,0.183687219023704,0.11107025146985094,0.20654347737847623,0.17830362319946325
3217_CsCuNdBr,0.023437264561653404,0.006636047362505337,0.02390713691750035,0.022482037544250932
3218_CsCaMnBr,0.018208086490631104,0.016113281245001332,0.02331581115499981,0.021954154968261808
3219_CsGeYbBr,0.026062512397766913,0.11448049545250072,0.16523048877750046,0.02395706176757928
3220_CsCdPtBr,0.1211546689271934,0.1416774749750047,0.1313059329950006,0.1245481491088869
3221_CsGeHgBr,0.0256794930249451,0.015599365229750362,0.025847253801499548,0.02670080184936552
3222_CsMgTmBr,0.0751335799694064,0.03050384521498728,0.07180282473500066,0.0724828839302063
3223_CsLiPrBr,0.0,0.0,0.0,0.0
3224_CsVVacF,0.0,0.002454969616666247,0.0,2.8931683434380444
3225_CsKEuBr,0.005839364230632249,0.0,0.0,0.00036427974700892207
3226_CsSmAuBr,0.05391170978546178,0.048165130622500385,0.059114563467500325,0.05395678281784111
3227_CsCuAmBr,,,,
3228_CsLiNdBr,0.0,0.0,0.0,0.0
3229_CsMgHgBr,0.0611319816360858,0.04381052652999884,0.06024020512916506,0.06252632141113157
3230_CsMgYbBr,0.022879564762115834,3.0312380338951286,0.07448264956500061,0.018977355957030984
3231_CsCaZnBr,0.06793850064277684,0.0505935668949995,0.06806488036728586,0.0665958642959592
3232_CsVCdBr,0.06630670130253069,0.05837402344499765,0.064624595645002,0.06170921325683798
3233_CsAgPtBr,0.04919342696666762,0.04811820984000903,0.053712475297500895,0.04696618318557855
3234_CsCeVacBr,0.0,0.0,0.0,0.0
3235_CsNaTaBr,0.1027178472942758,0.07893272399799756,0.1054326905120817,0.10351759592691856
3236_CsNpVacBr,9.32481553661546e-06,0.0,0.0,0.0
3237_CsBeNdBr,0.2744449764490122,0.2519309043900009,0.2587793111750005,0.26367917060852086
3238_CsCuCmBr,,,,
3239_CsNaNbBr,0.041520319382352344,0.018480555215852235,0.04251325925333571,0.04074823856354026
3240_CsCuPmBr,0.0035274058580405665,0.0,0.0030312061274999635,0.0008614778518678534
3241_CsAlFrBr,,,,
3242_CsEuRaF,,,,
3243_CsAuFrF,,,,
3244_CsLiAmBr,,,,
3245_CsKSmBr,0.0,0.0,0.0,0.0
3246_CsCuFrBr,,,,
3247_CsAuCmBr,,,,
3248_CsPdRaBr,,,,
3249_CsTiRaBr,,,,
3250_CsPmAuBr,0.042540335655209205,0.018679046637473107,0.047395431997496296,0.04103487730025934
3251_CsAsAgBr,0.0,0.0,0.0,0.0
3252_CsLiCmBr,,,,
3253_CsCuHgBr,0.04320265017449909,0.032617441812497816,0.046538639062499776,0.04293947219848615
3254_CsCaGeBr,0.023263525962829767,0.03109664917000643,0.02595996856000049,0.02492523193359375
3255_CsCaCuBr,0.06801384091377294,0.05689773558750133,0.06430969238000017,0.07008218765258789
3256_CsLiPmBr,0.0,0.0,0.0,0.0
3257_CsCuSmBr,0.015205648541451122,0.0,0.01508183479750036,0.01419727802276638
3259_CsAuAmBr,,,,
3258_CsCoTmBr,0.10232594609260381,0.01775836945249054,0.1007713794662517,0.09526329040527548
3261_CsAlHgBr,0.11385519709437997,0.11480865479000357,0.11812809705874949,0.11430585086345602
3262_CsCaBaBr,0.03599531948566348,0.052658081054996586,0.03625965117624874,0.035553836822508345
3263_CsKPmBr,0.0,0.0,0.0,0.0
3264_CsKCmBr,,,,
3265_CsSrEuBr,0.01970238685607928,0.01939086914499555,0.017457008367498972,0.01807632446289098
3266_CsNiTmBr,0.07339659333229154,0.02660899163000252,0.08293557166250132,0.07323119640350395
3267_CsMgCaBr,0.02205218076705906,0.013519287104987399,0.021714878079999167,0.0213562011718742
3268_CsPuVacBr,0.0,0.0,0.0,0.0
3269_CsNdAuBr,0.06313076019287145,0.05963363647749986,0.06850367784750011,0.06286906003952053
3270_CsLiSmBr,0.0,0.0,0.0,0.0
3271_CsCoYbBr,0.060586792230604924,0.07092151641749211,0.13042531013625203,0.046545600891112926
3272_CsCuEuBr,0.0010447442531589246,0.0,0.0,0.0009762763977061439
3273_CsKAmBr,,,,
3274_CsFeYbBr,0.06925228834152186,0.08709850311627321,0.1523449897762541,0.05686125755309979
3275_CsCrCdBr,0.054963687062266064,0.02259368896499936,0.05930938720833634,0.05474236806234023
3276_CsBeCoF,0.33476067185402236,0.2998180389350136,0.3163333892750009,0.31633234024048207
3277_CsAgThBr,0.2582514166831946,0.3025323867900056,0.2566726684499976,0.24639353752135973
3278_CsPrAuBr,0.06456053256988481,0.07224349976250011,0.07112208604750014,0.06491907835006705
3279_CsEuPbBr,0.016362744569781817,0.019903564452530276,0.02007274627500344,0.019726181030277345
3281_CsLuTlBr,0.0,0.0,0.0,0.0
3283_CsPdAcBr,0.10860322713851867,0.11937608718999826,0.1098050117425009,0.11102049350738508
3284_CsNaMoBr,0.03198792139689033,0.0,0.03236560821675738,0.029410664240518525
3285_CsSrRaF,,,,
3286_CsKNdBr,0.0,0.0,0.0,0.0
3287_CsCuGdBr,0.0152755886316287,0.0,0.018423509597498722,0.018179440498351518
3288_CsBeFeF,0.35269537766774306,0.29547325134350366,0.33271557490500214,0.33616854349771863
3289_CsLiEuBr,0.0,0.0,0.0,0.0
3290_CsLuFrF,,,,
3291_CsYbTlBr,0.05963899046182508,0.0,0.0,0.054270410537718305
3292_CsRbAuBr,0.12351514473557534,0.11311511993500645,0.12158644199687574,0.12126864194870057
3293_CsSrPbBr,0.025329643487929765,0.029203796382500258,0.02594947815249915,0.02542457580566415
3294_CsBaYbBr,0.03659984171390418,0.02736816405502296,0.06077987352291547,0.03601028919219873
3295_CsBaHgBr,0.07231666532655545,0.07649459838997785,0.07318264643208261,0.07314147949218652
3296_CsKPrBr,0.0,0.0019508361812512476,0.0,0.0
3297_CsAuPuBr,0.12235419750213694,0.13900375366000972,0.13800041676000063,0.1252927064895628
3298_CsCmVacBr,,,,
3299_CsNaIrBr,0.0392755329608927,0.01952438354500785,0.04157478810000148,0.03691442012786972
3300_CsMnCdBr,0.034593969583510464,0.02899322509999891,0.039242744444998756,0.035705947875976474
3301_CsAmVacBr,,,,
3303_CsNaRuBr,0.04593542218208446,0.021776771541262008,0.04985232353500191,0.04687988758087247
3304_CsLiGdBr,0.0,0.0,0.0,0.0
3305_CsCaCoBr,0.06183497309684771,0.040521240237499256,0.06124992371249993,0.057440567016601385
3306_CsCaFeBr,0.06726531585057627,0.030663299560000468,0.06234877904250036,0.06374931335449263
3308_CsBeNiF,0.35212667584419144,0.3191911697400016,0.33743200302499954,0.33201084136962766
3309_CsCuTbBr,0.04850926995277316,0.033776855470001976,0.05068531036249979,0.04903383255004856
3310_CsCoFrBr,,,,
3311_CsTmTlBr,0.0,0.0,0.0,0.0
3312_CsCeAuBr,0.14394335746765163,0.11725234986000288,0.14909126759000024,0.14410030841827393
3313_CsNiFrBr,,,,
3314_CsKPuBr,0.0,0.0,0.0,0.0
3315_CsBaTmBr,0.09152552982171303,0.056826782225023464,0.08979156811958289,0.08916426499684604
3316_CsAuNpBr,0.18333449363708354,0.1812400817900084,0.19331352710999727,0.1838525056838991
3317_CsAsFrBr,,,,
3318_CsEuAmBr,,,,
3320_CsNaTiBr,0.0,0.0,0.0,0.0
3319_CsZnCdBr,0.08968464732170212,0.07225646971999211,0.09088783263728617,0.08830313682556223
3321_CsCaNiBr,0.05845228433609062,0.047731780999995976,0.05690345763500071,0.05587291717529297
3322_CsRbLuBr,0.0,0.0,0.0,0.0
3323_CsYbFrF,,,,
3324_CsAlAgBr,0.07622890472412003,0.05304260253747728,0.07967789173249917,0.07794711589813108
3326_CsNaRhBr,0.014463472366333274,0.0,0.01659631729000033,0.014169311523437589
3328_CsLiTbBr,0.0,0.0,0.0,0.0
3329_CsCuDyBr,0.0,0.0,0.0,0.0
3330_CsPbRaF,,,,
3332_CsCuCdBr,0.05691671520471786,0.05237350464251733,0.05901002883500217,0.056606197357177646
3331_CsRbYbBr,0.12844119518995356,0.0,0.0,0.12780601978302064
3333_CsNRbBr,0.5350311651825921,0.5433000564550081,0.5411135196663297,1.2198226451873793
3334_CsGeCdBr,0.026653972268104287,0.025632476805000692,0.025238418579999422,0.026905059814453125
3335_CsZnAgBr,0.1004988029599243,0.0814189910900005,0.08603394031426781,0.08398001194000271
3336_CsKNpBr,0.0,0.0,0.0,0.0
3337_CsErTlBr,0.006388759613036754,0.013064575184991156,0.007369756699999286,0.00683748722076416
3338_CsNdNpBr,0.18614993989467532,0.14025115966484591,0.2082879384284766,0.18064393997192418
3339_CsKCeBr,0.0,0.0,0.0,0.0
3340_CsSrAmBr,,,,
3341_CsSmEuBr,0.05156945784886613,0.027044677734984646,0.06130892435750024,0.05432292620340906
3342_CsAuUBr,0.2331389069557197,0.2421546936100043,0.24256622791000115,0.23690655231475866
3343_CsLiDyBr,0.0,0.0,0.0,0.0
3344_CsFeFrBr,,,,
3346_CsBeSmBr,0.2626980215311048,0.22305669784499926,0.24917123317500023,0.255916261672974
3345_CsCuHoBr,0.05109751224517822,0.03507537842000019,0.053399467464999795,0.05138368606567356
3347_CsCuAgBr,0.014693504571914318,0.012169647217501023,0.015915679934999982,0.015058803558349432
3348_CsMgCdBr,0.04679621160030445,0.03481140136999272,0.04510774612000068,0.04586734771728551
3349_CsGeAgBr,0.023220533132554344,0.010757064823124551,0.024466288095001065,0.017986285686494075
3350_CsCuYBr,0.0498576104640982,0.03598937988250839,0.050980377197499926,0.04996118545532413
3351_CsHgThBr,0.08200497329235112,0.12192230225499401,0.0818105459200007,0.07932409644126892
3352_CsYTlBr,0.006212133169173573,0.012268066402487676,0.0061603069299986934,0.006818222999571688
3353_CsSrSmBr,0.06439172824223771,0.03814392089499563,0.07352797190499949,0.07079517046610473
3354_CsPbAmBr,,,,
3355_CsAuBiBr,0.0690461874008168,0.07167739868748768,0.07331548929249854,0.06819955110549802
3356_CsRbTmBr,0.0,0.0,0.0,0.0
3357_CsHoTlBr,0.006726717948913663,0.013510131829992389,0.0076146602675000175,0.0069235086441037375
3358_CsLaAuBr,0.10485709210236793,0.11830139160833042,0.11041195790208258,0.10475287040074566
3359_CsKUBr,0.017423641681673097,0.00766143798626473,0.02239694595000108,0.023149251937867987
3360_CsRbTlBr,0.039218536019325345,0.04183025360187642,0.04100418091136726,0.040716028213501065
3361_CsLiHoBr,0.0,0.0,0.0,0.0
3362_CsMgAgBr,0.07485059946775374,0.07737426758500021,0.07103414535499963,0.07345123291015598
3363_CsPdPtBr,0.07401747703552441,0.06454715728001048,0.08639907836000171,0.06714029312134029
3364_CsNTlBr,0.49979277849197645,0.5256107330319288,0.5038472175602373,1.1779050509134956
3365_CsCuErBr,0.05166916847228942,0.03603973388500137,0.05429058074749937,0.05237913131713823
3366_CsNaVBr,0.0,0.0,0.0,0.0
3367_CsBeAmBr,,,,
3368_CsTiPtBr,0.31109850406646755,0.3141242980899861,0.3172789573699992,0.31308574676513645
3369_CsLiYBr,0.0,0.0,0.0,0.0
3370_CsSmPbBr,0.1331335663795472,0.13558273315250347,0.13708255290499993,0.14146134853363046
3371_CsRbErBr,0.010640645027160112,0.017196464535004452,0.01098971367000079,0.010801863670349743
3372_CsAuPaBr,0.2721669077873208,0.3126533508300078,0.2731295824099984,0.2650586366653416
3373_CsKBiBr,0.013613772392273571,0.016822052010002864,0.01345629691500072,0.014612603187561746
3374_CsAlPdF,0.15228090882301615,0.13838095664750583,0.174523687358751,0.15321862697601407
3375_CsTmFrF,,,,
3376_CsDyTlBr,0.0,0.0,0.0,0.0
3377_CsKLaBr,0.02479489445686678,0.038756561285016033,0.02371006011500354,0.023812961578372427
3378_CsMnFrBr,,,,
3379_CsCuTlBr,0.010398240387440971,0.006874847413428142,0.013903903965684972,0.01153674125671511
3380_CsCrFrBr,,,,
3381_CsTiVBr,0.14774181842804168,0.07736663818499778,0.1405235290600002,0.14792861938476776
3382_CsBKBr,0.30829083919525146,0.30050964355499765,0.31370725631499985,0.3122656822204588
3383_CsLiErBr,0.0,0.0,0.0,0.0
3384_CsCuTmBr,0.0,0.0,0.0,0.0
3385_CsCoCdBr,0.08818325400352522,0.06823577880249587,0.08924045562250038,0.08059115409851136
3386_CsGaFrBr,,,,
3387_CsAgRaBr,,,,
3389_CsRbYBr,0.010549968481065264,0.01637859344250714,0.010463094710000842,0.011064505577086159
3390_CsBaDyBr,0.07748924791812906,0.05721740723000224,0.08252189954125022,0.08283426761627233
3391_CsRbHoBr,0.011058235168459163,0.016590690610009062,0.011178159717502467,0.011004996299744274
3392_CsLiTlBr,0.03011403381824529,0.015214920041866975,0.0324087142913676,0.030916690826416016
3393_CsFeCdBr,0.08058409144480905,0.048664093024999744,0.07840172450083216,0.07739404042561748
3394_CsTlFrF,,,,
3395_CsTbTlBr,0.006307369470595958,0.013937377929995165,0.007597112654999627,0.007164978981017978
3396_CsNaGaBr,0.07331669926643336,0.05361137390499948,0.07588367461749934,0.07618699073791424
3397_CsBAuBr,0.3612036228179929,0.3635360717824945,0.37926903963249936,0.36989010572433445
3398_CsNiCdBr,0.07767610698938388,0.07166824340500355,0.07843418121500001,0.0706245422363252
3399_CsLiTmBr,0.0,0.0,0.0,0.0
3400_CsBePbBr,0.13935945431391428,0.11926778157832985,0.14062042236166672,0.1395507812499992
3401_CsCuYbBr,0.06718631386757146,0.003359985357498374,0.029769563672499277,0.052739238739016425
3403_CsCdRaBr,,,,
3402_CsCoAgBr,0.029441088438034058,0.04083805085125647,0.027925157551874857,0.024729061126708807
3404_CsSmAmBr,,,,
3405_CsFeAgBr,0.05811141729354752,0.02106475830000676,0.06070930957999909,0.05307967662811164
3406_CsNaCrBr,0.020711982250217975,0.009690475464985582,0.02579312324250438,0.023358082771306243
3407_CsRbDyBr,0.0,0.0,0.0,0.0
3408_CsNaMnBr,0.0031241610646270956,0.0,0.006036376955002254,0.0004488468170187332
3409_CsErFrF,,,,
3411_CsCuLuBr,0.0,0.0,0.0,0.0
3412_CsPdPaBr,0.21396372318267964,0.24290866851000814,0.23553638458000004,0.21197252273559375
3413_CsNiAgBr,0.01147474050521824,0.0433540344300134,0.02093238830999944,0.014584159851073863
3414_CsPHgBr,0.13632294408976975,0.06958143445714882,0.07105733477551901,0.072941828530932
3415_CsBeSrBr,0.13547936677932704,0.11166534423249885,0.1392338752724993,0.13725666999816832
3416_CsLiYbBr,0.08368422240018836,0.0,0.0,0.07913072109222385
3417_CsGdTlBr,0.0,0.0,0.0,0.0
3418_CsGeBaI,0.051236170530319036,0.06772460937749969,0.054808807372499935,0.05363426208496147
3419_CsTiSmI,0.11782660749223517,0.04925880433000174,0.1349890390988886,0.12663071950276672
3420_CsCuBaI,0.11083130853043555,0.11498451232749574,0.11401688257374865,0.11311693191528249
3421_CsNiTlI,0.029592616856098264,0.041086578371249516,0.0343197822475001,0.030715703964232954
3422_CsErHgI,0.08426407985389117,0.09149856568122772,0.08547119498249911,0.08173347562551347
3423_CsAsTlI,0.0,0.0,0.0,0.0
3424_CsVNdI,0.14931949377059972,0.11280412674250329,0.17328205108749994,0.15757064819336009
3425_CsCoTlI,0.04320253133773466,0.08645248413559514,0.057561429340761805,0.04222204685211306
3426_CsAgGdI,0.0,0.0,0.0,0.0
3427_CsHgTlI,0.0649091161787494,0.05738868713872591,0.07054092883624818,0.06533941030502133
3428_CsDyYbI,0.07697268525759338,0.033576965334997766,0.09655570983749939,0.06689845720926879
3429_CsZnBaI,0.11268482605616281,0.12452850341750121,0.11563568114666722,0.11403414408365897
3430_CsYHgI,0.06879913136362958,0.07422370911185183,0.07128227948999921,0.06705848872661546
3431_CsNdPtI,0.1813766062259674,0.17126255035499582,0.18648569583500008,0.17876772880554226
3432_CsTaAuI,0.20543589591980105,0.2156379699800155,0.20062577724687536,0.20058753490448078
3433_CsNbAuI,0.16654391288757386,0.17629165650000544,0.17444145680000078,0.16301643848419323
3434_CsAgTbI,0.0,0.0,0.001777076722498272,0.0
3435_CsHoHgI,0.04451656267047044,0.03384590149186195,0.04606446027500111,0.040321180224419884
3436_CsCaDyI,0.07509835759798644,0.03621673584498808,0.07662922541666672,0.0743749777475986
3437_CsBFrI,,,,
3439_CsKMoI,0.0783389245470385,0.027855300895936352,0.07823740641416776,0.07801348368326932
3440_CsTiAmI,,,,
3441_CsMgBaI,0.05083090662956247,0.05958557129250153,0.05415325165250007,0.051501655578613637
3442_CsAgEuI,0.024561441441376175,0.007691828414575497,0.018119017280833205,0.020158402125040276
3443_CsFeTlI,0.07992181777954022,0.06253585815749219,0.07442693709249903,0.07163529396057022
3444_CsCoRbI,0.08144938349723851,0.13135681152121137,0.09010992049915023,0.08005580902099618
3445_CsAsRbI,0.03028303980827296,0.03249893188999664,0.03385391235499968,0.03313455581664959
3446_CsCaNpI,0.09008142749468506,0.11463267009158784,0.11224606831673833,0.09767386118570975
3447_CsKNbI,0.0709490001201658,0.06286354065003508,0.0709323883037496,0.07299141883850169
3448_CsKTaI,0.12213307738304069,0.1128582763649959,0.12229442596375062,0.12385339736938583
3449_CsMnBaI,0.05516346494356794,0.06408538818500631,0.05672397613250091,0.05508480072021538
3450_CsNiRbI,0.09233253747224923,0.09942626954126155,0.08742580413750112,0.08919582366943501
3452_CsAgDyI,0.0,0.0,0.0009204864474989805,0.0
3453_CsDyHgI,0.04613422676920953,0.035791397101903044,0.048321425915001104,0.04212734401226115
3454_CsKRuI,0.06810588687658292,0.022072601318750884,0.07149372100250018,0.07278671264648429
3456_CsKIrI,0.06651510596275267,0.05394287109499629,0.0687508583049996,0.06925716400146431
3457_CsCuRbI,0.14856734871864408,0.14801737468083687,0.1512986183208338,0.1489603201548264
3458_CsMoAuI,0.16027985413869184,0.12395172118905862,0.17768026987666596,0.16429640452067007
3459_CsYbHgI,0.0732271492481229,0.0,0.0,0.06818866729736417
3460_CsAgSmI,0.0038122236728681536,0.0,0.005728530887501471,0.003306770324708719
3461_CsCrNdI,0.10675494074821579,0.03685646057875047,0.12262077331083443,0.1050782839457205
3462_CsAlRbI,0.04881783723831212,0.03969802857750082,0.05121440887249973,0.05010156631469709
3463_CsNaLaI,0.007551868756611846,0.012892913816671125,0.009335962938333164,0.00894807179768975
3464_CsMnTlI,0.026112796366215107,0.0335269928025177,0.027074623103751527,0.024434614181520597
3465_CsAgHoI,0.0,0.0,0.0,0.0
3466_CsLuHgI,0.03630446419120004,0.029858779906859922,0.038053882125001603,0.03329326808452748
3467_CsTbHgI,0.04708691164851331,0.04019050598186169,0.04961613417000166,0.04399215877056273
3468_CsIrAuI,0.12733939886093104,0.13415807088166076,0.13814706802666654,0.1377839406331378
3469_CsTiPbI,0.08372705578803874,0.06682891845499128,0.08941276073499926,0.08424108028411759
3471_CsYAgI,0.020829671621323875,0.004743957522510556,0.022460556032501966,0.0216424942016622
3472_CsNaBiI,0.025679945945738858,0.023931503295003154,0.024997520447500143,0.02748937606811408
3473_CsKTiI,0.03312835693359384,0.014853668209987347,0.04098024367999997,0.038549995422362926
3474_CsRuAuI,0.12802886068820873,0.1078613281224925,0.1419797897349997,0.13244647979736257
3475_CsPdPbI,0.06985025405883949,0.0681350707966466,0.0694664001508345,0.06873009999593238
3476_CsTmYbI,0.1230969806512201,0.049244944250002476,0.15521450042500007,0.11148885091145955
3477_CsVFrBr,,,,
3478_CsScAuI,0.10118873119354488,0.10776405334502925,0.10685783624500234,0.10221410989761592
3480_CsCrBaI,0.09346154332160994,0.07731323241999988,0.09599514007916721,0.09212220509847047
3481_CsCrTlI,0.030404096841812667,0.02999610901247607,0.034331798547500014,0.030182790756225764
3482_CsCoBaI,0.1022810459136978,0.10140228271576746,0.09596157073386546,0.10111045837402477
3483_CsFeRbI,0.10949852466583154,0.09260864258748569,0.10724697113249926,0.1041491508483876
3484_CsTiCrBr,0.1445789337158203,0.02419738769499702,0.14599494933999946,0.15218219757080043
3485_CsKRhI,0.058829319477081476,0.03923034667500147,0.05718736648499956,0.06158008575439444
3486_CsNaUI,0.014285552501677845,0.0,0.01930832862999976,0.017131829261779252
3487_CsFeBaI,0.11366453369458496,0.07522188822165887,0.1043631553649993,0.10725472768147792
3488_CsYbNpI,0.09167578021685285,0.11367594401158954,0.11748498280673969,0.08420216242472378
3489_CsAgPmI,0.00634970068931473,0.0,0.007609748837499097,0.0045607566833485436
3490_CsSrAgI,0.09790525287389862,0.09745368957376144,0.0945029258725012,0.10053791999817063
3491_CsAgCmI,,,,
3492_CsGaTlI,0.07463631033897444,0.07494659424500583,0.07746477127000029,0.07626800537109446
3493_CsCdEuI,0.04651622176170367,0.03774414062250386,0.04580326080500097,0.046192932128906516
3494_CsTiAuI,0.14871768951416042,0.15195693970000335,0.15203888416,0.14984810352325484
3495_CsTiSrI,0.06348662508858549,0.05155181884501303,0.07035382588944428,0.06993128458658804
3496_CsAuHgI,0.07116217613220188,0.06818542479999579,0.07214188575749958,0.07171771526336634
3497_CsSrPdI,0.11179313659667978,0.09265213012999496,0.10861148833749956,0.11455154418945224
3498_CsAgErI,0.03478456437587729,0.023951721195000886,0.03725814819750006,0.03470225334167454
3499_CsMnNdI,0.15252940017601269,0.08887281418497395,0.15563445913413476,0.1516097134557235
3500_CsNiBaI,0.08569797873496965,0.07029113769249662,0.07695474624749954,0.08294305801391566
3502_CsAgAmI,,,,
3503_CsKScI,0.02941263914108383,0.02865943908751234,0.029666996005000446,0.03030233383178782
3504_CsGdHgI,0.0,0.0,0.0,0.0
3505_CsAlTlI,0.05794493556022662,0.05546722412750427,0.06042251586250025,0.059241294860839844
3506_CsAgTlI,0.050157208244004714,0.027823130293324283,0.051184304554166005,0.048107035954792376
3507_CsRhAuI,0.09272394180297816,0.10591430664249657,0.11145912408499958,0.10235439538955671
3509_CsSbAuI,0.05344501733779827,0.05919532775498482,0.05614105462749919,0.054989683628081654
3510_CsKAgI,0.1513201187054305,0.14688898722332056,0.14962962468416574,0.1542332013448071
3511_CsAgPbI,0.05306337922811499,0.04896583557374967,0.05443239212000117,0.05035471916198864
3512_CsSrCdI,0.05714182853698757,0.04973144531498974,0.05711727142500056,0.05737485885620153
3513_CsMnRbI,0.07002945045630105,0.08354949951624135,0.0691540718062491,0.06762042045593208
3514_CsAgNdI,0.006553417444230547,0.0,0.009646606442501593,0.00640048980713015
3515_CsZnNdI,0.10581945586204755,0.10879571532962728,0.10865142059440247,0.09904032135009944
3516_CsTiEuI,0.047533534301651414,0.031114578242480206,0.054865582779444644,0.05206028620401959
3517_CsNaNpI,0.0,0.0,0.0,0.0
3518_CsAgTmI,0.03589117228984762,0.023651123050001388,0.03779716491749996,0.03571944236755353
3519_CsCaTmI,0.1212369819482162,0.052182261149990694,0.12018760045333288,0.11911776860554868
3521_CsCrRbI,0.05142315030097988,0.048752975472503124,0.05379962921750003,0.053556060791015714
3520_CsNaCeI,0.0,0.0,0.0,0.0
3522_CsEuHgI,0.05479976683855048,0.048803710937637135,0.052238273625,0.055636882781981534
3523_CsKSbI,0.04416654109954932,0.05084724425750409,0.04471330642750093,0.04457330703735485
3524_CsNaAcI,0.0,0.0,0.0,0.0
3525_CsGaRbI,0.08157479763031006,0.07480697632749767,0.08519859313999989,0.08359155654907191
3526_CsKPdI,0.08148762732744164,0.07938003539749872,0.07854032516124976,0.08174133300781161
3527_CsAgPrI,0.0076901614665971785,0.0,0.01048307419249861,0.008518600463866655
3528_CsCdPbI,0.05603372454643152,0.04457168578749915,0.05388526916999847,0.05353336334228409
3529_CsVBaI,0.05898846983909589,0.07247848510750288,0.06809825897250033,0.06112461090087917
3530_CsVTlI,0.0,0.019883728026254488,0.0,0.0
3531_CsPdLaBr,0.11672431081533441,0.11487627029312364,0.11642751693749975,0.11558670997619647
3532_CsRbTbBr,0.010918718576433228,0.01879100800000799,0.011650037765002175,0.01155660152435356
3533_CsCdDyI,0.06534538716077742,0.04675416946999178,0.06377930640749918,0.0601585030555718
3534_CsCaHgI,0.0779492482543005,0.0713394165050083,0.07971467972000124,0.08163461685180762
3535_CsSmPtI,0.17996221184730476,0.16502704620999964,0.18485605716999975,0.17781996726989746
3536_CsGeNdI,0.16091195344924936,0.15669469834000438,0.15452105999000088,0.1576308727264406
3537_CsCaYbI,0.014234173297881902,0.021052551269999498,0.00919589995999992,0.015369701385498757
3538_CsKVI,0.0,0.02556304931624709,0.0,0.0
3539_CsNaPuI,0.0,0.0,0.0,0.0
3540_CsAgYbI,0.07625023176272627,0.0,0.0,0.06722226142883292
3541_CsSmHgI,0.0516920261085021,0.041827774046847566,0.05521897077499993,0.0484179705381389
3542_CsLiLuBr,0.0,0.0,0.0,0.0
3543_CsBaPtI,0.1763355791568748,0.1813312530524911,0.1820588588674985,0.1787161827087398
3544_CsAgPuI,0.0057705223560327035,0.0,0.007736587530002836,0.006350898742675692
3545_CsTiNdI,0.11546416547563298,0.06524162292500435,0.13618113199388882,0.1253461201985675
3546_CsAgLuI,0.0,0.0,0.0,0.0
3547_CsVSmI,0.1507026314735418,0.09905519485750602,0.17140331268250053,0.15756969451904324
3548_CsNaPrI,0.0,0.0,0.0,0.0
3549_CsVAuI,0.0702980756759648,0.11609115600000308,0.08142280578500039,0.0710380554199217
3550_CsMgNdI,0.08771905899047816,0.07880706787999969,0.08375837206750036,0.07986644506454477
3551_CsPtAmI,,,,
3552_CsCuAuBr,0.04680572152137774,0.040713500982498374,0.053800392154999876,0.04819564819335964
3553_CsBeEuBr,0.13297079801559342,0.10421905517249996,0.13506345748499982,0.132940721511841
3554_CsPdBiBr,0.05686670541763217,0.06243333815999108,0.060430955887500915,0.06161446571349982
3555_CsCdAmI,,,,
3556_CsVRbI,0.0011437013745303481,0.043647003176250365,0.009575366972499832,0.003529262542724343
3558_CsAgCeI,0.02513201236725049,0.0,0.023282623290002302,0.02304644584655957
3557_CsPmHgI,0.0563596628606331,0.04740791321186322,0.057982337475001255,0.05004713237285774
3559_CsAgNpI,0.05211172103882111,0.02899570465001844,0.05313911438000307,0.05018610954284908
3560_CsHgCmI,,,,
3561_CsNaNdI,0.0,0.0,0.0,0.0
3562_CsAgAuI,0.04783035367727262,0.037939834593746724,0.05091238021749955,0.05039620399475098
3563_CsKGaI,0.10214993953704887,0.10001983643499912,0.10701532363000066,0.10567207336425843
3564_CsVAmI,,,,
3565_CsRhTlI,0.03679591417312622,0.018975830085000922,0.04096536635500003,0.03473191261291442
3567_CsEuTlBr,0.0023203387856480795,0.0,0.0,0.0
3568_CsNaFeBr,0.05837906002998228,0.01738853455000111,0.055827331540001524,0.04864678382873411
3569_CsNaAmI,,,,
3570_CsKCrI,0.04357236027717626,0.03644142150250573,0.044758319857499895,0.04514093399047869
3571_CsCaEuI,0.012798264622688293,0.014052200322502983,0.012481689454999056,0.010191535949707564
3572_CsInAuI,0.07514306306838847,0.08399581908998144,0.08370281457499873,0.07595869302749492
3573_CsCdSmI,0.07167130857705972,0.056513690954989926,0.06994137763749908,0.06558319330215401
3574_CsNiRaI,,,,
3575_CsTiTlI,0.029662537574768333,0.010762786870010643,0.03589925765000013,0.03197445869445792
3576_CsDyNpI,0.17380829652150442,0.09290720621658721,0.19912573496847674,0.17776807149251317
3577_CsKMnI,0.0629365697503097,0.0683994293225183,0.0620734214800005,0.06038866043090829
3578_CsTeVacI,4.688898721294521e-06,0.0,0.0,0.0
3579_CsCrVacF,8.742014570017886e-07,0.0,0.0,0.0
3580_CsThVacI,0.0,0.0,0.0,0.0
3581_CsPoVacI,,,,
3582_CsZrVacCl,1.1761983233604667e-05,0.0,0.0,0.0
3583_CsPbVacBr,0.042677935626773245,0.012764824755539195,0.04518191019444595,0.0445210138956722
3584_CsHfVacCl,6.463792587396711e-06,0.0,0.0,0.0
3585_CsPaVacI,0.0,0.0,0.0,0.0
3586_CsUVacI,0.0,0.0,0.0,0.0
3587_CsTbVacBr,0.08481477200985177,0.08478630913888097,0.0839431550722245,0.09032583236694558
3588_CsMnVacF,3.0729505748894326e-06,0.0,0.0,0.0
3589_CsCoVacF,1.6689300537109375e-06,0.0,0.0,0.0
3590_CsGeVacF,9.5367431640625e-06,0.0,0.0,0.0
3591_CsCeVacI,0.0,0.0,0.0,0.0
3592_CsNpVacI,0.0,0.0,0.0,0.0
3593_CsSnVacCl,1.4172659979827529e-05,0.0,0.0,1.822577582455409e-05
3594_CsPuVacI,0.0,0.0,0.0,0.0
3595_CsPrVacI,0.05046171115504405,0.03400675455694824,0.05047904120277824,0.052281697591146425
3596_CsAmVacI,,,,
3597_CsCmVacI,,,,
3598_CsNbVacCl,0.0,0.0,0.0,0.0
3599_CsTaVacCl,1.4570024440274665e-06,0.0,8.477111110849478e-07,0.0
3601_CsZrVacBr,0.0,0.0,0.0,0.0
3603_CsWVacCl,2.702077227745292e-06,0.0,4.2385555332202784e-07,0.0
3604_CsHfVacBr,2.5961134149099507e-06,0.0,0.0,4.238552495650083e-07
3606_CsMoVacCl,3.0729505784421463e-06,0.0,0.0,4.238552548940788e-07
3605_CsSeVacF,0.0,0.0,0.0,0.0
3607_CsTcVacCl,1.0119544135100966e-05,0.0,4.238555546542955e-07,4.2385525178545436e-07
3609_CsPbVacI,0.1123035119639515,0.10080718994164073,0.11157035827500117,0.11516094207763805
3608_CsSnVacBr,0.0,0.0,6.35782312574662e-07,1.992119683036364e-05
3610_CsTaVacBr,0.0,0.0,0.0,0.0
3611_CsNbVacBr,0.0,0.0,0.0,0.0
3612_CsOsVacCl,0.0,0.0,0.0,0.0
3613_CsReVacCl,1.2980567074549754e-06,0.0,4.2385286214141615e-07,0.0
3614_CsTbVacI,0.025932611690627994,0.011110093862505721,0.027327961391667266,0.02830102708604665
3615_CsPtVacCl,1.6689300537109375e-06,0.0,4.238555555424739e-07,3.348456488705409e-05
3616_CsIrVacCl,8.636050752297564e-06,0.0,4.2385811394041184e-07,0.0
3617_CsNiVacF,3.152423434737983e-06,0.0,0.0,1.6954210069641817e-05
3618_CsRuVacCl,0.0,0.0,0.0,0.0
3619_CsPdVacCl,1.0622872246734971e-05,0.0,0.0,4.2385525178545436e-07
3620_CsWVacBr,7.947285940446136e-08,0.0,8.47711111529037e-07,4.2385525178545436e-07
3621_CsTiVacCl,3.76171535876324e-06,8.477111119731262e-07,0.0,0.0
3622_CsMoVacBr,3.576278689632062e-06,0.0,1.2715666701801354e-06,0.0
3623_CsRhVacCl,0.0,0.0,0.0,0.0
3624_CsTcVacBr,0.0,0.0,0.0,0.0
3625_CsZrVacI,9.748670789733183e-06,1.6954222239462524e-06,6.357777779797402e-07,0.0
3626_CsHfVacI,8.794996471994665e-06,0.0,0.0,0.0
3627_CsReVacBr,0.0,0.0,0.0,0.0
3628_CsOsVacBr,0.0,0.0,0.0,0.0
3629_CsFeVacCl,0.024223062727186218,0.010550181074997056,0.0031496153888888045,0.008940908643935153
3630_CsIrVacBr,0.0,0.0,0.0,0.0
3631_CsPtVacBr,1.1391109890901419e-06,0.0,2.1192222243726633e-07,0.0
3632_CsVVacCl,3.496805827118976e-06,0.000817192922221821,0.0,4.2385525222954357e-07
3633_CsRuVacBr,0.0,0.0,0.0,0.0
3634_CsSnVacI,2.649095320883532e-07,0.0,0.0,7.290310329866045e-05
3635_CsPdVacBr,9.245342678543267e-06,1.6954222239462524e-06,0.0,0.0
3636_CsNbVacI,0.0,0.0,0.0,0.0
3637_CsTaVacI,0.0,0.0,0.0005873044298576602,9.425481160141302e-05
3638_CsTiVacBr,0.0,0.0,0.0,0.0
3639_CsRhVacBr,0.0,0.0,0.0,0.0
3640_CsWVacI,0.03525654585273186,0.0,0.035037358598147605,0.03784730699327188
3641_CsCrVacCl,0.0,0.00518586900556528,0.0,0.0
3642_CsFeVacBr,0.05918885436323018,0.051579793294447285,0.05512878630000051,0.06086950831943083
3643_CsMoVacI,0.02938808224819267,0.0,0.02608242741296296,0.033179671676069944
3644_CsTcVacI,2.702077229965738e-06,1.6954222239462524e-06,0.0,0.0
3645_CsVVacBr,0.0,0.0,0.0,0.0
3646_CsCoVacCl,0.0,0.0,0.0,0.0
3647_CsMnVacCl,5.8015187582860506e-06,0.0,8.47711111529037e-07,0.0
3648_CsGeVacCl,9.854634599903989e-06,0.0,2.119333304406723e-07,8.243984645961433e-05
3649_CsOsVacI,0.09244498279359536,0.05080922445555558,0.09915743933333276,0.0933333502875433
3650_CsReVacI,0.025066726737552614,0.0,0.027265336773524496,0.026332219441732363
3651_CsIrVacI,0.03284224039978367,0.021174112962494718,0.02695602840277722,0.0385706159803596
3652_CsPtVacI,4.927317301728351e-06,3.3908444301289364e-06,0.0,2.5855170354915913e-05
3654_CsPdVacI,0.003986600372526183,0.0,0.0,0.0051532321506071455
3656_CsSiVacF,3.5497877330925576e-06,0.0,0.0,0.0
3657_CsTiVacI,1.1046727498520426e-05,0.0,0.0,0.0
3658_CsRhVacI,0.04594950709078116,0.034845987962505376,0.038457128736111734,0.05138164096408504
3659_CsSeVacCl,1.5603171453104636e-05,0.0,0.0,0.0
3660_CsBCsF,0.33211059570312607,0.2887306213350005,0.32781944275749986,0.3303556442260742
3661_CsBCsCl,0.33397538661956805,0.32155418396,0.33584699630500037,0.3347587585449223
3662_CsBCsBr,0.3234663486480702,0.3231529235849955,0.32875747680499945,0.3255726337432856
3663_CsNCsF,0.03701728135347393,0.03758976459499941,0.03558237553882915,0.01768579483032262
3664_CsNCsCl,0.45903728306293523,0.4816097259550034,0.4751987934063284,0.45408620834350577
3665_CsNCsBr,0.5432442083954823,0.5574527740450073,0.5502164363863296,1.228143835067749
3666_CsAlCsF,2.574920652698154e-06,0.0,0.0,0.0
3667_CsAlCsCl,0.05617350935935983,0.04747161865750016,0.05917778015249997,0.05818080902099565
3668_CsAlCsBr,0.07801944613456735,0.07463531493750253,0.0804048538225004,0.07892198562622044
3669_CsPCsF,0.23435336589813183,0.2313028971305684,0.183505801255623,0.1854765901111426
3670_CsPCsCl,0.07745836377143833,0.08388442993750012,0.08153543471500058,0.07899971008300755
3671_CsPCsBr,0.09337657839059865,0.07120437622499765,0.07004117965749979,0.06643748283386186
3672_CsPCsI,0.2126124128699307,0.08466059367017209,0.08152880441155919,0.08026747930617573
3673_CsScCsF,0.010540771484374822,0.013317871090000821,0.010918426519999969,0.010990905761718572
3674_CsScCsCl,0.03761028051376325,0.05247802734749207,0.03848495483749925,0.0385047912597658
3675_CsScCsBr,0.0407523512840271,0.04884338379000397,0.03985276222250045,0.0396781682968137
3676_CsTiCsF,3.3378601047573397e-06,4.577639993286198e-06,3.814699978121894e-07,6.523132323899006e-05
3677_CsTiCsCl,0.037506908178329024,0.0343395233174828,0.044530439377499675,0.042989444732665305
3678_CsTiCsBr,0.019139760732651112,0.02710113524750213,0.02388195990999975,0.02389762401580775
3679_CsVCsF,1.645088193669153e-06,0.0,0.0,2.3318106055259697
3680_CsVCsCl,0.038200318813318646,0.04068946838998144,0.03871760368499366,0.0376305580139098
3681_CsVCsBr,0.01623368263244629,0.03157958984999709,0.020936536787500515,0.014247870445251554
3682_CsCrCsF,0.0,0.0,0.0,0.0
3683_CsCrCsCl,0.027537560462951305,0.03368644714998581,0.03217539786999968,0.03066644668579066
3684_CsCrCsBr,0.0458781838417095,0.049104309084956554,0.04860291480250467,0.04799630641937691
3685_CsMnCsF,0.028970670700076973,0.02905807494000534,0.026824188240004432,0.025175189971928802
3686_CsMnCsCl,0.0523534417152387,0.06325187682749522,0.0570745944949973,0.05350599288940261
3687_CsMnCsBr,0.049684856832028945,0.057089233398759376,0.04970669746500178,0.04626507759094389
3688_CsFeCsF,5.006790138040174e-07,0.0,3.814699987003678e-07,0.0
3689_CsFeCsCl,0.0825372219085696,0.05059700012248314,0.08145637512000015,0.07147541046142614
3690_CsFeCsBr,0.09607372879981968,0.07177429198998908,0.0938833236699983,0.08469896316528347
3691_CsCoCsF,3.361701957693697e-06,0.0,0.0,0.0
3692_CsCoCsCl,0.02107030153274181,0.03503379821498953,0.019883012774996267,0.016188526153561256
3693_CsCoCsBr,0.055937971174718104,0.08834152221876224,0.05629162788249964,0.05232436656951922
3694_CsNiCsF,0.005319476127619183,0.004027843469359027,0.001036882404369166,0.0
3695_CsNiCsCl,0.04534974098205291,0.04161148071499632,0.024187707894999022,0.01694765090942285
3696_CsNiCsBr,0.06644717901944874,0.0930198669449851,0.07251982688499847,0.06641438007354505
3697_CsCuCsF,0.0,0.0,0.0,0.0
3698_CsCuCsCl,0.06365844309330004,0.05047378540500169,0.06370368004000015,0.06494207382202166
3699_CsCuCsBr,0.10953308194875833,0.10021514892250494,0.1105209827450011,0.1122166395187385
3700_CsGaCsF,3.528594969104404e-06,0.0,0.0,3.814697242532361e-07
3701_CsGaCsCl,0.0741407573223114,0.06426086426250066,0.07647476195500014,0.0765161514282231
3702_CsGaCsBr,0.09953804612159756,0.09468841552499896,0.10138874053750024,0.10087747573852557
3703_CsAsCsF,0.00545923709869367,0.03315124511500045,0.00950737000000057,0.009235382080079013
3704_CsAsCsCl,0.047495210170746205,0.06796302796000298,0.05007777214000031,0.048491382598876864
3705_CsAsCsBr,0.00884693861007646,0.017742919924998546,0.012899684899999375,0.010452222824096413
3706_CsYCsF,2.8133392326878948e-06,3.051760003813797e-06,0.0,0.0
3707_CsNbCsF,0.07540736198425346,0.05978954859143215,0.07591340542249991,0.07255573272705007
3708_CsNbCsCl,0.06914505720138386,0.06031990051168101,0.07375092505899872,0.06715223312377727
3709_CsNbCsBr,0.07959869901339589,0.07935129801585461,0.08302858670333668,0.07740046977997128
3710_CsMoCsF,8.655935525947456e-05,0.0,0.006461477278437933,0.003119277954102273
3711_CsMoCsCl,0.035598194599152144,0.028187942507500452,0.03594752947874991,0.037726306915283114
3712_CsMoCsBr,0.06198617617289237,0.0429946899399809,0.06044197081675806,0.05772167841593445
3713_CsRuCsF,0.037652707099915084,0.002398109433750406,0.03858880997249958,0.03345112800598127
3714_CsRuCsCl,0.04136374592781067,0.05002479552999972,0.051417112352500016,0.052875614166259854
3715_CsRuCsBr,0.05927532315254247,0.052911186211254346,0.06628432273499962,0.06588265895843515
3716_CsRhCsF,0.0,0.0,0.0,0.0
3717_CsRhCsCl,0.0,0.0,0.0,0.0
3718_CsRhCsBr,0.022508955001831144,0.012596130375001735,0.023655986779999694,0.02454323768615696
3719_CsPdCsF,0.038140660524366155,0.04590759277499501,0.04430503845249767,0.040139245986935634
3720_CsPdCsCl,0.0874899327755001,0.097121429445167,0.09110803603961148,0.08841562271118386
3721_CsPdCsBr,0.07810001373290998,0.09300689696500086,0.07590751647250027,0.07814786434173637
3722_CsAgCsF,0.0,0.0,0.0,0.0
3723_CsAgCsCl,0.09133557975292161,0.09197540283500061,0.08760638236999974,0.09141216278076181
3724_CsAgCsBr,0.134317085146904,0.13399810791500144,0.12852897643999972,0.13482313156127956
3725_CsInCsF,2.7894973753106456e-06,0.0,3.814699995885462e-07,0.0
3726_CsInCsCl,0.018900227546692516,0.028829574590004015,0.01876387596249618,0.020382022857666104
3727_CsSbCsF,0.05021322965621877,0.09710159301000232,0.050705337525000616,0.0555050849914549
3728_CsSbCsCl,0.040916252136230735,0.05776634216000254,0.04107966422499931,0.04240617752075204
3729_CsSbCsBr,0.051151776313782094,0.07050170898000019,0.053809213635000575,0.053083395957946866
3730_CsCsCeF,6.914138790392599e-07,0.011309051504996503,0.0,0.0
3731_CsCsPrF,3.361701964799124e-06,0.04931716917833029,0.002729797378333565,0.0055977185567215315
3732_CsCsNdF,0.0,0.033816273999999424,0.0,0.0
3733_CsCsPmF,0.0,0.0,0.0,0.0
3734_CsCsSmF,0.0,0.021112060544998812,0.0,0.0
3735_CsCsEuF,0.0,0.0,0.0,0.0
3736_CsCsGdF,0.0,0.0,0.0,0.0
3737_CsCsTbF,1.4305114781620887e-07,0.0,0.0,0.0
3738_CsCsDyF,0.0,0.0,0.0,0.0
3739_CsCsHoF,0.0,0.0,0.0,0.0
3740_CsCsErF,0.0,0.0,0.0,0.0
3742_CsCsYbF,0.032650220394134344,0.0,0.0,0.016536712646484375
3743_CsCsLuF,0.0,0.0,0.0,0.0
3744_CsCsTaF,0.14442388971646558,0.1291581153924959,0.1474716186574998,0.14565980434417725
3745_CsCsTaCl,0.12460434105662088,0.12310495376749842,0.12946696281500092,0.12260922325982904
3746_CsCsTaBr,0.13698076672025028,0.13876434325798215,0.14042014015209192,0.13580886522929703
3747_CsCsIrF,0.02718214392662066,0.0,0.022384905825000523,0.027871084213257014
3748_CsCsIrCl,0.021434515714645386,0.01064720154297305,0.024036812784228978,0.02360277175903347
3749_CsCsIrBr,0.041643577814101995,0.0334697723349997,0.04575283528000007,0.04140722751617476
3750_CsCsAuF,0.061724334955215454,0.0734046935950019,0.07903881073999974,0.06057872772216788
3751_CsCsAuCl,0.13461040258407575,0.13198623657499908,0.14142436981000017,0.44414281845092773
3752_CsCsTlF,2.872943878351464e-06,0.0,0.0,0.0
3754_CsCsNpF,0.0,0.023004913324996323,0.0,0.0
3756_CsCsAmF,,,,
