,Eform_avg,Eform_std,Ehull_avg,Ehull_std,MLIP_entries,Ehull <= 100meV,Ehull <= 150meV,Ehull <= 200meV
1000_CsAgLuCl,-1.918684686207847,0.11197452770515588,0.0,0.0,4,4,4,4
1001_CsAuVCl,-1.3350957880251224,0.111381004767985,0.24785957932425348,0.2031944107337212,4,0,2,3
1002_CsNaPrCl,-2.150775066997126,0.1496563266114174,0.0011669874175264,0.0018427464204864338,4,4,4,4
1003_CsAgDyCl,-1.917249156022744,0.10706746942000746,0.0,0.0,4,4,4,4
1004_CsMgNdCl,-1.969830111647254,0.13834980064164873,0.12120576649990954,0.022320560022173364,4,1,4,4
1005_CsVSmCl,-1.8155890236125312,0.169788896217993,0.17056080252046302,0.0417658019915071,4,0,1,4
1006_CsPtAmCl,,,,,0,0,0,0
1007_CsAgYbCl,-1.800209038938259,0.18223301984237206,0.031050327420235474,0.03605772588155211,4,4,4,4
1008_CsSmPtCl,-1.6128253052483426,0.10824249214772996,0.26157590150894805,0.008469712183958868,4,0,0,0
1009_CsKVCl,-1.7859030822731343,0.12404157931246809,0.007530549168512901,0.0050360047473260415,4,4,4,4
1010_CsCaHgCl,-1.765190028631959,0.10312952162984729,0.026265260660255002,0.005386957653713497,4,4,4,4
1011_CsCaYbCl,-2.2962003583568706,0.13715325051517685,0.01655753950339362,0.031268469114998594,4,4,4,4
1012_CsNaPuCl,-2.0297097662933394,0.17402033513203383,0.0,0.0,4,4,4,4
1013_CsGeNdCl,-1.6959983001016554,0.08831148850537605,0.2352501869184897,0.013278266493820466,4,0,0,0
1014_CsCdDyCl,-1.8761323715078746,0.10122411689573668,0.11001248148836376,0.006787934264755847,4,0,4,4
1015_CsCuNdCl,-1.8500119040267302,0.11598557939137363,0.0354673042897769,0.006172360860638034,4,4,4,4
1016_CsNaNdCl,-2.157566059614114,0.15248081862036442,0.0,0.0,4,4,4,4
1017_CsAgAuCl,-1.0804500530018402,0.07790589832324217,0.13689312934710016,0.17207554571265876,4,3,3,3
1018_CsKGaCl,-1.7074487308503747,0.0940515498480234,0.04423045366775118,0.012364454957752392,4,4,4,4
1019_CsVAmCl,,,,,0,0,0,0
1020_CsPdEuCl,-1.717577106739927,0.11888178992709862,0.0353718727848555,0.01929131352533579,4,4,4,4
1021_CsTiEuCl,-2.0091189056488528,0.14246786914291146,0.041890437239340675,0.019242112593865632,4,4,4,4
1022_CsNaNpCl,-1.9694423834313879,0.21064959630994692,0.0,0.0,4,4,4,4
1023_CsAgTmCl,-1.9182082245610057,0.10691191936927384,0.0,0.0,4,4,4,4
1024_CsZnNdCl,-1.82449347772749,0.09851677372775504,0.16360635037212762,0.013963485266244738,4,0,0,4
1025_CsNaCeCl,-2.1445417354362,0.16644944118817212,0.0,0.0,4,4,4,4
1026_CsCaTmCl,-2.148550022626237,0.17222177108861847,0.09220087180615662,0.0550460328544904,4,1,4,4
1027_CsNaAmCl,,,,,0,0,0,0
1028_CsKCrCl,-1.7552654305946473,0.1414982767378439,0.0037079513050281747,0.0029393251602336263,4,4,4,4
1029_CsKMnCl,-1.6720138934679412,0.12869399895539163,0.020796041187477975,0.002313929179317874,4,4,4,4
1030_CsAgTlCl,-1.272504086283689,0.08732990703982912,0.0,0.0,4,4,4,4
1031_CsAuRhCl,-1.0795520911451897,0.08740316090451981,0.1851684168007442,0.2155289480931358,4,3,3,3
1032_CsTlAlCl,-1.696104748038037,0.09209957325799448,0.03526885956750408,0.008382625324618545,4,4,4,4
1033_CsPtPbCl,-1.2327633927124744,0.08016440232968607,0.14312873482778718,0.006280490120157718,4,0,3,4
1034_CsHgInCl,-1.3860961789736488,0.08649812040702856,0.059297120943896345,0.0073384635309791755,4,4,4,4
1035_CsNaCmCl,,,,,0,0,0,0
1036_CsAuGaCl,-1.269315768265609,0.08444886969402005,0.26108376085845747,0.21589879549712987,4,0,1,3
1037_CsNaPmCl,-2.1636755386838464,0.1533571919202991,0.0,0.0,4,4,4,4
1038_CsCoNdCl,-1.7791747907636895,0.1495194081521363,0.12747099871568474,0.022276645683434147,4,1,4,4
1039_CsYbHgCl,-1.797765292460039,0.0937278091246983,0.06665817664699741,0.04629132906945653,4,2,4,4
1040_CsNiBaCl,-1.7702311376585387,0.1431710181436846,0.06472022533615458,0.001213165312319601,4,4,4,4
1041_CsSrPdCl,-1.6910844306023163,0.11418077965239744,0.09530044496168305,0.019640126002556206,4,1,4,4
1042_CsAuTiCl,-1.4758347600543535,0.10129803317100446,0.3157398104665206,0.1603170326568139,4,0,0,0
1043_CsTlCuCl,-1.264554668453867,0.08817323543798981,0.008277188739331075,0.003276412603231514,4,4,4,4
1044_CsTiSrCl,-2.0282013058524218,0.13706009294637936,0.0483145215443252,0.01753674318023611,4,4,4,4
1045_CsHgAuCl,-1.0905240001601997,0.07271150034521408,0.16407775448511025,0.18624858342769834,4,3,3,3
1046_CsAgErCl,-1.9193572232959182,0.10920796666452352,0.0,0.0,4,4,4,4
1047_CsMnNdCl,-1.8173193631007227,0.1572338057097417,0.16821182729876424,0.021424456830258464,4,0,1,4
1048_CsAgNpCl,-1.7139781693483416,0.17167222439630955,0.08203252553781823,0.013448957485142046,4,4,4,4
1049_CsAuCrCl,-1.3073161194538925,0.12983414041124405,0.22876575440422328,0.2092142787026055,4,0,3,3
1050_CsFeNdCl,-1.760632015253481,0.13945270266682394,0.16774894230887577,0.020135263288220018,4,0,1,4
1051_CsCrSmCl,-1.8443716058971575,0.1595448816291762,0.12215453336727461,0.035061482477894715,4,1,4,4
1052_CsAuMnCl,-1.294959819061687,0.1251614852840597,0.18229139447136786,0.21039733798528984,4,3,3,3
1053_CsNaUCl,-1.925772810958586,0.1881026830767191,0.0,0.0,4,4,4,4
1054_CsFeBaCl,-1.806818244840859,0.13474335032053106,0.06709681749424384,0.0068041333444166215,4,4,4,4
1055_CsKRhCl,-1.5154143075016047,0.09275367109660443,0.0,0.0,4,4,4,4
1056_CsNiNdCl,-1.7732190976414122,0.13243590620754797,0.13295064568336107,0.006324327668808889,4,0,4,4
1057_CsVPbCl,-1.5762606034519042,0.13660695590604174,0.02654277980179585,0.005580616767932136,4,4,4,4
1058_CsSrPtCl,-1.5944434682392434,0.10845482130002089,0.17905122488802858,0.01456887128037868,4,0,0,4
1059_CsCdTmCl,-1.8787963333065798,0.10264105023171745,0.10695932470336907,0.0033354689939186655,4,0,4,4
1060_CsCoBaCl,-1.762910361077399,0.14515236462941414,0.0945713207132563,0.006736851524086662,4,3,4,4
1061_CsCuThCl,-1.6528695652746022,0.09138720423366123,0.35973422527224763,0.0176187888004108,4,0,0,0
1062_CsNaSmCl,-2.1652256081363186,0.15142634288249843,0.0,0.0,4,4,4,4
1063_CsKFeCl,-1.5778398434159426,0.11981622081042727,0.03252817988178765,0.01785370408326706,4,4,4,4
1064_CsTiPbCl,-1.6251282960044289,0.11594735098086349,0.10044225454176553,0.015308352874786922,4,1,4,4
1065_CsPdPbCl,-1.3179111550123501,0.08774736788118773,0.06011285483853418,0.010732553880850931,4,4,4,4
1066_CsAuRuCl,-1.0241382966264485,0.0899721630803498,0.25314804315860134,0.2095544278623537,4,0,1,3
1067_CsAuIrCl,-1.0022648225066713,0.08254708828687597,0.24638925194904798,0.21109463481933788,4,0,2,3
1068_CsTmYbCl,-2.0868252212661034,0.1841840520417591,0.11676865369104103,0.08707252674200248,4,1,3,3
1069_CsTmHgCl,-1.825282568716048,0.0925380922750774,0.10208403542694108,0.008368206518181367,4,3,4,4
1070_CsKTiCl,-1.9253280639505035,0.11378206284483582,0.0089730665070315,0.006523278607205733,4,4,4,4
1072_CsNaBiCl,-1.6397572467599077,0.12113116284870908,0.0,0.0,4,4,4,4
1073_CsAgYCl,-1.9201558540135366,0.11280770366227608,0.0,0.0,4,4,4,4
1074_CsHgLuCl,-1.8259219060186693,0.09654614606006551,0.048288162798156675,0.0031626703442467637,4,4,4,4
1075_CsAgHoCl,-1.9195119509951193,0.11003393939728,0.0,0.0,4,4,4,4
1076_CsNaLaCl,-2.190054840828263,0.14769190286423442,0.005111891030729225,0.0031666204843741382,4,4,4,4
1077_CsCrAmCl,,,,,0,0,0,0
1078_CsCrNdCl,-1.8361914227238674,0.15608705157986533,0.1356118122754035,0.02958977308644603,4,1,3,4
1079_CsRbAlCl,-1.8583426425739562,0.13437724883988117,0.0361765369776806,0.009293631150649323,4,4,4,4
1080_CsCdYbCl,-1.9190167265491371,0.08715875555789784,0.0482325136657223,0.05225430798513228,4,4,4,4
1081_CsCdHgCl,-1.3669528278053664,0.09624337335001559,0.020008471193910426,0.005957139218759223,4,4,4,4
1082_CsVSrCl,-1.9763689319149995,0.15589783466863996,0.024037016925710874,0.006105530393844311,4,4,4,4
1084_CsEuPtCl,-1.6036715100083354,0.11438762230706834,0.14442989975162354,0.0166245256051586,4,0,2,4
1085_CsLiThCl,-1.966152716662839,0.1082882053689107,0.12455429360189324,0.004172120552369864,4,0,4,4
1088_CsNaEuCl,-2.000156254555461,0.16122569217500812,0.0,0.0,4,4,4,4
1089_CsNaPaCl,-1.8863894055153452,0.14961467820007185,0.08026153445141809,0.008830453318296898,4,4,4,4
1090_CsKIrCl,-1.4580813983912773,0.08922666249840913,0.005306141078494325,0.003728240944690322,4,4,4,4
1091_CsRbCuCl,-1.3293848881987849,0.12853437894801478,0.0466878332221175,0.01068848380344825,4,4,4,4
1092_CsAuMoCl,-1.1817041630372256,0.10126275072637694,0.27542880177862994,0.18945880075723132,4,0,0,3
1093_CsKRuCl,-1.4645585457327175,0.09659998241262852,0.024764485655265178,0.007910537992024954,4,4,4,4
1094_CsKAsCl,-1.5267188648226022,0.06055442456580251,0.023025730250177227,0.0045830191165028384,4,4,4,4
1095_CsZnSmCl,-1.8332083398948067,0.09936871917747592,0.15949224382633173,0.008313987574256233,4,0,0,4
1096_CsRbPCl,-1.369634535897768,0.16122230961392559,0.06287949830174283,0.0017256661505445556,4,4,4,4
1097_CsVEuCl,-1.9543135354735979,0.15758391388019247,0.020585928858560327,0.005369267407965268,4,4,4,4
1098_CsKNiCl,-1.442206952952628,0.11246846616829759,0.008746320008475474,0.012433803259196033,4,4,4,4
1099_CsPdNpCl,-1.6218941251302441,0.1641024618474681,0.17411656975591544,0.0115689641130338,4,0,0,4
1100_CsFrNCl,,,,,0,0,0,0
1101_CsAgHgCl,-1.159021803222529,0.08249325575606879,0.025599634730768574,0.0055662410487674055,4,4,4,4
1102_CsTiNpCl,-1.7276278853257465,0.18802874960485758,0.08920164952788483,0.008591938898632438,4,3,4,4
1104_CsNaGdCl,-2.170765597605261,0.14794761818574675,0.0,0.0,4,4,4,4
1105_CsKCoCl,-1.4879946718472838,0.10741278972819555,0.0031826160808132503,0.002798926651441443,4,4,4,4
1106_CsTiAmCl,,,,,0,0,0,0
1108_CsKMoCl,-1.6378095353481317,0.11285357845904098,0.006597096721111725,0.0045250310896400294,4,4,4,4
1109_CsFrBCl,,,,,0,0,0,0
1110_CsMgBaCl,-2.1665841350824713,0.11809238250194459,0.0384897187361107,0.0003945131023440768,4,4,4,4
1111_CsPdAmCl,,,,,0,0,0,0
1112_CsCaDyCl,-2.1574274668953173,0.16147840590607102,0.08405638436440162,0.04590313259898393,4,1,4,4
1113_CsCrPbCl,-1.5254810581455993,0.1367359193980537,0.0373822977147264,0.013767788177629485,4,4,4,4
1114_CsAgTbCl,-1.917699914162208,0.11041948087859414,0.0,0.0,4,4,4,4
1115_CsHgTlCl,-1.2753461050342096,0.07520952836149807,0.025134150023226876,0.002261851787554946,4,4,4,4
1116_CsZnAmCl,,,,,0,0,0,0
1117_CsGeSmCl,-1.7063673386825073,0.09403744152119153,0.21777595430529362,0.0047044496479088024,4,0,0,0
1118_CsAuNiCl,-1.089553589605866,0.10075271824193181,0.18691307604426205,0.17274899856888412,4,1,3,3
1119_CsAuAsCl,-1.1262145588649712,0.05621921389803765,0.20225038081375232,0.21156371180262631,4,2,3,3
1120_CsHgSbCl,-1.283459136123815,0.059817814675031424,0.05976367257496758,0.005020207581633507,4,4,4,4
1121_CsHgPdCl,-1.1590723606306643,0.0769064421700428,0.049065913309344476,0.009023877125963494,4,4,4,4
1122_CsCaCdCl,-1.9401241528362865,0.11569001952486029,0.004637443520874525,0.0009206041255267082,4,4,4,4
1123_CsCuSmCl,-1.856574858214758,0.11606523699059325,0.03264371380178685,0.011868102316118768,4,4,4,4
1124_CsAgInCl,-1.4416685889005376,0.10219346876024678,0.0,0.0,4,4,4,4
1125_CsTlCoCl,-1.3102648834259314,0.10070754712111563,0.014067877828441726,0.017959105251706745,4,4,4,4
1126_CsAuCoCl,-1.0754384080393125,0.1089997913270137,0.2083339055392008,0.20347364725315395,4,0,3,3
1127_CsVNdCl,-1.8090126047352584,0.1609121513610381,0.1842424154300754,0.02726448315290791,4,0,1,2
1128_CsTlNiCl,-1.2916387985032523,0.10820829617513199,0.03337065279495027,0.013442588579290473,4,4,4,4
1129_CsGeBaCl,-1.82506162920139,0.07893551820431162,0.060047221184041225,0.007442585955564338,4,4,4,4
1131_CsTlAsCl,-1.3439897189420067,0.055097749458846185,0.015870317817564625,0.005880539953907468,4,4,4,4
1132_CsCuBaCl,-1.7057457784678076,0.11085436013353386,0.08804285675446993,0.0034143145605750754,4,4,4,4
1133_CsHgErCl,-1.8253541002515508,0.09305227815161773,0.10351177379419381,0.010566010363573658,4,3,4,4
1134_CsTiSmCl,-1.8982637792692238,0.15825711020360847,0.12594098614178703,0.04525529137106422,4,1,3,4
1135_CsCrSrCl,-1.9006640831489412,0.15492330689937267,0.05772931327464742,0.017348403440449356,4,4,4,4
1136_CsNaTbCl,-2.1784607042732196,0.15177745069760265,0.0,0.0,4,4,4,4
1137_CsGeAmCl,,,,,0,0,0,0
1138_CsCuAmCl,,,,,0,0,0,0
1139_CsTlPCl,-1.2298439472773817,0.10490602577581633,0.047683841986345406,0.016094329065368868,4,4,4,4
1140_CsMgSmCl,-1.9750259856248435,0.15739971931015712,0.10909980907953584,0.04680702477250339,4,1,4,4
1142_CsTeVacCl,-1.3574536519843854,0.06136028747359247,3.1789166432538707e-07,4.0581079505475727e-07,4,4,4,4
1143_CsMnPbCl,-1.5820747134516082,0.13944591846230558,0.00528101027040365,0.002149676080329374,4,4,4,4
1145_CsAgGdCl,-1.9106450865511473,0.10550150132727984,0.0,0.0,4,4,4,4
1144_CsCaAgCl,-1.6694377193700718,0.10054262898447824,0.07298401594110945,0.001342268584682449,4,4,4,4
1146_CsAuNbCl,-1.2815937575681018,0.09418278251677248,0.34057765185939326,0.16330452464255202,4,0,0,0
1147_CsZnBaCl,-1.9179588059442727,0.11068414935576466,0.10243095308689383,0.0018277041552573156,4,0,4,4
1148_CsAuTaCl,-1.2683432354375188,0.07402096048975278,0.36245580646861963,0.1578081630413147,4,0,0,0
1149_CsDyHgCl,-1.8227030182716322,0.09255594236242413,0.10448888912848472,0.009238155080393443,4,2,4,4
1150_CsNdPtCl,-1.6058742473384195,0.10718294467817963,0.2739251449701907,0.003855115294095593,4,0,0,0
1151_CsHgYCl,-1.8254403556231487,0.0977746013013309,0.10439384654192391,0.009247213193553757,4,1,4,4
1152_CsDyYbCl,-2.0988912696480684,0.17427078252201716,0.10432969729243988,0.07857825850206406,4,1,3,4
1153_CsHgHoCl,-1.8250497485052393,0.09459114571261304,0.10435895696163018,0.009965992894996643,4,3,4,4
1154_CsCrEuCl,-1.8921979317922084,0.15661840680767455,0.03979796220783347,0.01742634075273102,4,4,4,4
1155_CsHgScCl,-1.762907251948201,0.09551805996926498,0.10067619134961975,0.006705748675229958,4,3,4,4
1157_CsTiDyCl,-1.9007293134789411,0.16631289580180225,0.14537333564559615,0.05394581226194208,4,1,1,4
1156_CsNaDyCl,-2.178580893062694,0.14903051499307013,0.0,0.0,4,4,4,4
1158_CsBeRaCl,,,,,0,0,0,0
1159_CsMnSrCl,-1.9732690421176773,0.15840716836577146,0.011689247191342074,0.002564439092997652,4,4,4,4
1160_CsZnPbCl,-1.5379448602471708,0.09418046790128823,0.05149674564499813,0.0036968386414639853,4,4,4,4
1161_CsPdDyCl,-1.7837968418849217,0.10996302839321963,0.11187789440220039,0.012045278174875293,4,1,4,4
1162_CsMgAmCl,,,,,0,0,0,0
1163_CsAgEuCl,-1.7761337051639055,0.11417463443894259,0.0,0.0,4,4,4,4
1164_CsRbCoCl,-1.455468634753096,0.14315164263082508,0.0088549040248423,0.0036312263062033448,4,4,4,4
1165_CsTlFeCl,-1.392495472219062,0.11184207530021337,0.02798799276546623,0.014120704125391384,4,4,4,4
1166_CsKTaCl,-1.6732089861062143,0.09745499589065723,0.09978419303898219,0.009719622797214523,4,1,4,4
1168_CsCaNpCl,-1.9819585303314384,0.15161461350476993,0.11031982004869853,0.0164183338292997,4,2,4,4
1169_CsRbAsCl,-1.4883154759681752,0.09988370093311229,0.0346901327374933,0.006547592244805259,4,4,4,4
1170_CsMnBaCl,-1.9566172269420483,0.15538685943487127,0.0476871341482818,0.0018994100680998455,4,4,4,4
1171_CsRbNiCl,-1.4070735821988132,0.14659020493696892,0.01652361750781955,0.012582884991331885,4,4,4,4
1172_CsKNbCl,-1.7300937709194453,0.10082325710506203,0.0393021082860993,0.011150790503262524,4,4,4,4
1174_CsNaHoCl,-2.1813654372952875,0.15205472217073734,0.0,0.0,4,4,4,4
1175_CsKCuCl,-1.3651754418874982,0.09258516432663513,0.03763626590051512,0.012587408907783638,4,4,4,4
1176_CsZnSrCl,-1.9313987175475154,0.11338401850647589,0.06656015664562161,0.00539388450553524,4,4,4,4
1177_CsNaYCl,-2.181874532488353,0.15524575403616633,0.0,0.0,4,4,4,4
1178_CsMnEuCl,-1.9535647866569052,0.1624132026462426,0.005887018143561,0.003123190343403877,4,4,4,4
1179_CsGePbCl,-1.4605610738050223,0.06361397425701709,0.018229243158299276,0.001276664223323091,4,4,4,4
1180_CsCuPbCl,-1.3571233163126406,0.09089755360710117,0.019331919154946524,0.0008799957740249591,4,4,4,4
1181_CsAgSmCl,-1.9053560564772392,0.10945942267529592,0.0,0.0,4,4,4,4
1182_CsCoSmCl,-1.7849303523549584,0.15171382720864426,0.12634127736089537,0.029475814363283583,4,1,4,4
1183_CsKAlCl,-1.8951321343436522,0.10048060177474845,0.0261260315750987,0.011840704287304877,4,4,4,4
1184_CsFeSmCl,-1.76642031171315,0.14298850271128438,0.15212608724948956,0.027532327683932396,4,0,1,4
1185_CsTlMnCl,-1.5001306173656626,0.12436377517554217,0.003903023899050775,0.002650798728643747,4,4,4,4
1186_CsHgTbCl,-1.8223518756379893,0.09472830055549228,0.07302789628387271,0.004491960005749075,4,4,4,4
1187_CsAuScCl,-1.7074763784645797,0.10039531056381483,0.2165473381687358,0.21529555532166575,4,0,3,3
1188_CsTlCrCl,-1.56138402917669,0.13322127147510027,0.006092941762280225,0.002872797774701622,4,4,4,4
1189_CsCrBaCl,-1.8863867501267428,0.1526234567273964,0.08348779281194925,0.007013116561986508,4,4,4,4
1190_CsAgSbCl,-1.3347946951639238,0.07042245356040365,0.0,0.0,4,4,4,4
1191_CsHgTaCl,-1.4661895370810907,0.07207469839792748,0.0851008988945155,0.015216604626733115,4,3,4,4
1192_CsHgNbCl,-1.4563655380870668,0.07577855407380445,0.08393865451495183,0.013857274525525796,4,3,4,4
1193_CsZnEuCl,-1.913376156474527,0.1168051461497254,0.05114682167939305,0.003949865981822756,4,4,4,4
1194_CsMgPbCl,-1.7799229482688528,0.10103356851016443,0.018442150948507624,0.004618180208662746,4,4,4,4
1195_CsAuCuCl,-1.0789431522135193,0.0821992486401262,0.14856185217769197,0.185442053867249,4,3,3,3
1196_CsGeSrCl,-1.8415305713676726,0.08056102670110392,0.03486231118265822,0.002960392681193348,4,4,4,4
1197_CsCuSrCl,-1.7154746154811793,0.1128077808023428,0.0585831855734163,0.0035182406821395655,4,4,4,4
1198_CsNiSmCl,-1.779709441448313,0.13422041857458888,0.11935510784411812,0.012292199488467714,4,0,4,4
1199_CsAgPdCl,-1.1622566292554617,0.08422630637507651,0.002912788091941925,0.0031804933351756385,4,4,4,4
1200_CsNaErCl,-2.1811153719669543,0.15114839139325562,0.0,0.0,4,4,4,4
1201_CsRbFeCl,-1.5389639148968728,0.15250095825856036,0.044665122033748124,0.014948307547212835,4,4,4,4
1202_CsCoAmCl,,,,,0,0,0,0
1203_CsAgPmCl,-1.9037276844023492,0.11144204390303455,0.0,0.0,4,4,4,4
1204_CsCdEuCl,-1.9302888351048186,0.11657400514324233,0.0001606305435442,0.0003212610870884,4,4,4,4
1206_CsHgNpCl,-1.7096049951842383,0.1374699148227439,0.08640569970191865,0.021273978245612814,4,3,4,4
1207_CsSrAgCl,-1.675565622237277,0.09781839102025658,0.07710702270051357,0.0010840274372411777,4,4,4,4
1209_CsTlGaCl,-1.5150383422645954,0.08541805593875121,0.04675628394032188,0.008752379566985987,4,4,4,4
1210_CsAgCmCl,,,,,0,0,0,0
1211_CsNaTlCl,-1.5033039967085742,0.12951328992516284,9.03725624085e-05,0.000180745124817,4,4,4,4
1213_CsAuAlCl,-1.4321915040256763,0.09142783511250546,0.2677870064990153,0.21548696326699338,4,0,1,3
1214_CsKScCl,-2.1567455033304457,0.10884408995826303,0.0,0.0,4,4,4,4
1215_CsAgAmCl,,,,,0,0,0,0
1216_CsPtNpCl,-1.4502623478431362,0.15580707773976607,0.3457483470430238,0.014673230935577814,4,0,0,0
1217_CsMgSrCl,-2.182741648937367,0.12052751428467937,0.013226015867003624,0.005259181537398895,4,4,4,4
1218_CsNaTmCl,-2.1800257394559335,0.14851549087380425,0.0,0.0,4,4,4,4
1219_CsCuEuCl,-1.77636581757262,0.11875674082428528,0.0,0.0,4,4,4,4
1220_CsNiAmCl,,,,,0,0,0,0
1221_CsAgAgCl,-1.1259325454480826,0.08474508948938737,0.009655338524174824,0.004131509952230537,4,4,4,4
1222_CsGeEuCl,-1.82585767009539,0.08824952585066619,0.02502872794638875,0.0014384450850775925,4,4,4,4
1223_CsHgGdCl,-1.8169286603572914,0.09003690802972343,0.1033355139194005,0.010044104634545274,4,3,4,4
1225_CsAuSbCl,-1.2142009804497538,0.06153935208188078,0.1940871819857288,0.21243875117236208,4,3,3,3
1226_CsAgPbCl,-1.346961391951391,0.08067203378525369,0.0081086873993919,0.002683306461076042,4,4,4,4
1228_CsSrCdCl,-1.9471233519278721,0.11245371792307549,0.0078891540558976,0.0005594554915895267,4,4,4,4
1229_CsKAgCl,-1.3043260792744449,0.07775222241099991,0.06608560606418443,0.0038957760971760355,4,4,4,4
1230_CsAgScCl,-1.8513004610778085,0.10979250996852892,0.0,0.0,4,4,4,4
1231_CsRbMnCl,-1.6337812421177502,0.16026511064771662,0.033071212471017374,0.002371452400826812,4,4,4,4
1232_CsAgNdCl,-1.8981392512560358,0.11070371539485685,0.0,0.0,4,4,4,4
1233_CsRbCrCl,-1.7183218786974228,0.17317545244337118,0.0123006641876448,0.0035263260763184192,4,4,4,4
1234_CsVNpCl,-1.6558721999150388,0.20054271392598752,0.1524151206042496,0.019597485667116075,4,0,1,4
1237_CsMgEuCl,-2.1600558856986223,0.1261854753954368,0.0105435773728208,0.007359914840199945,4,4,4,4
1238_CsCuAcCl,-1.8778481791286565,0.11075338683487551,0.06522007658995838,0.002859227669310502,4,4,4,4
1239_CsAgCdCl,-1.2986954080431197,0.09227960790845906,0.03923233697511748,0.0024217367542400956,4,4,4,4
1240_CsHgEuCl,-1.7718960309880274,0.10164794674172101,0.0044553070423240665,0.0031951649934689012,4,4,4,4
1241_CsNaYbCl,-2.0184135610702736,0.27731017181086637,0.04010685905814125,0.04639817162757644,4,4,4,4
1242_CsCoPbCl,-1.386080561068,0.12826482025876598,0.0405628308645943,0.007736984019874169,4,4,4,4
1243_CsNaAcCl,-2.1839032779002627,0.14920747498602913,0.000686883924999825,0.00137376784999965,4,4,4,4
1244_CsAgPrCl,-1.8917151371481788,0.10778177555691532,0.00891967415858035,0.00433158474980754,4,4,4,4
1245_CsRbGaCl,-1.6706005404261035,0.12851246011296105,0.054339657724910784,0.009721971186797709,4,4,4,4
1246_CsVBaCl,-1.9631603399734465,0.15262830304828748,0.0459615767023642,0.0018879367124436874,4,4,4,4
1247_CsKSbCl,-1.6170115570062282,0.06712646902368304,0.012556260823317676,0.002432144825542604,4,4,4,4
1248_CsKPdCl,-1.4017996708404379,0.07973514095422007,0.0669904097901793,0.002846461991663578,4,4,4,4
1249_CsCdPbCl,-1.5526562976191682,0.09356816258693587,0.004753642777592875,0.0007405770803005844,4,4,4,4
1250_CsTlVCl,-1.5889974484683762,0.11538218088619405,0.0140353530675696,0.002192296365218118,4,4,4,4
1252_CsNaLuCl,-2.181754584098808,0.15375916868826175,0.0,0.0,4,4,4,4
1251_CsFePbCl,-1.4313109467307457,0.1159910793982414,0.037507446273349274,0.010378631449031363,4,4,4,4
1253_CsPoVacCl,,,,,0,0,0,0
1254_CsLiAcCl,-2.206211389091834,0.1179994285099837,0.009404657779130425,0.004037452045926546,4,4,4,4
1257_CsNiPbCl,-1.390564168477558,0.12411006991854805,0.03806866109501987,0.004180968159607764,4,4,4,4
1258_CsThVacCl,-2.2279451831453647,0.11282475487759579,0.0082812507955709,0.0030020438043157904,4,4,4,4
1259_CsTiYbCl,-1.977583678052034,0.13746410094052303,0.07910016609589982,0.05776187744220613,4,3,3,4
1260_CsTiHgCl,-1.6325204141275511,0.08203516879598963,0.0791518233721597,0.01478067462579727,4,3,4,4
1261_CsHgMoCl,-1.2882862033779263,0.08640348603320279,0.07349623963501525,0.01020269097501455,4,4,4,4
1262_CsHgSmCl,-1.8104138227659377,0.09485042854100596,0.08268996104460155,0.006642629016290901,4,4,4,4
1263_CsCoSrCl,-1.7743125090850613,0.14757318962144098,0.0607382878675605,0.010079860208253515,4,4,4,4
1264_CsPdNdCl,-1.766893286493783,0.1122784835847296,0.11541954229126347,0.006916518896233715,4,0,4,4
1265_CsBaPtCl,-1.583558545496556,0.10395140644039079,0.2020661324278507,0.0076024542428694605,4,0,0,1
1266_CsAgPuCl,-1.7772845069409549,0.1364863898085597,0.024333333971526774,0.005264125095109704,4,4,4,4
1268_CsFeSrCl,-1.818252829696511,0.13818465402844898,0.04694626480349122,0.012854815846766012,4,4,4,4
1269_CsNaAuCl,-1.2445827195880876,0.12263087966739625,0.17871296703822667,0.15813326133485722,4,1,3,3
1270_CsDyPtCl,-1.621258474374618,0.10721205192497588,0.273333607615179,0.008245374047803882,4,0,0,0
1271_CsNiSrCl,-1.779070715096069,0.14604045844011806,0.0471646800635205,0.006338577923593599,4,4,4,4
1272_CsAgTaCl,-1.3605419589933132,0.10096249269278189,0.190748476982294,0.01458359995405775,4,0,0,3
1273_CsAgNbCl,-1.4252611604312448,0.10660974465930262,0.11504303217077246,0.017422377297800596,4,1,4,4
1274_CsHgRuCl,-1.1264096240041488,0.08374629253962604,0.08346844439767992,0.004532392871080681,4,4,4,4
1275_CsHgIrCl,-1.10951224588774,0.08226648293311917,0.07967620723774675,0.013068430892531136,4,4,4,4
1277_CsHgCmCl,,,,,0,0,0,0
1278_CsAgCeCl,-1.887925560259329,0.12421304777349675,0.02248229384357655,0.01499003434418134,4,4,4,4
1279_CsRbVCl,-1.7479883561388054,0.15582458582523753,0.018190017343235075,0.003179467622180715,4,4,4,4
1280_CsHgPmCl,-1.8071792411140877,0.0953168005575528,0.020733531566000725,0.0012807493191970254,4,4,4,4
1281_CsCdAmCl,,,,,0,0,0,0
1282_CsCrNpCl,-1.6662909308910574,0.21053244561979154,0.1358557045476076,0.04144224005766405,4,1,2,4
1283_CsFeEuCl,-1.8095197091346082,0.13646273149735857,0.0301729008568427,0.00818424855189723,4,4,4,4
1284_CsTlRhCl,-1.3348986337454671,0.08887000441132213,0.0,0.0,4,4,4,4
1286_CsCaTiCl,-2.0184580176919003,0.14041125936913015,0.047806900078231025,0.017888347242813053,4,4,4,4
1289_CsNiEuCl,-1.7833615014814033,0.14532018677542818,0.017367409169650024,0.0024337542904986037,4,4,4,4
1290_CsCaPdCl,-1.6801030884038708,0.11717833172472551,0.08116462777232056,0.021141729423098176,4,4,4,4
1291_CsHgRhCl,-1.177518425370666,0.0919125782574886,0.03355730874387047,0.01584937140562713,4,4,4,4
1292_CsCaEuCl,-2.329548777129804,0.12404296943799355,0.0044512346383589006,0.002224049833008483,4,4,4,4
1293_CsCdSmCl,-1.8638097735580172,0.10213598249375613,0.09964333114650213,0.007031129181873594,4,3,4,4
1294_CsTlTiCl,-1.7264460772147767,0.10590969150300761,0.01644256562141995,0.006340515672740616,4,4,4,4
1295_CsNiRaCl,,,,,0,0,0,0
1296_CsDyNpCl,-1.8333038727302844,0.18862957547723744,0.2357845827932299,0.053897785444164535,4,0,0,1
1297_CsAuInCl,-1.3090228090528273,0.0909885558178606,0.20143584460141592,0.2122680768183557,4,2,3,3
1298_CsHgNdCl,-1.8016598964574708,0.0947731438704533,0.10899830882710931,0.011661066202516245,4,0,4,4
1300_CsAgUCl,-1.6692690680258502,0.14677473839733263,0.14758752584629925,0.011992331274069398,4,0,2,4
1301_CsFeRaCl,,,,,0,0,0,0
1302_CsCoRaCl,,,,,0,0,0,0
1303_CsTlIrCl,-1.271252448347282,0.08383317361849144,0.0027307555092818,0.0020115262002591274,4,4,4,4
1304_CsTlRuCl,-1.278603387859351,0.0914067228623335,0.020835085215421174,0.007179918123663121,4,4,4,4
1305_CsHgPrCl,-1.7957309151543022,0.09276261890104717,0.12430123910173148,0.01399769363625199,4,0,4,4
1306_CsCaSrCl,-2.3534008184959694,0.1191728004150397,0.0061056777807454,0.0003150711365909031,4,4,4,4
1307_CsKInCl,-1.7418891171471111,0.10002205295070088,0.0,0.0,4,4,4,4
1308_CsAgBiCl,-1.395018459345975,0.07741725005095075,0.0,0.0,4,4,4,4
1309_CsAgLaCl,-1.931408579136499,0.10416201972307647,0.0127465963352234,0.006953240528204792,4,4,4,4
1310_CsZnNpCl,-1.6527250716942548,0.14594380711934055,0.1494585543862443,0.025195266595880093,4,0,3,4
1311_CsAgMoCl,-1.328336250271259,0.11555048781301604,0.03344619274168542,0.02095485327271576,4,4,4,4
1312_CsRbRhCl,-1.4815723727023817,0.1270420920836459,0.0,0.0,4,4,4,4
1313_CsCrDyCl,-1.8545170495764465,0.1617851378418346,0.13207887510401958,0.041490422014135976,4,1,3,4
1315_CsRbTiCl,-1.886774227011105,0.14737612226133862,0.019259987771188924,0.0077150689169056975,4,4,4,4
1316_CsCaPbCl,-1.9507397363454408,0.09996608783843401,0.011164194344263226,0.0006833313458412589,4,4,4,4
1318_CsAgPaCl,-1.640871674802932,0.10553123727212278,0.24773303270216296,0.00850997010850423,4,0,0,0
1317_CsHgPuCl,-1.72195978038908,0.10790700206510681,0.07965806052340205,0.024556666558544,4,3,4,4
1319_CsEuYbCl,-2.2751358980802125,0.13135809729480039,0.019360634188180625,0.02743829521078549,4,4,4,4
1320_CsTlMoCl,-1.440923451867778,0.10707079071876359,0.0113997826982561,0.007744133487602476,4,4,4,4
1321_CsCuNpCl,-1.6674893776460533,0.17741203761562852,0.128521317240112,0.019390732705187146,4,1,4,4
1322_CsAgIrCl,-1.1348846862562294,0.09245201404068777,0.025330016017112225,0.01558593888354126,4,4,4,4
1324_CsTmPtCl,-1.6210424611816152,0.10897249699527667,0.27077796533773235,0.010561556063374503,4,0,0,0
1325_CsGeNpCl,-1.5292853871841534,0.12082818562786252,0.26672530770200953,0.03939025132035827,4,0,0,0
1327_CsMgRaCl,,,,,0,0,0,0
1326_CsAgRuCl,-1.153200502182445,0.10153124593161612,0.03695507645586035,0.013029227571724351,4,4,4,4
1328_CsRbIrCl,-1.4250170717504929,0.1241005053296457,0.009190408887166475,0.0062838223604599,4,4,4,4
1329_CsSrHgCl,-1.7713996114691122,0.09958359900036869,0.03030658744972045,0.004748406828507538,4,4,4,4
1330_CsEuTmCl,-2.1504537174967293,0.1687407642709504,0.07702966431692587,0.0509681030908946,4,1,4,4
1331_CsRbRuCl,-1.428920794513274,0.12903331483904182,0.03366325050759785,0.005828420812389658,4,4,4,4
1332_CsHgCeCl,-1.833214441176068,0.08841430331298582,0.07138920798683375,0.009700689726661521,4,4,4,4
1333_CsSrYbCl,-2.302072819557665,0.1343137524128324,0.0212628836424051,0.03136722983759841,4,4,4,4
1334_CsMnDyCl,-1.8300024387678246,0.17823839840749453,0.17032144131285618,0.04748719914147286,4,1,1,3
1335_CsVTmCl,-1.8157538185361541,0.18323199196701678,0.18952223583990177,0.05661138940391324,4,0,1,1
1336_CsMgNpCl,-1.8100911329027416,0.1528493806932419,0.1139365360166453,0.01359138312884015,4,0,4,4
1337_CsYbPtCl,-1.6124510044708387,0.10485997418171862,0.21998410920359635,0.0439834468469324,4,0,0,2
1338_CsPtHgCl,-1.1479101500006608,0.06463473795502009,0.05774533264426913,0.008079086690512752,4,4,4,4
1339_CsKPCl,-1.4072628199879458,0.1092805350307417,0.05199020057867659,0.0033388542028077663,4,4,4,4
1340_CsAgTiCl,-1.6171507626614172,0.11372554912828514,0.0945214748382886,0.01730020252683909,4,1,4,4
1341_CsNaInCl,-1.6930270502835896,0.14313489932964005,0.0,0.0,4,4,4,4
1342_CsAgRhCl,-1.2043025443811657,0.09832354277645128,0.0,0.0,4,4,4,4
1343_CsRbMoCl,-1.5998981053504637,0.1462060870668101,0.0145955691735506,0.008352322565888979,4,4,4,4
1344_CsCaAmCl,,,,,0,0,0,0
1345_CsSrTmCl,-2.1558734456572948,0.1690917638184621,0.09975955784179752,0.055417526499174065,4,1,4,4
1346_CsGeRaCl,,,,,0,0,0,0
1347_CsPdBaCl,-1.6804466465991106,0.11143974947297046,0.12836911380291646,0.01566398681905131,4,0,4,4
1348_CsCuRaCl,,,,,0,0,0,0
1349_CsHgPbCl,-1.3876599977270772,0.08082544208178274,0.016443635604743552,0.0047425096824130495,4,4,4,4
1351_CsTiBaCl,-2.0139833211744786,0.13459280755371983,0.0712484740573671,0.012259118018475082,4,4,4,4
1352_CsPdCdCl,-1.2867651360614234,0.09916671207400261,0.07553087472715188,0.014554724228612927,4,4,4,4
1353_CsZnDyCl,-1.844990805770435,0.09885024171175043,0.15616069957604523,0.005383362612073317,4,0,0,4
1354_CsVYbCl,-1.9132803196554837,0.14712058066509787,0.08230246106738566,0.0802175776672035,4,3,3,4
1355_CsAuPCl,-1.0128504961564775,0.10550831461245269,0.23750933607456032,0.2055302695112727,4,0,3,3
1356_CsHgGaCl,-1.3537997777083324,0.08121420283665966,0.11165241301341185,0.00512510216253133,4,0,4,4
1357_CsTiCdCl,-1.6084976874143742,0.11992880635165018,0.10941527957699577,0.01313141890436073,4,1,4,4
1358_CsCuPaCl,-1.5901094088820633,0.11349706207664918,0.29849529862303714,0.009881261376147631,4,0,0,0
1359_CsVHgCl,-1.42078916453494,0.10270539679303965,0.08578318618344691,0.011719889016085961,4,3,4,4
1360_CsHgUCl,-1.7267854044666109,0.11653953127461984,0.09007118940553836,0.01928217924691823,4,3,4,4
1361_CsHgCrCl,-1.3868696580168551,0.13119678260217996,0.08414686210456007,0.0036570390919273533,4,4,4,4
1362_CsTlNbCl,-1.5314352539188107,0.09566847514591414,0.04781474709604701,0.010372110782347269,4,4,4,4
1363_CsCaSmCl,-2.160511590029539,0.15065607621405777,0.07038473983615942,0.034849480505688896,4,4,4,4
1364_CsHgBiCl,-1.3308596456888548,0.06670360788961953,0.07195288265758898,0.004621881011713754,4,4,4,4
1365_CsZnRaCl,,,,,0,0,0,0
1366_CsTlTaCl,-1.4744361652811933,0.09184543502691332,0.10823740541932042,0.008434879859957596,4,1,4,4
1368_CsAuAuCl,-1.0190703103785645,0.07046999931456045,0.25114963650584715,0.3616029753877011,4,3,3,3
1367_CsTmPbCl,-1.8233313391480923,0.11559170184450276,0.1709808289983948,0.012224200384183807,4,0,0,4
1369_CsHgMnCl,-1.3980346863402653,0.13988211455279947,0.018872395984256926,0.005085870855206763,4,4,4,4
1370_CsCuLaCl,-1.8848627577089663,0.10871809251316154,0.05234024524644804,0.001543547483512199,4,4,4,4
1371_CsHgLaCl,-1.83504947894364,0.08945201988903297,0.12850303947735883,0.01645876099269112,4,0,3,4
1373_CsBeBaCl,-1.9000829900180265,0.11324693105907066,0.21321879625313217,0.0013638115406701772,4,0,0,0
1375_CsPaVacCl,-2.0984496750056625,0.12315550322565007,0.0,0.0,4,4,4,4
1376_CsCaPtCl,-1.584862292794657,0.11278095315033143,0.17838149070599923,0.015815153827739386,4,0,0,4
1377_CsCuBiCl,-1.3574986944467289,0.08194770629578356,0.021661292761070275,0.007970931632802691,4,4,4,4
1378_CsCuDyCl,-1.8653124461447803,0.11380141969796702,0.0349594518529161,0.010298810249598465,4,4,4,4
1379_CsGeDyCl,-1.7203813681829727,0.09690741207530389,0.22565980851835898,0.004573293164172667,4,0,0,0
1380_CsLiPaCl,-1.9069897721080593,0.12056401207623446,0.0907179258753596,0.009123160962135451,4,3,4,4
1381_CsPdThCl,-1.7375727365275822,0.08755366671727925,0.27503105401926153,0.02186220312450922,4,0,0,0
1382_CsCoNpCl,-1.5978146562802589,0.20562347159728872,0.1981960386059049,0.04718431151574363,4,0,1,1
1383_CsFeNpCl,-1.5851819912434095,0.19301418583554403,0.210828703642756,0.03445778739414873,4,0,0,1
1385_CsCuUCl,-1.6213215241679737,0.15373159396500316,0.19553506970417348,0.018996899866875798,4,0,0,2
1386_CsNaThCl,-1.9458288440941895,0.1381903330650368,0.12171685695778753,0.019874768037964105,4,0,3,4
1387_CsYbAmCl,,,,,0,0,0,0
1388_CsMnRaCl,,,,,0,0,0,0
1389_CsHgPaCl,-1.795026622201438,0.0923879493451129,0.0935780853036547,0.018701664161631337,4,3,4,4
1390_CsKAuCl,-1.2903869310837972,0.07515593059890435,0.1877575665696682,0.15531550784684225,4,1,3,3
1391_CsLiLaCl,-2.2117968211406773,0.11664966309284361,0.016002666951424774,0.0012865699348433293,4,4,4,4
1392_CsAuLuCl,-1.7716392556670122,0.10197955183713886,0.16741429641921945,0.21471122392343747,4,3,3,3
1393_CsMgDyCl,-1.9676512280954155,0.16735043651663767,0.13817733973293672,0.05731017407082811,4,1,1,4
1394_CsNiNpCl,-1.5972557107464085,0.18764396282923237,0.19875498413975287,0.030706606979234368,4,0,0,1
1395_CsRbBCl,-1.2596319138894316,0.11869626762619577,0.3188733160484166,0.009959970634725765,4,0,0,0
1396_CsLiBiCl,-1.659891993786691,0.08806958151512803,0.008107787371072626,0.005487253839239671,4,4,4,4
1397_CsAgVCl,-1.475347525858645,0.12435832734229389,0.018402381240828,0.007345413156454161,4,4,4,4
1399_CsHgFeCl,-1.2595478678588954,0.10963797414124112,0.06448930650954217,0.01247528622063796,4,4,4,4
1398_CsCaVCl,-1.9649137506743952,0.15850401094389674,0.0252412885397055,0.005749807548188218,4,4,4,4
1401_CsCrYbCl,-1.8849473352079316,0.1385884915041009,0.08011713226698622,0.04540345074041226,4,3,4,4
1402_CsLiUCl,-1.9462723741770234,0.1601242659275685,0.0088522277777314,0.006550393657330245,4,4,4,4
1403_CsAuYbCl,-1.6889430517806114,0.14562305846326082,0.2023743192350808,0.1852557248823702,4,1,3,3
1404_CsFrPCl,,,,,0,0,0,0
1405_CsRbNbCl,-1.6911595013734644,0.1348111227778386,0.05420926034592273,0.009002608007320919,4,4,4,4
1406_CsEuDyCl,-2.155772323394518,0.15947336692425532,0.07172015955209882,0.04121372211309492,4,4,4,4
1408_CsRbTaCl,-1.6341167582945904,0.13032956766378856,0.10452581892457678,0.00653349988372229,4,1,4,4
1409_CsSmYbCl,-2.10753531404813,0.16466992449821866,0.08654144108327162,0.06736696327309231,4,2,3,4
1411_CsCdNdCl,-1.8545938971007254,0.10119699673375676,0.11612847509352185,0.013639576049251534,4,0,4,4
1412_CsKLuCl,-2.225084743880149,0.11052768050615598,0.0,0.0,4,4,4,4
1413_CsCuCeCl,-1.8413719306258405,0.12901886867334145,0.06323171853707005,0.03147077719579269,4,4,4,4
1414_CsMnTmCl,-1.8270146903831046,0.18562636261058413,0.17054187611504298,0.05569452931739039,4,1,1,2
1415_CsNaPdCl,-1.3519042978536349,0.12544154579597033,0.06203697174982953,0.005464919411773609,4,4,4,4
1416_CsNaSbCl,-1.5740500221507734,0.1141724396131627,0.0009129822266177,0.0009064710285296215,4,4,4,4
1417_CsUVacCl,-2.017920832927386,0.14923488574580024,0.000808715819444725,0.00161743163888945,4,4,4,4
1418_CsCrRaCl,,,,,0,0,0,0
1419_CsTlScCl,-1.9541131685059083,0.10071792184050007,0.006048740943850949,0.0019425874700597955,4,4,4,4
1420_CsKYbCl,-2.0547430599563583,0.23825372272206904,0.05226161107420945,0.060434929045702926,4,2,4,4
1422_CsSrDyCl,-2.1644221822291594,0.1591485974307255,0.0910943567746842,0.044876318565380026,4,1,4,4
1424_CsAuTmCl,-1.7732678751002129,0.09982785610399676,0.20768169934500935,0.22072389437685544,4,2,3,3
1425_CsAgGaCl,-1.400325060867696,0.09585411112119677,0.058879585565500145,0.01589696744801886,4,4,4,4
1426_CsNaAgCl,-1.2613139639151874,0.12433740594599411,0.05424891039628992,0.00708739877913674,4,4,4,4
1427_CsLiNpCl,-1.9902442673697331,0.18324577805643016,0.0,0.0,4,4,4,4
1428_CsMnYbCl,-1.9265728158197297,0.15154801350895192,0.05702170935123325,0.0756492448246932,4,3,3,4
1429_CsHgAsCl,-1.201172010833869,0.0579930061271142,0.06251429252298397,0.003428092177423423,4,4,4,4
1430_CsTlBCl,-1.1109799921394528,0.0747305212005508,0.3043796658522969,0.009618025625948998,4,0,0,0
1431_CsLiCeCl,-2.165853471544083,0.13606206835858253,0.0,0.0,4,4,4,4
1432_CsHgNiCl,-1.1927099230224696,0.12012604252303338,0.06547426515261953,0.0035005465986487684,4,4,4,4
1433_CsCuPuCl,-1.7335288683441414,0.14054245772533638,0.06808897256834885,0.00978297339465654,4,4,4,4
1435_CsZnTmCl,-1.847365770722385,0.10088431569594293,0.14806772694030074,0.0023076177812753748,4,0,3,4
1436_CsCoDyCl,-1.7918600718024333,0.1522312068071272,0.12799767578702087,0.03286099622097576,4,1,4,4
1437_CsHgCoCl,-1.1880665833583945,0.12478844698035638,0.0684910678866329,0.012871958309452083,4,4,4,4
1438_CsAuTlCl,-1.1789041886582274,0.07497344776742727,0.15633093118771996,0.2134495713901615,4,3,3,3
1439_CsNaScCl,-2.111112220074739,0.15187191966661423,0.0,0.0,4,4,4,4
1441_CsAgCrCl,-1.4440240512141975,0.1425857002413879,0.01417002528830775,0.00805046108208138,4,4,4,4
1442_CsCaCrCl,-1.8916911671411876,0.15771912560645118,0.055560301740790366,0.01901225007243437,4,4,4,4
1443_CsAgMnCl,-1.4023278889495432,0.13213093597525014,0.0,0.0,4,4,4,4
1444_CsDyPbCl,-1.8209563741934167,0.11264563083008569,0.17420314202757647,0.009693148739278526,4,0,0,4
1445_CsTlSbCl,-1.4294457266589242,0.06102491776049207,0.010237532857410525,0.004072417093711282,4,4,4,4
1446_CsTlPdCl,-1.256674320486789,0.07671204284177988,0.026549817606187423,0.0033720926354319338,4,4,4,4
1447_CsAuErCl,-1.7739835599886353,0.10061310797131597,0.2090378273710045,0.21967736016254422,4,2,3,3
1448_CsKTmCl,-2.2225022176733833,0.1048419896864126,0.0,0.0,4,4,4,4
1450_CsZnHgCl,-1.3464360187281068,0.09538497575753255,0.07228298381087435,0.01357869545733664,4,4,4,4
1451_CsNiDyCl,-1.7865830848464612,0.13346009978778436,0.13437934815950542,0.012315845101057937,4,0,4,4
1452_CsLiPuCl,-2.0504717568412274,0.1455068367976909,0.0,0.0,4,4,4,4
1454_CsGeTmCl,-1.7227461586256354,0.10016014640807692,0.22052336260523786,0.007726790838733579,4,0,0,0
1453_CsCuTmCl,-1.8648704419402615,0.11476748417933182,0.033009336142285926,0.011488196780863233,4,4,4,4
1455_CsCuPrCl,-1.844639329102356,0.11336331458626275,0.05039492448111223,0.004114835947959834,4,4,4,4
1456_CsRbScCl,-2.116478283194708,0.14231315887135398,0.006829198201164075,0.0011832444011373282,4,4,4,4
1457_CsKTlCl,-1.5493670652171625,0.08471457370720994,0.00673714428850785,0.0011934404018297746,4,4,4,4
1458_CsKErCl,-2.2231390873434957,0.10747967399291879,0.00022622595321662982,0.0003847213403565334,4,4,4,4
1459_CsEuNpCl,-1.9786135653516397,0.16129813993784242,0.09330713897903517,0.008471759514868728,4,3,4,4
1460_CsVRaCl,,,,,0,0,0,0
1462_CsAgAcCl,-1.9250050852546488,0.10610920351753576,0.023598669469077023,0.005602388244810597,4,4,4,4
1461_CsAuYCl,-1.7745767781973505,0.10349878482629798,0.21068110813827143,0.2187023194532165,4,2,3,3
1463_CsRbAgCl,-1.2669263193885651,0.11601706789125363,0.07674637958295344,0.002507334234296633,4,4,4,4
1464_CsAuHoCl,-1.7738984982011332,0.10111060596945336,0.21024514014630163,0.21893725125003088,4,2,3,3
1465_CsGeYbCl,-1.8021840984469206,0.08909895593158457,0.10918499032682248,0.09432909217362953,4,2,2,3
1466_CsMgTmCl,-1.9714927772540882,0.16665768206301798,0.1315641351037981,0.0574777355425974,4,1,1,4
1467_CsGeHgCl,-1.2873239526973879,0.06679075933628155,0.030166963581023377,0.0011342669586585329,4,4,4,4
1468_CsLiPrCl,-2.171971635008265,0.11896442422906489,0.01230748891886985,0.0025697115866165614,4,4,4,4
1469_CsCuHgCl,-1.1697381729725285,0.09000799494302765,0.036268421097573625,0.0026017825502326394,4,4,4,4
1470_CsCaMnCl,-1.9655698118054228,0.1617972197122139,0.0091375678769851,0.002689590438304273,4,4,4,4
1471_CsCuYbCl,-1.7939772660395632,0.15389431376123652,0.038973023494273826,0.01993596631379312,4,4,4,4
1472_CsCdPtCl,-1.2120410593704463,0.0876194081883608,0.1467087338372692,0.003832458089626341,4,0,3,4
1473_CsAgFeCl,-1.2873522827882273,0.1192118936679276,0.029762908816451026,0.020164280390011828,4,4,4,4
1474_CsLiNdCl,-2.178194780137228,0.12178250552385597,0.000245948632708425,0.00049189726541685,4,4,4,4
1475_CsSrNpCl,-1.9845055411109545,0.1497512248624549,0.11292164772827547,0.015255331729540609,4,0,4,4
1476_CsKYCl,-2.223363200809412,0.1112739077026626,0.0,0.0,4,4,4,4
1477_CsPtRaCl,,,,,0,0,0,0
1478_CsRbPdCl,-1.3652482400210562,0.11666008812812038,0.07680285424245023,0.0014247153798268438,4,4,4,4
1479_CsRbSbCl,-1.5773334632189469,0.10533655678890444,0.025495368243488123,0.004717531336047618,4,4,4,4
1481_CsCeVacCl,-2.1147455252810823,0.10681643403868371,0.001480751566592825,0.0017353400470229393,4,4,4,4
1482_CsNpVacCl,-1.9955674387624027,0.17623219664789852,0.0,0.0,4,4,4,4
1483_CsCuCmCl,,,,,0,0,0,0
1484_CsCuPmCl,-1.8551154951123752,0.1175796525692209,0.0,0.0,4,4,4,4
1485_CsCaZnCl,-1.9201914201060253,0.1159264630880974,0.0491953447447649,0.011045627248124147,4,4,4,4
1486_CsBeNdCl,-1.688091843810775,0.12871196151605602,0.3465878314654953,0.015550742227004914,4,0,0,0
1488_CsVCdCl,-1.5430927442835922,0.1486752973485078,0.045315956448785326,0.0057174854233730905,4,4,4,4
1487_CsMgYbCl,-2.11861952790243,0.1404826295922788,0.7376838139019465,1.3849427132672327,4,2,3,3
1489_CsNaTaCl,-1.6258678628846095,0.1415917551840824,0.08466488967451627,0.013982992567366303,4,4,4,4
1490_CsAgPtCl,-1.131741554526033,0.07757686071034964,0.05372926115922755,0.0027311846380867273,4,4,4,4
1491_CsNaNbCl,-1.6851082172971417,0.1455270813779957,0.02434135496683405,0.015523061518228697,4,4,4,4
1492_CsMgHgCl,-1.584682383623608,0.10331779675898034,0.043234074196269526,0.009712546905933673,4,4,4,4
1493_CsKHoCl,-2.223101596021934,0.10858403541345898,0.0007020652298199001,0.00021839649391824266,4,4,4,4
1494_CsAuDyCl,-1.7721794942849547,0.09864572290967127,0.21059814940046567,0.21867101607106776,4,2,3,3
1495_CsLiAmCl,,,,,0,0,0,0
1496_CsCaNdCl,-2.1520567486551068,0.13380023945202196,0.07956530948381865,0.014209957103423444,4,4,4,4
1498_CsAgBaCl,-1.6621611992375696,0.09459607854775674,0.09922741353532487,0.007120120365364291,4,3,4,4
1499_CsPbNpCl,-1.6254040876893363,0.12813326469253838,0.1725606858711954,0.03645120392481888,4,0,2,3
1500_CsCaCuCl,-1.7037208984155805,0.11448217656836018,0.0600859930124044,0.0023963513462439204,4,4,4,4
1501_CsCaGeCl,-1.8362963924676876,0.08294681510033818,0.02984558045603375,0.0034696157303682417,4,4,4,4
1502_CsLiCmCl,,,,,0,0,0,0
1504_CsLiPmCl,-2.183711282399799,0.12249246287879899,0.0,0.0,4,4,4,4
1505_CsAgNiCl,-1.1788967678785645,0.11198760599485502,0.030253866315490797,0.010502266712453752,4,4,4,4
1507_CsAgAsCl,-1.2422902653482597,0.0640663339597254,0.008286876974850924,0.001865060597499358,4,4,4,4
1508_CsKDyCl,-2.219894574069623,0.10525729230313322,0.0,0.0,4,4,4,4
1509_CsCoTmCl,-1.7904511372098182,0.1562406967025617,0.12446320479103412,0.0363966673833303,4,1,4,4
1510_CsAgCoCl,-1.1829028049957384,0.11402922158039536,0.018780428169470526,0.007308410949568619,4,4,4,4
1511_CsAuTbCl,-1.77285102504861,0.10180957316086668,0.18694750517744968,0.21464941852463004,4,3,3,3
1512_CsFeTmCl,-1.7715739021550536,0.15116238076234914,0.1697687700390613,0.0397274236990033,4,0,1,4
1513_CsHgAlCl,-1.5128583254762689,0.08878225121889734,0.12217284664609936,0.005046767685723003,4,0,4,4
1514_CsMgCaCl,-2.1730752150084163,0.12342231999065471,0.012641540169344651,0.005263182684971778,4,4,4,4
1515_CsNiTmCl,-1.7858461509001058,0.13609627983266626,0.1335322231055472,0.01601084331574786,4,0,4,4
1517_CsPuVacCl,-2.001797601013875,0.14706846415451497,0.0,0.0,4,4,4,4
1518_CsTlInCl,-1.5465372929849583,0.0914419391143411,0.0,0.0,4,4,4,4
1519_CsCdBaCl,-1.9303787412585351,0.10937314864856594,0.03334973256033578,0.005497769271310516,4,4,4,4
1520_CsLiSmCl,-2.185198027873032,0.12094003592557645,0.0,0.0,4,4,4,4
1521_CsCoYbCl,-1.7852864647774775,0.13971000041665785,0.07675628165233413,0.042318531253794096,4,3,4,4
1523_CsKTbCl,-2.219392683093547,0.10801453524615226,0.0,0.0,4,4,4,4
1524_CsFeYbCl,-1.805154877390907,0.11843835526120283,0.09444951812329155,0.05447641864901093,4,2,3,4
1525_CsCrCdCl,-1.5038366990621832,0.1477183984637368,0.04136392623289593,0.011652978354580668,4,4,4,4
1527_CsAuGdCl,-1.7667117486218984,0.09582113442592928,0.2103648419210626,0.21671296148491073,4,1,3,3
1528_CsNiYbCl,-1.7835881049300482,0.13084749912490207,0.08239984909607807,0.04164078784204652,4,3,4,4
1530_CsNaMoCl,-1.5863238806362236,0.1558736560520421,0.005456287663365425,0.003690038271164999,4,4,4,4
1531_CsPdAcCl,-1.7923581610013886,0.10581584940009939,0.14748827069678158,0.004034622371191389,4,0,2,4
1532_CsHgAcCl,-1.8277481804146427,0.09134046140474195,0.11920528709796926,0.01897751275679116,4,0,4,4
1533_CsNpAmCl,,,,,0,0,0,0
1535_CsNdYbCl,-2.100767147028605,0.15083806635249697,0.09028510451377866,0.05179420252591786,4,2,3,4
1536_CsCuGdCl,-1.8611942658698921,0.10895344195775311,0.03386929482091533,0.007133626097668506,4,4,4,4
1537_CsLiEuCl,-2.0230531761898463,0.12862983797361785,8.4459782500025e-05,0.00016891956500005,4,4,4,4
1539_CsAuEuCl,-1.6606248984587704,0.102148257448352,0.15316950827826645,0.21380296207938856,4,3,3,3
1540_CsKGdCl,-2.21126703419885,0.10351650058108902,0.0,0.0,4,4,4,4
1541_CsPrVacCl,-1.8745071137226523,0.11318171261444136,0.13375009016912404,0.006077273346406159,4,0,4,4
1542_CsAmVacCl,,,,,0,0,0,0
1543_CsCmVacCl,,,,,0,0,0,0
1544_CsNaIrCl,-1.3922207126866617,0.1320256297393468,0.014211826028456699,0.009518001810762847,4,4,4,4
1545_CsMnCdCl,-1.5592495327133555,0.15452900477746614,0.010963856676106824,0.003220008761954478,4,4,4,4
1546_CsNaRuCl,-1.4058953414205404,0.139957958774779,0.028578878940287177,0.010582513722519324,4,4,4,4
1547_CsRbInCl,-1.7032494733602248,0.13380076636716495,0.001749849320970275,0.0011159135422174873,4,4,4,4
1550_CsLiGdCl,-2.189381409669167,0.11671453046043291,0.0,0.0,4,4,4,4
1551_CsCaCoCl,-1.7619893650060854,0.14993644145103804,0.047311675549433226,0.010881003817781334,4,4,4,4
1552_CsCaFeCl,-1.8098825106878604,0.13914940800838163,0.04679564535637555,0.012205032485624821,4,4,4,4
1553_CsCuTbCl,-1.86556998986652,0.11552349668672279,0.024073291570050524,0.012396891252839477,4,4,4,4
1554_CsKEuCl,-2.0371915737626543,0.11660802723877817,0.010030598938961025,0.002345459208161902,4,4,4,4
1555_CsAuSmCl,-1.7616471300354515,0.10127755431482326,0.1963001370444933,0.2138986834490194,4,3,3,3
1556_CsZnCdCl,-1.5096630411708611,0.10908682188475868,0.06266554444822887,0.013761401039107068,4,4,4,4
1557_CsAgCuCl,-1.1390605876706406,0.09030819579037032,0.017912452418421827,0.0015464288265372474,4,4,4,4
1559_CsCaNiCl,-1.7640631387501415,0.14895642192766692,0.0519213467828373,0.006458248526218191,4,4,4,4
1560_CsNaTiCl,-1.876093479976551,0.1544873175591934,0.005363748968828925,0.004263806890592829,4,4,4,4
1561_CsNaRhCl,-1.4520572374143619,0.1359228745759219,0.0,0.0,4,4,4,4
1562_CsAgAlCl,-1.5754090676564887,0.10176560159500607,0.053374560177334045,0.014899842768748625,4,4,4,4
1563_CsLiTbCl,-2.196708761638095,0.12119614701549367,0.0,0.0,4,4,4,4
1564_CsFrAlCl,,,,,0,0,0,0
1565_CsCuCdCl,-1.3138773160539015,0.10386858729387916,0.045435585081141504,0.0010805264860536624,4,4,4,4
1566_CsZnAgCl,-1.2780710796384867,0.09095279216626576,0.08296931311242223,0.006329154322034915,4,4,4,4
1567_CsRbNCl,-0.7232410917562286,0.09105537456044284,0.45619171336309317,0.010072666034155043,4,0,0,0
1568_CsGeCdCl,-1.4414712505868637,0.07774316047004531,0.02017673204391375,0.0016004952918743669,4,4,4,4
1569_CsKSmCl,-2.205048004771926,0.10751617383237848,0.0,0.0,4,4,4,4
1570_CsTiRaCl,,,,,0,0,0,0
1571_CsAuCmCl,,,,,0,0,0,0
1572_CsAuPmCl,-1.7599715630063153,0.10345443827330197,0.1327846929431749,0.2160402340096075,4,3,3,3
1573_CsFrCuCl,,,,,0,0,0,0
1574_CsPdRaCl,,,,,0,0,0,0
1575_CsAuAmCl,,,,,0,0,0,0
1576_CsLiDyCl,-2.196604789279625,0.11863772169933033,3.7539006875175e-05,7.507801375035e-05,4,4,4,4
1577_CsCuHoCl,-1.866200608993556,0.1152414505538057,0.035113458584935774,0.009159792558179301,4,4,4,4
1578_CsMgCdCl,-1.7566959264237572,0.11636008745497402,0.024526838461060026,0.005683667172993614,4,4,4,4
1580_CsGeAgCl,-1.2824440667871462,0.0680301844812441,0.027254486084276223,0.006308452157097104,4,4,4,4
1581_CsCuYCl,-1.8674258241931703,0.11704211183717819,0.035253005721859354,0.007926933293738362,4,4,4,4
1582_CsBeSmCl,-1.6974512571949356,0.14231773287403784,0.3427871991844411,0.03491082580608463,4,0,0,0
1583_CsKPmCl,-2.2033074925198215,0.10938108445718446,0.0,0.0,4,4,4,4
1584_CsKCmCl,,,,,0,0,0,0
1586_CsCaBaCl,-2.332279245045054,0.11623565308598384,0.04104529023427645,0.005939429514314278,4,4,4,4
1587_CsSrEuCl,-2.3317101696980362,0.12130096928773429,0.012540751696752351,0.00256741414808432,4,4,4,4
1588_CsAuNdCl,-1.7546126017785928,0.10214462134582168,0.21318551947976944,0.21743098609193823,4,0,3,3
1589_CsKAmCl,,,,,0,0,0,0
1590_CsLiHoCl,-2.198793966556332,0.12162469205631617,3.601312625045e-05,7.20262525009e-05,4,4,4,4
1591_CsPdPtCl,-1.0831224034100544,0.08328492861993342,0.09544653263437414,0.014000900858622945,4,2,4,4
1592_CsCuErCl,-1.865404881026227,0.11437854723278722,0.03465706631596328,0.00887086737282643,4,4,4,4
1593_CsMgAgCl,-1.4970488409042342,0.09767748996528965,0.0818340629346039,0.0017911570990869546,4,4,4,4
1594_CsTiPtCl,-1.354402855025594,0.09812064586410585,0.35726938247411677,0.00748409630791761,4,0,0,0
1595_CsLiYCl,-2.1994399259346524,0.12409367556404798,0.0,0.0,4,4,4,4
1596_CsBeAmCl,,,,,0,0,0,0
1597_CsTlNCl,-0.6334228406215838,0.06695466668475099,0.9337742216883582,0.4699662507532274,4,0,0,0
1598_CsNaVCl,-1.7335368821850186,0.1646791561637944,0.0065620869419762,0.004489899238654715,4,4,4,4
1599_CsAgThCl,-1.7184228072417072,0.0764413832427313,0.29418098330513576,0.029413415866858052,4,0,0,0
1600_CsEuPbCl,-1.9361679981035496,0.10402535984137516,0.01048035770421225,0.0027708221807411578,4,4,4,4
1601_CsAuPrCl,-1.7485918025007021,0.09948567392939646,0.2285903463778297,0.21672696425300347,4,0,3,3
1603_CsTlLuCl,-2.0192586968208808,0.10238905995125593,0.0,0.0,4,4,4,4
1605_CsKNdCl,-2.1966017703049667,0.1081706296708089,0.013171155254078575,0.003466247720419297,4,4,4,4
1606_CsLiErCl,-2.198212791469947,0.12057583530887767,5.2416323759625e-05,0.00010483264751925,4,4,4,4
1607_CsKBCl,-1.2909489422867408,0.08138420485789948,0.31429527401821966,0.011495918231576899,4,0,0,0
1609_CsTiVCl,-1.6132785469143265,0.1715247155544278,0.12813195437031982,0.041154281196669376,4,1,3,4
1610_CsTlYbCl,-1.9059353525306995,0.1680280095608231,0.039714911582251225,0.02873652019630734,4,4,4,4
1611_CsCoCdCl,-1.3495787280145002,0.1426348480682846,0.06129012554887675,0.01497969623207449,4,4,4,4
1612_CsAuPuCl,-1.6403513351914374,0.126795767329727,0.24009149670883073,0.15290636996198997,4,0,0,3
1613_CsSrPbCl,-1.95365049638926,0.09692711612555373,0.018504343927054426,0.0008499046219773646,4,4,4,4
1614_CsKPrCl,-2.189416016126969,0.10497463838279532,0.017825272179913552,0.0064001307934421795,4,4,4,4
1616_CsRbAuCl,-1.2531748185419918,0.11324222358090588,0.19823069274436286,0.15443931867142108,4,0,3,3
1615_CsBaHgCl,-1.7551840791933144,0.09613507036134242,0.06635691030197516,0.000864397730625341,4,4,4,4
1617_CsBaYbCl,-2.2846409285921805,0.1279082683422403,0.04796472589265028,0.027404841436742863,4,4,4,4
1618_CsLiTlCl,-1.519610683108896,0.09812832309787826,0.01427747160273215,0.008028847192221585,4,4,4,4
1619_CsFeCdCl,-1.4028713884298092,0.12985265550346817,0.04758280615063855,0.00917979506373665,4,4,4,4
1620_CsBePbCl,-1.512512629714775,0.09631457288784558,0.16984100341738803,0.00294916088438103,4,0,0,4
1621_CsAuBCl,-0.8490415632576384,0.0737709194187539,0.5349229976532616,0.217242646920133,4,0,0,0
1622_CsLiTmCl,-2.1970449278610173,0.11851505158921621,9.9337099999975e-05,0.00019867419999995,4,4,4,4
1623_CsNaGaCl,-1.652204848312755,0.1370804843926061,0.04462552517821833,0.014829553699626508,4,4,4,4
1624_CsNiCdCl,-1.3490916418385157,0.1395102046918854,0.06239885340151903,0.005510454660729716,4,4,4,4
1625_CsFrCoCl,,,,,0,0,0,0
1628_CsNaCrCl,-1.6980042288536183,0.180904694663992,0.0060838162914042745,0.004782201239593952,4,4,4,4
1629_CsEuAmCl,,,,,0,0,0,0
1630_CsFrAsCl,,,,,0,0,0,0
1631_CsFrNiCl,,,,,0,0,0,0
1632_CsBaTmCl,-2.153624055768905,0.15891915200967435,0.11529655456626414,0.042957362638770515,4,1,4,4
1633_CsKPuCl,-2.0688983450196057,0.13017310911460725,0.0,0.0,4,4,4,4
1634_CsAuNpCl,-1.5767035196058128,0.16244664829580283,0.28568390309979264,0.13109798374232715,4,0,0,0
1635_CsTlTmCl,-2.01705169775899,0.09591364750533164,0.006893372535937525,0.005522641250108956,4,4,4,4
1636_CsAuCeCl,-1.7453258226164199,0.11387611261761692,0.2415493965137566,0.16881733534397533,4,0,1,3
1637_CsRbLuCl,-2.1841026196733004,0.14344896284498754,0.0,0.0,4,4,4,4
1638_CsNaMnCl,-1.6227955398387803,0.16980991834021025,0.0151655837894857,0.004893973338540969,4,4,4,4
1639_CsCuLuCl,-1.8617173264307074,0.11550141009144144,0.01144051551712415,0.007651927766136981,4,4,4,4
1641_CsHgPCl,-1.0994534477437945,0.10634305856250503,0.10076773848544626,0.023237668508583054,4,3,4,4
1642_CsPdPaCl,-1.6354685852810469,0.10236900180227086,0.25313612222405174,0.01591599367908372,4,0,0,0
1643_CsBeSrCl,-1.9075965906045136,0.11498388646684685,0.18327431082862058,0.004250536572141774,4,0,0,4
1645_CsLiYbCl,-2.04441854902629,0.2341870641055196,0.041932483761861275,0.04706434775819611,4,4,4,4
1646_CsRbYbCl,-2.0105002994236085,0.27905777488143024,0.06720431670359835,0.06432155047002353,4,2,4,4
1648_CsTiCrCl,-1.596079984293628,0.16724072765457582,0.12613995472441192,0.050017204515471765,4,1,3,4
1649_CsSmEuCl,-2.15502656796101,0.15020204391329844,0.056943676372507024,0.03286222550144356,4,4,4,4
1650_CsSrAmCl,,,,,0,0,0,0
1651_CsTlErCl,-2.017767716432964,0.09897053589958886,0.007676623764722301,0.005172082000025359,4,4,4,4
1652_CsKNpCl,-2.0072886119148703,0.16622693844639838,0.0,0.0,4,4,4,4
1653_CsNdNpCl,-1.8306166032790585,0.1632843543233124,0.22193815012891652,0.02560712229548486,4,0,0,1
1654_CsKCeCl,-2.1829086283693324,0.12251299824496573,0.0,0.0,4,4,4,4
1655_CsPdLaCl,-1.8011995086925434,0.10455863676454621,0.13166659623391938,0.0021366661362975116,4,0,4,4
1656_CsLiLuCl,-2.196972871806789,0.12296669936503209,0.0,0.0,4,4,4,4
1657_CsPdBiCl,-1.293773896482809,0.07589391193750374,0.07871824105486053,0.007215481727889294,4,4,4,4
1658_CsBeEuCl,-1.8851462895536792,0.11923896941870188,0.17228871584024397,0.0034044930721672966,4,0,0,4
1660_CsAuUCl,-1.5413712392082757,0.1329226697686367,0.33939204812242707,0.12484044641998783,4,0,0,0
1661_CsNaFeCl,-1.5287907073741298,0.1611375646492045,0.0272565066833251,0.018841765625016743,4,4,4,4
1662_CsFrFeCl,,,,,0,0,0,0
1663_CsPdUCl,-1.603090591220155,0.13766336652564443,0.2137660026519874,0.010387289558610811,4,0,0,0
1664_CsHgThCl,-1.9118674459418536,0.08212296414057667,0.1007363446049882,0.022254707647613517,4,3,4,4
1665_CsTlYCl,-2.0181062171728543,0.10334704134768893,0.008306451144157226,0.004194270301274904,4,4,4,4
1666_CsAuBiCl,-1.2680378268004664,0.06860351466475777,0.19288629715747868,0.2162654167336331,4,3,3,3
1667_CsPbAmCl,,,,,0,0,0,0
1668_CsSrSmCl,-2.1651095847132265,0.14776834148902038,0.0723671441288341,0.034122369863033915,4,4,4,4
1669_CsRbTmCl,-2.1815293917921355,0.13826986577421724,0.005834988256535025,0.00395858053116049,4,4,4,4
1670_CsTlHoCl,-2.017407680537065,0.09979263692625524,0.008579491081748875,0.005284486196039718,4,4,4,4
1671_CsAuLaCl,-1.7886850724433438,0.0948482306447208,0.23113723099537992,0.21594059781186722,4,0,3,3
1672_CsLiAuCl,-1.2624665925764083,0.08709009471484089,0.19821734577194647,0.1580326100547308,4,0,3,3
1674_CsTiMnCl,-1.6262159305261252,0.17101349553840367,0.1067874810291318,0.039047602509684934,4,1,4,4
1675_CsRbTlCl,-1.5103698263465668,0.11932318134300439,0.018995396791992972,0.004009414205379641,4,4,4,4
1676_CsKUCl,-1.963417641306021,0.14367485816804793,0.006870228051124999,0.0048490907160473554,4,4,4,4
1677_CsRbErCl,-2.1820368955410805,0.1407913655212942,0.020551838973104402,0.003770148517396446,4,4,4,4
1678_CsSmPbCl,-1.805367285994647,0.10842498634840166,0.17233889996738122,0.005676208910118869,4,0,0,4
1679_CsAuPaCl,-1.5869078407527324,0.08529909802314944,0.3602776885049139,0.10833598513682044,4,0,0,0
1680_CsKBiCl,-1.6821430067063194,0.0745420165155054,0.013255363703296576,0.0020901586950722744,4,4,4,4
1681_CsKLaCl,-2.228100625659046,0.10291591566919912,0.021914917227099127,0.007976303893923965,4,4,4,4
1682_CsTlDyCl,-2.0143845210344073,0.09669083751757818,0.009385852517649399,0.005598611521326319,4,4,4,4
1683_CsFrMnCl,,,,,0,0,0,0
1684_CsNaAsCl,-1.479043699289814,0.10794175424316864,0.01585208475581475,0.0022464693459748213,4,4,4,4
1685_CsZnPdCl,-1.2585104892504704,0.09701547242683418,0.12598865181361896,0.01502211916774044,4,0,4,4
1686_CsPdCeCl,-1.7774419734754234,0.11561182598023902,0.12716167568748357,0.01825032184571583,4,0,4,4
1687_CsNaNiCl,-1.385223902251507,0.15386219012312044,0.010356277226999375,0.013185406033303636,4,4,4,4
1688_CsTiZnCl,-1.5795423090308118,0.11954194289353863,0.14901339821545143,0.016797854023562906,4,0,1,4
1689_CsFrCrCl,,,,,0,0,0,0
1690_CsNaCoCl,-1.4221514145369833,0.15143604265738542,0.014062299580913375,0.003659516070684396,4,4,4,4
1692_CsAgRaCl,,,,,0,0,0,0
1693_CsBaDyCl,-2.158780912544581,0.15078462564930642,0.1100232332953352,0.03427536825233973,4,1,4,4
1694_CsRbYCl,-2.182050962237783,0.1449578210801481,0.00771163801317005,0.0036030935944581168,4,4,4,4
1695_CsFrGaCl,,,,,0,0,0,0
1696_CsRbHoCl,-2.181917328621739,0.14170860926541629,0.021139028173151227,0.004135928606842548,4,4,4,4
1697_CsCuPdCl,-1.1430388222010097,0.08811978051329752,0.0406065553417355,0.0087552972746655,4,4,4,4
1698_CsTiGeCl,-1.5025488585104638,0.09196857569934974,0.20912337898924463,0.005357513089762033,4,0,0,0
1700_CsAgPCl,-1.1229346960646096,0.11216742291292103,0.051845473049667405,0.009014130083641134,4,4,4,4
1702_CsGePdCl,-1.2258381376512748,0.06827517759178281,0.09818609663078588,0.002111999543883132,4,3,4,4
1701_CsPdPuCl,-1.6729133824385176,0.13205623702884492,0.12870445847397313,0.008249274467021894,4,0,4,4
1703_CsVPtCl,-1.2086780081037543,0.12299533552616947,0.2787567496300648,0.011793325217128975,4,0,0,0
1704_CsTlTbCl,-2.0142950822761616,0.10019493544135545,0.0,0.0,4,4,4,4
1705_CsCdRaCl,,,,,0,0,0,0
1706_CsSmAmCl,,,,,0,0,0,0
1707_CsPdPrCl,-1.7615171114475467,0.10952681216607082,0.1305318588999956,0.005635186653587526,4,0,4,4
1708_CsMgPdCl,-1.4870408813022322,0.11173108555213616,0.11068800340161204,0.019914388246019817,4,1,4,4
1709_CsMgTiCl,-1.8235126793261451,0.14065950191713836,0.07921340697164664,0.02224643726309026,4,4,4,4
1710_CsRbDyCl,-2.1785853574530147,0.13865203620636327,0.0084310417390629,0.004556976101983401,4,4,4,4
1711_CsTlGdCl,-2.005948842553383,0.09502330745298465,0.010893797875248974,0.005571345068338818,4,4,4,4
1712_CsFrVCl,,,,,0,0,0,0
1713_CsCuInCl,-1.3950364778308144,0.10374327543784854,0.0358489230276516,0.007488804070316867,4,4,4,4
1714_CsRbTbCl,-2.178075735754864,0.14123170213271372,0.0,0.0,4,4,4,4
1715_CsCrPtCl,-1.1993530342827738,0.13563534404589597,0.25147577077166366,0.007880072208487668,4,0,0,0
1716_CsTlEuCl,-1.8628518412383124,0.10657346337749937,0.0,0.0,4,4,4,4
1717_CsNaCuCl,-1.3113922069341757,0.1351425573129964,0.036570689826684925,0.013606959476444138,4,4,4,4
1718_CsPdPmCl,-1.7717456797641737,0.11285088271656546,0.04906005710147282,0.019775606766407636,4,4,4,4
1719_CsLiInCl,-1.7052049825455755,0.11194846309990289,0.0123744577159632,0.0021780621393057147,4,4,4,4
1720_CsPdCmCl,,,,,0,0,0,0
1721_CsBaNpCl,-1.9729965994607797,0.14914179521299945,0.13314655721355279,0.018114119156716884,4,0,3,4
1723_CsTiCoCl,-1.4954300761073316,0.15588590289235857,0.21624216139237748,0.059565645972350305,4,0,1,1
1725_CsVCrCl,-1.5119200597037603,0.18806176893459073,0.0825914273658383,0.0225666584731885,4,4,4,4
1726_CsFePdCl,-1.2018120477468517,0.11082501659878702,0.114154212175484,0.01804740791554822,4,1,4,4
1727_CsNaAlCl,-1.8380764434602248,0.1426340896440102,0.028332911431373224,0.013953066806231103,4,4,4,4
1728_CsRbGdCl,-2.16954559185839,0.13707651171553972,0.010442620516339225,0.004573177142260757,4,4,4,4
1729_CsTlSmCl,-1.999803424861956,0.09894808918268622,0.0,0.0,4,4,4,4
1730_CsMnPtCl,-1.2322320756761393,0.13360163191672367,0.1564635008568239,0.006981377758204234,4,0,1,4
1731_CsPbVacCl,-1.3904839831226319,0.08294674311484485,2.111991261732893e-05,3.745875340828644e-05,4,4,4,4
1732_CsNiPdCl,-1.132117421416948,0.10921436191907131,0.0978044420467857,0.009809916348996705,4,2,4,4
1733_CsTiNiCl,-1.4890993743981373,0.13666036585589178,0.2225728631015713,0.04020495613872329,4,0,0,1
1734_CsBeNpCl,-1.5460049951913113,0.1519100476475651,0.29666067385954187,0.026993123966866372,4,0,0,0
1735_CsNdEuCl,-2.1471491346615763,0.13480292656690823,0.07022798905790822,0.012455535113800216,4,4,4,4
1736_CsFrRhCl,,,,,0,0,0,0
1737_CsRbEuCl,-1.9940663407141148,0.15104912517225494,0.030759675302476072,0.004794541232442566,4,4,4,4
1738_CsKNCl,-0.756471250438861,0.0509673848839047,0.4497005410475713,0.008442756484874695,4,0,0,0
1739_CsZnPtCl,-1.1807734558851033,0.08630782605088282,0.2010889850552829,0.007720056849873055,4,0,0,2
1740_CsVMnCl,-1.5673243102841323,0.19417122283306287,0.053795435428413974,0.008272952889830296,4,4,4,4
1741_CsTlPmCl,-1.99809850850458,0.10107745375651732,0.0,0.0,4,4,4,4
1742_CsTlCmCl,,,,,0,0,0,0
1743_CsFrTiCl,,,,,0,0,0,0
1744_CsSrNdCl,-2.156361703065681,0.13123288573878253,0.09337457418369195,0.013217472744806967,4,2,4,4
1745_CsTlAmCl,,,,,0,0,0,0
1746_CsCuSbCl,-1.296632636573618,0.07491152886541809,0.03216791302004568,0.0069719493142206615,4,4,4,4
1747_CsCuPtCl,-1.0960319409647878,0.08297316330962708,0.09587333571328158,0.0055155745490881375,4,3,4,4
1748_CsVZnCl,-1.5097828636395212,0.14683682554420813,0.0994261853402451,0.012046215791230544,4,2,4,4
1750_CsGePtCl,-1.1359614858882354,0.06349502098452578,0.17385240197006274,0.009201392672004559,4,0,0,4
1749_CsAuNCl,-0.4871583471539115,0.07458124943068817,0.5919224552809863,0.16299777432812362,4,0,0,0
1751_CsRbSmCl,-2.1635180065889763,0.14080866326762786,0.00148453712484375,0.0029690742496875,4,4,4,4
1752_CsPdGdCl,-1.780347145584693,0.10538616773803858,0.11152841895687057,0.010015824803002497,4,1,4,4
1753_CsCaRaCl,,,,,0,0,0,0
1754_CsFrRuCl,,,,,0,0,0,0
1755_CsNdPbCl,-1.794195402647888,0.09999246592675566,0.18559060444399306,0.009592082409798674,4,0,0,4
1756_CsFrIrCl,,,,,0,0,0,0
1757_CsTlNdCl,-1.9917093882811836,0.10022116753768742,0.015527283155335551,0.006660182789769662,4,4,4,4
1758_CsTbVacCl,-1.9116649484031132,0.10481050150364514,0.0688545357854336,0.005682529184933361,4,4,4,4
1759_CsMgPtCl,-1.3928254107502838,0.10790473393221844,0.2068795412780323,0.015167846596783734,4,0,0,1
1760_CsLiPdCl,-1.362887377526525,0.09114024409023881,0.08368664831004907,0.009727447167801858,4,4,4,4
1761_CsVGeCl,-1.4497053573375833,0.1141408294713337,0.0881283730253703,0.008123232460886908,4,4,4,4
1762_CsBeDyCl,-1.7101617092750214,0.13821101003531938,0.33808315087952545,0.03272849170666153,4,0,0,0
1764_CsLiSbCl,-1.5937965522071202,0.08009977346133844,0.016184713691491173,0.004378553557679514,4,4,4,4
1765_CsRbPmCl,-2.161742756751292,0.142721327137788,0.0,0.0,4,4,4,4
1766_CsTlPrCl,-1.9847026566520989,0.09711133647988893,0.0319079637558783,0.010101380892204364,4,4,4,4
1767_CsAuAcCl,-1.7816424737216638,0.09733586057855213,0.23015447706035047,0.20985287788278031,4,0,3,3
1768_CsRbCmCl,,,,,0,0,0,0
1769_CsFrMoCl,,,,,0,0,0,0
1770_CsCuScCl,-1.7946410904197543,0.11311415949476986,0.04834253489899915,0.00861989644163646,4,4,4,4
1771_CsCrMnCl,-1.5206839618493277,0.19390784626407215,0.05201930006495487,0.017947082164340593,4,4,4,4
1772_CsPdTbCl,-1.7843250801037214,0.11249876515184513,0.10272291034381448,0.014441424243439352,4,1,4,4
1773_CsRbAmCl,,,,,0,0,0,0
1775_CsMgVCl,-1.7679236868843677,0.15773403368447328,0.058692520857390226,0.009091829653156127,4,4,4,4
1774_CsLiAgCl,-1.2829040656345247,0.08888368922555331,0.07004706039899473,0.007666103705534454,4,4,4,4
1776_CsTlPuCl,-1.8687074820068375,0.1252495294926798,0.0,0.0,4,4,4,4
1777_CsYbRaCl,,,,,0,0,0,0
1778_CsNdAmCl,,,,,0,0,0,0
1779_CsHgRaCl,,,,,0,0,0,0
1780_CsKAcCl,-2.222368834400729,0.10429813185185592,0.010707771775346474,0.010491212070345242,4,4,4,4
1781_CsLiScCl,-2.1240963111180404,0.12043223436296953,0.0103914827105795,0.0018660211187941165,4,4,4,4
1782_CsCrZnCl,-1.4709718386189754,0.14607076811828015,0.09612052862777228,0.02123648735189552,4,1,4,4
1784_CsCoPtCl,-1.033632508900257,0.11278384901996587,0.1891067547448619,0.009516195151309631,4,0,0,4
1783_CsRbNdCl,-2.1550344774976056,0.14150670095714807,0.03131878723861053,0.006644459611757194,4,4,4,4
1785_CsCrGeCl,-1.4127360234504291,0.11831763671070347,0.08954187631554396,0.008039760961158047,4,4,4,4
1788_CsTmRaCl,,,,,0,0,0,0
1789_CsRbPrCl,-2.1477701405543543,0.13834677247947202,0.03527539521612772,0.007777146733428443,4,4,4,4
1790_CsTlNpCl,-1.805837390808594,0.16041497171989375,0.0,0.0,4,4,4,4
1792_CsTlCeCl,-1.9790825972826442,0.11466777284533619,0.0,0.0,4,4,4,4
1791_CsNdSmCl,-2.009695393827288,0.15637910502652014,0.1158715617639947,0.0442369916175768,4,1,4,4
1793_CsPdHoCl,-1.78472073176053,0.11143690397169952,0.11149515757993095,0.009830110864660218,4,1,4,4
1794_CsCuNbCl,-1.3728575614092562,0.11439638910135887,0.16744663119275843,0.025205927071783985,4,0,1,4
1795_CsNiPtCl,-1.0574944565576243,0.0999952307836338,0.1724782258259054,0.019227895266975454,4,0,0,4
1796_CsPdYCl,-1.7860120961947015,0.11402882584543216,0.11167451751553532,0.010273826966333145,4,1,4,4
1797_CsCuTaCl,-1.3008849396168751,0.10498213168932387,0.2504054963587314,0.018649190237140064,4,0,0,0
1798_CsMnZnCl,-1.529995858414658,0.1535323194571765,0.0643427446496338,0.01125603400936189,4,4,4,4
1799_CsVCoCl,-1.3792952934726674,0.17194851314984522,0.12972599268049007,0.03906254911087835,4,1,3,4
1800_CsMgCrCl,-1.7063230732926322,0.15588574382369827,0.07738956411700655,0.021293441780646006,4,4,4,4
1801_CsVFeCl,-1.4169034550426267,0.1647015799224499,0.1179021507498465,0.03186498535974709,4,1,4,4
1802_CsFrNbCl,,,,,0,0,0,0
1803_CsBaEuCl,-2.310095439339278,0.1184934031270253,0.04287144989060705,0.00516429867045756,4,4,4,4
1804_CsFrTaCl,,,,,0,0,0,0
1805_CsRbPuCl,-2.0278630355861536,0.1631375600200396,0.001270961763440325,0.0025419235268806495,4,4,4,4
1806_CsBeTmCl,-1.7101045066958092,0.1384338549401106,0.33218888465805496,0.033859538746919986,4,0,0,0
1807_CsLiNbCl,-1.6988934662915445,0.11593311513941558,0.04794435769447508,0.018536132406361105,4,4,4,4
1808_CsLiTaCl,-1.6364391698310468,0.11135705820494213,0.11109395046878773,0.017136988923059194,4,1,4,4
1810_CsMnGeCl,-1.464871406301933,0.12166191890372602,0.026722359654088826,0.003295997720142379,4,4,4,4
1811_CsVNiCl,-1.3698934445593247,0.1611827833967777,0.14322871864075432,0.025603943128651826,4,0,1,4
1813_CsTlUCl,-1.7631589362879372,0.13767888457177857,0.05369765758421112,0.0026948135763257136,4,4,4,4
1815_CsGeSrF,-2.9175170118459146,0.08034146680368405,0.09170812666684931,0.029902055023105476,4,3,4,4
1816_CsNiSmF,-2.6938892866021007,0.2551878924035043,0.3035121891638983,0.07103728428366633,4,0,0,1
1817_CsZnEuF,-2.995810043301621,0.1317939550212796,0.00334960619525645,0.0023645832797725146,4,4,4,4
1818_CsAgSbF,-2.3152783776175854,0.07184550413663676,0.0889010414482054,0.010859472130412473,4,3,4,4
1819_CsCuSrF,-2.768239151922557,0.1300738032609914,0.04700810015062258,0.002100861861174341,4,4,4,4
1820_CsTaHgF,-2.6606325811494136,0.08620062590676125,0.06722881421596309,0.007770528766368999,4,4,4,4
1821_CsNbHgF,-2.62074365362226,0.08754577024826651,0.09394541457225042,0.014170845344902839,4,3,4,4
1822_CsMgPbF,-2.930318229880915,0.11331191711536402,0.0016855428615949,0.0018604498901011602,4,4,4,4
1823_CsNaErF,-3.385462244832083,0.15605433997259555,0.0,0.0,4,4,4,4
1825_CsAlKF,-3.238078301633921,0.12773790749952993,0.0,0.0,4,4,4,4
1827_CsCoSmF,-2.797274660550464,0.20664629865015607,0.23663935959418708,0.047194175932430485,4,0,0,1
1828_CsAlAuF,-2.661606746401085,0.11884358281933782,0.13571110318126273,0.009529927724920489,4,0,4,4
1829_CsNaTlF,-2.4890033210181315,0.13693148928316917,0.0,0.0,4,4,4,4
1831_CsNaYF,-3.3681847835430205,0.16152820826390504,0.0,0.0,4,4,4,4
1832_CsCuPbF,-2.3274562979604982,0.11095099931645785,0.022544057667757526,0.002941108946101105,4,4,4,4
1833_CsGePbF,-2.469415083018039,0.06302121322276025,0.0832430958727523,0.025319280783223423,4,3,4,4
1834_CsMnEuF,-2.9789496612988593,0.21134946220233794,0.006036764383359599,0.00411173767155378,4,4,4,4
1835_CsZnSrF,-3.031319021668148,0.12550316351053561,0.009439973037589349,0.003004918793563217,4,4,4,4
1836_CsKCuF,-2.3700561518321406,0.12191803617178841,0.0,0.0,4,4,4,4
1837_CsNaHoF,-3.379123553122661,0.15518567043842862,0.0,0.0,4,4,4,4
1838_CsNaTmF,-3.3944783354655907,0.15229653726063863,0.0,0.0,4,4,4,4
1839_CsNiAmF,,,,,0,0,0,0
1840_CsGeEuF,-2.883162387694563,0.08894095770701532,0.08357218503928873,0.025202260615963968,4,3,4,4
1841_CsPtNpF,-2.4481146688118987,0.1605245530822932,0.5150625586516351,0.011443787536791846,4,0,0,0
1842_CsAgAgF,-1.9174832726371578,0.09705359707467019,0.004600501061471999,0.003541594062217861,4,4,4,4
1843_CsMgSrF,-3.3894047165796,0.13087445558635324,0.002957806984841,0.002056410546108612,4,4,4,4
1844_CsScAgF,-3.0082071925042113,0.11871399854127912,0.0,0.0,4,4,4,4
1845_CsMnSrF,-3.0187271815969745,0.20724643032671136,0.010427382590262949,0.0030691687324112277,4,4,4,4
1846_CsMgAmF,,,,,0,0,0,0
1847_CsBeRaF,,,,,0,0,0,0
1848_CsTiDyF,-3.0238429233279023,0.18353614385156625,0.24778968691835265,0.06324673697217596,4,0,0,1
1849_CsZnPbF,-2.5753150458007488,0.10703690076892337,0.004240496953055124,0.0032020557249300852,4,4,4,4
1850_CsNaDyF,-3.371102937542648,0.15268190765193673,0.0,0.0,4,4,4,4
1851_CsVNpF,-2.654400604448296,0.30055825835648003,0.8597894807688472,1.1168416322308792,4,0,1,1
1852_CsCuAcF,-2.906089350072182,0.11413843363341118,0.11195458173462614,0.02713071918676089,4,2,3,4
1853_CsTiTmF,-3.0448045953946163,0.18462951016404838,0.07399799691526973,0.04722915815262868,4,3,4,4
1854_CsMgEuF,-3.350658571208279,0.13876010167412425,0.0011438578373028502,0.0009062249978739466,4,4,4,4
1855_CsAgCdF,-2.176699644560631,0.10640569421906358,0.03939354121726998,0.001938143739448441,4,4,4,4
1856_CsCrEuF,-2.8782756591699448,0.2264100190376574,0.10253738562220112,0.016920900539831182,4,1,4,4
1857_CsScHgF,-2.925413621447912,0.10584053921649876,0.08898573443477883,0.0066349655322717775,4,4,4,4
1858_CsNaYbF,-3.1559136698488084,0.38499200982195914,0.001604646444320675,0.0032092928886413496,4,4,4,4
1859_CsCoPbF,-2.3523387546196437,0.18106456831401738,0.005370714267056425,0.002880367242904405,4,4,4,4
1860_CsFePbF,-2.377010747277944,0.19033548345182305,0.043062824012314496,0.01868744766221837,4,4,4,4
1861_CsCaAgF,-2.669985129917854,0.11078471432535944,0.05482523441505613,0.0028499719354722714,4,4,4,4
1862_CsMnPbF,-2.562777973458356,0.18981679808492977,0.0,0.0,4,4,4,4
1863_CsAgHgF,-1.9591792861466077,0.09320215504010164,0.019355320931496327,0.0016644905998241394,4,4,4,4
1864_CsGeAmF,,,,,0,0,0,0
1865_CsTeVacF,-2.507621887089459,0.05644360146315066,0.0127419100872745,0.01760963376153356,4,4,4,4
1866_CsPTlF,-2.2521831974250572,0.10641708753913987,0.19954634964566487,0.028832890744277247,4,0,0,2
1867_CsMgSmF,-3.1755475396772237,0.19868433494287696,0.15220858879247817,0.06727183623893396,4,1,1,4
1869_CsNaTbF,-3.366540611270218,0.15852268344800943,0.0,0.0,4,4,4,4
1868_CsNaLuF,-3.407621791448668,0.16164127267362963,0.0,0.0,4,4,4,4
1870_CsPoVacF,,,,,0,0,0,0
1871_CsLiAcF,-3.332711937511837,0.11972861131854332,0.021168254316318025,0.01957834021746271,4,4,4,4
1872_CsNiPbF,-2.279372730340372,0.231837505130106,0.01486675143200285,0.01312152291474235,4,4,4,4
1873_CsThVacF,-3.533434671921736,0.09761585368570702,0.03748969788770725,0.03494470317124781,4,4,4,4
1874_CsMoHgF,-2.1527430842141992,0.247151459691079,0.07613508105504868,0.014673611765981273,4,4,4,4
1875_CsTiYbF,-3.1506315916629206,0.15740507792267183,0.1700511236987159,0.08279726427945397,4,0,2,3
1876_CsCrSrF,-2.917680733885371,0.21984103162148963,0.10730044941178082,0.014820835245779056,4,1,4,4
1878_CsCoAuF,-1.8904730493658208,0.20095855215586197,0.10703494861828908,0.015007339122230462,4,1,4,4
1877_CsCoSrF,-2.810357966508391,0.20013040873245697,0.014433716983517525,0.002708448584782103,4,4,4,4
1880_CsFeSrF,-2.8342715556292104,0.2062828767411189,0.05892229179551675,0.01896206374889786,4,4,4,4
1881_CsSbHgF,-2.289685939486302,0.05766894509347755,0.115065921842542,0.025889195213457502,4,1,3,4
1882_CsAsAuF,-2.042482783877106,0.05507533776569671,0.2279310524488573,0.023461053550477538,4,0,0,0
1883_CsAgInF,-2.440908935155624,0.11331027879450115,0.0,0.0,4,4,4,4
1884_CsCaCdF,-3.020527303451785,0.12241286462474896,0.0,0.0,4,4,4,4
1885_CsGeSmF,-2.8173166538141743,0.09287168107228774,0.31085007637474016,0.021564017507057043,4,0,0,0
1886_CsPdHgF,-1.9541276971350632,0.10350979854604579,0.04801005923376805,0.01592149820374713,4,4,4,4
1887_CsZnAmF,,,,,0,0,0,0
1888_CsNiAuF,-1.7882667566165398,0.23651486652210163,0.12319988807199174,0.01681261001558432,4,0,4,4
1889_CsRuHgF,-2.0925663883339665,0.09612799575435058,0.0688983649025345,0.008044627513463909,4,4,4,4
1890_CsNbAgF,-2.451944507359593,0.11730666286454772,0.2627445608349157,0.01748034685367838,4,0,0,0
1891_CsAgTaF,-2.5295937477411505,0.06693236570203381,0.19826764762422483,0.026467897325261277,4,0,0,3
1892_CsNiSrF,-2.740704267705537,0.2517597165084657,0.011062327029071225,0.003442872640404092,4,4,4,4
1893_CsIrHgF,-1.957494051242468,0.07605598923694429,0.08059936265036022,0.01115217979953135,4,4,4,4
1894_CsNaAuF,-2.106258165322073,0.12986595740741252,0.044424639644375326,0.014006664786603621,4,4,4,4
1896_CsCrPbF,-2.466301497305137,0.20490468981145185,0.0963328460860102,0.006183554801828427,4,3,4,4
1899_CsNaGdF,-3.328834089126083,0.1521930947437041,0.0,0.0,4,4,4,4
1898_CsKCoF,-2.4398932481647733,0.21453234401988794,0.0,0.0,4,4,4,4
1900_CsFeEuF,-2.796457871282109,0.20957010127709141,0.055761923394904225,0.019056227832902343,4,4,4,4
1903_CsCrNpF,-2.6299727971201454,0.27050588312608087,0.3461363176513079,0.09142222911908274,4,0,0,0
1904_CsTiNpF,-2.8004113629302925,0.21781050465696236,0.23120163977300115,0.04003525380570745,4,0,0,1
1905_CsPRbF,-2.421031688141367,0.1669460543001514,0.18879573623416854,0.027659935353855223,4,0,0,2
1906_CsKNiF,-2.246892767634129,0.2646284878118243,0.0,0.0,4,4,4,4
1907_CsKAsF,-2.5836484069488663,0.06219223236497596,0.0,0.0,4,4,4,4
1908_CsZnSmF,-2.9482705051560014,0.1000602855733431,0.19475827200324924,0.021165947407409184,4,0,0,3
1909_CsVEuF,-2.986573144280193,0.22859858400636685,0.5845220764471466,1.0963909498413447,4,3,3,3
1910_CsNFrF,,,,,0,0,0,0
1911_CsMnAmF,,,,,0,0,0,0
1913_CsTiHgF,-2.9218105964207344,0.09797571722959035,0.07243210599000435,0.008883566544193313,4,4,4,4
1914_CsCaTiF,-3.1738369628649443,0.15282670632337306,0.09058889945277124,0.03104930011439723,4,1,4,4
1915_CsCaPdF,-2.694529458371144,0.12854963584851406,0.05142174065055523,0.022343075360765508,4,4,4,4
1916_CsNiEuF,-2.710047295177079,0.25897299572547117,0.06673853016625747,0.04449802102194156,4,4,4,4
1917_CsNaEuF,-3.1208715582748754,0.17682456344779107,0.0,0.0,4,4,4,4
1918_CsFeAuF,-2.025472029530193,0.21722131244536538,0.12667482147735185,0.008463296475700731,4,0,4,4
1920_CsRhHgF,-2.010558744753874,0.10303081231701632,0.06519736647527748,0.005439224635925991,4,4,4,4
1921_CsLiThF,-3.1220257783774814,0.12020678759767991,0.16210485622412515,0.0029471770860084864,4,0,0,4
1922_CsVSrF,-3.028949796641559,0.22322817138151557,0.5857684423520363,1.0985000513590502,4,3,3,3
1923_CsEuPtF,-2.536289759959351,0.12078526732315112,0.233919329942273,0.01992177256858127,4,0,0,0
1925_CsCdHgF,-2.2708611058530144,0.10501388433467512,0.0016829133043611499,0.0006188902289551624,4,4,4,4
1926_CsCdYbF,-3.0682081925228357,0.08538406783551504,0.06860392093593835,0.08042410991898918,4,2,3,4
1927_CsMnNpF,-2.6428577822871944,0.2693711015351733,0.33471537355884595,0.08735865719786047,4,0,0,0
1928_CsCrAmF,,,,,0,0,0,0
1929_CsKFeF,-2.584858470640391,0.22207351107325127,0.0,0.0,4,4,4,4
1930_CsNaSmF,-3.328053047740242,0.150707349438677,0.0,0.0,4,4,4,4
1931_CsCuThF,-2.8340383017935933,0.07941262791282372,0.3797936310349095,0.04165500506487215,4,0,0,0
1932_CsVPbF,-2.5671105588310463,0.20520967548692326,0.6717438360050818,1.2596050941588417,4,3,3,3
1933_CsSrPtF,-2.523060869660255,0.11576809403689618,0.21731082797253684,0.014064773628428324,4,0,0,1
1934_CsCdTmF,-3.047840242320602,0.10068155149942667,0.0,0.0,4,4,4,4
1936_CsMnAuF,-2.1310450148997253,0.21768748076980837,0.18547137379739295,0.03331042161265851,4,0,0,3
1935_CsNiNdF,-2.6716805840374995,0.25478860938801495,0.31307302688600047,0.06548250986306582,4,0,0,0
1937_CsZnNpF,-2.8143246973401603,0.1319297710570227,0.14885253012338093,0.02175277785700744,4,0,3,4
1938_CsMoAgF,-2.1581482122177578,0.2504259510074765,0.07072995305148552,0.010323241477258388,4,4,4,4
1939_CsCrAuF,-2.210987624011875,0.23789080769083062,0.12481232600314393,0.012959707335875224,4,0,4,4
1940_CsCrSmF,-2.86275225528434,0.21567671076795714,0.2705778539183172,0.052369066184103814,4,0,0,1
1941_CsFeNdF,-2.696091719949549,0.23310500286893934,0.3590847472354181,0.07428522138306226,4,0,0,0
1942_CsCoNdF,-2.7759895498391556,0.20729217776797715,0.24527660546299557,0.042831176990525945,4,0,0,1
1944_CsNaPmF,-3.321935831990368,0.15377076458291605,0.0,0.0,4,4,4,4
1945_CsNaCmF,,,,,0,0,0,0
1946_CsGaAuF,-2.3108414257393104,0.10581619194520177,0.13181718571491063,0.009777572106092255,4,0,4,4
1947_CsPtPbF,-2.0726427400975824,0.0945119381963945,0.21206846535198637,0.014456144992101226,4,0,0,1
1948_CsInHgF,-2.369574818991995,0.09919865434464153,0.061334262788960654,0.004606672926776872,4,4,4,4
1949_CsKMnF,-2.655409459512402,0.22267797856656354,0.0010292649282270501,0.0014739233892543551,4,4,4,4
1950_CsRuAgF,-2.0643264139541,0.12654922259840676,0.0971383392823934,0.024793061552293747,4,1,4,4
1951_CsGeNpF,-2.6075020129314064,0.14336678872196956,0.3556752145321318,0.010757599802015681,4,0,0,0
1953_CsVHgF,-2.466223520272546,0.21358207178553615,0.7205684028565764,1.2961149746736598,4,3,3,3
1954_CsAgIrF,-1.970713790738439,0.11036751937760014,0.05649025042884245,0.02559656245837343,4,4,4,4
1955_CsKCrF,-2.78083047219486,0.24642776046754714,0.0,0.0,4,4,4,4
1956_CsNaAmF,,,,,0,0,0,0
1957_CsVAmF,,,,,0,0,0,0
1958_CsKGaF,-2.8786632651930737,0.11383605301648458,0.0,0.0,4,4,4,4
1959_CsAgAuF,-1.820309885821996,0.08601651134251719,0.04625934461952938,0.009814001881257537,4,4,4,4
1961_CsPtHgF,-1.89447834687073,0.009634733091992148,0.07514249782043064,0.007955868118896455,2,2,2,2
1960_CsNaNdF,-3.3080133999241355,0.1542825071448339,0.0,0.0,4,4,4,4
1962_CsMnDyF,-2.902954257768773,0.22798674463194962,0.25465439669456336,0.0645735577690266,4,0,0,1
1964_CsNaInF,-2.780399289217483,0.15390270474251133,0.0,0.0,4,4,4,4
1965_CsMgNpF,-2.9991902078044834,0.19296073468716562,0.15685415466651276,0.019899579962818593,4,0,1,4
1966_CsTiAgF,-2.750353644770869,0.12923452477101066,0.24388905763986868,0.024277732749414017,4,0,0,0
1967_CsYbPtF,-2.650110740450011,0.12438420340554969,0.2949287801966504,0.09200791450031531,4,0,0,0
1968_CsPKF,-2.4656573012319143,0.11461105682211407,0.18038255254558594,0.027308309578273238,4,0,0,3
1969_CsRhAgF,-2.0741847241779006,0.11811162776358472,0.001016998289999675,0.00203399657999935,4,4,4,4
1970_CsVAuF,-2.276808294138352,0.21368773331042537,0.909983628990763,1.2892043946939131,4,0,0,0
1971_CsVSmF,-2.8313952053411757,0.28072470110555364,0.820021094878655,1.0447912360921578,4,0,1,1
1972_CsMgNdF,-3.1725556279069926,0.1804431187508507,0.1464425680843031,0.046621524758117316,4,1,1,4
1973_CsPtAmF,,,,,0,0,0,0
1974_CsNaPrF,-3.294171744074285,0.15492055912801375,0.0,0.0,4,4,4,4
1975_CsAgLuF,-3.0667136813044724,0.12059862993052863,0.0,0.0,4,4,4,4
1976_CsTiCdF,-2.8686053812340515,0.09335350799611505,0.1256373211766872,0.012360090292102437,4,0,4,4
1977_CsZnDyF,-2.9887104655171823,0.09805802779095026,0.1784278735500133,0.02070391720294958,4,0,0,3
1978_CsPAuF,-2.2307890072301944,0.1265723616324237,0.20833082139706732,0.009202074937124636,4,0,0,1
1979_CsPdCdF,-2.182883996004089,0.12298552193081658,0.054350024462604896,0.020051121820803576,4,4,4,4
1980_CsCuPaF,-2.7358475471402666,0.08130059693978331,0.3474588274953696,0.026128684898929277,4,0,0,0
1981_CsVYbF,-3.0153305540305735,0.22833289805183632,0.68981894279677,1.022341452797349,4,1,2,2
1982_CsGaHgF,-2.4246040801046944,0.1020457363755926,0.08903388629347903,0.004678878105491887,4,4,4,4
1983_CsAgYbF,-2.9044028709176386,0.23506408076305887,0.021195513010024973,0.024646850721080266,4,4,4,4
1985_CsCaYbF,-3.472973079469192,0.16442807005679452,0.07167966067630345,0.08561201596912436,4,2,3,4
1986_CsKVF,-2.8464255089381396,0.21921030050997212,0.5752412647008895,1.150482529401779,4,3,3,3
1987_CsNaPuF,-3.158894943678316,0.18603362838498946,0.0,0.0,4,4,4,4
1988_CsGeNdF,-2.796677067362321,0.09142785602553308,0.31767812570103304,0.028760615534072127,4,0,0,0
1989_CsCaHgF,-2.7791163543682114,0.1078619614830119,0.0021448433441728,0.0008454118273218859,4,4,4,4
1990_CsSmPtF,-2.62259570011131,0.11308223023190223,0.37114430963761813,0.01396304287578543,4,0,0,0
1991_CsCdDyF,-3.0242552208239535,0.10045111300047133,0.12230135910308032,0.016237307244273587,4,0,4,4
1992_CsMnHgF,-2.298595608513177,0.1979152530641879,0.05198589861485158,0.029092743142385618,4,4,4,4
1993_CsCuLaF,-2.9325644994625883,0.1133775750767587,0.11102281212864469,0.02095462900850035,4,1,4,4
1994_CsPaVacF,-3.4258959718173743,0.1193646999188442,0.0,0.0,4,4,4,4
1995_CsCuBiF,-2.311287983741807,0.08911411860393305,0.060147469656008874,0.0035431962341309505,4,4,4,4
1996_CsCaPtF,-2.547485312309992,0.12089031284460178,0.2172484606509799,0.017613156367513608,4,0,0,1
1997_CsBeBaF,-3.1196741322545978,0.13352567784765818,0.24387123733417732,0.01376588544679102,4,0,0,0
1998_CsLiPaF,-3.0675211156280104,0.1367465461275933,0.11766047105078178,0.02338773265930392,4,1,4,4
2000_CsPdAgF,-1.9594850445650582,0.10000677683506111,0.010079070527679049,0.013357658441922887,4,4,4,4
2001_CsPdThF,-2.8502341175945314,0.09645639300656657,0.36359781523397006,0.022992077920976607,4,0,0,0
2002_CsCoNpF,-2.568520488821589,0.2669623163999263,0.39465673864194706,0.11387286270179636,4,0,0,0
2003_CsCrTmF,-2.9268592501539596,0.21222118682696625,0.07743777235367162,0.03552211525248274,4,3,4,4
2004_CsCuUF,-2.6738411451239403,0.15509577610474246,0.32911055087807295,0.023639278609990492,4,0,0,0
2006_CsZnNdF,-2.927968306326049,0.1019217556106101,0.20176612138900182,0.024685148536158778,4,0,0,3
2007_CsTiEuF,-3.1149196132878787,0.15468216012509015,0.0949045711087657,0.023428570081984464,4,1,4,4
2008_CsAgTmF,-3.052487131441565,0.10932105997685244,0.0,0.0,4,4,4,4
2009_CsNaNpF,-3.1053906674038627,0.2191418708081313,0.0,0.0,4,4,4,4
2010_CsNaCeF,-3.293940731372391,0.1667733041653563,0.0,0.0,4,4,4,4
2011_CsCaTmF,-3.3383870536918834,0.18457423847498064,0.02255999942865625,0.016450845676951417,4,4,4,4
2012_CsLiLaF,-3.3557576025378992,0.11731912124690473,0.023665969074682047,0.014894296432996307,4,4,4,4
2013_CsBRbF,-2.592316426325265,0.1496252917423551,0.3040425419800505,0.02393562616755957,4,0,0,0
2015_CsCaVF,-3.0481487120012427,0.2275704594659905,0.5719139320151847,1.0949846357254343,4,3,3,3
2016_CsVAgF,-2.467040785635514,0.22342431810553204,0.719751137493601,1.2963044883784107,4,3,3,3
2017_CsMgDyF,-3.178017717089473,0.20741385685823308,0.1681921160202153,0.07972609406806884,4,1,1,1
2018_CsLiBiF,-2.7209676051999194,0.09166036896685406,0.0048467506964742,0.0048130455121446055,4,4,4,4
2019_CsRhAuF,-1.8913072670349782,0.10696309036705162,0.16605267524772982,0.01522987915737502,4,0,1,4
2020_CsAgTlF,-2.157276811685611,0.09380889913706884,0.0,0.0,4,4,4,4
2021_CsAlTlF,-3.0111017013466386,0.1200822163927284,0.0,0.0,4,4,4,4
2022_CsFeHgF,-2.1430614063956006,0.2136343867047507,0.08269757777638939,0.007182219824077888,4,4,4,4
2023_CsLiUF,-3.0839286113621815,0.17512091155717066,0.05235487545535372,0.020238651474036782,4,4,4,4
2024_CsCrYbF,-2.9576354394204305,0.18702423657669714,0.16693144341348495,0.09616199224356105,4,2,2,3
2025_CsSrPdF,-2.6730280751848676,0.123921101086117,0.06404949426733705,0.015831758122562975,4,4,4,4
2026_CsTiSrF,-3.15569463519744,0.14908039449796257,0.09829768770420871,0.022489843971989998,4,1,4,4
2027_CsMnNdF,-2.8423372817480352,0.2295480159360624,0.2808195438181757,0.058972729252064336,4,0,0,1
2028_CsTiAuF,-2.675112415835284,0.09729351159719848,0.3191302865754537,0.00987323829259004,4,0,0,0
2029_CsAuHgF,-1.8371791968562214,0.0809498325020739,0.08900203406982582,0.006674523617596773,4,4,4,4
2030_CsNiBaF,-2.694060360873894,0.24963018646457757,0.03587256669811875,0.0034661504560247343,4,4,4,4
2031_CsAgErF,-3.0429085100538877,0.11333383084191598,0.0,0.0,4,4,4,4
2033_CsNaPdF,-2.2566846753024703,0.14016144283526077,0.02001596242146815,0.008125466357247216,4,4,4,4
2034_CsNaSbF,-2.647490927066487,0.11756268881611381,0.03661427199820695,0.013979480463060747,4,4,4,4
2035_CsCuNpF,-2.704868494952975,0.18099963768542263,0.2583087325105604,0.028125377235496053,4,0,0,0
2036_CsUVacF,-3.3366129955578003,0.14637069464994104,0.0,0.0,4,4,4,4
2037_CsCuCeF,-2.897285952651308,0.13594099383331737,0.15971418619240402,0.03023059381677937,4,0,1,4
2038_CsKRhF,-2.4533253783842834,0.1147020242675399,0.0,0.0,4,4,4,4
2039_CsFeBaF,-2.7863544637820805,0.20590028490555376,0.08500571648005058,0.01994036964621255,4,4,4,4
2040_CsNaUF,-3.056613972269435,0.20177240239838617,0.01904796362058575,0.02857088318527515,4,4,4,4
2041_CsCoBaF,-2.763602032745652,0.19828851129236175,0.03935598358365715,0.002807505491824415,4,4,4,4
2042_CsIrAuF,-1.7815921271681798,0.10003083635299012,0.2454343557361842,0.015565840223603218,4,0,0,0
2043_CsTiPbF,-2.7057116016607816,0.12647815658512193,0.2885311007499576,0.02213828963195738,4,0,0,0
2044_CsKTiF,-3.1253832176182734,0.12621421747725442,0.0,0.0,4,4,4,4
2045_CsNaBiF,-2.6982662762046297,0.12571736021078908,0.0,0.0,4,4,4,4
2046_CsYAgF,-3.0256602729200783,0.11864056915939956,0.0,0.0,4,4,4,4
2047_CsCdNpF,-2.843299294497925,0.13712166583862598,0.11987793296561207,0.016923909992280002,4,0,4,4
2048_CsPdPbF,-2.222259410706009,0.10382260537749062,0.04519003331512335,0.017320678110650505,4,4,4,4
2050_CsRuAuF,-1.8777042592414122,0.11405930468308356,0.28376049399508213,0.014433521512611656,4,0,0,0
2049_CsTmYbF,-3.258415378118941,0.21449813198200038,0.11674192349079,0.13126405372,4,3,3,3
2051_CsAgHoF,-3.036046447838074,0.11177769019908151,0.0,0.0,4,4,4,4
2052_CsLuHgF,-2.9827651003849622,0.10682896849827175,0.09485953524638477,0.005774422261612333,4,3,4,4
2053_CsNaLaF,-3.3287599409474753,0.14763940659888966,0.0,0.0,4,4,4,4
2054_CsZnTmF,-3.0107816631436477,0.09725169291397995,0.0147813598325408,0.029562719665081595,4,4,4,4
2056_CsBTlF,-2.408581967639675,0.10533936839063543,0.32935173809415347,0.01637200793531082,4,0,0,0
2058_CsNiHgF,-2.0042791346544,0.23905372143128106,0.013264498116518475,0.00814947407313828,4,4,4,4
2057_CsCuPuF,-2.7666834468489294,0.15205183023659619,0.18791680932085203,0.031713906672558,4,0,1,2
2059_CsLiNpF,-3.1309639806388927,0.19215128503920847,0.005735570192892025,0.00612130599068713,4,4,4,4
2060_CsLiCeF,-3.318414452159613,0.13609797234658,0.008758273389050724,0.0030210325842623805,4,4,4,4
2061_CsNaAgF,-2.1529077494983304,0.13535038626406684,0.0,0.0,4,4,4,4
2062_CsGaAgF,-2.4945705319303455,0.1153489243147054,0.0,0.0,4,4,4,4
2063_CsAsHgF,-2.182992837810414,0.05043719618935091,0.08742099851555073,0.025927131099919044,4,3,4,4
2064_CsAlRbF,-3.1956531191739277,0.16152196474215977,0.0,0.0,4,4,4,4
2066_CsCoDyF,-2.834219616139971,0.2040748584512954,0.22273827244786765,0.04717324813498738,4,0,0,1
2067_CsCoHgF,-2.0772990206702597,0.18978299547163038,0.013477495809980975,0.00641150807374872,4,4,4,4
2068_CsNaScF,-3.344236602866807,0.1586933395765761,0.0,0.0,4,4,4,4
2070_CsCaCrF,-2.936938735331373,0.2236619909251293,0.08718604246651515,0.01583506591733619,4,4,4,4
2071_CsCrAgF,-2.3974660778892574,0.2483412936677317,0.0,0.0,4,4,4,4
2072_CsYbHgF,-2.914055361832448,0.13296437906344533,0.05097043514104292,0.05935849848065378,4,3,4,4
2073_CsCuRbF,-2.327080752934676,0.15819257936408598,0.0,0.0,4,4,4,4
2074_CsMoAuF,-1.9631844679342916,0.23857383411895244,0.26569369733494974,0.02410553596494697,4,0,0,0
2075_CsKRuF,-2.4449678177476857,0.12251453049438878,0.004831653834377275,0.004177698467868953,4,4,4,4
2076_CsNaPaF,-3.050023623788987,0.15994263413704662,0.07515791654784129,0.04015595831321736,4,3,4,4
2077_CsKIrF,-2.355649905884317,0.10682656891320363,0.0,0.0,4,4,4,4
2078_CsMnAgF,-2.2926538300959987,0.22917654580218938,0.03137970566546785,0.01546044222571688,4,4,4,4
2079_CsAgDyF,-3.0281682039156967,0.10915228880912385,0.0,0.0,4,4,4,4
2080_CsLiPuF,-3.1848311180737845,0.1576625260076411,0.001422214506250775,0.0028444290125015496,4,4,4,4
2082_CsCuPrF,-2.89678864428076,0.12169203651444944,0.11476842959542095,0.013292893876842163,4,0,4,4
2081_CsZnHgF,-2.303030906105627,0.11232665155674157,0.0042195919903348,0.0031324350543555732,4,4,4,4
2083_CsGeTmF,-2.8799884105572207,0.0896497175462626,0.116430589558216,0.039911923361234065,4,2,3,4
2086_CsCuNdF,-2.909809967363908,0.12206538532969016,0.1064461399006493,0.010742467234445817,4,2,4,4
2084_CsZnYbF,-3.060772795462414,0.08325766070265118,0.10079388159147125,0.11004311743116242,4,2,2,3
2087_CsCaDyF,-3.325469561897929,0.18212335111697206,0.12807406361915794,0.05312787487868379,4,1,1,4
2089_CsKMoF,-2.536651752377543,0.24621690219214318,0.0,0.0,4,4,4,4
2091_CsTiAmF,,,,,0,0,0,0
2090_CsMgBaF,-3.3439104939349478,0.12943574033036176,0.02622494002106585,0.0027184953411316273,4,4,4,4
2092_CsBFrF,,,,,0,0,0,0
2093_CsGeYbF,-2.952742613340063,0.08693107189649847,0.19365463554902007,0.13231225876165048,4,2,2,2
2094_CsCaMnF,-3.0391665173030913,0.2118221906667334,3.62873077395e-05,7.2574615479e-05,4,4,4,4
2095_CsCdPtF,-2.034616896743115,0.1133332906399577,0.22139969766284615,0.01322081330404392,4,0,0,0
2096_CsGeHgF,-2.217100126530384,0.06675541896729714,0.3207244113068106,0.02876665663662618,4,0,0,0
2097_CsLiPrF,-3.320049309218308,0.1249714463598876,0.027344024679222874,0.008317235400825025,4,4,4,4
2098_CsMgTmF,-3.1968360180500555,0.2045246238383739,0.04804173410014598,0.032382781401232685,4,4,4,4
2099_CsAgTbF,-3.022868437056971,0.11513809270593507,0.0,0.0,4,4,4,4
2100_CsHgTlF,-2.129546939814311,0.08296962621806601,0.03729620427070843,0.0036947223622251805,4,4,4,4
2101_CsCoTlF,-2.220992940152418,0.20365157257885924,0.0090664292381914,0.00822660049431869,4,4,4,4
2102_CsCuAmF,,,,,0,0,0,0
2103_CsLiNdF,-3.3325719738839426,0.1239603524046934,0.020082228714760123,0.00652267102147856,4,4,4,4
2104_CsGeBaF,-2.867542570317517,0.0785817827531471,0.11984890103265196,0.030201224764291806,4,0,3,4
2105_CsAsTlF,-2.3654597903169274,0.055885876844291096,0.007009863852499325,0.01344745194330661,4,4,4,4
2106_CsNiTlF,-2.0899312103655134,0.24036186770794268,0.07407379510438768,0.02509336692629782,4,4,4,4
2107_CsTiSmF,-2.9953647568674775,0.18511722257348373,0.25247092213742794,0.061154085853460494,4,0,0,1
2108_CsErHgF,-2.960042704129523,0.10045232402009868,0.09191400955112902,0.011062959314850577,4,3,4,4
2109_CsVNdF,-2.8166235888845685,0.2667122067395462,0.8245449344304003,1.0380521914511132,4,0,0,1
2110_CsCuBaF,-2.723028218236454,0.12790050304097322,0.07038536667412937,0.0028556028455062345,4,4,4,4
2111_CsMgYbF,-3.3500106493480617,0.18635849873677907,0.6026709122361474,1.0490598291608497,4,2,2,2
2112_CsCaZnF,-3.0452808762441874,0.1289306012101195,0.011434033513912875,0.004559865709613542,4,4,4,4
2113_CsCeVacF,-3.3868984408787717,0.09826189554563224,0.009768380058681175,0.01953676011736235,4,4,4,4
2114_CsVCdF,-2.5334281849198983,0.22333346440279409,0.6832051500666094,1.2794787834196597,4,3,3,3
2115_CsNaNbF,-2.7908942800742627,0.15531769528513975,0.04080485360905925,0.014504789547369475,4,4,4,4
2116_CsMgHgF,-2.6551835963972796,0.11788095081633633,0.007062900065748674,0.0050497380087135505,4,4,4,4
2117_CsCuPmF,-2.9233606035364685,0.12085145888130867,0.053102334093803674,0.007397181589651366,4,4,4,4
2118_CsAgPtF,-1.883175453034005,0.08986847895196194,0.1198733263543556,0.013141117437088732,4,0,4,4
2119_CsCuCmF,,,,,0,0,0,0
2120_CsNpVacF,-3.292419141626151,0.1703847634012154,0.0,0.0,4,4,4,4
2121_CsNaTaF,-2.7260449974596117,0.15182713401039974,0.12334723757317076,0.014079953594830523,4,0,4,4
2122_CsBeNdF,-2.9327041516558072,0.1934024889880545,0.378458377351363,0.0659943525676089,4,0,0,0
2123_CsLiAmF,,,,,0,0,0,0
2124_CsAgGdF,-2.9849991286647852,0.10767232968533047,0.0,0.0,4,4,4,4
2125_CsDyYbF,-3.255457700276583,0.20526122720256776,0.21533735635205686,0.09853356252489874,4,0,0,3
2126_CsYHgF,-2.9429492587698083,0.10620441507095545,0.09252510468089187,0.008676594506232692,4,3,4,4
2127_CsNbAuF,-2.448273579474564,0.07270814623005448,0.26641548871994697,0.028886723170887696,4,0,0,0
2128_CsZnBaF,-2.984241693701839,0.12351005641648134,0.0346836338413003,0.0023424246313228764,4,4,4,4
2129_CsNdPtF,-2.6021366740134297,0.11542526431392411,0.37779179860993684,0.013636729744653398,4,0,0,0
2130_CsTaAuF,-2.5914707033649638,0.07682844264414886,0.13639069200040072,0.016467713594389713,4,0,3,4
2131_CsHoHgF,-2.952725751187227,0.09838819354871023,0.09330193151883989,0.010922736189519867,4,3,4,4
2132_CsCaGeF,-2.939835091913462,0.08407582501648869,0.09284565448873211,0.025908191049953587,4,3,4,4
2133_CsCuHgF,-2.062213934447109,0.1160116853095077,0.017786610374623223,0.00413753495114532,4,4,4,4
2134_CsLiCmF,,,,,0,0,0,0
2135_CsCaCuF,-2.7807616258529633,0.13402169703163458,0.04766190995827662,0.0034633958926617355,4,4,4,4
2136_CsAsAgF,-2.2171321178325956,0.06526864101770317,0.05328171849336777,0.011473913342191453,4,4,4,4
2137_CsLiPmF,-3.3448464090481496,0.12250971395883428,0.0,0.0,4,4,4,4
2138_CsCuSmF,-2.9298405016325546,0.11977303000872666,0.09948644869619545,0.008345732941594677,4,2,4,4
2139_CsCoTmF,-2.8558359140997047,0.20387676329182136,0.04836635850530442,0.030696756602763522,4,4,4,4
2140_CsAgEuF,-2.801275315369128,0.12684705741430424,0.0,0.0,4,4,4,4
2141_CsAlHgF,-2.7736302609090613,0.11542215273814703,0.09665139913655779,0.006069366200264937,4,3,4,4
2143_CsCoRbF,-2.3983832413820823,0.2470418687661379,0.0,0.0,4,4,4,4
2144_CsFeTlF,-2.359017386522228,0.2133083563059764,0.0,0.0,4,4,4,4
2145_CsKNbF,-2.8228214514250958,0.1113092833501128,0.03224583523391475,0.01294181841238513,4,4,4,4
2146_CsNiRbF,-2.201356401529876,0.2953678303215915,0.0,0.0,4,4,4,4
2147_CsMnBaF,-2.9679995578959675,0.20501554090657886,0.03932133912865993,0.003921133374054723,4,4,4,4
2148_CsCaNpF,-3.1228692109249243,0.17460950267780254,0.1482883999747839,0.006555359103437165,4,0,1,4
2150_CsKTaF,-2.758841580037603,0.10788993403140151,0.15129117280258536,0.011930202258388393,4,0,1,4
2151_CsAsRbF,-2.5365812385964333,0.10223411010111015,0.0017868995662491,0.0035737991324982002,4,4,4,4
2152_CsDyHgF,-2.9447008798359287,0.0960171016921128,0.0953716978425327,0.010869761292197107,4,3,4,4
2153_CsNiTmF,-2.7524484599463768,0.2512963653008621,0.1152412682799828,0.053295162897523375,4,1,3,4
2154_CsMgCaF,-3.4003786499181934,0.13374516089392693,0.007752343017554276,0.003929551781235412,4,4,4,4
2155_CsPuVacF,-3.282889173521977,0.134195343207948,0.0,0.0,4,4,4,4
2156_CsLiSmF,-3.350215437496219,0.11881242946265538,0.0176919807976132,0.005080569726132097,4,4,4,4
2157_CsCoYbF,-2.871366796875457,0.17507741119163864,0.11467955956911832,0.12271599511562112,4,2,2,3
2158_CsCuEuF,-2.8225165987869545,0.1302754454062904,0.00115152200082935,0.0023030440016587,4,4,4,4
2159_CsFeYbF,-2.8504114041576205,0.1905086310032133,0.18363128205165324,0.1564948726204268,4,2,2,2
2160_CsCrCdF,-2.3274550557202733,0.02428641337798568,0.07731825510348275,0.0014428383576017378,2,2,2,2
2161_CsAgSmF,-2.9840872073998983,0.107520166832561,0.0022188186645886,0.004437637329177199,4,4,4,4
2162_CsNiYbF,-2.7888294468171066,0.2141695041731591,0.13820005158615806,0.15021130149765446,4,2,2,2
2163_CsPdAcF,-2.7954264427093793,0.10779721542351099,0.1912768706662906,0.02365988841826576,4,0,0,3
2164_CsNaMoF,-2.5019535491683165,0.2847097511223607,0.0,0.0,4,4,4,4
2165_CsMnTlF,-2.439333303020129,0.21830434026489123,0.017784711716449075,0.003000322052157955,4,4,4,4
2167_CsCuGdF,-2.928718044842296,0.11466759027700046,0.032160075587402276,0.00783434673870297,4,4,4,4
2168_CsCrBaF,-2.870120483125329,0.2187059374382071,0.13302703300922686,0.014939699647040531,4,0,4,4
2169_CsScAuF,-2.8211731339311794,0.10984841280094707,0.11898503055494156,0.008592016879219583,4,0,4,4
2170_CsCrTlF,-2.552564647281372,0.23770258198327862,0.0,0.0,4,4,4,4
2172_CsLiEuF,-3.1433903659239166,0.14400958128065455,0.00577732125800875,0.0062980001543006935,4,4,4,4
2173_CsFeRbF,-2.537776079265843,0.2502979545429505,0.0,0.0,4,4,4,4
2174_CsSrAgF,-2.6464015001905574,0.10606782390630233,0.06062787473278683,0.00411133395872366,4,4,4,4
2175_CsAgPmF,-2.9777060265193027,0.11002259524518855,0.0,0.0,4,4,4,4
2177_CsCdEuF,-2.9660126524536494,0.12124711479141383,0.0,0.0,4,4,4,4
2178_CsAgCmF,,,,,0,0,0,0
2179_CsGaTlF,-2.652955701438734,0.10556121669661893,0.0,0.0,4,4,4,4
2180_CsAmVacF,,,,,0,0,0,0
2181_CsNaIrF,-2.3130015397926638,0.15017729575834052,0.010082231463049275,0.00706916972216762,4,4,4,4
2182_CsNaRuF,-2.4021727050203907,0.1650831368280545,0.019164991378483025,0.013684635168556806,4,4,4,4
2183_CsMnCdF,-2.530935006333271,0.2099879774591345,0.0001046498616537,0.0002092997233074,4,4,4,4
2184_CsPrVacF,-2.9679712117636434,0.1732892969433708,0.12855903970048627,0.032854137381296056,4,1,3,4
2185_CsCmVacF,,,,,0,0,0,0
2186_CsLiGdF,-3.349708070839516,0.12089958185177865,0.0,0.0,4,4,4,4
2187_CsCaCoF,-2.8250879222997645,0.20361956226262481,0.01044551332871,0.003578907126887446,4,4,4,4
2188_CsKScF,-3.382927572214017,0.11570314265631494,0.0,0.0,4,4,4,4
2189_CsAgAmF,,,,,0,0,0,0
2191_CsCaFeF,-2.851615622127893,0.21079260241108028,0.045362695058774626,0.017175988524430134,4,4,4,4
2193_CsGdHgF,-2.9040805811506716,0.09503438747639635,0.059128501018524925,0.011451014107922963,4,4,4,4
2194_CsCuTbF,-2.963789129739095,0.12284355257590115,0.08692810402998025,0.0062887880163492145,4,4,4,4
2195_CsSrCdF,-2.9953146311000474,0.11661268266422187,0.00143547058125025,0.0028709411625005,4,4,4,4
2196_CsKAgF,-2.1866237933277106,0.08745913358913862,0.0,0.0,4,4,4,4
2197_CsSbAuF,-2.140705355490119,0.06191068148550612,0.26347406357566755,0.021995599635047436,4,0,0,0
2199_CsAgPbF,-2.2457148278593815,0.0872580346698128,0.00201215744249935,0.003098893885177242,4,4,4,4
2200_CsCaNiF,-2.753353633966578,0.25509722583397537,0.016945128142554725,0.005553213334071222,4,4,4,4
2201_CsZnCdF,-2.534526014562119,0.1260663871419093,0.00874128875572195,0.004887238768335939,4,4,4,4
2202_CsNaTiF,-3.0837967499937435,0.1668735881474985,0.004602605105247176,0.007180745095003783,4,4,4,4
2203_CsMnRbF,-2.6092259359824217,0.2518833165861987,0.006317341325652275,0.004070212964428848,4,4,4,4
2204_CsAgNdF,-2.9630843962069395,0.11077813726869234,0.0052943741839889995,0.009683694548093374,4,4,4,4
2205_CsCrRbF,-2.7348372662917617,0.27589336281104226,0.0,0.0,4,4,4,4
2206_CsNaRhF,-2.408998187866178,0.15771206816472905,0.0,0.0,4,4,4,4
2207_CsAlAgF,-2.847490497912162,0.12829015994955437,0.0,0.0,4,4,4,4
2209_CsEuHgF,-2.765563655877231,0.10483303543075771,0.025133461257958078,0.026316308751398534,4,4,4,4
2210_CsLiTbF,-3.3852251951750625,0.12667277439312885,0.009598640599970551,0.005208190335786531,4,4,4,4
2211_CsCuDyF,-2.968464698876994,0.11788008277644467,0.08467186399479605,0.007239386224851406,4,4,4,4
2212_CsAgPrF,-2.948467868054979,0.11033440325181698,0.0119478623070692,0.015174501754212234,4,4,4,4
2213_CsNaAcF,-3.3027532423395063,0.14909887436323077,0.00183811187499925,0.0036762237499985,4,4,4,4
2214_CsGaRbF,-2.8342027450483864,0.14808106957019515,0.0,0.0,4,4,4,4
2215_CsVBaF,-2.98007482238728,0.22153683584173745,0.6089698910708026,1.1017432069834567,4,3,3,3
2216_CsKSbF,-2.6784100706219256,0.06825930285754489,0.02906328141845345,0.016341065083328728,4,4,4,4
2217_CsVTlF,-2.6179907465819174,0.21229893054448631,0.62760688662529,1.25521377325058,4,3,3,3
2218_CsKPdF,-2.296175395932103,0.09544822717681377,0.0095231078554811,0.003437965080134558,4,4,4,4
2219_CsCdPbF,-2.538992241258339,0.09845813596328173,0.00074691772625,0.0014938354525,4,4,4,4
2220_CsZnAgF,-2.2094091678512533,0.11305161389354937,0.03966565765492097,0.0048199047807415026,4,4,4,4
2221_CsCuCdF,-2.277407324549883,0.12943260334441747,0.0402924341445588,0.0029249904952878586,4,4,4,4
2222_CsGeCdF,-2.438695198530117,0.0804362198526812,0.10050284490020675,0.017221444994052787,4,3,4,4
2223_CsNRbF,-1.571404048292108,0.09943297647856017,0.07919235564704247,0.009422499262909449,4,4,4,4
2224_CsSmHgF,-2.9010224620328215,0.09456947606230948,0.1085764472676105,0.01761236319678189,4,2,4,4
2225_CsLiDyF,-3.388675519311958,0.11991883210373615,0.009709000586779676,0.003798784504100825,4,4,4,4
2226_CsTiNdF,-2.9793331786821646,0.17504031975544562,0.2562425262412633,0.04591220040213555,4,0,0,1
2227_CsBaPtF,-2.4699618394040614,0.11272300815258803,0.24857619106613413,0.01287652956690569,4,0,0,0
2229_CsCuHoF,-2.9742835069551647,0.11823487978945534,0.08286866661574317,0.008340469393059735,4,4,4,4
2230_CsBeSmF,-2.8765888521926137,0.24780258292712817,0.4457452351282838,0.12454401332810418,4,0,0,0
2231_CsMgCdF,-2.889261815184737,0.13129960721227735,0.0096158355484008,0.005243408774469762,4,4,4,4
2232_CsGeAgF,-2.270762893045524,0.08048809225600952,0.26706164479167027,0.014544825823923453,4,0,0,0
2233_CsCuAgF,-2.026292439784353,0.1208483099540702,0.00106109306366995,0.0020131749179949955,4,4,4,4
2234_CsCuYF,-2.964105757562974,0.12490124078158697,0.08240006242880855,0.006660052785077164,4,4,4,4
2235_CsPmHgF,-2.8939799005618596,0.09502843280050843,0.07883196572678366,0.014663283123050265,4,3,4,4
2236_CsAgNpF,-2.762636213983429,0.16961778605036132,0.20054101348010708,0.01648959721641798,4,0,0,1
2237_CsHgCmF,,,,,0,0,0,0
2238_CsVRbF,-2.799118336522019,0.2506063899777388,0.577586755156517,1.155173510313034,4,3,3,3
2239_CsCdAmF,,,,,0,0,0,0
2240_CsAgCeF,-2.9498299444584726,0.12380085484069098,0.1071701943852354,0.018329659140158727,4,1,4,4
2241_CsLiHoF,-3.395813044394502,0.12273789832593603,0.008526580531841025,0.003903994625379389,4,4,4,4
2242_CsCuErF,-2.9799235189804882,0.11942410913419012,0.08171249197599054,0.008859898080061391,4,4,4,4
2243_CsPdPtF,-1.7435385021691587,0.02761984971656728,0.21658371289717623,0.020348208221333004,3,0,0,0
2245_CsNTlF,-1.4435325647254027,0.08704862050279324,0.46680115126074717,0.018614394243493013,4,0,0,0
2244_CsLiYF,-3.3857640410317646,0.12883823517682194,0.0133251259720048,0.0063493920093961286,4,4,4,4
2246_CsTiPtF,-2.468310026809268,0.1156328880861696,0.5259326756014688,0.01122929167304235,4,0,0,0
2247_CsMgAgF,-2.5372447902788484,0.11520460000293743,0.06762344837501263,0.004470269458507314,4,4,4,4
2248_CsNaVF,-2.8030993843898533,0.25740518319953,3.59349126021014,5.742133553526657,4,2,2,2
2249_CsBeAmF,,,,,0,0,0,0
2250_CsRhTlF,-2.2298713410777795,0.10680060943941971,0.0,0.0,4,4,4,4
2251_CsHgAmF,,,,,0,0,0,0
2252_CsCuTlF,-2.181791677561934,0.11039609258753186,0.030229123838345702,0.0028102447627613436,4,4,4,4
2254_CsTiTlF,-2.8983094319566405,0.11974735404482573,0.09593327045410333,0.014591606335147037,4,1,4,4
2255_CsNiRaF,,,,,0,0,0,0
2256_CsCdSmF,-2.9817074688624263,0.10177167327569524,0.1390755426121084,0.017958001570907958,4,0,3,4
2257_CsInAuF,-2.2561959321142893,0.1038410834940409,0.09903902957888963,0.009083064447499354,4,3,4,4
2258_CsCaEuF,-3.4625315035268778,0.12678679840594542,0.0007287502288419641,0.0011018240617742157,4,4,4,4
2259_CsLiErF,-3.4008903945337954,0.12299818985723274,0.00937826136713555,0.003423457329969367,4,4,4,4
2260_CsBKF,-2.627503721399637,0.11269844009002719,0.30506767630764364,0.024236377693321324,4,0,0,0
2261_CsCuTmF,-2.989446231211758,0.11696957298162923,0.0,0.0,4,4,4,4
2262_CsTiVF,-2.681896810216597,0.25286624803916347,0.8331051886113747,1.1012015267792932,4,1,1,1
2264_CsCoCdF,-2.311611116165514,0.20268989393764084,0.014480523764952524,0.006556277514080758,4,4,4,4
2263_CsNdHgF,-2.8805908525820865,0.0967809291972233,0.11447054569948718,0.021524149819904328,4,0,4,4
2266_CsFeRaF,,,,,0,0,0,0
2267_CsLiTlF,-2.5079819227119016,0.10337966767662897,0.0075559265905349,0.005695039377207864,4,4,4,4
2268_CsFeCdF,-2.3421089994260766,0.21106187399485332,0.0431937289376593,0.020153298084933467,4,4,4,4
2269_CsCoRaF,,,,,0,0,0,0
2270_CsPrHgF,-2.866094992541921,0.09716296251584601,0.12432031010664676,0.02369273749734129,4,0,3,4
2271_CsKInF,-2.815448408805807,0.109763597583475,0.0,0.0,4,4,4,4
2272_CsIrTlF,-2.128157188975972,0.1005127396845233,0.034706476332449325,0.018919299231947385,4,4,4,4
2273_CsAgBiF,-2.358604475345537,0.0802184932314,0.0,0.0,4,4,4,4
2274_CsRuTlF,-2.2195916796569324,0.11590119574711402,0.025919678810113,0.01576223703051157,4,4,4,4
2275_CsCaSrF,-3.5016621107733683,0.11954622764815206,0.005285415055160175,0.003776133456522212,4,4,4,4
2276_CsBePbF,-2.695827443387587,0.11619177765746265,0.2155263438815369,0.01268531333934383,4,0,0,1
2277_CsLiTmF,-3.4086238885772735,0.11858185228553288,0.0,0.0,4,4,4,4
2278_CsNiCdF,-2.2380521925617693,0.2525752200794368,0.021872288983947726,0.005042349787994665,4,4,4,4
2279_CsNaGaF,-2.828277089681575,0.15471196686926034,0.008131501076311175,0.00047309611040657873,4,4,4,4
2280_CsBAuF,-2.0482356294835733,0.09977530983934421,0.5169521068535854,0.016395590851914728,4,0,0,0
2281_CsAgLaF,-2.9842684055213318,0.10314955686355871,0.010180028280830625,0.020360056561661254,4,4,4,4
2282_CsCuYbF,-2.9221524784841377,0.16000296988382862,0.06849626923330018,0.03322487491270981,4,3,4,4
2283_CsCoAgF,-2.0605806285997117,0.21462312397090316,0.0,0.0,4,4,4,4
2284_CsRbRhF,-2.406452676145621,0.1491394887342026,0.0,0.0,4,4,4,4
2285_CsNaCrF,-2.7328558350437446,0.28245750588407936,0.005303785206156325,0.000223971316564488,4,4,4,4
2286_CsFeAgF,-2.207097520911599,0.22515861864106357,0.0,0.0,4,4,4,4
2287_CsNaMnF,-2.6099704814373883,0.2626280197487413,0.018417072296961375,0.009307966487953807,4,4,4,4
2288_CsEuYbF,-3.4157057354709357,0.14598364112408085,0.06810151040349804,0.0721618716818486,4,2,3,4
2291_CsHgPuF,-2.8851558546076825,0.10827235650659996,0.06944440156209383,0.013225893084904438,4,4,4,4
2290_CsCaPbF,-3.043903979149559,0.10243062598411712,0.0036104083062175503,0.0008176114667610693,4,4,4,4
2292_CsMoTlF,-2.3071185419810116,0.23929420502720966,0.0005529522902243,0.0008046069333774487,4,4,4,4
2293_CsTiRbF,-3.0776895150389056,0.1601592022652767,0.0035397589206687,0.0070795178413374,4,4,4,4
2294_CsCuLuF,-3.0006888831522045,0.1254518115228706,0.08710412438903775,0.004944551110267015,4,4,4,4
2295_CsPHgF,-2.192151851190499,0.10932875340539765,0.2438339731619958,0.02484175571368304,4,0,0,0
2296_CsNiAgF,-1.9218184078568445,0.25744906411332863,0.039274391534600474,0.023318629980755363,4,4,4,4
2297_CsPdPaF,-2.7416933442020404,0.1041246554753342,0.3898688936244803,0.015096446989898978,4,0,0,0
2298_CsBeSrF,-3.149422810462112,0.13350331764307524,0.23595622628925828,0.012411265887557824,4,0,0,0
2299_CsLiYbF,-3.181259567524449,0.3326275438190642,0.026160188018020173,0.014144274594471318,4,4,4,4
2301_CsPdLaF,-2.824373754349799,0.10697063314508595,0.187872938810288,0.017345129573786925,4,0,0,3
2302_CsLiLuF,-3.420563122118968,0.12938811548098647,0.015558579812080475,0.006536211265787095,4,4,4,4
2303_CsRbIrF,-2.3080965364836055,0.14173032867158972,0.0032764002683316,0.003675190083122381,4,4,4,4
2304_CsHgNpF,-2.891524616117251,0.13880053478574678,0.07165261134628492,0.016098268645972667,4,4,4,4
2305_CsCeHgF,-2.9890007095877777,0.0796978038135697,0.06799942925592757,0.026277179914349386,4,3,4,4
2306_CsSrYbF,-3.454058770325347,0.14903388335895337,0.07292470931853276,0.08369190588011413,4,2,3,4
2307_CsEuTmF,-3.315640106285793,0.16106831809540167,0.0,0.0,4,4,4,4
2308_CsMgRaF,,,,,0,0,0,0
2309_CsSrHgF,-2.7515179435248234,0.10139148377464512,0.021445766093125502,0.003898388363522047,4,4,4,4
2310_CsRbRuF,-2.3978535200017306,0.15718411919380113,0.0120535314083698,0.00842658624460667,4,4,4,4
2311_CsCuAuF,-1.8943684006576875,0.10238114838064556,0.08101497590681725,0.012367672305776508,4,4,4,4
2312_CsBeEuF,-3.1122064659848845,0.14263010427470232,0.2290044322614852,0.016594732704250797,4,0,0,0
2314_CsNaFeF,-2.540489729725585,0.26182181134387994,0.002590501309101175,0.0016344332318622068,4,4,4,4
2315_CsPdUF,-2.670789214458704,0.1387272828702429,0.3321624815433084,0.010009484657951125,4,0,0,0
2316_CsHgPbF,-2.3029410610431666,0.0839223718761411,0.000506782530844225,0.00101356506168845,4,4,4,4
2317_CsPdBaF,-2.621096085991612,0.12163795084104963,0.09414781629799736,0.014828616108741617,4,2,4,4
2318_CsRbMoF,-2.486387992885157,0.2737856084618485,0.0,0.0,4,4,4,4
2319_CsSrTmF,-3.3506241972101325,0.15895133714769652,0.0,0.0,4,4,4,4
2320_CsYbPbF,-3.053399641302026,0.09304319117183409,0.10476052164883008,0.1154362594426943,4,2,2,2
2321_CsGeRaF,,,,,0,0,0,0
2322_CsCuRaF,,,,,0,0,0,0
2323_CsTiBaF,-3.110658480211299,0.14877032674646112,0.12150017552775401,0.023699910414717185,4,1,4,4
2324_CsCaAmF,,,,,0,0,0,0
2325_CsLiAuF,-2.1238721127154045,0.09510830296781524,0.10488504469383761,0.016195889137346976,4,3,4,4
2326_CsTiMnF,-2.6733104082373678,0.23853089475240324,0.3209322941733687,0.13413583897292672,4,0,1,1
2327_CsHgUF,-2.93391650044261,0.1217382048218566,0.06903519555941083,0.011282904964331793,4,4,4,4
2328_CsHgBiF,-2.2899377624043167,0.06511656552246028,0.07236488809126612,0.011249370806619538,4,4,4,4
2329_CsCaSmF,-3.307594182574614,0.17303843146340198,0.13515193339094006,0.04552827347447759,4,1,1,4
2330_CsZnRaF,,,,,0,0,0,0
2331_CsTaTlF,-2.5424197642857544,0.10096544174829218,0.1854416310796205,0.010123059333841175,4,0,0,4
2332_CsTmPbF,-2.994177403534012,0.10283183361420746,0.01248710751583345,0.019980614010480666,4,4,4,4
2333_CsAuAuF,-1.6981252277702175,0.07234525264675863,0.1085420688017946,0.016600175561727666,4,2,4,4
2334_CsNbTlF,-2.5961161953205902,0.1081596975571344,0.1185728728739212,0.008174700204885131,4,0,4,4
2335_CsNaNiF,-2.198883279644108,0.30001129824931355,0.0006455063835926,0.0012910127671852,4,4,4,4
2336_CsNaAsF,-2.545413639629102,0.11005052113475652,0.00179023742624905,0.0035804748524981,4,4,4,4
2337_CsTiZnF,-2.8427111670218728,0.09069700485363992,0.1515315353888655,0.015099618398532062,4,0,3,4
2339_CsZnPdF,-2.2021096343647355,0.12731780835217932,0.06810602583023151,0.023696938806050005,4,4,4,4
2338_CsPdCeF,-2.816623666371822,0.11769054168561911,0.24037647247188548,0.012240317640123417,4,0,0,0
2340_CsPdNpF,-2.6596929902700017,0.16422408629841853,0.3034842371935327,0.012480339747886445,4,0,0,0
2341_CsLaHgF,-2.901158110286416,0.08818043798620558,0.12128743007720531,0.03245778397366697,4,0,3,4
2342_CsNaCoF,-2.382219814744271,0.25386738423748917,0.01903809904915315,0.00202548731070923,4,4,4,4
2344_CsMnRaF,,,,,0,0,0,0
2345_CsHgPaF,-3.015248254919179,0.09548058674985611,0.0758558226058534,0.021031712568472995,4,3,4,4
2346_CsKAuF,-2.1384536350580703,0.08168501883831142,0.03559732288407155,0.011260484823537803,4,4,4,4
2347_CsYbAmF,,,,,0,0,0,0
2349_CsGePdF,-2.2071019256968905,0.10185701195667694,0.33072261214030574,0.008348313484708799,4,0,0,0
2350_CsPdPuF,-2.69323948570696,0.14272603324906294,0.26136077046282025,0.024124855128074985,4,0,0,0
2351_CsTiGeF,-2.602889887972361,0.09908356088748371,0.3913528144383771,0.008152981034178395,4,0,0,0
2352_CsPAgF,-2.1000982686744734,0.11418459851017589,0.3365649549520733,0.01925232201763224,4,0,0,0
2353_CsCuPdF,-1.9895148540405254,0.11986478105202093,0.05509127601929582,0.013505327687980658,4,4,4,4
2354_CsLuAuF,-2.878192749106216,0.11092535096973319,0.1314167395250307,0.007950824358150397,4,0,4,4
2355_CsYbAuF,-2.7504446665271134,0.19025796427071892,0.12274979353154689,0.023917181750744816,4,0,4,4
2356_CsSmYbF,-3.251323134686783,0.17900511163575347,0.20892324721227504,0.07491779917824642,4,0,0,3
2357_CsCdNdF,-2.960309916968473,0.10287578057804511,0.14666155738050074,0.02260523375357992,4,0,3,4
2358_CsPFrF,,,,,0,0,0,0
2359_CsRbTaF,-2.709260985144656,0.1408263458977667,0.17193298324806378,0.010277889776595873,4,0,0,4
2360_CsEuDyF,-3.2983883763205926,0.15959123141919074,0.10203836138752279,0.03452195594867262,4,1,4,4
2361_CsRbNbF,-2.7728373211603774,0.14579724422057147,0.04601753609667233,0.010428863049446813,4,4,4,4
2363_CsPdPrF,-2.788521486010186,0.11515911587845776,0.19169045438301552,0.01062938722232242,4,0,0,3
2364_CsMgTiF,-3.0262449040879504,0.15945411865818063,0.1186648786062425,0.033124965888839314,4,1,4,4
2365_CsMgPdF,-2.5501141245039975,0.13447668373742985,0.07589494883866085,0.025460807465352484,4,3,4,4
2366_CsKLuF,-3.440405189476589,0.11730749923474221,0.0,0.0,4,4,4,4
2367_CsScTlF,-3.156463953341071,0.10942673958094436,0.0,0.0,4,4,4,4
2368_CsCrRaF,,,,,0,0,0,0
2370_CsPdNdF,-2.8027253652468396,0.11576159492315168,0.1809741054968363,0.008602412793413077,4,0,0,4
2371_CsKYbF,-3.1806109408370347,0.3469092050918512,0.00362997427582765,0.006118179886806078,4,4,4,4
2372_CsCuInF,-2.383576675740718,0.1183877307067153,0.053458149729096203,0.0060951959910474154,4,4,4,4
2374_CsSrDyF,-3.3349837000031055,0.1573136142367497,0.10961117621001713,0.036485062106389486,4,1,4,4
2375_CsTmAuF,-2.864940714324269,0.10071235568905079,0.0,0.0,4,4,4,4
2376_CsCrPtF,-2.0303255940333225,0.2462146390166638,0.34012840092115404,0.017903162631952015,4,0,0,0
2377_CsPdAmF,,,,,0,0,0,0
2378_CsAuTlF,-1.9853651756887642,0.08221339702072067,0.10098636200125305,0.006501730437203109,4,2,4,4
2380_CsPdCmF,,,,,0,0,0,0
2381_CsNaCuF,-2.3174268508814135,0.1609062038072337,0.0,0.0,4,4,4,4
2382_CsLiInF,-2.7920961523918293,0.12161009858477197,0.002995189526729025,0.0030426315741605204,4,4,4,4
2383_CsPdPmF,-2.8167454595223456,0.11409642179562185,0.11986709386206312,0.007075272624939582,4,0,4,4
2384_CsErAuF,-2.854913830242925,0.10414251408286418,0.1286852368073683,0.008676766512204346,4,0,4,4
2385_CsDyPbF,-2.9700174117922646,0.10035972719481807,0.1908864736565685,0.007933526839718007,4,0,0,4
2386_CsSbTlF,-2.459294005717888,0.06214863838744107,0.053541654349042525,0.022874902219673986,4,4,4,4
2387_CsKTmF,-3.4262948448294477,0.10825294587241373,0.0,0.0,4,4,4,4
2389_CsTiCoF,-2.544516392037319,0.21740459180955354,0.4497263103734195,0.11360681986846054,4,0,0,0
2392_CsVCrF,-2.4406770730858214,0.31913095488499615,0.782771260041039,1.3086625664680687,4,1,1,3
2393_CsNaAlF,-3.179497077549934,0.16561331939934051,0.016664218901913025,0.0011788396520236019,4,4,4,4
2394_CsKTlF,-2.5178392494558324,0.08897592994196245,0.0,0.0,4,4,4,4
2395_CsScRbF,-3.3349014902979865,0.14995527887201598,0.0,0.0,4,4,4,4
2396_CsMnPtF,-2.180901747328793,0.2655452674009545,0.2740824460925903,0.06425165671750108,2,0,0,0
2397_CsNiPdF,-1.8957956159980043,0.24945544952657608,0.12644080320820314,0.04544137059440249,4,1,2,4
2398_CsPbVacF,-2.4627632923543166,0.08400409625958838,0.0,0.0,4,4,4,4
2400_CsBeNpF,-2.7610812405596588,0.20554048904981911,0.3822186554474866,0.035442725502009845,4,0,0,0
2401_CsAgAcF,-2.957339134300903,0.10480195722065522,0.012532234190830474,0.02506446838166095,4,4,4,4
2402_CsYAuF,-2.8377352679596415,0.10950261658467292,0.13002307796060705,0.006809054399342477,4,0,4,4
2403_CsRbAgF,-2.138569175688228,0.12454637615631484,0.0,0.0,4,4,4,4
2404_CsVRaF,,,,,0,0,0,0
2405_CsKErF,-3.416040449821477,0.11158014960041265,0.0,0.0,4,4,4,4
2406_CsEuNpF,-3.068988477674682,0.17924256474141018,0.14204025367677525,0.015342838011829677,4,0,3,4
2407_CsHoAuF,-2.847870733819758,0.10240479953828036,0.13047530568565907,0.008263846286822805,4,0,4,4
2408_CsPdSmF,-2.82359541305548,0.11323554016009564,0.17081246872559,0.007703469919751085,4,0,0,4
2409_CsNKF,-1.610691570721226,0.05633302595752529,0.019367020580624075,0.012453773877245066,4,4,4,4
2410_CsVMnF,-2.5463399780192173,0.3096232320284308,0.691988798256596,1.2939216621504777,4,3,3,3
2411_CsZnPtF,-2.0569797093528863,0.1198576844937055,0.23201852478134405,0.01888870897425077,4,0,0,0
2412_CsKYF,-3.3973115737090485,0.11485881439647486,0.0,0.0,4,4,4,4
2413_CsRbSbF,-2.6297988260668825,0.10748812897268877,0.041462096571533026,0.01916134759301981,4,4,4,4
2414_CsPtRaF,,,,,0,0,0,0
2415_CsSrNpF,-3.1057365680615385,0.1670640677304915,0.14946030179492584,0.008445862372622572,4,0,2,4
2416_CsRbPdF,-2.249371298639138,0.1324000981669857,0.02350619956759775,0.00342203692544178,4,4,4,4
2417_CsDyAmF,,,,,0,0,0,0
2418_CsKHoF,-3.4084765309925436,0.10963415515161601,0.0,0.0,4,4,4,4
2419_CsDyAuF,-2.840165909610183,0.09984950776123869,0.1331007326662621,0.008306786392570296,4,0,4,4
2420_CsPdEuF,-2.7056317950148556,0.12346485003174532,0.05869071731942395,0.022554274682848357,4,4,4,4
2422_CsCuPtF,-1.8772978449715327,0.10255735379096113,0.18652406106550676,0.014167273646742844,4,0,0,4
2423_CsGePtF,-1.9822323227781358,0.07694230061684486,0.5555922150590529,0.020055216386087812,4,0,0,0
2424_CsVZnF,-2.54332285471953,0.22619372305916519,0.6955227452525512,1.2648303555854241,4,3,3,3
2425_CsCuSbF,-2.2601276482016734,0.08048760257035355,0.1528495103760334,0.00843659570653189,4,0,2,4
2426_CsNAuF,-1.2213831926208973,0.09854000748690955,0.4025766287019631,0.03527313194743869,4,0,0,0
2427_CsCaNdF,-3.299320527399789,0.15842017530576027,0.13426874057242338,0.02855200394492978,4,1,3,4
2428_CsAgBaF,-2.595014303411912,0.10220985797981456,0.09018140434882935,0.00637274837251752,4,4,4,4
2429_CsPbNpF,-2.710109501567095,0.15339536036912985,0.253067725896448,0.003446401065450135,4,0,0,0
2431_CsPdGdF,-2.824056830493162,0.1099849092523263,0.09349161833147526,0.007223763170701383,4,3,4,4
2432_CsKDyF,-3.399907040082312,0.10696108884552334,0.0,0.0,4,4,4,4
2433_CsTbAuF,-2.8346084361115036,0.1054410702195452,0.135711347892139,0.00804191390465711,4,0,4,4
2435_CsMgPtF,-2.408947205032101,0.12777840859741735,0.23584444224982093,0.021907305692372835,4,0,0,0
2436_CsLiSbF,-2.6651975119971567,0.0815424200705558,0.0948722809539861,0.014784977252753271,4,3,4,4
2437_CsVGeF,-2.4535320306641064,0.18450892502722646,0.7875522495968699,1.2496151110358915,4,0,0,3
2438_CsTbVacF,-3.048300617806654,0.16742936258239133,0.07037686308157928,0.026226888958981027,4,4,4,4
2439_CsBeDyF,-2.9046237716932093,0.22933373085822376,0.43670766538496864,0.10917767152888105,4,0,0,0
2440_CsLiPdF,-2.2668493474389577,0.10533132858409172,0.08581588417142336,0.009411984386295653,4,4,4,4
2441_CsInTlF,-2.590175726499285,0.1014953310195638,0.0,0.0,4,4,4,4
2442_CsCdBaF,-2.9410009416281158,0.11291830624153366,0.03162309229329002,0.0068282856257355345,4,4,4,4
2443_CsKTbF,-3.39453297603736,0.11296772798279643,0.0,0.0,4,4,4,4
2444_CsCrMnF,-2.44131201033034,0.3126725211764682,0.08701611558660824,0.023226687858091705,4,3,4,4
2445_CsScCuF,-2.9388415242104386,0.12402142089783334,0.07519358762712652,0.005496720532598688,4,4,4,4
2447_CsGdAuF,-2.798159399114265,0.09818671096959782,0.08777018305432735,0.009351502538502175,4,4,4,4
2448_CsLiAgF,-2.169718539201262,0.09995792333615396,0.8191071599724314,1.5702308096609168,4,3,3,3
2449_CsMgVF,-2.8982255036474047,0.23103068371151822,0.5993085384374606,1.1094062609519157,4,3,3,3
2451_CsNdYbF,-3.2442269871472167,0.1652892654792326,0.20715910061751236,0.06540272113828358,4,0,1,3
2450_CsNpAmF,,,,,0,0,0,0
2452_CsHgAcF,-2.8754584739458258,0.08938806567626033,0.12144368663336877,0.03828203945720278,4,1,3,4
2453_CsLiScF,-3.351442905750073,0.12577999582699104,0.021268392352894648,0.004310384469286358,4,4,4,4
2454_CsCrZnF,-2.438605394448735,0.22551685329912785,0.10713711149051103,0.0039154084403756,4,0,4,4
2455_CsPdDyF,-2.8662284220114325,0.11355836381494555,0.14759039431702314,0.006653993179862618,4,0,2,4
2456_CsEuAuF,-2.632791479908222,0.11269945733041187,0.09114701665393157,0.018795483184070802,4,2,4,4
2457_CsKGdF,-3.354800086699495,0.10421589393515507,0.0,0.0,4,4,4,4
2459_CsRbInF,-2.767326583949811,0.1433883887315222,0.0,0.0,4,4,4,4
2460_CsSmNpF,-2.933675255857495,0.21683441549980745,0.31476269662481693,0.0771392373790086,4,0,0,1
2462_CsCrGeF,-2.354647668681834,0.18666952368407855,0.2296832859531739,0.0032094112539227298,4,0,0,0
2464_CsPdHoF,-2.8734242106329644,0.11536692608525421,0.14417253335348063,0.006332627075443472,4,0,3,4
2465_CsKEuF,-3.1479740733735535,0.12991921262806233,0.0,0.0,4,4,4,4
2466_CsCuNbF,-2.3887221854921807,0.1249174444894647,0.32596688270232743,0.024295140940097677,4,0,0,0
2467_CsCuTaF,-2.43332191694354,0.044037353653380996,0.2945394784218376,0.050726218969381946,4,0,0,0
2468_CsMnZnF,-2.5677239835970433,0.2537549057575119,0.020649427396816567,0.006638912153798161,3,3,3,3
2469_CsYPdF,-2.8627962256342157,0.12152849319984806,0.14406514316653402,0.006001754485354987,4,0,3,4
2470_CsNiPtF,-1.7514852071642633,0.2382330160183236,0.3045341591067372,0.046783593679327225,4,0,0,0
2471_CsSmAuF,-2.7970218176475674,0.09893017563941138,0.1488072496318275,0.011273707066628476,4,0,2,4
2472_CsVCoF,-2.323865842306568,0.3054802892516467,0.8632655411950483,1.330661423678076,4,1,1,1
2474_CsMgCrF,-2.7891884619855807,0.22717241748442982,0.11400362948477767,0.019209682296922603,4,1,4,4
2475_CsAlFrF,,,,,0,0,0,0
2476_CsBeTmF,-2.920752490543579,0.2212486140340556,0.2995598986768892,0.09206522579465218,4,0,0,1
2478_CsLiTaF,-2.7365637688689404,0.11959120792594478,0.1820340833571521,0.016957632830882453,4,0,0,4
2479_CsMnGeF,-2.4519740713064793,0.17067766537721887,0.12510451996467783,0.0030985159881417243,4,0,4,4
2480_CsLiNbF,-2.8029468637706403,0.12280073412795964,0.10577174307730726,0.014054978025758863,4,1,4,4
2482_CsKSmF,-3.353527163945142,0.10391198156430521,0.0008388519287492,0.0016777038574984002,4,4,4,4
2483_CsPmAuF,-2.790764930331286,0.10137791333069882,0.11030448559502212,0.009792780108569281,4,0,4,4
2484_CsCuFrF,,,,,0,0,0,0
2485_CsTiRaF,,,,,0,0,0,0
2486_CsAuCmF,,,,,0,0,0,0
2487_CsPdRaF,,,,,0,0,0,0
2488_CsPdTlF,-2.0977432573691313,0.09235165552135934,0.03378988802520185,0.00802989299189495,4,4,4,4
2489_CsAuAmF,,,,,0,0,0,0
2490_CsZnGeF,-2.458062719785331,0.0859787058133621,0.09888248779012485,0.02285259382399033,4,3,4,4
2491_CsBeYbF,-3.088840239728473,0.21577001662891893,0.31980958216185695,0.13589772544312853,4,0,0,0
2492_CsBeHgF,-2.406643603228994,0.1169171203350586,0.21480535417744123,0.012868509380351141,4,0,0,1
2493_CsMgMnF,-2.893383083984225,0.21916818403429858,0.024362835286935773,0.005181958814766266,4,4,4,4
2494_CsCuZnF,-2.277977778997957,0.13162917000173985,0.07335474863565158,0.004997301098127693,4,4,4,4
2495_CsPdTmF,-2.8897696102504975,0.11301296190419627,0.001104569436253475,0.00220913887250695,4,4,4,4
2496_CsKPmF,-3.3467690730942454,0.10618235893700498,0.0,0.0,4,4,4,4
2497_CsSrEuF,-3.4330634171630092,0.12113783307531963,0.0033792704339117,0.004790314324309467,4,4,4,4
2498_CsCaBaF,-3.446628468716132,0.11641768002209783,0.038485389949800504,0.00554582303103468,4,4,4,4
2499_CsKCmF,,,,,0,0,0,0
2500_CsNdAuF,-2.776156588876205,0.1016559157394637,0.155343753596268,0.01416397752912377,4,0,2,4
2501_CsCrCoF,-2.2245083565370924,0.31990988174223717,0.19347489476061547,0.03817609759471749,4,0,1,1
2502_CsKAmF,,,,,0,0,0,0
2503_CsBHgF,-2.176578438264828,0.0959879448384722,0.4537211276605879,0.009325902213126826,4,0,0,0
2504_CsNaPF,-2.4200146660053434,0.17361113187314509,0.20265703479646796,0.027479759650938285,4,0,0,2
2505_CsMgZnF,-2.883904078091162,0.1328464852983636,0.0525385191050671,0.005929645485326069,4,4,4,4
2506_CsCuMoF,-2.094733465696382,0.25634574897069873,0.13414469957286185,0.008242669456427758,4,0,4,4
2507_CsCuGeF,-2.2337864066015727,0.0863865000017672,0.30403813123562373,0.009031473943637772,4,0,0,0
2509_CsPdYbF,-2.8238390097874984,0.1486341639487269,0.1097233861678137,0.0661438868789518,4,2,2,4
2510_CsAgThF,-2.9204372251879973,0.07364767895399477,0.2933947076405077,0.04733277877495797,4,0,0,0
2511_CsEuPbF,-2.9793985093503146,0.10327632944366547,0.001520633696373775,0.002056056251507332,4,4,4,4
2513_CsPrAuF,-2.7618254894848437,0.10121511253445957,0.16348400364458496,0.01745181395640619,4,0,1,4
2514_CsLuTlF,-3.212703635778484,0.11049269310185925,0.0,0.0,4,4,4,4
2516_CsKNdF,-3.3317626292347295,0.10669427449500458,0.003972625732499675,0.00794525146499935,4,4,4,4
2517_CsPdLuF,-2.90243128784865,0.12310376155702549,0.144391537086554,0.01090512309535964,4,0,3,4
2518_CsBeCaF,-3.1406113217114013,0.13442556445481457,0.24391130954071102,0.010609720552907728,4,0,0,0
2519_CsMgCuF,-2.6176993662975185,0.13724250505031454,0.0906042347355564,0.0038548047510630792,4,4,4,4
2520_CsMgGeF,-2.805368601765541,0.09162199373103558,0.10737001895760362,0.022476177790446247,4,3,4,4
2521_CsCuRuF,-2.0100141967201806,0.13278494354269782,0.1526817500584241,0.02921212735915509,4,0,1,4
2522_CsLiMoF,-2.5122922668685153,0.2556222401227584,0.03493246796359845,0.02273248840707867,4,4,4,4
2523_CsCuIrF,-1.9164722169306005,0.1188197845559004,0.15946443304329544,0.010086259630046954,4,0,1,4
2524_CsYbTlF,-3.0572698185709415,0.21730960625167486,0.035612207651138025,0.04120590405497895,4,4,4,4
2525_CsMnCoF,-2.3195461672982263,0.29015638867953497,0.03834326217426848,0.015598497028367474,4,4,4,4
2526_CsRbAuF,-2.089878543699153,0.11898171220514447,0.048484754564437973,0.009575290218898878,4,4,4,4
2527_CsBaYbF,-3.4166516462812933,0.13246217377126193,0.09023494223404292,0.06288659718279686,4,2,3,4
2528_CsKPrF,-3.3170606816637336,0.10676108454609695,0.0073628738536785756,0.011887595142158026,4,4,4,4
2529_CsAuPuF,-2.658760329569131,0.1211359716155345,0.29583992660065106,0.006110209780361255,4,0,0,0
2530_CsSrPbF,-3.0138857895994873,0.09641182204174369,0.009266522528117825,0.005207547968567861,4,4,4,4
2531_CsBaHgF,-2.696236843849632,0.09713582776699504,0.0548931986057208,0.006892706475454634,4,4,4,4
2532_CsMnFeF,-2.3491938245732893,0.29541809174599365,0.0552799960440906,0.01645751872790274,4,4,4,4
2533_CsTiCuF,-2.677349017544838,0.1340193882357829,0.3168936848659014,0.028857568509212558,4,0,0,0
2534_CsPdAuF,-1.8148262912882966,0.08790732389832122,0.14953915178791016,0.018028067392551646,4,0,2,4
2535_CsMnNiF,-2.2454379451708752,0.33932216191905334,0.0946943044662478,0.04470282749090728,4,1,4,4
2536_CsLiIrF,-2.3181905473136286,0.11600465560155694,0.07509127134941512,0.018474079618779764,4,4,4,4
2537_CsZrVacF,-3.44392795969354,0.12805750716499537,0.0263514320078721,0.008040672005258532,4,4,4,4
2538_CsLiRuF,-2.407204356278884,0.13097993604842795,0.08659601435055192,0.021449524127999952,4,3,4,4
2539_CsCoFrF,,,,,0,0,0,0
2540_CsCoZnF,-2.313154652202811,0.20565410425969072,0.04693791568286705,0.008932969408790598,4,4,4,4
2542_CsBaTmF,-3.339877652612064,0.14420154211445455,0.09276431973230333,0.018159159227924132,4,2,4,4
2543_CsCeAuF,-2.775590681515919,0.1034728054377099,0.28140945732778944,0.008635409092851654,4,0,0,0
2544_CsAsFrF,,,,,0,0,0,0
2546_CsKPuF,-3.1792816604032517,0.13609371980431947,0.0,0.0,4,4,4,4
2545_CsNiFrF,,,,,0,0,0,0
2547_CsEuAmF,,,,,0,0,0,0
2548_CsTmTlF,-3.1978825653467284,0.09934019011147492,0.0,0.0,4,4,4,4
2549_CsRbLuF,-3.3911405349620862,0.15089063667625843,0.0,0.0,4,4,4,4
2550_CsCuRhF,-2.033795061197458,0.12390284487156457,0.060855155385903775,0.006758731894802274,4,4,4,4
2551_CsFeZnF,-2.3477095539205766,0.21397847203206707,0.07346604040841502,0.021741887140337347,4,4,4,4
2553_CsLiTiF,-3.087754051372975,0.1335029824760498,0.04176063206408083,0.00746063693656749,4,4,4,4
2554_CsNiZnF,-2.234725722159389,0.2531781067115383,0.055373313360999,0.008412188277656602,4,4,4,4
2555_CsRbYbF,-3.1302862952009876,0.38421145660723843,0.02393157556653035,0.027836565783146486,4,4,4,4
2556_CsCoGeF,-2.2362673098703003,0.1617346696961884,0.3015572279668979,0.06925396290780472,4,0,0,1
2557_CsCoCuF,-2.0561456615602927,0.21472667436284454,0.07817902669120097,0.01446493755321881,4,4,4,4
2558_CsKNpF,-3.1253721917516035,0.1695445484073217,0.0,0.0,4,4,4,4
2559_CsSmEuF,-3.2686488533860762,0.15455794993804164,0.11099633550319751,0.027425246001155406,4,1,4,4
2560_CsErTlF,-3.1885439360994656,0.10417573555330793,0.0,0.0,4,4,4,4
2561_CsNdNpF,-2.9200823361538495,0.20684457522810668,0.31609564224698516,0.06209310336309842,4,0,0,0
2562_CsSrAmF,,,,,0,0,0,0
2563_CsKCeF,-3.317160987342114,0.12089406785323328,0.0,0.0,4,4,4,4
2564_CsLiRhF,-2.4128820026770206,0.12308927265913261,0.0211860507723964,0.013521683528130003,4,4,4,4
2565_CsFeGeF,-2.26384755023763,0.17097554347386273,0.27430494389163956,0.07714293707362585,4,0,0,1
2566_CsAuUF,-2.7341692531937936,0.10060393663491225,0.26878244280822905,0.03215913550595073,4,0,0,0
2567_CsNiCuF,-1.9764063442589976,0.26147186729433836,0.0870602911734663,0.009446563653441575,4,4,4,4
2568_CsBAgF,-2.228334952876183,0.11103104359624011,0.37163548866857443,0.01856375846121605,4,0,0,0
2569_CsHfVacF,-3.5202121364690724,0.11779217643267922,0.02289256784511635,0.008800242449166447,4,4,4,4
2570_CsNiGeF,-2.1598331356908167,0.21003621095265726,0.3779914021463797,0.11737434422589882,4,0,0,0
2571_CsFeFrF,,,,,0,0,0,0
2572_CsMgCoF,-2.6636029744982928,0.2083172359011059,0.05219431221592333,0.004944130055951834,4,4,4,4
2573_CsHgThF,-3.1152901979625955,0.07984299121730407,0.09854173486590762,0.039540615677419004,4,3,3,4
2574_CsPbAmF,,,,,0,0,0,0
2575_CsYTlF,-3.1708363498127317,0.10944060480908899,0.0,0.0,4,4,4,4
2576_CsAuBiF,-2.1768673385033277,0.07042199813397441,0.11679438667157857,0.008490970666754168,4,0,4,4
2577_CsSrSmF,-3.3067585045953547,0.14989028502260723,0.11705482279892607,0.027562307958985476,4,1,4,4
2578_CsRbTmF,-3.3771666491896912,0.14342094239490608,0.0,0.0,4,4,4,4
2579_CsMgFeF,-2.6990362698681243,0.21661170640774388,0.07811813453851528,0.020781878248569294,4,4,4,4
2580_CsHoTlF,-3.181031831590277,0.10209103183367568,0.0,0.0,4,4,4,4
2581_CsLaAuF,-2.7983385110722057,0.09412973769618195,0.1589951997031522,0.02381664046157971,4,0,2,4
2583_CsRbTlF,-2.4689114058897292,0.12431024080104391,0.0,0.0,4,4,4,4
2584_CsMgNiF,-2.585988836968347,0.25705122611067877,0.05831226209954458,0.004488691886482838,4,4,4,4
2586_CsRbErF,-3.366585573043932,0.14670113167935478,0.0,0.0,4,4,4,4
2585_CsVCuF,-2.3983920241252363,0.22809961964745176,0.7883998990038754,1.297049125845265,4,0,3,3
2587_CsSmPbF,-2.9306575263417107,0.10148940287330589,0.20447279065462837,0.00995895407510473,4,0,0,2
2588_CsAuPaF,-2.843392717327351,0.07701597223166672,0.2584502404928477,0.037907679960412916,4,0,0,0
2589_CsKBiF,-2.7243455643307604,0.07581014088799053,0.0,0.0,4,4,4,4
2590_CsKLaF,-3.3510102147693956,0.09793205442410433,0.008728027343750425,0.01745605468750085,4,4,4,4
2591_CsDyTlF,-3.172900720922182,0.09932319675656326,0.0,0.0,4,4,4,4
2592_CsMnFrF,,,,,0,0,0,0
2593_CsCrFrF,,,,,0,0,0,0
2594_CsBeCdF,-2.6274002852399185,0.1308766701388364,0.23245106190381576,0.010486108032971833,4,0,0,0
2595_CsLiVF,-2.8056379044866335,0.22554595481829476,0.6210550045328498,1.1800293579525387,4,3,3,3
2596_CsAgRaF,,,,,0,0,0,0
2597_CsRbYF,-3.3476739550479913,0.15027903939958592,0.0,0.0,4,4,4,4
2598_CsBaDyF,-3.322168963635486,0.1407920450842904,0.10059224541504357,0.021536706449588647,4,1,4,4
2599_CsKPaF,-3.0902134115348336,0.10908626740189382,0.04131685495502595,0.0064234353655414096,4,4,4,4
2600_CsGaFrF,,,,,0,0,0,0
2601_CsRbHoF,-3.358728667583547,0.14445107575832022,0.0,0.0,4,4,4,4
2602_CsFeCoF,-2.125277006113642,0.29338399090513756,0.10556221654083511,0.03184450890404637,4,1,4,4
2603_CsTbTlF,-3.167572820669023,0.10563117048582944,0.0,0.0,4,4,4,4
2604_CsPdInF,-2.282729336109205,0.11620307039610339,0.10492718219643876,0.015120397024542502,4,1,4,4
2605_CsCuGaF,-2.4176958347213686,0.119292509714893,0.09987795961404372,0.005923123176456275,4,3,4,4
2606_CsBeAgF,-2.284979201340484,0.1073643999643411,0.2769665926714764,0.008227085368310554,4,0,0,0
2607_CsCoNiF,-2.0121953839901385,0.32892354273458685,0.062229392131940744,0.007210182142247291,4,4,4,4
2608_CsCrCuF,-2.3279240036848523,0.252137896024386,0.076315711439435,0.006379125689723925,4,4,4,4
2610_CsCdRaF,,,,,0,0,0,0
2612_CsRbDyF,-3.350093033399272,0.1418472533127652,0.0,0.0,4,4,4,4
2613_CsMnCuF,-2.301883919285139,0.2242528080707863,0.04445849486417992,0.008423739333777039,4,4,4,4
2614_CsLiGaF,-2.825485839927767,0.12032708078065923,0.0575872123245715,0.003604868311544383,4,4,4,4
2615_CsSnVacF,-2.8032914030180227,0.1018647006320759,0.010520140327957249,0.007160322447274171,4,4,4,4
2616_CsGdTlF,-3.1286536360655304,0.09711036414238773,0.0,0.0,4,4,4,4
2617_CsLiCrF,-2.731345477187722,0.2521547057887177,0.051821953056567754,0.003656231849934049,4,4,4,4
2618_CsVFrF,,,,,0,0,0,0
2619_CsLiMnF,-2.613414235156967,0.23325764619929673,0.09093791246383115,0.007874719060128077,4,4,4,4
2620_CsRbTbF,-3.344471204762729,0.14705910956140936,0.0,0.0,4,4,4,4
2622_CsEuTlF,-2.937013163654769,0.11973574990932465,0.0,0.0,4,4,4,4
2624_CsNbVacF,-2.992223207814479,0.10620974721334181,0.024097979068307976,0.006360447242987272,4,4,4,4
2625_CsTaVacF,-3.0309571059615297,0.10361678865124736,0.0,0.0,4,4,4,4
2626_CsLiFeF,-2.542689880216667,0.233627721198134,0.0413810461755581,0.0032382586466246587,4,4,4,4
2627_CsSmTlF,-3.127612396565634,0.09763027330253012,0.00319070815874765,0.0063814163174953,4,4,4,4
2628_CsRbGdF,-3.3043695772554837,0.13846565094291094,0.0,0.0,4,4,4,4
2629_CsNdEuF,-3.25405367859825,0.1459022911962023,0.11349409529497163,0.014252128572574034,4,1,4,4
2630_CsCuAsF,-2.1547969246783927,0.07215718209373105,0.12925633787804797,0.012745631735206606,4,0,4,4
2631_CsPdSbF,-2.168466141311243,0.07614397357861798,0.2357132777545434,0.006690520458110089,4,0,0,0
2632_CsNHgF,-1.2561366389060002,0.06983231509055476,0.3150919485813568,0.009322632077081304,4,0,0,0
2633_CsPdPdF,-1.8926449681214694,0.1063772708050286,0.07172047495473508,0.02343134587067721,4,3,4,4
2634_CsRhFrF,,,,,0,0,0,0
2636_CsRbEuF,-3.098686339943329,0.16583044451390522,0.0,0.0,4,4,4,4
2637_CsSrNdF,-3.293420409644832,0.14052539421893756,0.11813294366797163,0.013878264676658137,4,1,4,4
2638_CsTiFrF,,,,,0,0,0,0
2639_CsPmTlF,-3.1210728044182066,0.0993404864816124,0.0,0.0,4,4,4,4
2640_CsTlCmF,,,,,0,0,0,0
2641_CsLiNiF,-2.2007871831314163,0.2682891294961462,0.0696710136807019,0.0093774925421314,4,4,4,4
2642_CsLiAsF,-2.554419084870108,0.07252112920306972,0.0654704377076835,0.011080028722764233,4,4,4,4
2645_CsTlAmF,,,,,0,0,0,0
2647_CsScPdF,-2.844541111078012,0.12240834927335201,0.12875507436618802,0.01303008906922624,4,0,4,4
2646_CsLiCoF,-2.379773383820094,0.21776776204292478,0.04982230871936182,0.009185359495670932,4,4,4,4
2648_CsRbSmF,-3.3035734618585924,0.1389739658394967,8.8310240416775e-05,0.00017662048083354998,4,4,4,4
2649_CsIrFrF,,,,,0,0,0,0
2650_CsNdPbF,-2.91119531639984,0.09985552340594966,0.21012346347093547,0.01743193800458097,4,0,0,1
2651_CsCaRaF,,,,,0,0,0,0
2652_CsRuFrF,,,,,0,0,0,0
2653_CsNdTlF,-3.1065303946419394,0.10033549956082553,0.00613063176249805,0.0122612635249961,4,4,4,4
2655_CsMoFrF,,,,,0,0,0,0
2656_CsPrTlF,-3.0918268317851094,0.10023971533175728,0.009671123820677025,0.019198555086463575,4,4,4,4
2657_CsRbCmF,,,,,0,0,0,0
2658_CsRbPmF,-3.2967928404475875,0.14084155010681268,0.0,0.0,4,4,4,4
2659_CsAuAcF,-2.772112914407022,0.0956885696820243,0.15967741658390985,0.028963668583698577,4,0,2,3
2660_CsWVacF,-2.3521568935060975,0.3207497795305047,0.003935601976149825,0.00787120395229965,4,4,4,4
2662_CsYbRaF,,,,,0,0,0,0
2661_CsRbAmF,,,,,0,0,0,0
2663_CsHgRaF,,,,,0,0,0,0
2664_CsNdAmF,,,,,0,0,0,0
2665_CsKAcF,-3.3242363805401576,0.09949688390980004,0.004550695417499625,0.00910139083499925,4,4,4,4
2666_CsTlPuF,-2.9583315009733937,0.13369412014686027,0.002818208931388125,0.001980618053315539,4,4,4,4
2667_CsNAgF,-1.258907439792103,0.06514786356492881,0.43005614876632936,0.021430379715477118,4,0,0,0
2668_CsCuCuF,-2.0626409138098785,0.13187567671790806,0.06220590323355707,0.005383013664520433,4,4,4,4
2669_CsBeTiF,-2.745776090012572,0.1635819688225434,0.3583809127404487,0.047006975470879585,4,0,0,0
2670_CsBePdF,-2.2750131199623698,0.12779308109053572,0.3080735087383819,0.03271529852935004,4,0,0,0
2671_CsPdTaF,-2.414045509580859,0.09883831336995202,0.3138158857845186,0.01414776861561394,4,0,0,0
2672_CsNbPdF,-2.365210430025233,0.10718728413729194,0.3494786381692765,0.008111002864650814,4,0,0,0
2673_CsRbNdF,-3.2815493846783608,0.14089211466313645,0.00919699668849125,0.01590019931444397,4,4,4,4
2674_CsAlCuF,-2.7592296744252884,0.1315552452535633,0.11349433834352646,0.005206441576762316,4,0,4,4
2675_CsCeTlF,-3.090280213441056,0.11439414064291395,0.0015185356137488,0.0030370712274976,4,4,4,4
2677_CsTlNpF,-2.8991728777557366,0.16058257648867041,0.06400434970780285,0.008074950474863306,4,4,4,4
2678_CsTmRaF,,,,,0,0,0,0
2679_CsRbPrF,-3.2663866336010488,0.14029550640493316,0.019860811532168524,0.01654057329590903,4,4,4,4
2680_CsLiCuF,-2.3166992093005607,0.12410827522703366,0.04998806019461008,0.006938794400339413,4,4,4,4
2681_CsMoVacF,-2.476531294743606,0.2875798888825456,0.0,0.0,4,4,4,4
2682_CsLiAlF,-3.169909789647722,0.13168941255830965,0.08173386454526536,0.0034562116723636156,4,4,4,4
2683_CsNbFrF,,,,,0,0,0,0
2684_CsRbPuF,-3.128601842608736,0.1684556515317796,0.0,0.0,4,4,4,4
2685_CsBaEuF,-3.3797734493883773,0.11872737569655753,0.0347151219809489,0.006306808972975851,4,4,4,4
2686_CsTaFrF,,,,,0,0,0,0
2687_CsTcVacF,-2.643328762149256,0.13418819649379554,0.0046918657089305,0.006277731880124231,4,4,4,4
2688_CsBNaF,-2.5503389194437402,0.14836483544209417,0.3588643252878514,0.016504064791189398,4,0,0,0
2689_CsTlUF,-2.859468683090552,0.13811333124925979,0.14348301291147345,0.006458579151388467,4,0,4,4
2690_CsRbCeF,-3.2670840168862485,0.1537629945394448,0.0046600341799996,0.009320068359999201,4,4,4,4
2691_CsSrBaF,-3.4136119688416247,0.109116797911208,0.04336716830661275,0.011722863880414814,4,4,4,4
2692_CsTlBiF,-2.5033487821495566,0.06954918200741857,0.0,0.0,4,4,4,4
2693_CsRbNpF,-3.0746437842529315,0.19937239452401215,0.0,0.0,4,4,4,4
2694_CsMoPdF,-1.988354636215427,0.25803246160990007,0.2405235290538181,0.005227017976238298,4,0,0,0
2695_CsLaTlF,-3.126359310237457,0.0925580268463918,0.0117851575199994,0.0235703150399988,4,4,4,4
2696_CsBaPbF,-2.9585638517981887,0.09295543669209012,0.042754793166819675,0.007330991086405299,4,4,4,4
2697_CsTlPaF,-2.9017371619619157,0.10073368410760825,0.18156921267371778,0.008302805574971739,4,0,0,4
2698_CsRuPdF,-1.9135854268929406,0.12141909136999611,0.2478793263435561,0.02088493390904682,4,0,0,0
2699_CsPdIrF,-1.8101037109755167,0.10931651700036525,0.21692277192884796,0.024760834330121217,4,0,0,1
2700_CsScFrF,,,,,0,0,0,0
2702_CsAgFrF,,,,,0,0,0,0
2703_CsRbBiF,-2.675056966630922,0.11367158389549557,0.0,0.0,4,4,4,4
2704_CsDyRaF,,,,,0,0,0,0
2705_CsOsVacF,-2.32154882890941,0.10392133956878911,0.0,0.0,4,4,4,4
2706_CsTiPdF,-2.676307319090024,0.118902562978929,0.31793538332070637,0.015103708978787682,4,0,0,0
2707_CsReVacF,-2.5519329071977754,0.11541107703393805,0.0071221325147874,0.006830530768778868,4,4,4,4
2708_CsRbLaF,-3.3007201219457785,0.13303173026382023,0.017743532361387652,0.024270497108968808,4,4,4,4
2709_CsRhPdF,-1.9224902594978983,0.11800812946202158,0.1348696827848028,0.02442836082126794,4,0,3,4
2710_CsIrVacF,-2.250162465135406,0.08992611259266768,0.00208918253610955,0.0041783650722191,4,4,4,4
2711_CsPtVacF,-2.2243652967251344,0.09373755576936114,2.0265579223632812e-06,4.0531158447265625e-06,4,4,4,4
2712_CsBePtF,-2.136989296462092,0.12152007594266144,0.4648799061779303,0.030175911881672717,4,0,0,0
2714_CsPdFrF,,,,,0,0,0,0
2715_CsSbFrF,,,,,0,0,0,0
2717_CsBeVF,-2.604665810847013,0.22572967166375812,0.8644138440492477,1.120908516643862,4,0,0,0
2718_CsRuVacF,-2.401627503596107,0.11432816278175237,0.0,0.0,4,4,4,4
2719_CsBaSmF,-3.2891109461434653,0.13298764559499163,0.11286871408822027,0.012247391723695022,4,1,4,4
2720_CsPdVacF,-2.182625144152194,0.0992214889099856,3.125932481529148e-06,6.251864963058296e-06,4,4,4,4
2722_CsAuThF,-2.8669220949045258,0.07660074181965233,0.3469098379239757,0.04403017165847493,4,0,0,0
2723_CsRaNpF,,,,,0,0,0,0
2724_CsKThF,-3.1746571356898743,0.0841709125565304,0.09170868105438498,0.028331628406174255,4,3,4,4
2725_CsBeCrF,-2.501281417392483,0.22292176534569572,0.3483172249480786,0.023967659366510453,4,0,0,0
2727_CsTiSrBr,-1.7648665737236118,0.1431993760531493,0.04607114195793512,0.009073496240408279,4,4,4,4
2728_CsAuHgBr,-0.9705409301902675,0.07636053517044111,0.06101589367439525,0.004678022693435664,4,4,4,4
2729_CsAgErBr,-1.6741804203480373,0.11848442522766221,0.004509875924729575,0.0031376995096528983,4,4,4,4
2730_CsNiBaBr,-1.54427588493808,0.1453436322917337,0.0692744739344156,0.002198452529111603,4,4,4,4
2731_CsSrPdBr,-1.4860134294760794,0.11888498595930415,0.07480447590201209,0.011713550337697784,4,4,4,4
2732_CsTiAuBr,-1.255620739966353,0.10461988304497467,0.199104315043998,0.0031303824474417266,4,0,0,3
2733_CsMnNdBr,-1.5730095335538767,0.1657019157021163,0.14608236538426544,0.026110436932010796,4,0,1,4
2734_CsFeBaBr,-1.5722551277406944,0.14175207918602167,0.08046029114135282,0.009929982793214522,4,4,4,4
2735_CsKRhBr,-1.3169061592337328,0.10004035473720964,0.006631600854159,0.004432645460086821,4,4,4,4
2736_CsNaUBr,-1.6718551835527204,0.19543125030001654,0.0037691324946737747,0.0033341410408653897,4,4,4,4
2737_CsAgTlBr,-1.111738338184159,0.09067295272784735,0.0,0.0,4,4,4,4
2738_CsRhAuBr,-0.9273540100560889,0.08816674762858606,0.08215435743391893,0.009794794064828737,4,4,4,4
2739_CsAlTlBr,-1.4323261818410984,0.09585716644265307,0.052130506934145525,0.005448087737743008,4,4,4,4
2740_CsCoBaBr,-1.5334582170969013,0.14955387208700285,0.0918165877447231,0.002391680189616743,4,4,4,4
2741_CsNaBiBr,-1.4308850905422454,0.12762888421738527,0.0009591698648646499,0.0008439831324491861,4,4,4,4
2742_CsYAgBr,-1.6797091087801894,0.1204838009787458,0.003547021002233225,0.0023740323789808704,4,4,4,4
2744_CsKTiBr,-1.6617337357110729,0.11738296959838444,0.0,0.0,4,4,4,4
2745_CsTiPbBr,-1.3924688022458693,0.11963240500326702,0.06440697908322598,0.011812146849140328,4,4,4,4
2746_CsIrAuBr,-0.8427954277472025,0.0839252657394077,0.1241901546756273,0.006121098211566449,4,0,4,4
2747_CsPdPbBr,-1.1533282658587407,0.08866245705171079,0.044303611168274776,0.002622398603709357,4,4,4,4
2748_CsRuAuBr,-0.8555349072911558,0.09001708937431638,0.12649739980747807,0.005920466515215896,4,0,4,4
2749_CsTmYbBr,-1.8151363498077375,0.18353135348774577,0.07863556941236968,0.06074515641812029,4,3,4,4
2750_CsAgHoBr,-1.6760273954388545,0.11953198716669701,0.004239795356435875,0.002947249930948104,4,4,4,4
2751_CsLuHgBr,-1.591106767066766,0.10493806454646452,0.0133322027996568,0.0047331024788831695,4,4,4,4
2752_CsNaLaBr,-1.9392291626448095,0.15606594313353206,0.008591975272831676,0.0029877149804626137,4,4,4,4
2753_CsCaTmBr,-1.8795885822301928,0.17465577610208202,0.0643034279327251,0.03452125109245484,4,4,4,4
2754_CsTiEuBr,-1.745209495336972,0.14820750089462204,0.041246688366918874,0.01099151658011067,4,4,4,4
2755_CsZnNdBr,-1.6035466393947635,0.10745558513076099,0.12215117439500796,0.010413269539237453,4,0,4,4
2756_CsNaNpBr,-1.7161411753429598,0.22041263089073282,0.0,0.0,4,4,4,4
2757_CsAgTmBr,-1.6719124695773586,0.11840139559587606,0.0,0.0,4,4,4,4
2758_CsNaCeBr,-1.8924767276759118,0.17437059799243398,0.0,0.0,4,4,4,4
2759_CsCrNdBr,-1.5951229652882444,0.16234032865688405,0.09710296491578725,0.03181821357483677,4,1,4,4
2760_CsAlRbBr,-1.5781735620040043,0.13785991508120432,0.061309020222116005,0.006031267962196676,4,4,4,4
2761_CsYbHgBr,-1.5759738935642373,0.1025840748381127,0.04686798766783457,0.009416847639703378,4,4,4,4
2762_CsKRuBr,-1.2490774026624845,0.1028675115394853,0.039809532461935825,0.011269724087780023,4,4,4,4
2763_CsNaPaBr,-1.6337648770334248,0.1598120334696563,0.0846347689629596,0.007615155545948456,4,4,4,4
2764_CsMoAuBr,-0.9779286271435219,0.10510951729733085,0.15223695039731439,0.010281023759871118,4,0,3,4
2765_CsKIrBr,-1.2499408593883703,0.0960287767976132,0.025823618471776576,0.00876211119950236,4,4,4,4
2766_CsCuRbBr,-1.1471609971056322,0.12954693136640263,0.09282323382929855,0.008629035440596962,4,4,4,4
2767_CsAgDyBr,-1.6757192096215974,0.11704825426552733,0.0,0.0,4,4,4,4
2768_CsCaHgBr,-1.554278687994778,0.11148592538766697,0.036514054391824924,0.007230257702980101,4,4,4,4
2769_CsSmPtBr,-1.4076656600961337,0.11627410487020906,0.2073369607313916,0.005782890976041725,4,0,0,1
2770_CsCdDyBr,-1.641735572975778,0.11049980214923687,0.04162882547742537,0.0064866203134245045,4,4,4,4
2771_CsNaPuBr,-1.778223376583415,0.18550854801668087,0.0,0.0,4,4,4,4
2772_CsCaYbBr,-2.0264974123342903,0.14252801721951447,0.0130368868511199,0.024225316511861918,4,4,4,4
2774_CsGeNdBr,-1.4819532534581508,0.09799162553878743,0.18158277571261894,0.009200747682715681,4,0,0,4
2773_CsKVBr,-1.5282007864184004,0.12825092095163307,0.0,0.0,4,4,4,4
2776_CsCaDyBr,-1.8944145342812022,0.16650315482949035,0.054042299587955096,0.02772097458706258,4,4,4,4
2775_CsAgYbBr,-1.5774235731481885,0.17136664803704382,0.027070826292040127,0.03166206591083513,4,4,4,4
2777_CsTiAmBr,,,,,0,0,0,0
2778_CsBFrBr,,,,,0,0,0,0
2779_CsMgBaBr,-1.9076240739329167,0.1255334804454257,0.0477010615184969,0.003681720578727703,4,4,4,4
2780_CsKMoBr,-1.3934769070235458,0.12097309983307655,0.0280337652819494,0.014773086776777314,4,4,4,4
2781_CsTmHgBr,-1.596105348181586,0.1060573570983938,0.015815318886516598,0.006950603242439969,4,4,4,4
2782_CsAgLuBr,-1.6669166407097362,0.11935499155620174,0.0,0.0,4,4,4,4
2783_CsVAuBr,-1.119819297501211,0.11266539269406826,0.11923360824643464,0.009409988150985631,4,0,4,4
2784_CsPtAmBr,,,,,0,0,0,0
2785_CsNaPrBr,-1.8991584351768,0.15794626416789184,0.0,0.0,4,4,4,4
2786_CsVSmBr,-1.5584449789030337,0.1705239450933983,0.14702975750010977,0.03252882833905981,4,1,1,4
2787_CsMgNdBr,-1.7099591663584532,0.13606456833133718,0.09408953300266562,0.014549778838429292,4,2,4,4
2788_CsAgTbBr,-1.6773844958449793,0.11901044511592578,0.0031074754895868504,0.002128274563747725,4,4,4,4
2789_CsHgTlBr,-1.1298009848712622,0.0815292560099231,0.027356292524882527,0.0029939256177083226,4,4,4,4
2790_CsCoTlBr,-1.1106893888243834,0.10161189721472384,0.028838432952669926,0.017568143901770635,4,4,4,4
2791_CsNaNdBr,-1.9033698818194273,0.16084668101615596,0.0,0.0,4,4,4,4
2792_CsNiTlBr,-1.1122367403059252,0.1062522463798749,0.025265252960136875,0.015002793245385958,4,4,4,4
2793_CsVNdBr,-1.5548732003656478,0.16246889812233914,0.1572640597831752,0.023794652685876518,4,0,1,4
2794_CsErHgBr,-1.5972622490037196,0.10450500913758823,0.08758866290954176,0.006869306995621369,4,4,4,4
2795_CsCuBaBr,-1.4938814392803328,0.11285405202161061,0.0890922062105048,0.0017416503823206731,4,4,4,4
2796_CsGeBaBr,-1.6169702223037734,0.0897175347409348,0.057417515667540775,0.008938605169773491,4,4,4,4
2797_CsTiSmBr,-1.6316937904670237,0.16079227190334355,0.10259729375436674,0.03547962769978534,4,1,4,4
2798_CsAsTlBr,-1.168735762550822,0.06576526917949856,0.0,0.0,4,4,4,4
2799_CsAgAuBr,-0.955489327617182,0.08124954141726148,0.022531527283966624,0.0038745179914442545,4,4,4,4
2800_CsVAmBr,,,,,0,0,0,0
2801_CsKGaBr,-1.4652851811142547,0.09831374314789944,0.07340426594112853,0.008902016100253006,4,4,4,4
2802_CsKCrBr,-1.5050198784545392,0.14535697344364573,0.021322420241319223,0.0058326007222534795,4,4,4,4
2803_CsNaAmBr,,,,,0,0,0,0
2804_CsAgGdBr,-1.6762409350382075,0.1128040969181549,0.0,0.0,4,4,4,4
2805_CsKMnBr,-1.4443461575794736,0.1368059378556568,0.013076053932662925,0.001529800056140269,4,4,4,4
2806_CsNbAuBr,-1.0726762392348397,0.09717408449416465,0.22416664958196436,0.006524652327601814,4,0,0,0
2808_CsZnBaBr,-1.6865673592798722,0.11693540139058871,0.10353075414898438,0.0030202778565057665,4,0,4,4
2809_CsNdPtBr,-1.4056572875501008,0.1148956767210311,0.2160078570231049,0.003679177643367949,4,0,0,0
2810_CsTaAuBr,-1.0277815903320882,0.08225813231508601,0.26241586208326895,0.011874718851505407,4,0,0,0
2811_CsYHgBr,-1.6011819495372017,0.10657975592582845,0.08811806615008985,0.007306138104914276,4,4,4,4
2812_CsPCuF,-2.028023098395548,0.12267875646730893,0.4108324092624178,0.01786339080257644,4,0,0,0
2813_CsTiVacF,-3.326936336011931,0.1169394120961035,0.0,0.0,4,4,4,4
2814_CsGaPdF,-2.3293925727258196,0.11747526338131874,0.14803497791278006,0.0158709438203962,4,0,3,4
2815_CsHoHgBr,-1.5987474365639631,0.1062311704546135,0.08763268615557371,0.006361136268584176,4,4,4,4
2816_CsGaAuBr,-1.0862763425819824,0.08316259261207173,0.14116596132426848,0.004488737906763959,4,0,4,4
2817_CsNaCmBr,,,,,0,0,0,0
2818_CsPtPbBr,-1.078931578112296,0.08271328752101269,0.1283694997424074,0.005740200485706293,4,0,4,4
2819_CsNaPmBr,-1.906778906893848,0.1617273391777425,0.0,0.0,4,4,4,4
2820_CsInHgBr,-1.2128866544488761,0.0909750116782491,0.0055767088494519,0.002699755062244121,4,4,4,4
2823_CsCrAuBr,-1.1026636740647346,0.1295305955326209,0.11243148148198007,0.00784343942902106,4,0,4,4
2821_CsCoNdBr,-1.534079938244127,0.1539503736295659,0.10923006683541067,0.0217254419722923,4,1,4,4
2824_CsFeNdBr,-1.5144988021386163,0.1462042266822794,0.13960965126472674,0.02083020595088781,4,0,2,4
2825_CsAgEuBr,-1.5621331057069214,0.1184893023697408,0.0,0.0,4,4,4,4
2826_CsCoRbBr,-1.2385579636815331,0.14289629333866838,0.046043020114949346,0.012094800009375706,4,4,4,4
2827_CsFeTlBr,-1.1793629190456616,0.11346351401166381,0.0441626027211087,0.012982329684837302,4,4,4,4
2828_CsMnAuBr,-1.1117576488548142,0.12985596150201176,0.059094628691512024,0.005950489979245256,4,4,4,4
2829_CsKNbBr,-1.4828571625783757,0.10843657471714135,0.05152131299213132,0.009891623463410175,4,4,4,4
2830_CsNiRbBr,-1.2102131089703847,0.14524392326414318,0.06034783534619255,0.007922770915272777,4,4,4,4
2832_CsKTaBr,-1.4170944089792337,0.10392288536717795,0.10694604754337164,0.008720724382554548,4,1,4,4
2833_CsMnBaBr,-1.7201693752123144,0.1633518989777206,0.05717020183699732,0.002362881315357025,4,4,4,4
2834_CsAsRbBr,-1.295266499234669,0.10823926773280844,0.0,0.0,4,4,4,4
2836_CsVPbBr,-1.346333172034846,0.14246301424024158,0.041912136971081954,0.00281816648902208,4,4,4,4
2837_CsNiNdBr,-1.536277665804597,0.1379776555434091,0.096839673816763,0.008400869333737158,4,3,4,4
2838_CsCdTmBr,-1.6394573992606767,0.1127721400954191,0.035916355810043,0.008957004621498803,4,4,4,4
2839_CsSrPtBr,-1.398515754056882,0.11405782007569609,0.17384503483693808,0.009816681682790502,4,0,0,4
2840_CsDyHgBr,-1.5983293777793546,0.10466119362417488,0.021581932671235374,0.005368010496467402,4,4,4,4
2841_CsCuThBr,-1.4263856968403212,0.0971244926640273,0.32833795547501243,0.016360628294375415,4,0,0,0
2842_CsNaSmBr,-1.9072825750831297,0.16104139852272384,0.0,0.0,4,4,4,4
2843_CsKFeBr,-1.3477925947399358,0.12271464850100891,0.05453769713697605,0.01694137345841654,4,4,4,4
2844_CsCrAmBr,,,,,0,0,0,0
2845_CsAgSmBr,-1.6731898865200268,0.12011446062528462,0.0,0.0,4,4,4,4
2846_CsCdHgBr,-1.1909572264655333,0.0986865501036767,0.03834491412441837,0.006414275275442392,4,4,4,4
2847_CsEuPtBr,-1.4047860285774783,0.11773685133350172,0.14309322833868626,0.01104376865526639,4,0,3,4
2848_CsVSrBr,-1.7147309890491305,0.1627038016157657,0.03857403099592155,0.00385815895958286,4,4,4,4
2849_CsCdYbBr,-1.6788341356907035,0.09656882336320595,0.038318366558682974,0.026189476376145958,4,4,4,4
2850_CsMnSmBr,-1.5767427691529519,0.17555736401253044,0.13568660603951116,0.03665650902530388,4,1,1,4
2851_CsMnTlBr,-1.292593623073172,0.13231867311160925,0.004537447542489449,0.007530566335340967,4,4,4,4
2852_CsLiThBr,-1.7156872472274667,0.11818784985446171,0.11657395214008875,0.0026779442853954853,4,0,4,4
2853_CsTbHgBr,-1.5991283827647524,0.10542617235999184,0.0871572303340595,0.006760587377205237,4,4,4,4
2855_CsInFrF,,,,,0,0,0,0
2856_CsNaEuBr,-1.7672626039505945,0.16329689340794976,0.0,0.0,4,4,4,4
2857_CsScAuBr,-1.4801982364175545,0.10711810096712332,0.10687579214449267,0.0036903889056818626,4,0,4,4
2859_CsCrTlBr,-1.3300393125531582,0.13646833712374765,0.017498216032545602,0.002679656040140956,4,4,4,4
2860_CsCrBaBr,-1.648120044779406,0.15857392874246298,0.08364749525842624,0.010964096520948617,4,4,4,4
2861_CsFeRbBr,-1.3119477769855685,0.15537384187254843,0.06660363823207399,0.014469770156647185,4,4,4,4
2862_CsYbNpBr,-1.6713340675927308,0.1764694004689092,0.1280282412963722,0.0725735357981305,4,2,3,3
2863_CsCdEuBr,-1.7031483186909977,0.12278251745255178,0.01465189978382335,0.0016456541277211237,4,4,4,4
2864_CsGaTlBr,-1.294886769965256,0.08948086366821165,0.06499790697998838,0.005603166717139341,4,4,4,4
2865_CsSrAgBr,-1.4839618077990404,0.10579335946643158,0.0741682738080261,0.0031354575388223686,4,4,4,4
2866_CsAgPmBr,-1.672857665133419,0.12095559917533001,0.0,0.0,4,4,4,4
2867_CsAgCmBr,,,,,0,0,0,0
2868_CsVEuBr,-1.6939778229699636,0.1643208522239232,0.03484566509743288,0.004766563264576519,4,4,4,4
2869_CsZnSmBr,-1.6080727881307033,0.10917607254763882,0.11096250191338948,0.007707457729776595,4,0,4,4
2870_CsKNiBr,-1.2432319691883134,0.11199657779558052,0.0511078517875335,0.005303597887509122,4,4,4,4
2871_CsNFrBr,,,,,0,0,0,0
2872_CsKAsBr,-1.3301662018997957,0.07131862831994346,0.0,0.0,4,4,4,4
2873_CsPRbBr,-1.177560613667124,0.16610688999392192,0.059381440652316625,0.014013474067443504,4,4,4,4
2874_CsMnAmBr,,,,,0,0,0,0
2875_CsTiNpBr,-1.4651574622712082,0.19573170979279808,0.09927028218898679,0.011362760502023029,4,3,4,4
2876_CsNaGdBr,-1.9106076380708257,0.1546649076895798,0.0,0.0,4,4,4,4
2877_CsKCoBr,-1.268094076823757,0.10804712171027829,0.0352689076200265,0.00994872829989669,4,4,4,4
2878_CsKScBr,-1.8901201000898802,0.11736501478245974,0.008201071621306726,0.0028755998980363657,4,4,4,4
2880_CsAgAmBr,,,,,0,0,0,0
2881_CsCrPbBr,-1.3096758446211259,0.1415518568738766,0.038746804495222775,0.017570363057124366,4,4,4,4
2882_CsGdHgBr,-1.5988471521538024,0.09879715759850115,0.04737206301663763,0.0024284001139976536,4,4,4,4
2883_CsSbAuBr,-1.062367316197633,0.06878747547405811,0.06937936544380635,0.0019665034784914297,4,4,4,4
2884_CsSrCdBr,-1.7179280547913578,0.1202049416590083,0.024477604404442722,0.0019138254597154151,4,4,4,4
2885_CsKAgBr,-1.1535725227107685,0.08463153653996626,0.1047193611663751,0.003575486858168048,4,0,4,4
2886_CsAgPbBr,-1.1822795173637108,0.08692444722569903,0.010790853204250826,0.0031097382536603656,4,4,4,4
2889_CsPdHgBr,-1.0270370817304098,0.07915848490713037,0.028321237642964625,0.004773968802694558,4,4,4,4
2888_CsAgInBr,-1.2415234527111851,0.10514199039858782,0.0,0.0,4,4,4,4
2890_CsSbHgBr,-1.1277953854288678,0.0694629232147004,0.04397115658718641,0.00403674114365387,4,4,4,4
2891_CsCaCdBr,-1.7034679634986918,0.12271645616570453,0.017940478769805576,0.002629696113405997,4,4,4,4
2892_CsZnAmBr,,,,,0,0,0,0
2893_CsAsAuBr,-0.9811551234242661,0.06521436053646311,0.022474947570475676,0.006525992238763059,4,4,4,4
2894_CsNiAuBr,-0.9355979940388228,0.09559554168366557,0.07955795824538545,0.017818678190053193,4,3,4,4
2895_CsGeSmBr,-1.4882898768889978,0.10384534251524916,0.16858362853609207,0.0038001563848672312,4,0,0,4
2896_CsMnRbBr,-1.4087865063257081,0.1683352896760152,0.02679423540946575,0.0010448184360536904,4,4,4,4
2897_CsAgNdBr,-1.6698959311945507,0.12004375934300264,0.0,0.0,4,4,4,4
2898_CsCoAuBr,-0.9083615055788468,0.10619190814320933,0.09809167608536502,0.007667986716650328,4,2,4,4
2899_CsCrRbBr,-1.4714376768604276,0.176472222479547,0.031125745176160347,0.003606229162413908,4,4,4,4
2900_CsCrSrBr,-1.6510550907383372,0.1608739971284281,0.06242726941713235,0.017847967289088284,4,4,4,4
2901_CsEuHgBr,-1.5693210727064657,0.11039882530594089,0.017863445886457448,0.0054132542281510165,4,4,4,4
2902_CsNaTbBr,-1.9125209153814207,0.15971624325418354,0.0,0.0,4,4,4,4
2903_CsKSbBr,-1.4162378540749316,0.07673454927544486,0.026755970715652097,0.003008360614942738,4,4,4,4
2904_CsAgPrBr,-1.6662293902155925,0.1172328600145289,0.0,0.0,4,4,4,4
2905_CsVBaBr,-1.7130985787613904,0.15896525784741497,0.0584916211660274,0.005758626869878286,4,4,4,4
2906_CsGaRbBr,-1.4319103798393304,0.13248153727812204,0.08300019055678583,0.006643090144106348,4,4,4,4
2907_CsNaAcBr,-1.9362416169157646,0.15690832769387625,0.001483058929999,0.002966117859998,4,4,4,4
2908_CsVTlBr,-1.3487121602997463,0.11858149443378455,0.0,0.0,4,4,4,4
2909_CsKPdBr,-1.2340170017004406,0.0854627127004801,0.06578145325087387,0.0015835492832898337,4,4,4,4
2910_CsCdPbBr,-1.35693967626656,0.09996133503306358,0.020282363146794602,0.0008405095237915338,4,4,4,4
2911_CsAgHgBr,-1.0203259321399363,0.08508752027354444,0.024789500020653523,0.0030809537135681104,4,4,4,4
2912_CsCaAgBr,-1.4725201270102424,0.10726295754038935,0.06473664641283836,0.003569592617490883,4,4,4,4
2913_CsMgSmBr,-1.7169134757047466,0.1489795763587124,0.081675466894144,0.02589144715514392,4,4,4,4
2914_CsPTlBr,-1.055146865162869,0.1110336588956366,0.03508298814132223,0.03176888283268037,4,4,4,4
2915_CsMnPbBr,-1.3643883534969867,0.14472000994216394,0.021513439716135473,0.0021870812262569754,4,4,4,4
2916_CsGeAmBr,,,,,0,0,0,0
2917_CsTeVacBr,-1.1705575807352753,0.07288448014002213,9.801655717067703e-07,1.1522805894678107e-06,4,4,4,4
2918_CsCrPdF,-2.2314134682082636,0.25050486238441194,0.1296492397765931,0.014535496222453368,4,0,4,4
2919_CsScHgBr,-1.5337848088224972,0.10309600350118814,0.09330908011416579,0.004988683661057225,4,3,4,4
2920_CsCrEuBr,-1.6438733777504693,0.16327505824805577,0.0451274504273466,0.017650552449244114,4,4,4,4
2921_CsSmHgBr,-1.5954179471826406,0.1076642512130779,0.04722648239834368,0.003884008716561119,4,4,4,4
2922_CsNaDyBr,-1.911520590493387,0.15810026502450508,0.0,0.0,4,4,4,4
2923_CsAgPuBr,-1.5513416460263112,0.1481880423370362,0.0127102017404656,0.0061781222207245665,4,4,4,4
2924_CsTiNdBr,-1.6293326120694769,0.15282722226077655,0.11162099589759153,0.026744326449432306,4,1,4,4
2925_CsBaPtBr,-1.4007710924870032,0.1109202488502636,0.18987487628919092,0.003021334318738639,4,0,0,4
2926_CsBeRaBr,,,,,0,0,0,0
2927_CsMnSrBr,-1.7250771978211836,0.16577828381467866,0.028444422781137298,0.0040943976760418185,4,4,4,4
2928_CsTiDyBr,-1.6282469373063608,0.1699508325434937,0.08363756587150203,0.0558500902173057,4,1,4,4
2929_CsMgAmBr,,,,,0,0,0,0
2930_CsZnPbBr,-1.3286112985148917,0.09844576987864151,0.06355885714158235,0.0043982383474540756,4,4,4,4
2932_CsMnPdF,-2.21177083377316,0.21580830230870846,0.10523758530565683,0.034373704327249205,4,2,3,4
2933_CsNaHoBr,-1.9122858604921562,0.16065442375409458,0.0,0.0,4,4,4,4
2934_CsHgCmBr,,,,,0,0,0,0
2935_CsPmHgBr,-1.5936492374642677,0.10726231434646694,0.032463215059622304,0.004209669552568752,4,4,4,4
2936_CsVRbBr,-1.4928031346310338,0.1591324593358726,0.012830691535944575,0.0014756950089431036,4,4,4,4
2937_CsAgNpBr,-1.4862710586304901,0.18210733012133937,0.06621553897783955,0.012542219836076788,4,4,4,4
2938_CsAgCeBr,-1.6618940970414966,0.1327393292470223,0.020280963182432624,0.013528719253875093,4,4,4,4
2939_CsCdAmBr,,,,,0,0,0,0
2940_CsGePbBr,-1.2735076508036056,0.07280313440024641,0.017535196246222302,0.0024498557046842813,4,4,4,4
2941_CsNaYBr,-1.915891256045656,0.16217424057501242,0.0,0.0,4,4,4,4
2942_CsKCuBr,-1.1811780503498879,0.09418263823242227,0.08258505724430638,0.010335625059223265,4,4,4,4
2943_CsZnSrBr,-1.6884044757631198,0.11925950311121464,0.07697464972495001,0.004551493155013351,4,4,4,4
2944_CsMnEuBr,-1.7063941606590856,0.16898040547430548,0.02008581161550245,0.004456129335075681,4,4,4,4
2945_CsCuPbBr,-1.1699997028846367,0.09223245873517905,0.028173750638268498,0.002539550177551796,4,4,4,4
2947_CsRhTlBr,-1.1561037144213697,0.09509450804974481,0.0,0.0,4,4,4,4
2949_CsAlKBr,-1.611378400634376,0.10449325647298165,0.051883058251012,0.00837019423485649,4,4,4,4
2950_CsFeSmBr,-1.5161887487879855,0.14928411010211218,0.1312571808696768,0.024648999994588736,4,1,4,4
2951_CsDyNpBr,-1.5785475424051614,0.19543398866743947,0.16276108150532728,0.04574518625154678,4,1,1,3
2952_CsInAuBr,-1.1363394937021236,0.09193823194285258,0.03840460777408247,0.004421458729995837,4,4,4,4
2953_CsNiRaBr,,,,,0,0,0,0
2954_CsTiTlBr,-1.4802904110288293,0.1100917687925522,0.0,0.0,4,4,4,4
2955_CsCdSmBr,-1.638556213539098,0.11139523109452189,0.06754130404450415,0.004917016451557025,4,4,4,4
2956_CsCaEuBr,-2.071736331891848,0.13334035709233283,0.007589527963579524,0.001147803417942721,4,4,4,4
2957_CsZnEuBr,-1.6735802969457099,0.12207234114807697,0.06263730019320107,0.00325793895242124,4,4,4,4
2958_CsGeSrBr,-1.6220126083606312,0.09134138003803677,0.03408994972831498,0.002991875751785342,4,4,4,4
2959_CsNaErBr,-1.910382886836958,0.15921616917943562,0.0,0.0,4,4,4,4
2961_CsCuSrBr,-1.4939118376509448,0.11482453851137751,0.06932132691108064,0.006073725963816132,4,4,4,4
2962_CsAgSbBr,-1.1586812934391122,0.07796127230496985,0.00544834509519615,0.00370466688588989,4,4,4,4
2963_CsTaHgBr,-1.2105981866632984,0.07931734206865816,0.07959926575206716,0.014537732238621011,4,3,4,4
2964_CsMgPbBr,-1.541839616609209,0.10739446182333387,0.030140627920719098,0.0019256845164290148,4,4,4,4
2965_CsNbHgBr,-1.2188683711721582,0.08474699632557242,0.07797451764463913,0.013217229168367638,4,4,4,4
2967_CsNdHgBr,-1.5904402738901577,0.1061677100992637,0.05886667943651107,0.00626809979661545,4,4,4,4
2968_CsBeMnF,-2.609958886847207,0.2175702755251767,0.269232254059822,0.014379447627045659,4,0,0,0
2969_CsRhVacF,-2.284845414522449,0.10324124871405656,0.0011100769027772,0.0022201538055544004,4,4,4,4
2970_CsLiPF,-2.431165064587354,0.14661594883824539,0.2832411929365266,0.031470930780395916,3,0,0,0
2971_CsAgUBr,-1.4406594595418327,0.15493685315014064,0.12509378790959888,0.011035125832078708,4,0,4,4
2972_CsFeRaBr,,,,,0,0,0,0
2973_CsAlAuBr,-1.1974015256862405,0.09218004920196282,0.154612790050016,0.006755436236161815,4,0,1,4
2974_CsNaTlBr,-1.308145739748181,0.13488772426051465,0.017662126571138276,0.004570988666634534,4,4,4,4
2976_CsCoRaBr,,,,,0,0,0,0
2977_CsIrTlBr,-1.0836507341398796,0.09012386706228105,0.013308973610126,0.008506116274994192,4,4,4,4
2978_CsPrHgBr,-1.5873945011304513,0.10417647975490071,0.06338296732851817,0.010958156623754198,4,4,4,4
2979_CsKInBr,-1.5165105453248797,0.10606179672399682,0.0,0.0,4,4,4,4
2980_CsCaSrBr,-2.094474398208277,0.12955595552630467,0.00933299362480795,0.0009313215560023667,4,4,4,4
2981_CsRuTlBr,-1.0806710383425846,0.09567184982035078,0.029411126671694827,0.009224709215595737,4,4,4,4
2982_CsAgBiBr,-1.2154890260216251,0.08450736415937216,0.000897983461465725,0.00090557161666669,4,4,4,4
2983_CsNaTmBr,-1.908037897062115,0.15860581266397486,0.0,0.0,4,4,4,4
2984_CsNiAmBr,,,,,0,0,0,0
2985_CsGeEuBr,-1.6070830664146,0.09705299979963675,0.024537959696689225,0.0015585019633397262,4,4,4,4
2986_CsMgSrBr,-1.9125931283950237,0.12813745297679732,0.024446827174020424,0.003591602270453753,4,4,4,4
2987_CsPtNpBr,-1.2429009071116068,0.1617691005566248,0.30958569049671136,0.015569716941098903,4,0,0,0
2988_CsAgAgBr,-0.9915792188155274,0.08807877528275282,2.44381544667327e-07,4.887564197295946e-07,4,4,4,4
2989_CsAgLaBr,-1.7068244418615357,0.11362049826616769,0.01976503282630255,0.0014281548781131896,4,4,4,4
2990_CsRbRhBr,-1.2871080061952331,0.13444678032740673,0.01047216057588935,0.007017117578542813,4,4,4,4
2991_CsScAgBr,-1.6054919263815712,0.11698362424865635,0.013864875585845975,0.007949789843365434,4,4,4,4
2993_CsAgCdBr,-1.1354755310818059,0.09474158859520299,0.040255600960670324,0.003553541637142616,4,4,4,4
2992_CsMgEuBr,-1.891002475333433,0.1322792799364595,0.021555948257956325,0.004837783392415603,4,4,4,4
2994_CsCuAcBr,-1.6485501787187433,0.11684911082222393,0.06301191523675136,0.0041817985140577925,4,4,4,4
2995_CsTiTmBr,-1.6188271682558444,0.17877038350683808,0.08809784998453615,0.05880652962441886,4,1,4,4
2996_CsVNpBr,-1.4022177568183736,0.2081082582985948,0.15977342128869673,0.021974001001133173,4,0,1,4
2997_CsAgPaBr,-1.4148478290563782,0.11554211968293014,0.2197595357880519,0.006341743687637252,4,0,0,0
2998_CsEuYbBr,-2.014441395412715,0.1386162121496664,0.016624159614011473,0.020251703024622644,4,4,4,4
3000_CsCaPbBr,-1.7223484477527735,0.10950276238656169,0.016399233041193874,0.001758122431734339,4,4,4,4
3001_CsTiRbBr,-1.6262262862071646,0.14967159927331644,0.0040187522756932005,0.002740688218463922,4,4,4,4
3002_CsMoTlBr,-1.2144407159208295,0.11346446556178921,0.028253462040901352,0.012557163142825766,4,4,4,4
3003_CsNaYbBr,-1.7845413929328737,0.24828218218290501,0.04254092089831872,0.049129637414441256,4,4,4,4
3004_CsCoPbBr,-1.1744231334461166,0.1296212361459979,0.052701865135467325,0.007365586088863541,4,4,4,4
3005_CsFePbBr,-1.2172671100618144,0.11999467615288138,0.052594487203423475,0.014131106665885837,4,4,4,4
3006_CsNaLuBr,-1.9048333487024844,0.16069988296264384,0.0,0.0,4,4,4,4
3007_CsMoHgBr,-1.0707796296576948,0.09835555684270808,0.0971997907071914,0.012263230657191931,4,2,4,4
3008_CsNiPbBr,-1.1844893178451383,0.12378980984799208,0.045716150105868554,0.002196625061526819,4,4,4,4
3010_CsPoVacBr,,,,,0,0,0,0
3009_CsLiAcBr,-1.9566261968135352,0.1272256964497229,0.004795691370473,0.0034333074973891386,4,4,4,4
3011_CsTiYbBr,-1.7006247605996943,0.14430038015268654,0.06305593550105122,0.05687400682860687,4,3,4,4
3012_CsThVacBr,-1.949692947017035,0.12521191107208643,0.0,0.0,4,4,4,4
3013_CsRbIrBr,-1.2212083956717859,0.13092098208867614,0.03077720552909143,0.00736406841072886,4,4,4,4
3014_CsSrYbBr,-2.0402958071364417,0.13997933638489438,0.0174424419798219,0.020672995110308644,4,4,4,4
3015_CsHgNpBr,-1.4722135430684253,0.1492649811947188,0.08027305453990248,0.02069046698505472,4,3,4,4
3016_CsRbRuBr,-1.2173953256122818,0.13514503097024652,0.04771273285286875,0.009239943227435293,4,4,4,4
3017_CsMgRaBr,,,,,0,0,0,0
3018_CsEuTmBr,-1.8854799828064666,0.1718249772050859,0.05083788335198553,0.027946593954031863,4,4,4,4
3019_CsSrHgBr,-1.5677523961766764,0.10887226163901653,0.04453830672455525,0.00571767896713686,4,4,4,4
3020_CsCeHgBr,-1.6132583870095645,0.10126716871207929,0.06286985352686875,0.005879008946087818,4,4,4,4
3021_CsCoSrBr,-1.5333133480083412,0.15094183332458327,0.06724246889249318,0.006993104157990852,4,4,4,4
3022_CsFeSrBr,-1.5752169302221657,0.14247590205819244,0.05827425292603977,0.016358854295168153,4,4,4,4
3024_CsRuHgBr,-0.9518515674855207,0.0869911173953189,0.08966007310356809,0.006284316901340074,4,4,4,4
3025_CsNaAuBr,-1.0942193290701556,0.12484728897623665,0.09091568086276076,0.008751854183871585,4,4,4,4
3026_CsAgTaBr,-1.1243835354934313,0.10518523745910136,0.16581391692193534,0.011990111622625511,4,0,1,4
3027_CsDyPtBr,-1.406831361962216,0.11498655249838534,0.18543813973490839,0.01642768211017587,4,0,0,4
3028_CsNbAgBr,-1.196782145722789,0.11151028081222812,0.10006074309401017,0.014094833818172222,4,1,4,4
3029_CsNiSrBr,-1.5414281359440143,0.14751131057603561,0.05383704304611123,0.005114142022213372,4,4,4,4
3030_CsIrHgBr,-0.9499895601068263,0.08472852722304067,0.08462413726406864,0.006876453513019138,4,4,4,4
3031_CsHgPbBr,-1.2188825035957274,0.0878960175093398,0.0277238359357352,0.004550497300278357,4,4,4,4
3032_CsPdBaBr,-1.487521355462346,0.11741043046917021,0.0915817297981117,0.0061638800444076295,4,4,4,4
3033_CsGeRaBr,,,,,0,0,0,0
3035_CsCuRaBr,,,,,0,0,0,0
3036_CsRbMoBr,-1.3593558913613495,0.15410254583575192,0.039042865482874126,0.013047297263716257,4,4,4,4
3037_CsTiBaBr,-1.7617131601897307,0.14042065052910926,0.06750973537418145,0.002132989698833159,4,4,4,4
3038_CsCaAmBr,,,,,0,0,0,0
3039_CsYbPbBr,-1.6809947914008565,0.1105530340205135,0.05255319923087217,0.0491483967130045,4,3,4,4
3040_CsCoEuBr,-1.5341003885996425,0.15184471610183944,0.03729389995203355,0.005785497224688416,4,4,4,4
3042_CsCrNpBr,-1.4245946994536938,0.2189753540708741,0.1293195486071272,0.047652027680416084,4,1,2,4
3045_CsFeEuBr,-1.5644899925719207,0.14250781570121618,0.04451965859862645,0.013580681288338059,4,4,4,4
3046_CsHgUBr,-1.4796264416087324,0.12673503359018062,0.08612680584269876,0.017949716203374686,4,3,4,4
3047_CsCaPdBr,-1.468399055909915,0.11992947201911804,0.0731488488600785,0.011818925673580153,4,4,4,4
3048_CsTiHgBr,-1.3852989736789287,0.09029065861776646,0.06942608133142075,0.013675162704245784,4,4,4,4
3049_CsNiEuBr,-1.5432974955560517,0.14761552027645997,0.0274861514564186,0.0025097516908231675,4,4,4,4
3051_CsCaTiBr,-1.7482494037456011,0.14595430172440343,0.0418150037519652,0.009990960251737343,4,4,4,4
3052_CsCaSmBr,-1.9024804434290807,0.15362958638755064,0.054859487215342596,0.01985948297592875,4,4,4,4
3053_CsNbTlBr,-1.3022527613527017,0.10438028509441086,0.053640719649065874,0.011294175853375938,4,4,4,4
3054_CsTmPbBr,-1.585482247781439,0.12584419069576633,0.10212638080114031,0.023235590277786745,4,1,4,4
3055_CsTaTlBr,-1.2348473275819019,0.09832559790702744,0.11038835883056212,0.00872178409570342,4,1,4,4
3056_CsAuAuBr,-0.9090756735307348,0.07303128285363664,0.05538657307449052,0.006678707808519758,4,4,4,4
3057_CsHgBiBr,-1.1739494270193966,0.07470508113692985,0.04815340440293853,0.004362395661958377,4,4,4,4
3058_CsZnRaBr,,,,,0,0,0,0
3059_CsLaHgBr,-1.626122532646862,0.10067849476046314,0.11140807270925362,0.01415640536388692,4,0,4,4
3060_CsBeZnF,-2.5848807225477097,0.129074166084347,0.3091658890247324,0.009835351850891598,4,0,0,0
3062_CsRhHgBr,-1.0235705262540185,0.09244122248258893,0.05258854034544452,0.011535034333648945,4,4,4,4
3064_CsNaThBr,-1.6968671700468922,0.1474633747633814,0.11930380463794048,0.01868173142059769,4,0,4,4
3065_CsKAuBr,-1.1385074904630146,0.08156120267206932,0.10877875182965807,0.0068443965750149445,4,1,4,4
3066_CsYbAmBr,,,,,0,0,0,0
3067_CsMnRaBr,,,,,0,0,0,0
3068_CsHgPaBr,-1.5408125548175529,0.10061700560764077,0.09379481002687261,0.020390746595005785,4,3,4,4
3069_CsLuAuBr,-1.5377929768060348,0.10852536846239068,0.025109526515592125,0.012770715168300735,4,4,4,4
3070_CsTlAcF,-3.101191231098502,0.09486547667019726,0.013430118557498524,0.02686023711499705,4,4,4,4
3071_CsYbAuBr,-1.478485894808326,0.13995913179260197,0.0899943739184775,0.02994502023793662,4,2,4,4
3072_CsMoAgBr,-1.1034034854267487,0.12029344155127855,0.04224356313602458,0.021772469184354517,4,4,4,4
3073_CsZnNpBr,-1.4256276479471528,0.15723707140067286,0.13173516988862816,0.022535196390107145,4,0,3,4
3074_CsEuDyBr,-1.8967529913911598,0.16386168587140426,0.04412969847353815,0.021481346017354058,4,4,4,4
3076_CsPFrBr,,,,,0,0,0,0
3077_CsRbTaBr,-1.3814877535038677,0.13593473119361799,0.1187738263594684,0.005742926145926231,4,0,4,4
3078_CsRbNbBr,-1.446700421795104,0.14090330892884112,0.0657216501249553,0.007806510721966043,4,4,4,4
3079_CsCdNdBr,-1.6332616916389966,0.10932948492425312,0.0794983496902861,0.007956151355890924,4,4,4,4
3080_CsSmYbBr,-1.8454021459928247,0.1658840072558125,0.059819682437327874,0.04400180692816066,4,3,4,4
3081_CsKLuBr,-1.953272550414809,0.11962427844763604,0.0,0.0,4,4,4,4
3082_CsCrDyBr,-1.6009157678587562,0.16729665340010338,0.06491649548294705,0.04355479293711672,4,4,4,4
3083_CsScTlBr,-1.7042172929769484,0.10875595442666397,0.015299108624090502,0.0005662993964324368,4,4,4,4
3085_CsCrRaBr,,,,,0,0,0,0
3086_CsGeNpBr,-1.3170141390057732,0.13284843369657165,0.23547245860254334,0.0388488927343564,4,0,0,0
3087_CsRuAgBr,-0.9599131903160468,0.10371074490825317,0.050009375064605725,0.017555424449416494,4,4,4,4
3088_CsVHgBr,-1.1965748487489711,0.11684319452861419,0.053434884798674795,0.011189618085872068,4,4,4,4
3089_CsAgIrBr,-0.9481468221673841,0.09666565224805608,0.0486532859489944,0.01490550569080598,4,4,4,4
3091_CsKYbBr,-1.8261330700038652,0.20923240822377126,0.055258674547076655,0.0638073746176399,4,2,4,4
3090_CsTmPtBr,-1.4014153322682545,0.11789335595420922,0.18286352604639086,0.01953822087105283,4,0,0,4
3092_CsSrDyBr,-1.9067421248653997,0.16446992026003934,0.058622096976955175,0.024799258177215112,4,4,4,4
3094_CsTmAuBr,-1.5450462719890017,0.11088222278868842,0.02533792853430545,0.0159808501273748,4,4,4,4
3096_CsAuTlBr,-1.0458536765089153,0.07869510382433749,0.04095461107816152,0.002306535640392396,4,4,4,4
3098_CsTiAgBr,-1.376166991502171,0.11742355556530305,0.07855806350817834,0.01401316503088896,4,4,4,4
3099_CsYbPtBr,-1.399530858408622,0.10848656307013206,0.18875863254023184,0.023170002929293748,4,0,0,3
3100_CsVTmBr,-1.5502891084648844,0.18498306304042192,0.12446186542537538,0.059103460888535075,4,1,2,4
3101_CsNaInBr,-1.4628544888002295,0.14706751635863863,0.0,0.0,4,4,4,4
3102_CsMnDyBr,-1.5752297946502252,0.18496809098557576,0.11446646141184598,0.05792799838243256,4,1,4,4
3103_CsMgNpBr,-1.5561706325527442,0.15983886994468546,0.10814125190224685,0.011305140316184337,4,2,4,4
3104_CsPKBr,-1.2117483030854292,0.11564210219657844,0.04897262789328102,0.01562523268560009,4,4,4,4
3105_CsPtHgBr,-1.0098280637077406,0.07240228420778286,0.049518075739596726,0.007603031719842715,4,4,4,4
3106_CsKTmBr,-1.9558915904278518,0.11730435453417998,0.0,0.0,4,4,4,4
3107_CsSbTlBr,-1.2491538605242563,0.07012364215969824,0.015035194156179574,0.00458435897676041,4,4,4,4
3108_CsErAuBr,-1.546954502769472,0.10966471491997325,0.09787654876917334,0.003458221491049945,4,3,4,4
3110_CsBeCuF,-2.3202551911148444,0.12972799303784122,0.3467124737787488,0.008539372707291115,4,0,0,0
3111_CsBeGeF,-2.545919407390965,0.09178650988551447,0.32389676869027917,0.009046161052422255,4,0,0,0
3112_CsNNaF,-1.5511741543651756,0.10476606553156984,0.05358344205019752,0.009704763214769796,4,4,4,4
3113_CsRhAgBr,-1.0270135542876484,0.1018551213860461,0.027295306324484354,0.017087748019422994,4,4,4,4
3114_CsScRbBr,-1.8531986913202207,0.14971286761300098,0.021343603731695478,0.0006892058847786151,4,4,4,4
3115_CsKTlBr,-1.358914767814461,0.09286557117260216,0.029044330864608052,0.001992005603089358,4,4,4,4
3116_CsCuPaBr,-1.3596442243597928,0.12098727382795876,0.2749631404846362,0.0065840649886797,4,0,0,0
3117_CsGaHgBr,-1.1698133988761668,0.08363524155892185,0.09886324755144241,0.002640523976392665,4,3,4,4
3118_CsZnDyBr,-1.610428126763285,0.10839012529866107,0.08588788169977052,0.0035715269295856773,4,4,4,4
3119_CsVYbBr,-1.643910170206465,0.15039623739114893,0.07298616170987052,0.06520727298024508,4,3,3,4
3120_CsPdCdBr,-1.1227862982561696,0.0949735878632231,0.06276735626182002,0.004628112738357876,4,4,4,4
3121_CsPAuBr,-0.8688594084101219,0.10939175869569655,0.09117205191478958,0.0320122000383542,4,3,4,4
3122_CsTiCdBr,-1.3743215475099286,0.12167387001352696,0.0815703757104192,0.015916522094976467,4,4,4,4
3123_CsEuNpBr,-1.7318715623136829,0.16896513280228237,0.09559953461166822,0.010759439862887943,4,2,4,4
3124_CsRbAgBr,-1.117798956347115,0.12142719966514143,0.11674982359173275,0.0031213046426434186,4,0,4,4
3125_CsAgAcBr,-1.7034368893615306,0.11482075118440255,0.027069380879229225,0.00392167951392602,4,4,4,4
3126_CsKErBr,-1.9577866307001996,0.11770896940182922,0.0,0.0,4,4,4,4
3127_CsYAuBr,-1.551959421346643,0.1104744751332536,0.09732073396603497,0.0024567277342785448,4,3,4,4
3128_CsVRaBr,,,,,0,0,0,0
3129_CsHoAuBr,-1.5485759100420828,0.11035561245180141,0.09778435230284752,0.003282730711402112,4,3,4,4
3130_CsCrHgBr,-1.1828140182877303,0.13409366255431143,0.0723009976336013,0.0029189273670121203,4,4,4,4
3131_CsMnHgBr,-1.2019789477149105,0.14232148257723384,0.03713106286244543,0.005615531213426713,4,4,4,4
3132_CsCuLaBr,-1.6527347406857726,0.11598375691860514,0.05655767445858058,0.0013997056280266084,4,4,4,4
3134_CsGeDyBr,-1.4935497066482353,0.10773475018485959,0.14059067964645627,0.014428534007818579,4,0,4,4
3135_CsPaVacBr,-1.8162304053826974,0.13406063187309628,0.0,0.0,4,4,4,4
3136_CsCuBiBr,-1.1703263184560995,0.08698133893873135,0.029886549710962454,0.0060732450147367445,4,4,4,4
3137_CsPdAgBr,-1.019652332974399,0.08639633057499456,0.0002498924731241,0.0004997849462482,4,4,4,4
3138_CsCaPtBr,-1.381391700220477,0.11592427326945652,0.17009578048936375,0.00978785493490398,4,0,0,4
3139_CsBeBaBr,-1.640989331019313,0.11886614351884382,0.14650841131656508,0.006482369557067893,4,0,3,4
3140_CsPdThBr,-1.518001135300317,0.09754506476531179,0.2367225170150142,0.018592654994378774,4,0,0,0
3142_CsRbPdBr,-1.200188585236718,0.12183130070469309,0.06772985458194711,0.004782636267861867,4,4,4,4
3143_CsPtRaBr,,,,,0,0,0,0
3144_CsRbSbBr,-1.3800490459921702,0.11294352873558058,0.03916590213913858,0.005376670835188639,4,4,4,4
3145_CsSrNpBr,-1.738502796603937,0.15885515288124352,0.11344983229906952,0.015574697588959683,4,0,4,4
3147_CsKYBr,-1.9626293948401448,0.12030073862859167,0.0,0.0,4,4,4,4
3148_CsKHoBr,-1.9593624881011447,0.11924278938166219,0.0,0.0,4,4,4,4
3150_CsCuUBr,-1.385729654740326,0.15911949085018692,0.18002359271111348,0.015330602365779485,4,0,0,4
3149_CsCrTmBr,-1.597712310265805,0.17373920138816382,0.06382193664591625,0.04285475178029307,4,4,4,4
3151_CsFeNpBr,-1.3393579056975673,0.20013788684916117,0.21312869191075687,0.03040320082774247,4,0,0,1
3152_CsDyAuBr,-1.548658253857091,0.10824716989055633,0.029716590048689852,0.013193082795511917,4,4,4,4
3153_CsLiLaBr,-1.959355100104909,0.12651508893654195,0.0138598129174769,0.0013772265622503806,4,4,4,4
3155_CsMgDyBr,-1.7208198240509558,0.15419527319624232,0.06470053493940559,0.02372942996921877,4,4,4,4
3156_CsBRbBr,-1.0079739104847856,0.12065851956343836,0.3140649437886296,0.004515931226738749,4,0,0,0
3157_CsVAgBr,-1.2401139876317626,0.12663231209789183,0.007210469245881375,0.00580919277352299,4,4,4,4
3158_CsCaVBr,-1.6970310232129902,0.16536334760056073,0.03540068864808238,0.004212684593802129,4,4,4,4
3160_CsLiBiBr,-1.4487020930760612,0.09541793191019089,0.008483776451414576,0.004905026302253797,4,4,4,4
3161_CsFeHgBr,-1.0699305756490778,0.10822332306103714,0.06335084753071392,0.008031546157546365,4,4,4,4
3162_CsCaNdBr,-1.8977829060079154,0.13984258902298688,0.06290703614404022,0.007538996731779213,4,4,4,4
3163_CsAgBaBr,-1.4803735903035262,0.10300567435849528,0.0971288314702708,0.009214029666524825,4,3,4,4
3164_CsPbNpBr,-1.4100722304102882,0.1406473265485979,0.14640167951615798,0.039314695933018215,4,0,3,3
3166_CsCrYbBr,-1.6240718072741964,0.1450977071611882,0.06518138249839404,0.04313363961392116,4,3,4,4
3167_CsLiUBr,-1.690676548195848,0.16918393366642848,0.010686200856285775,0.007628230483982084,4,4,4,4
3168_CsKDyBr,-1.9581548324306002,0.11641179855682907,0.0,0.0,4,4,4,4
3169_CsTbAuBr,-1.5505176545290673,0.10983523906816917,0.09574809819513005,0.0029342875422443465,4,3,4,4
3170_CsFeVacF,-2.273010243404842,0.2778036836141807,0.0,0.0,4,4,4,4
3171_CsBeMgF,-2.925588516378835,0.13381363624111878,0.33800142854574977,0.009703874377964166,4,0,0,0
3172_CsAsPdF,-2.0683456505217546,0.06800400596775923,0.2040896606428348,0.013448980726640664,4,0,0,2
3174_CsUVacBr,-1.7397246913906068,0.1607270831160229,1.1391109886460526e-06,2.2782219772921053e-06,4,4,4,4
3175_CsMnTmBr,-1.566615737347838,0.19153673497084983,0.11508987533174438,0.06470063980655928,4,1,3,4
3176_CsCuNpBr,-1.4324878862617652,0.18502615133623393,0.11999871134655768,0.015693296512793525,4,1,4,4
3177_CsNaSbBr,-1.3680717191224494,0.12096210673691558,0.0127708733083783,0.0007223484159641001,4,4,4,4
3178_CsCuCeBr,-1.6080362460145432,0.13531519411527548,0.06809199452188583,0.028237637566731266,4,4,4,4
3179_CsNaPdBr,-1.1834310910219212,0.12779626849775338,0.046114993096263275,0.0020796610283347877,4,4,4,4
3180_CsCdBaBr,-1.713387951117936,0.11746250534928164,0.05293216388583773,0.0033176000368169228,4,4,4,4
3181_CsInTlBr,-1.3424360892330003,0.09748969895732326,0.0,0.0,4,4,4,4
3182_CsKTbBr,-1.958700618257515,0.11790139754225011,0.0,0.0,4,4,4,4
3183_CsBTlBr,-0.8804251860701491,0.0785109572537573,0.28658777475239483,0.005661073050849626,4,0,0,0
3185_CsZnTmBr,-1.6076243794077674,0.11082199309906199,0.08068714812344542,0.006223370304315343,4,4,4,4
3184_CsMnYbBr,-1.665019255250641,0.15847069783658613,0.05376770999892175,0.06846828820148858,4,3,3,4
3186_CsAsHgBr,-1.05263948352358,0.06750526240611134,0.019600718745703752,0.002434438498380399,4,4,4,4
3187_CsNiHgBr,-1.0201349141565579,0.10962915596499388,0.06398923636043492,0.006046888267662344,4,4,4,4
3188_CsNaAgBr,-1.1127138874042393,0.1273722228661408,0.08342676411315925,0.0046679125610198,4,4,4,4
3189_CsGaAgBr,-1.1862164637564439,0.09651447290046866,0.07792713940096145,0.012018519579708994,4,4,4,4
3190_CsLiNpBr,-1.7353648713353134,0.19367481284983962,0.0,0.0,4,4,4,4
3191_CsCuPuBr,-1.4993915072205524,0.1483506726806393,0.0646603405462189,0.007731109656135574,4,4,4,4
3192_CsLiCeBr,-1.912451889228092,0.14518916281468064,0.0,0.0,4,4,4,4
3193_CsBaNdF,-3.273558532677812,0.1264498653137262,0.13202933148450552,0.0045230242335352186,4,0,4,4
3194_CsRbAcF,-3.2743419195077657,0.13447372085041956,0.00913629531749915,0.0182725906349983,4,4,4,4
3195_CsCoHgBr,-1.0018105438460176,0.11937188214946187,0.07834034012578832,0.00453114425898309,4,4,4,4
3196_CsCoDyBr,-1.5333171954873654,0.15548155690009613,0.08059716671609396,0.036072129632164225,4,3,4,4
3197_CsGdAuBr,-1.5500831565353965,0.10263601280955345,0.05459959209024798,0.007900442835752424,4,4,4,4
3198_CsCaCrBr,-1.635739882896749,0.16319771453240614,0.05686916907474301,0.018312584599967388,4,4,4,4
3200_CsFeDyBr,-1.5145535788062472,0.14999215608888228,0.11015923172101469,0.03714828115977685,4,1,4,4
3199_CsCrAgBr,-1.216450138997052,0.1427785376823188,0.030927789955033723,0.009300071832889827,4,4,4,4
3201_CsNaScBr,-1.8399265012256838,0.1582679280106177,1.4415383338906018e-05,2.8830766677812036e-05,4,4,4,4
3202_CsNdYbBr,-1.841971308600711,0.15416126452260553,0.06556463440031252,0.037155259296334744,4,3,4,4
3204_CsNpAmBr,,,,,0,0,0,0
3203_CsHgAcBr,-1.621693675828865,0.10178958164492631,0.10554856783456165,0.016265243874970702,4,3,4,4
3205_CsMnAgBr,-1.2000057288721955,0.1380521840533893,0.0,0.0,4,4,4,4
3206_CsZnYbBr,-1.6443381106955912,0.09342191619732435,0.08717779396161734,0.026823246757131845,4,3,4,4
3207_CsZnHgBr,-1.1592399245603227,0.09548012909036155,0.0872638853733539,0.00913874619134193,4,4,4,4
3208_CsCuPrBr,-1.6116630008930626,0.12036123292792789,0.02343431785797475,0.0029089517035670765,4,4,4,4
3209_CsNiDyBr,-1.5368865034081827,0.13862240059956246,0.06683519333709072,0.021598658330334773,4,4,4,4
3210_CsLiPuBr,-1.7975113561857938,0.15798294949307218,0.0,0.0,4,4,4,4
3211_CsGeTmBr,-1.4904893955695218,0.11133995804691127,0.13566034734268703,0.018201375139180995,4,0,4,4
3212_CsEuAuBr,-1.4646243235589294,0.10798503221126579,0.0554656177745602,0.007509902937681356,4,4,4,4
3213_CsKGdBr,-1.95629301578794,0.11287283668862419,0.0,0.0,4,4,4,4
3214_CsRbInBr,-1.4815490922463692,0.1390928286560993,0.008281391857945575,0.00560011174457183,4,4,4,4
3216_CsSmNpBr,-1.584897398064249,0.18404462630517632,0.16990114276787355,0.04108686745814671,4,0,1,3
3217_CsCuNdBr,-1.6145111820222544,0.12304225524599302,0.019115621596477474,0.008340818232937272,4,4,4,4
3218_CsCaMnBr,-1.7101903626035433,0.16819517148039725,0.0198978334647235,0.0033210997153251902,4,4,4,4
3219_CsGeYbBr,-1.5701337105145177,0.09608387353722102,0.0824326395988368,0.06947309631983259,4,2,3,4
3220_CsCdPtBr,-1.0602902828277143,0.08629343223714471,0.1296715565015214,0.009048018976162864,4,0,4,4
3221_CsGeHgBr,-1.1203788554777616,0.07330547594918052,0.0234567284763901,0.005257295337820143,4,4,4,4
3222_CsMgTmBr,-1.71650271327423,0.15453395520122623,0.06248078346240012,0.021366331040390974,4,4,4,4
3223_CsLiPrBr,-1.9185490837812686,0.12870014093854418,0.0,0.0,4,4,4,4
3224_CsVVacF,-2.8169740863242283,0.24934322737663953,0.7239058282636777,1.4461754731672287,4,3,3,3
3225_CsKEuBr,-1.8079524746638405,0.1207217392544375,0.001550910994410275,0.0028641214302549496,4,4,4,4
3226_CsSmAuBr,-1.547320916362863,0.11118843030073684,0.05378704667332585,0.004473355434310394,4,4,4,4
3227_CsCuAmBr,,,,,0,0,0,0
3228_CsLiNdBr,-1.922251798820499,0.13167757152305626,0.0,0.0,4,4,4,4
3229_CsMgHgBr,-1.3670980474459686,0.10730803179297324,0.056927258676595274,0.008794950730854812,4,4,4,4
3230_CsMgYbBr,-1.8424469506849184,0.13725625928942628,0.786894401044819,1.49644290504279,4,3,3,3
3231_CsCaZnBr,-1.6708316019309681,0.12143480454016017,0.06329820305025533,0.008495801392858793,4,4,4,4
3232_CsVCdBr,-1.3081524370681235,0.15246222951131896,0.06275363341234202,0.00348313020311783,4,4,4,4
3233_CsAgPtBr,-0.9889314195621741,0.08231165411663133,0.04949757382243897,0.0029534433749305745,4,4,4,4
3234_CsCeVacBr,-1.8623647117071402,0.11904008499817534,0.0,0.0,4,4,4,4
3235_CsNaTaBr,-1.3642390097300368,0.1456076242820385,0.09765021443281838,0.012530209502342045,4,1,4,4
3236_CsNpVacBr,-1.724982777249804,0.18874073918337989,2.331203884153865e-06,4.66240776830773e-06,4,4,4,4
3237_CsBeNdBr,-1.457882440697416,0.12018540496034527,0.2622085906556336,0.009474220027937191,4,0,0,0
3238_CsCuCmBr,,,,,0,0,0,0
3239_CsNaNbBr,-1.4325586237762162,0.15054835815238374,0.0358155931037701,0.011579251034672937,4,4,4,4
3240_CsCuPmBr,-1.6171283057459795,0.12459961933846561,0.00185502245935205,0.001693961182670963,4,4,4,4
3241_CsAlFrBr,,,,,0,0,0,0
3242_CsEuRaF,,,,,0,0,0,0
3243_CsAuFrF,,,,,0,0,0,0
3244_CsLiAmBr,,,,,0,0,0,0
3245_CsKSmBr,-1.9523710540042243,0.11935943143661475,0.0,0.0,4,4,4,4
3246_CsCuFrBr,,,,,0,0,0,0
3247_CsAuCmBr,,,,,0,0,0,0
3248_CsPdRaBr,,,,,0,0,0,0
3249_CsTiRaBr,,,,,0,0,0,0
3250_CsPmAuBr,-1.5471635630814766,0.11230589473912768,0.037412422897609446,0.012780421510277525,4,4,4,4
3251_CsAsAgBr,-1.0710448524485852,0.07291574904762584,0.0,0.0,4,4,4,4
3252_CsLiCmBr,,,,,0,0,0,0
3253_CsCuHgBr,-1.0096740441890135,0.08824342575864078,0.041324550811995646,0.006031464490850198,4,4,4,4
3254_CsCaGeBr,-1.6089179059983603,0.09267583858205972,0.026311343906607547,0.0033780226818985186,4,4,4,4
3255_CsCaCuBr,-1.47753399224458,0.11602191521263253,0.06482586413346553,0.005799821503283964,4,4,4,4
3256_CsLiPmBr,-1.9252397170775026,0.13228284841163307,0.0,0.0,4,4,4,4
3257_CsCuSmBr,-1.6170058092582456,0.12362515545583506,0.011121190340429424,0.007427711476372447,4,4,4,4
3259_CsAuAmBr,,,,,0,0,0,0
3258_CsCoTmBr,-1.5268939724668154,0.16012818802346654,0.07902974635415536,0.040959822234803926,4,2,4,4
3261_CsAlHgBr,-1.2779742083059666,0.08996970541092629,0.1152744499516472,0.0019418830904553814,4,0,4,4
3262_CsCaBaBr,-2.0846496513609876,0.12663115273224423,0.040116722134854226,0.008365973984219842,4,4,4,4
3263_CsKPmBr,-1.9515491268148681,0.12001856786999783,0.0,0.0,4,4,4,4
3264_CsKCmBr,,,,,0,0,0,0
3265_CsSrEuBr,-2.0815425208315395,0.13106286648491905,0.018656647207866126,0.0010659207444677454,4,4,4,4
3266_CsNiTmBr,-1.531687965105725,0.14231295143807662,0.0640430882570748,0.025364981818850718,4,4,4,4
3267_CsMgCaBr,-1.8965060106040843,0.1304930735882889,0.0196606367809799,0.0041040835111073775,4,4,4,4
3268_CsPuVacBr,-1.7378353864075187,0.15910183504465725,0.0,0.0,4,4,4,4
3269_CsNdAuBr,-1.5442362031425203,0.11087490279499881,0.06353428363934796,0.0036749276948385362,4,4,4,4
3270_CsLiSmBr,-1.925444658707483,0.1316884747185663,0.0,0.0,4,4,4,4
3271_CsCoYbBr,-1.524875084172594,0.14022814592184243,0.07711980491886547,0.03691439704373668,4,3,4,4
3272_CsCuEuBr,-1.5454516253016513,0.12232374328212428,0.00050525516271625,0.0005840876194033592,4,4,4,4
3273_CsKAmBr,,,,,0,0,0,0
3274_CsFeYbBr,-1.5423427468635995,0.12347600723427378,0.09138925969678721,0.04249015593590426,4,3,3,4
3275_CsCrCdBr,-1.2831811277664003,0.1498781286128372,0.04790228282448545,0.017002912980221486,4,4,4,4
3276_CsBeCoF,-2.362854246285592,0.20671445891772047,0.3168111100761297,0.01427595498901065,4,0,0,0
3277_CsAgThBr,-1.4887611499541915,0.08852382928869768,0.2659625023611394,0.024940346752938103,4,0,0,0
3278_CsPrAuBr,-1.5410297027316855,0.10844287787354585,0.068211299182488,0.004037248921402708,4,4,4,4
3279_CsEuPbBr,-1.7161231479184005,0.11184117232807653,0.019016309081898174,0.0017746928784769503,4,4,4,4
3281_CsLuTlBr,-1.7637520691875261,0.11088658922072563,0.0,0.0,4,4,4,4
3283_CsPdAcBr,-1.5816277882575023,0.11399829784554377,0.11220120489460068,0.004883994297298778,4,0,4,4
3284_CsNaMoBr,-1.3365725284899979,0.1613849002895701,0.023441048463541524,0.015682430395428333,4,4,4,4
3285_CsSrRaF,,,,,0,0,0,0
3286_CsKNdBr,-1.9476409068788658,0.11892535690219584,0.0,0.0,4,4,4,4
3287_CsCuGdBr,-1.6195854982862614,0.11460437886802784,0.012969634681869725,0.008763859036602945,4,4,4,4
3288_CsBeFeF,-2.4055107960936644,0.21487534630133923,0.3292631868534918,0.024155263344778626,4,0,0,0
3289_CsLiEuBr,-1.7902008375658958,0.13102056192893738,0.0,0.0,4,4,4,4
3290_CsLuFrF,,,,,0,0,0,0
3291_CsYbTlBr,-1.6769360727196116,0.16029535772591724,0.028477350249885826,0.032955772049922956,4,4,4,4
3292_CsRbAuBr,-1.1036360284793636,0.11802394663117266,0.11987133715403948,0.0046122247022855785,4,0,4,4
3293_CsSrPbBr,-1.7331441155207954,0.10766227591710159,0.026476873457148276,0.0018382710534419976,4,4,4,4
3294_CsBaYbBr,-2.0336427247657527,0.13434980522600673,0.04018954212101027,0.014360844761677738,4,4,4,4
3295_CsBaHgBr,-1.5636931388175097,0.10608452509071292,0.07378384741020058,0.0018506641419696098,4,4,4,4
3296_CsKPrBr,-1.9429076692566354,0.1156564333857889,0.0004877090453128,0.0009754180906256,4,4,4,4
3297_CsAuPuBr,-1.4328890791638418,0.1378155750946295,0.1311627686029275,0.008568995138244124,4,0,4,4
3298_CsCmVacBr,,,,,0,0,0,0
3299_CsNaIrBr,-1.179290964316954,0.1365931329167085,0.034322281183442896,0.010047064555884895,4,4,4,4
3300_CsMnCdBr,-1.3349296317692623,0.1568259835745317,0.0346339717511211,0.004250864285124907,4,4,4,4
3301_CsAmVacBr,,,,,0,0,0,0
3303_CsNaRuBr,-1.1856246015548666,0.14256431341926282,0.04111110120980517,0.012997156618648179,4,4,4,4
3304_CsLiGdBr,-1.927958019684565,0.12485008596041197,0.0,0.0,4,4,4,4
3305_CsCaCoBr,-1.5140431931713256,0.15213238119813768,0.05526167601586202,0.010018239331677748,4,4,4,4
3306_CsCaFeBr,-1.5578993341428613,0.1439955614733491,0.056006676951892376,0.017021696007051133,4,4,4,4
3308_CsBeNiF,-2.275892342114387,0.2498433624422218,0.33519017249470506,0.013637536255761355,4,0,0,0
3309_CsCuTbBr,-1.6188943327597072,0.1219690862285353,0.0455013170838308,0.007871112425154763,4,4,4,4
3310_CsCoFrBr,,,,,0,0,0,0
3311_CsTmTlBr,-1.7671177229408055,0.1090891484005247,0.0,0.0,4,4,4,4
3312_CsCeAuBr,-1.5375314197024452,0.12134331068746805,0.13859682083398212,0.014429064227449257,4,0,4,4
3313_CsNiFrBr,,,,,0,0,0,0
3314_CsKPuBr,-1.8219371757034055,0.14438748398049187,0.0,0.0,4,4,4,4
3315_CsBaTmBr,-1.897257541727699,0.16229686476010535,0.0818270362907913,0.016696727947505766,4,4,4,4
3316_CsAuNpBr,-1.3670514455530731,0.17243523391662527,0.18543515205524705,0.005372303769028113,4,0,0,4
3317_CsAsFrBr,,,,,0,0,0,0
3318_CsEuAmBr,,,,,0,0,0,0
3320_CsNaTiBr,-1.60900071075573,0.15679861058032807,0.0,0.0,4,4,4,4
3319_CsZnCdBr,-1.2934897689645686,0.1092426139774624,0.08528302162613563,0.008748340140008345,4,4,4,4
3321_CsCaNiBr,-1.519651760769552,0.14884386876255298,0.05474011003659503,0.004790972022463582,4,4,4,4
3322_CsRbLuBr,-1.915678670121279,0.15170503724697465,0.0,0.0,4,4,4,4
3323_CsYbFrF,,,,,0,0,0,0
3324_CsAlAgBr,-1.316991486264354,0.1036662475283539,0.07172412872305683,0.012533692497075788,4,4,4,4
3326_CsNaRhBr,-1.2493215581906993,0.14055784298148524,0.01130727529494275,0.0076153632250378165,4,4,4,4
3328_CsLiTbBr,-1.9293847502378432,0.1304363808966878,0.0,0.0,4,4,4,4
3329_CsCuDyBr,-1.6173484227184125,0.12129725241207796,0.0,0.0,4,4,4,4
3330_CsPbRaF,,,,,0,0,0,0
3332_CsCuCdBr,-1.1252980052049906,0.10090217548682846,0.0562266115098537,0.002781736451823148,4,4,4,4
3331_CsRbYbBr,-1.7850357061759285,0.24905692344045885,0.06406180374324352,0.07397265377432886,4,2,4,4
3333_CsNRbBr,-0.6166971883317884,0.10047783628959504,0.7098168466228273,0.34002186348330515,4,0,0,0
3334_CsGeCdBr,-1.2475961266574678,0.08422896259345042,0.026107481866889326,0.0007991001494389112,4,4,4,4
3335_CsZnAgBr,-1.1042782297853035,0.09233805380042218,0.08798293657604883,0.008554809246911741,4,3,4,4
3336_CsKNpBr,-1.7593856057618065,0.1789390025601067,0.0,0.0,4,4,4,4
3337_CsErTlBr,-1.7688582798979393,0.10948244771853265,0.008415144679697775,0.0031254482104047356,4,4,4,4
3338_CsNdNpBr,-1.5826278200878205,0.1713667463096304,0.17883324448998048,0.02836058834743368,4,0,1,3
3339_CsKCeBr,-1.9356131783244535,0.1329128549310613,0.0,0.0,4,4,4,4
3340_CsSrAmBr,,,,,0,0,0,0
3341_CsSmEuBr,-1.9012042901037696,0.15247546577159582,0.04856149653618998,0.014918805922417592,4,4,4,4
3342_CsAuUBr,-1.327061652253818,0.1422959691584264,0.23869159519762095,0.00451015720624401,4,0,0,0
3343_CsLiDyBr,-1.9280503174754877,0.12883276956570697,0.0,0.0,4,4,4,4
3344_CsFeFrBr,,,,,0,0,0,0
3346_CsBeSmBr,-1.465717954051351,0.12885380280219816,0.24771055355601954,0.01733881991730284,4,0,0,0
3345_CsCuHoBr,-1.6167511484152992,0.12299715750737321,0.04773901104896287,0.008504342899593465,4,4,4,4
3347_CsCuAgBr,-0.9822231373313373,0.09023874074666402,0.01445940882069115,0.0016101561653130735,4,4,4,4
3348_CsMgCdBr,-1.5114953293025613,0.12000064903526718,0.0431456767018958,0.005598921320812373,4,4,4,4
3349_CsGeAgBr,-1.1059378287287582,0.07427292266297417,0.01910754293429345,0.006234862750941969,4,4,4,4
3350_CsCuYBr,-1.6207129141821626,0.12296211575534126,0.04669713824985763,0.007156461274322653,4,4,4,4
3351_CsHgThBr,-1.663458172838176,0.09227441803374263,0.09126547947715366,0.0204742940864113,4,3,4,4
3352_CsYTlBr,-1.7738578459763588,0.11210606518932928,0.007864682375307824,0.0029507446886707783,4,4,4,4
3353_CsSrSmBr,-1.9125326207405333,0.15086971915183842,0.061714697877084355,0.016173604471626808,4,4,4,4
3354_CsPbAmBr,,,,,0,0,0,0
3355_CsAuBiBr,-1.1115233144261445,0.07485651937104193,0.07055965662157523,0.0023597067731139397,4,4,4,4
3356_CsRbTmBr,-1.9181632241725284,0.14929553802591086,0.0,0.0,4,4,4,4
3357_CsHoTlBr,-1.7701088807112861,0.1105054363088134,0.0086937546726274,0.003233416053809877,4,4,4,4
3358_CsLaAuBr,-1.5815816900216326,0.10377909315920515,0.1095808280033816,0.0063864925682215875,4,0,4,4
3359_CsKUBr,-1.7150587728722582,0.1539660821321573,0.01765781938895165,0.007132031789691538,4,4,4,4
3360_CsRbTlBr,-1.3234879723332813,0.12697853409626345,0.040692249686517475,0.001090069017940763,4,4,4,4
3361_CsLiHoBr,-1.9284002921086703,0.13139318509883918,0.0,0.0,4,4,4,4
3362_CsMgAgBr,-1.297356312584061,0.1015287432790483,0.07417756132947735,0.0026508192558144022,4,4,4,4
3363_CsPdPtBr,-0.947014876321365,0.0860599951271179,0.07302600144921917,0.009769929560758247,4,4,4,4
3364_CsNTlBr,-0.5346288284786677,0.06162711315270544,0.6767889449994096,0.3342696952203684,4,0,0,0
3365_CsCuErBr,-1.6143662950525048,0.1217929824111206,0.04859465360548205,0.008442837366887328,4,4,4,4
3366_CsNaVBr,-1.4730466207949584,0.1672255541268921,0.0,0.0,4,4,4,4
3367_CsBeAmBr,,,,,0,0,0,0
3368_CsTiPtBr,-1.1408281784374488,0.10342404816414534,0.31389687657289733,0.0025806337280043596,4,0,0,0
3369_CsLiYBr,-1.9321306309225532,0.13241850996966856,0.0,0.0,4,4,4,4
3370_CsSmPbBr,-1.5815173408527903,0.1157845492090506,0.1368150502426702,0.0034991224770450345,4,0,4,4
3371_CsRbErBr,-1.9198921463028842,0.14971564715266755,0.012407171725628725,0.0031960466977266626,4,4,4,4
3372_CsAuPaBr,-1.35385524542126,0.09947103049936482,0.28075211942316713,0.02156990879050692,4,0,0,0
3373_CsKBiBr,-1.4787039330706495,0.08395595663635867,0.014626181126209677,0.0015508743567092113,4,4,4,4
3374_CsAlPdF,-2.6764935160557526,0.13002340045321442,0.1546010449513217,0.014914166153808365,4,0,1,4
3375_CsTmFrF,,,,,0,0,0,0
3376_CsDyTlBr,-1.7690162620081853,0.10782014530208785,0.0,0.0,4,4,4,4
3377_CsKLaBr,-1.9822037509185821,0.11387661393199254,0.02776861935881465,0.007341594721801184,4,4,4,4
3378_CsMnFrBr,,,,,0,0,0,0
3379_CsCuTlBr,-1.0947915455821369,0.09010344629127895,0.01067843325581725,0.0029260967874474887,4,4,4,4
3380_CsCrFrBr,,,,,0,0,0,0
3381_CsTiVBr,-1.3457438450146484,0.1763912482191171,0.1283901512644518,0.03418994248897225,4,1,4,4
3382_CsBKBr,-1.0371243756112591,0.08465291254474262,0.3086933553214269,0.0059170905056095185,4,0,0,0
3383_CsLiErBr,-1.9261755785468,0.1299780363900571,0.0,0.0,4,4,4,4
3384_CsCuTmBr,-1.6125083527106554,0.1237085702202168,0.0,0.0,4,4,4,4
3385_CsCoCdBr,-1.1323868213717134,0.13876752858698713,0.08156266063175814,0.009683842156730547,4,4,4,4
3386_CsGaFrBr,,,,,0,0,0,0
3387_CsAgRaBr,,,,,0,0,0,0
3389_CsRbYBr,-1.9246343812498787,0.15274580531214288,0.012114040552664799,0.002855397149014051,4,4,4,4
3390_CsBaDyBr,-1.9086336961483106,0.15611124880061866,0.07501570557641343,0.012115701877494871,4,4,4,4
3391_CsRbHoBr,-1.921370508385862,0.15118322013597224,0.012458020448928674,0.0027560650791580397,4,4,4,4
3392_CsLiTlBr,-1.3240380516795849,0.1029576109822698,0.027163589744473925,0.008022321508103758,4,4,4,4
3393_CsFeCdBr,-1.183225169637236,0.1288067056148214,0.07126098734906455,0.015123319412786433,4,4,4,4
3394_CsTlFrF,,,,,0,0,0,0
3395_CsTbTlBr,-1.7699564160040384,0.10986019567089703,0.008751709759152125,0.0034984169210062663,4,4,4,4
3396_CsNaGaBr,-1.4067885300639225,0.1391264782941065,0.06974968463171155,0.010835641952478403,4,4,4,4
3397_CsBAuBr,-0.6660958777942212,0.07280936183779446,0.3684747099893303,0.008078361086327491,4,0,0,0
3398_CsNiCdBr,-1.1397536216801605,0.13314481218323093,0.07460076846142813,0.004023383261242155,4,4,4,4
3399_CsLiTmBr,-1.9235141894352656,0.12939022077059936,0.0,0.0,4,4,4,4
3400_CsBePbBr,-1.2759196883556574,0.10025102884426708,0.13469960987597748,0.010302837133279848,4,0,4,4
3401_CsCuYbBr,-1.5512608772629122,0.14958844050659442,0.03826377540914633,0.027907456963387693,4,4,4,4
3403_CsCdRaBr,,,,,0,0,0,0
3402_CsCoAgBr,-0.990137266227091,0.1137529134892746,0.0307333394919685,0.007016940191116325,4,4,4,4
3404_CsSmAmBr,,,,,0,0,0,0
3405_CsFeAgBr,-1.0795431575285264,0.11945357088048728,0.0482412904504162,0.018392433094816456,4,4,4,4
3406_CsNaCrBr,-1.4443026504038463,0.1824066331615143,0.019888415932253475,0.007108220772405682,4,4,4,4
3407_CsRbDyBr,-1.9200421294680727,0.14841115946154057,0.0,0.0,4,4,4,4
3408_CsNaMnBr,-1.3937272259279099,0.17581939015699755,0.002402346209161975,0.002787748394377388,4,4,4,4
3409_CsErFrF,,,,,0,0,0,0
3411_CsCuLuBr,-1.6046298405664494,0.12143950119580986,0.0,0.0,4,4,4,4
3412_CsPdPaBr,-1.4085120400923592,0.10994458220260984,0.22609532475207034,0.01547526448273904,4,0,0,0
3413_CsNiAgBr,-1.0061282298060568,0.10824182465714767,0.022586330774076197,0.014393693278646135,4,4,4,4
3414_CsPHgBr,-0.9472349259873049,0.1133239154268398,0.08747588546334238,0.03259373217286753,4,3,4,4
3415_CsBeSrBr,-1.6383037483828833,0.12068968833376202,0.13090881407062335,0.012920307044412627,4,0,4,4
3416_CsLiYbBr,-1.8072471922753308,0.20406954310615524,0.040703735873103025,0.04703737394593847,4,4,4,4
3417_CsGdTlBr,-1.7674560746682735,0.10436148463633603,0.0,0.0,4,4,4,4
3418_CsGeBaI,-1.3115132684379962,0.07432298707947156,0.05685096234131998,0.007399991991082051,4,4,4,4
3419_CsTiSmI,-1.2772050842493945,0.1351825500723942,0.10717629260597303,0.03924235912351043,4,1,4,4
3420_CsCuBaI,-1.1929570073764346,0.08674413488977326,0.11323740883674055,0.0017761177970224255,4,0,4,4
3421_CsNiTlI,-0.8558970714488157,0.07786939358537574,0.03392867035977017,0.005180512479638843,4,4,4,4
3422_CsErHgI,-1.2696297260461724,0.08664533582687906,0.08574182903578283,0.004141815193929866,4,4,4,4
3423_CsAsTlI,-0.9145792866632032,0.05203585492702823,0.0,0.0,4,4,4,4
3424_CsVNdI,-1.212904503428744,0.13582603160339013,0.1482440799484907,0.025632217176276603,4,0,2,4
3425_CsCoTlI,-0.8378560657158323,0.07368050905425651,0.057359622916551126,0.02062364945736693,4,4,4,4
3426_CsAgGdI,-1.3393270934484616,0.09043710085452587,0.0,0.0,4,4,4,4
3427_CsHgTlI,-0.8942090223084507,0.06361013921312615,0.06454453561468618,0.005413798538288522,4,4,4,4
3428_CsDyYbI,-1.4674316416031103,0.14963453764217202,0.06850095440983975,0.026338137974175377,4,4,4,4
3429_CsZnBaI,-1.3524186874298547,0.09463654170138598,0.11672078867599753,0.005343061583934461,4,0,4,4
3430_CsYHgI,-1.2783690961548524,0.08712002724805326,0.07034090217302398,0.0031152140771269466,4,4,4,4
3431_CsNdPtI,-1.127098026362094,0.09235655450252132,0.17947314530537634,0.006343251276860974,4,0,0,4
3432_CsTaAuI,-0.7382035820507085,0.06749144034092394,0.20557179451279312,0.007086425699939728,4,0,0,0
3433_CsNbAuI,-0.7952943187913233,0.07439165500548695,0.17007336616794327,0.006324677046186469,4,0,0,4
3434_CsAgTbI,-1.3350046997110132,0.09649947884899013,0.00044426918062455,0.0008885383612491001,4,4,4,4
3435_CsHoHgI,-1.272384570772499,0.08802433521559745,0.041187026165438304,0.005462507894671286,4,4,4,4
3436_CsCaDyI,-1.5289015019770111,0.13871527631624636,0.06557982415180993,0.019597937212587246,4,4,4,4
3437_CsBFrI,,,,,0,0,0,0
3439_CsKMoI,-1.0705377797129259,0.1015491357218869,0.06561127888510296,0.025171019170533472,4,4,4,4
3440_CsTiAmI,,,,,0,0,0,0
3441_CsMgBaI,-1.5425195063004684,0.10436963914048525,0.054017846288294376,0.0039793507180196875,4,4,4,4
3442_CsAgEuI,-1.2582698071851395,0.09280382697723868,0.017632672315456226,0.0071517844290393375,4,4,4,4
3443_CsFeTlI,-0.8810476447025245,0.08829948326326607,0.07212997674752536,0.007263622513913724,4,4,4,4
3444_CsCoRbI,-0.948518043249035,0.11601718116727376,0.09574298113464902,0.024155541733175773,4,3,4,4
3445_CsAsRbI,-1.0216572488226943,0.09862093724363473,0.03244260996747965,0.00154245247562609,4,4,4,4
3446_CsCaNpI,-1.3792925054679377,0.14708198480884918,0.1036585067721802,0.011752042919504884,4,2,4,4
3447_CsKNbI,-1.148430438039136,0.08759735142581251,0.069434086978113,0.004485775953118327,4,4,4,4
3448_CsKTaI,-1.076578658704168,0.08212385616102892,0.12028479427029323,0.005011415844009569,4,0,4,4
3449_CsMnBaI,-1.380929980917542,0.1439209383307672,0.0577644074953226,0.004281062521027008,4,4,4,4
3450_CsNiRbI,-0.9428885603809727,0.12475275141231117,0.09209510870511171,0.005291834920836979,4,4,4,4
3452_CsAgDyI,-1.3325146640190062,0.09620328455916256,0.000230121611874725,0.00046024322374945006,4,4,4,4
3453_CsDyHgI,-1.2743598523081687,0.08770668773957813,0.04309359844959367,0.005502465894063568,4,4,4,4
3454_CsKRuI,-0.9726774389401409,0.08111801685804189,0.0586147304610795,0.024441240617636476,4,4,4,4
3456_CsKIrI,-0.999254160607132,0.07874881929838376,0.06461649984105318,0.007214793588457401,4,4,4,4
3457_CsCuRbI,-0.8897001708418653,0.10573162421362146,0.14921091546878526,0.0014445321023563004,4,0,3,4
3458_CsMoAuI,-0.7110405574082248,0.081202337701342,0.15655206243127157,0.022971392820751987,4,0,1,4
3459_CsYbHgI,-1.2601878365980008,0.08308759211248376,0.035353954136371754,0.040875018623811335,4,4,4,4
3460_CsAgSmI,-1.3391134703985959,0.09973786881647725,0.00321188122126955,0.0023818145410052184,4,4,4,4
3461_CsCrNdI,-1.2540835107216846,0.14302095001067108,0.09282761464588024,0.03814206645990907,4,1,4,4
3462_CsAlRbI,-1.2058112824831666,0.11901919906859525,0.047457960250752405,0.005265148439312344,4,4,4,4
3463_CsNaLaI,-1.578099837387253,0.14137937828786198,0.009682204327326424,0.0022734568934658947,4,4,4,4
3464_CsMnTlI,-0.9983091843567625,0.11247494054689133,0.0277872566135012,0.003978963283535997,4,4,4,4
3465_CsAgHoI,-1.3303653980163692,0.0976605503848946,0.0,0.0,4,4,4,4
3466_CsLuHgI,-1.2578234414107554,0.0846929357350039,0.03437759857689723,0.0035973771283629302,4,4,4,4
3467_CsTbHgI,-1.2759646070345936,0.0865472554857689,0.0452214276427348,0.004066724757285288,4,4,4,4
3468_CsIrAuI,-0.6545889342660554,0.05839027040317436,0.13435711960059898,0.0050131439314991064,4,0,4,4
3469_CsTiPbI,-1.0688433930135879,0.0968918271823359,0.08105245381553666,0.009823857429878659,4,4,4,4
3471_CsYAgI,-1.3384318793656302,0.0980760933162685,0.0174191698444996,0.008476331224840311,4,4,4,4
3472_CsNaBiI,-1.1309446836368549,0.11526965864609252,0.025524586439089,0.001494461700868785,4,4,4,4
3473_CsKTiI,-1.3027118399601179,0.09533662159310112,0.03187806606148597,0.011814646676428038,4,4,4,4
3474_CsRuAuI,-0.639647945249578,0.06204133421961859,0.12757911458576585,0.014376648466926392,4,0,4,4
3475_CsPdPbI,-0.9228852177534014,0.06723369781676257,0.0690454562505632,0.0007644484986837583,4,4,4,4
3476_CsTmYbI,-1.4463225374495454,0.15363079681826317,0.1097613190594205,0.044381105411789246,4,1,3,4
3477_CsVFrBr,,,,,0,0,0,0
3478_CsScAuI,-1.1637457455052729,0.0836972382115754,0.10450618267029804,0.0032864914303136735,4,0,4,4
3480_CsCrBaI,-1.315187048400653,0.13738856119614137,0.08972303022981183,0.008427632404393391,4,4,4,4
3481_CsCrTlI,-1.0155121231935993,0.11383121811321097,0.031228698789503573,0.0020754435391598667,4,4,4,4
3482_CsCoBaI,-1.2094532216453449,0.12462248318395884,0.10018883943433883,0.0028617567265292287,4,1,4,4
3483_CsFeRbI,-0.9949597264189921,0.13420118194065125,0.10337582230855098,0.007505630631937852,4,1,4,4
3484_CsTiCrBr,-1.3412417691061946,0.1717647349058577,0.11673836708040428,0.061782259431910826,4,1,3,4
3485_CsKRhI,-1.0650063748023846,0.08186259285169835,0.05420677959786918,0.010147429229409966,4,4,4,4
3486_CsNaUI,-1.3105782175906122,0.18049752460386848,0.012681427598364176,0.008700837409636744,4,4,4,4
3487_CsFeBaI,-1.2393832261229534,0.11883282674247152,0.10012607624068023,0.017051675596922868,4,1,4,4
3488_CsYbNpI,-1.3175905148040612,0.15863279894775692,0.10175971736497638,0.01632211132783443,4,2,4,4
3489_CsAgPmI,-1.340164273467107,0.09961773069802242,0.004630051552540549,0.0033305639273090246,4,4,4,4
3490_CsSrAgI,-1.2092917198808422,0.08469739767084947,0.09759994707958294,0.0024723691818119473,4,3,4,4
3491_CsAgCmI,,,,,0,0,0,0
3492_CsGaTlI,-0.9865293706315108,0.06689175398823549,0.0758289203062687,0.001299951522450959,4,4,4,4
3493_CsCdEuI,-1.3729099797568574,0.10189072772040078,0.0440641388295287,0.004223402822373903,4,4,4,4
3494_CsTiAuI,-0.9558764144631269,0.0810911666018966,0.15064040422435462,0.0016343789897903815,4,0,2,4
3495_CsTiSrI,-1.4029404356940764,0.12037801853396013,0.06383088860240764,0.008768458881854676,4,4,4,4
3496_CsAuHgI,-0.7846514652011412,0.057246345230150646,0.07080180048826583,0.0017897877668388192,4,4,4,4
3497_CsSrPdI,-1.2037774200129752,0.09509512437302868,0.10690207481340658,0.009805098761690252,4,1,4,4
3498_CsAgErI,-1.326683255517045,0.09630233365737445,0.032674171777513125,0.005934668082083064,4,4,4,4
3499_CsMnNdI,-1.235856915754465,0.14662670974290687,0.13716159673771117,0.03223854124469819,4,1,1,4
3500_CsNiBaI,-1.2264013940950924,0.1192718151368304,0.07897173017222033,0.006841899699784384,4,4,4,4
3502_CsAgAmI,,,,,0,0,0,0
3503_CsKScI,-1.5178557092778853,0.09689313762140585,0.029510352016346074,0.0006795520960211946,4,4,4,4
3504_CsGdHgI,-1.2797714421981028,0.08143877396914596,0.0,0.0,4,4,4,4
3505_CsAlTlI,-1.0801067555829618,0.07322359185911925,0.0582689926027677,0.0021243001723753527,4,4,4,4
3506_CsAgTlI,-0.872986080731061,0.06680841277494222,0.044317919761571796,0.011070682171522225,4,4,4,4
3507_CsRhAuI,-0.7369860793015801,0.059923345023774534,0.1031129419800077,0.007874285519125574,4,1,4,4
3509_CsSbAuI,-0.8390721763044547,0.0526626628581403,0.05594277083709093,0.0024334879451029553,4,4,4,4
3510_CsKAgI,-0.9325476700898077,0.06399488941365535,0.15051798298943095,0.003077068945386576,4,0,2,4
3511_CsAgPbI,-0.9311698878661316,0.06661714857841415,0.051704081520963556,0.0024906584554249653,4,4,4,4
3512_CsSrCdI,-1.3853302749346614,0.09964550800672371,0.0553413510332948,0.003741737952390334,4,4,4,4
3513_CsMnRbI,-1.0992897880529289,0.15228668300678083,0.07258836055868084,0.0073749430790705185,4,4,4,4
3514_CsAgNdI,-1.3405135179422496,0.09980489434664297,0.005650128423465526,0.0040527669979665455,4,4,4,4
3515_CsZnNdI,-1.2797917390725957,0.09027230751300881,0.10557672828404412,0.004567973390401631,4,1,4,4
3516_CsTiEuI,-1.38534022419453,0.12455114112099393,0.04639349538189893,0.010624402426883374,4,4,4,4
3517_CsNaNpI,-1.355078047002515,0.2056995317819413,0.0,0.0,4,4,4,4
3518_CsAgTmI,-1.3234515393622606,0.0983278893451937,0.033264725656225576,0.006477865306299602,4,4,4,4
3519_CsCaTmI,-1.5086468840503546,0.1418766831627167,0.10318115303927203,0.03401026757161325,4,1,4,4
3521_CsCrRbI,-1.1400157953151049,0.15765654963418466,0.051882953945499646,0.002343865414775758,4,4,4,4
3520_CsNaCeI,-1.5287446821572972,0.15840607576144056,0.0,0.0,4,4,4,4
3522_CsEuHgI,-1.2666952612347435,0.09174447101703356,0.05286965854579225,0.0030721016077810853,4,4,4,4
3523_CsKSbI,-1.1280539805547394,0.06220198149387443,0.04607509970547725,0.0031898705160590306,4,4,4,4
3524_CsNaAcI,-1.5776408518189984,0.14181153076839784,0.0,0.0,4,4,4,4
3525_CsGaRbI,-1.1003097737691134,0.11375670407519518,0.08129298091171983,0.004571102455197846,4,4,4,4
3526_CsKPdI,-1.0072862441201709,0.06900242339503929,0.0802873302235004,0.0015737479492529238,4,4,4,4
3527_CsAgPrI,-1.3400220865855808,0.0977717240685341,0.006672959030740576,0.004600233793587181,4,4,4,4
3528_CsCdPbI,-1.0655825960010636,0.07946447516432013,0.05200601071155325,0.0050779288502406875,4,4,4,4
3529_CsVBaI,-1.3682125384448085,0.1374155195202603,0.0651724562049945,0.0062333810819463825,4,4,4,4
3530_CsVTlI,-1.0231539274120476,0.09481948333651931,0.0049709320065636,0.0099418640131272,4,4,4,4
3531_CsPdLaBr,-1.5870141109943399,0.11303516479494835,0.11590370200553853,0.0008374327379959924,4,0,4,4
3532_CsRbTbBr,-1.9205049277476176,0.14984974856645145,0.013229091466449175,0.0037221576008035803,4,4,4,4
3533_CsCdDyI,-1.3069577830392651,0.09488518724521007,0.05900934152346,0.008453950823927059,4,4,4,4
3534_CsCaHgI,-1.2437981868624428,0.08889295319946862,0.0776594903327794,0.004474100546522985,4,4,4,4
3535_CsSmPtI,-1.1244468892460717,0.09360188847265663,0.17691632062430035,0.008455536511977104,4,0,0,4
3536_CsGeNdI,-1.1711985553155682,0.08241818874712853,0.15743964612642375,0.0026562240114439075,4,0,0,4
3537_CsCaYbI,-1.6475921283029267,0.12392484273195638,0.014963081478344976,0.004866164536656924,4,4,4,4
3538_CsKVI,-1.1811983103365598,0.10208588195638485,0.00639076232906175,0.012781524658123499,4,4,4,4
3539_CsNaPuI,-1.4201394135616936,0.1700336357726187,0.0,0.0,4,4,4,4
3540_CsAgYbI,-1.2629347453358135,0.12257066079222195,0.03586812329788978,0.04158060926211208,4,4,4,4
3541_CsSmHgI,-1.2800593914948692,0.0910141466813839,0.0492891853671221,0.005697007190343545,4,4,4,4
3542_CsLiLuBr,-1.9192270001904035,0.13126240710244413,0.0,0.0,4,4,4,4
3543_CsBaPtI,-1.1446197027838756,0.09037367057857952,0.17961046844640105,0.0026128121602286597,4,0,0,4
3544_CsAgPuI,-1.2268395120732314,0.1262343407166857,0.004964502157177775,0.0034108895729264626,4,4,4,4
3545_CsTiNdI,-1.2790310785041932,0.1280173705109508,0.11055826014827337,0.031373438249525175,4,1,4,4
3546_CsAgLuI,-1.3136309946424327,0.0960893946239872,0.0,0.0,4,4,4,4
3547_CsVSmI,-1.2112579131969876,0.1413950493213788,0.14468270838314787,0.031613154278645,4,1,1,4
3548_CsNaPrI,-1.5385029608848506,0.14265127585389398,0.0,0.0,4,4,4,4
3549_CsVAuI,-0.8348216319915832,0.0883744348300722,0.08471252322022245,0.02152679108738334,4,3,4,4
3550_CsMgNdI,-1.3624525750523326,0.10229984881574279,0.08253773600063068,0.004057492666839649,4,4,4,4
3551_CsPtAmI,,,,,0,0,0,0
3552_CsCuAuBr,-0.935745122143046,0.08301417000906,0.04737881571305885,0.00537459197553735,4,4,4,4
3553_CsBeEuBr,-1.6184325224296183,0.12552767316192076,0.12629850804623352,0.014753135610500692,4,0,4,4
3554_CsPdBiBr,-1.1298698207865383,0.0788497889146146,0.06033636629465595,0.0024548131579328145,4,4,4,4
3555_CsCdAmI,,,,,0,0,0,0
3556_CsVRbI,-1.1485217059520665,0.13601288779006573,0.014473833516501175,0.01976988331782843,4,4,4,4
3558_CsAgCeI,-1.3319494570155141,0.11227381065707225,0.01786527037595305,0.011946627371027658,4,4,4,4
3557_CsPmHgI,-1.2793027827979404,0.08961607787801945,0.0529492614800888,0.005036254743748466,4,4,4,4
3559_CsAgNpI,-1.159079533304581,0.16375664528824196,0.04610816240292288,0.011473779749493294,4,4,4,4
3560_CsHgCmI,,,,,0,0,0,0
3561_CsNaNdI,-1.5397725308772705,0.14491469522568892,0.0,0.0,4,4,4,4
3562_CsAgAuI,-0.7697663153053921,0.05894320991060905,0.04676969312081742,0.006038897248225518,4,4,4,4
3563_CsKGaI,-1.1298437351826158,0.07362213841275797,0.10371429324157672,0.003205511828221479,4,0,4,4
3564_CsVAmI,,,,,0,0,0,0
3565_CsRhTlI,-0.9205842460071375,0.07539468793155807,0.03286725580651037,0.009617040511491799,4,4,4,4
3567_CsEuTlBr,-1.6476851961146868,0.11301176998641628,0.000580084696412,0.001160169392824,4,4,4,4
3568_CsNaFeBr,-1.295118632029983,0.1625097002575108,0.04506042748717973,0.01890244963162315,4,4,4,4
3569_CsNaAmI,,,,,0,0,0,0
3570_CsKCrI,-1.170024215662802,0.12299314152951664,0.042478258906915076,0.004079582502932327,4,4,4,4
3571_CsCaEuI,-1.7046776796233292,0.11622364248966285,0.0123809225874744,0.0016094420827501438,4,4,4,4
3572_CsInAuI,-0.8914461875825174,0.06681298487072272,0.07970009744021585,0.0048041523081217025,4,4,4,4
3573_CsCdSmI,-1.311934858049041,0.0962514556301461,0.06592739261792564,0.006778419148314034,4,4,4,4
3574_CsNiRaI,,,,,0,0,0,0
3575_CsTiTlI,-1.1417534932376947,0.08892730991853527,0.02707476019730922,0.011175208666825859,4,4,4,4
3576_CsDyNpI,-1.2388131315357744,0.17286349439255583,0.16090232729977033,0.04667398545104199,4,1,1,4
3577_CsKMnI,-1.1316776019746961,0.11688020948515054,0.06344952024593417,0.0034654114088737155,4,4,4,4
3578_CsTeVacI,-0.9078100682269482,0.05933574127934355,1.1722246803236303e-06,2.3444493606472605e-06,4,4,4,4
3579_CsCrVacF,-2.591778685080604,0.27789136399898173,2.1855036425044716e-07,4.371007285008943e-07,4,4,4,4
3580_CsThVacI,-1.5465929403193868,0.10462343352991164,0.0,0.0,4,4,4,4
3581_CsPoVacI,,,,,0,0,0,0
3582_CsZrVacCl,-2.0642520796218924,0.11919219033563298,2.940495808401167e-06,5.880991616802335e-06,4,4,4,4
3583_CsPbVacBr,-1.2030304826119271,0.09297731532782642,0.0362864211181076,0.015716818987713467,4,4,4,4
3584_CsHfVacCl,-2.09524416370314,0.1131235260359631,1.6159481468491776e-06,3.2318962936983553e-06,4,4,4,4
3585_CsPaVacI,-1.4086875678057922,0.11347038648684338,0.0,0.0,4,4,4,4
3586_CsUVacI,-1.3442167402241945,0.1425386397524572,0.0,0.0,4,4,4,4
3587_CsTbVacBr,-1.7075907920382503,0.11641356820865319,0.08596751714697565,0.0029335431975605715,4,4,4,4
3588_CsMnVacF,-2.5739063303147143,0.27568333108183635,7.682376437223582e-07,1.5364752874447167e-06,4,4,4,4
3589_CsCoVacF,-2.1787008504998573,0.23657941992987833,4.172325134277344e-07,8.344650268554688e-07,4,4,4,4
3590_CsGeVacF,-2.8198026578555386,0.1045735847660815,2.384185791015625e-06,4.76837158203125e-06,4,4,4,4
3591_CsCeVacI,-1.493102155887739,0.09814670987660362,0.0,0.0,4,4,4,4
3592_CsNpVacI,-1.3390974396749962,0.1693007499557709,0.0,0.0,4,4,4,4
3593_CsSnVacCl,-1.5735159460999004,0.08885907859545401,8.099608951095405e-06,9.49786879020843e-06,4,4,4,4
3594_CsPuVacI,-1.3647819089524553,0.13555501714744495,0.0,0.0,4,4,4,4
3595_CsPrVacI,-1.3826216122467017,0.09847854620089419,0.046807301126479205,0.008576312280070567,4,4,4,4
3596_CsAmVacI,,,,,0,0,0,0
3597_CsCmVacI,,,,,0,0,0,0
3598_CsNbVacCl,-1.7114491028911305,0.0991779764166972,0.0,0.0,4,4,4,4
3599_CsTaVacCl,-1.7236554637945056,0.09629228337081687,5.761783887781036e-07,7.102919838533919e-07,4,4,4,4
3601_CsZrVacBr,-1.7733230084317833,0.12750789764245557,0.0,0.0,4,4,4,4
3603_CsWVacCl,-1.4683101651660744,0.09280344725215493,7.8148319526683e-07,1.2958923485181666e-06,4,4,4,4
3604_CsHfVacBr,-1.7872265534404805,0.12187870444684147,7.549921661187398e-07,1.2435708600714523e-06,4,4,4,4
3606_CsMoVacCl,-1.5130907291462672,0.10557822826167622,8.742014583340563e-07,1.4793879112249635e-06,4,4,4,4
3605_CsSeVacF,-2.3196669917878445,0.055773729987394376,0.0,0.0,4,4,4,4
3607_CsTcVacCl,-1.4578741601064333,0.11555613506811194,2.741813735385179e-06,4.922543721483384e-06,4,4,4,4
3609_CsPbVacI,-0.9273339669868025,0.07279570763498673,0.10996050056455782,0.006295740135365008,4,0,4,4
3608_CsSnVacBr,-1.336771185875631,0.09493155339859456,5.139244785734576e-06,9.859191218219898e-06,4,4,4,4
3610_CsTaVacBr,-1.4335527249059603,0.10387409034553396,0.0,0.0,4,4,4,4
3611_CsNbVacBr,-1.4409365431297798,0.10855116432279269,0.0,0.0,4,4,4,4
3612_CsOsVacCl,-1.257876476740269,0.0871431180850196,0.0,0.0,4,4,4,4
3613_CsReVacCl,-1.3982103345423875,0.10474325987777446,4.304773923990979e-07,6.119257370649412e-07,4,4,4,4
3614_CsTbVacI,-1.3897482228336655,0.09436414815529037,0.02316792350771185,0.008097106973963491,4,4,4,4
3615_CsPtVacCl,-1.3080266393859379,0.07990774331588922,8.894337624076876e-06,1.640877915067827e-05,4,4,4,4
3616_CsIrVacCl,-1.2719109731522062,0.07996382055370682,2.264977216559494e-06,4.252079535587188e-06,4,4,4,4
3617_CsNiVacF,-1.9826580247215968,0.3200650102314982,5.02665837609495e-06,8.089372346430163e-06,4,4,4,4
3618_CsRuVacCl,-1.3040704009548234,0.08799914791557832,0.0,0.0,4,4,4,4
3619_CsPdVacCl,-1.245194608401349,0.08157162500135558,2.7616818746301064e-06,5.244601063261036e-06,4,4,4,4
3620_CsWVacBr,-1.1952182144050296,0.10142396932347227,3.377598056797382e-07,3.8654736368978535e-07,4,4,4,4
3621_CsTiVacCl,-1.901856889309725,0.10721267145588184,1.1523566176840916e-06,1.7848822064249027e-06,4,4,4,4
3622_CsMoVacBr,-1.2557383186395887,0.11409794781532126,1.2119613399530493e-06,1.6863421859620953e-06,4,4,4,4
3623_CsRhVacCl,-1.281989052325749,0.08670248959879329,0.0,0.0,4,4,4,4
3624_CsTcVacBr,-1.2133822861784047,0.11847477153176143,0.0,0.0,4,4,4,4
3625_CsZrVacI,-1.37014592630523,0.10249213888860902,3.0199676979147942e-06,4.539986508101304e-06,4,4,4,4
3626_CsHfVacI,-1.3650004560054094,0.09767364788668291,2.1987491179986662e-06,4.3974982359973325e-06,4,4,4,4
3627_CsReVacBr,-1.1426841573713595,0.11248177005004534,0.0,0.0,4,4,4,4
3628_CsOsVacBr,-1.027689346682954,0.09420648336057025,0.0,0.0,4,4,4,4
3629_CsFeVacCl,-1.3385996365826713,0.09657035741634237,0.011715941958751776,0.008923187568617305,4,4,4,4
3630_CsIrVacBr,-1.071706330458821,0.08987017730750553,0.0,0.0,4,4,4,4
3631_CsPtVacBr,-1.1333784153201196,0.08922318384770464,3.377583028818521e-07,5.434955348378851e-07,4,4,4,4
3632_CsVVacCl,-1.6461429739257738,0.11080381201152276,0.00020527839582528713,0.00040794599326514586,4,4,4,4
3633_CsRuVacBr,-1.0911470078873748,0.09631394428984842,0.0,0.0,4,4,4,4
3634_CsSnVacI,-1.0080812071068903,0.07103358251190035,1.8292003207687202e-05,3.640761423216849e-05,4,4,4,4
3635_CsPdVacBr,-1.0890991181259282,0.08851311870874136,2.7351912256223802e-06,4.413076538283991e-06,4,4,4,4
3636_CsNbVacI,-1.0726307610658499,0.08673135939915239,0.0,0.0,4,4,4,4
3637_CsTaVacI,-1.048468917482409,0.08230410383200715,0.00017038981036475326,0.00028147214956121455,4,4,4,4
3638_CsTiVacBr,-1.6163611722337214,0.11503700824170819,0.0,0.0,4,4,4,4
3639_CsRhVacBr,-1.099624278493085,0.0949357747760595,0.0,0.0,4,4,4,4
3640_CsWVacI,-0.8421684663453001,0.08172778588678754,0.0270353028610378,0.018068653948129555,4,4,4,4
3641_CsCrVacCl,-1.5177733246770269,0.1265836352748853,0.0012964672513913,0.0025929345027826,4,4,4,4
3642_CsFeVacBr,-1.1199970136199273,0.10522653136285795,0.05669173556927715,0.004173893133217692,4,4,4,4
3643_CsMoVacI,-0.9174568465293322,0.09348477401158829,0.022162545334306352,0.015056884889534423,4,4,4,4
3644_CsTcVacI,-0.895725392065993,0.09642001907290298,1.0993748634779976e-06,1.3343134954426452e-06,4,4,4,4
3645_CsVVacBr,-1.3767254508307154,0.11698408653655677,0.0,0.0,4,4,4,4
3646_CsCoVacCl,-1.2406184452390379,0.1011479073977847,0.0,0.0,4,4,4,4
3647_CsMnVacCl,-1.525808049288318,0.12401529638829355,1.6623074674537719e-06,2.7882592876765975e-06,4,4,4,4
3648_CsGeVacCl,-1.455197487697982,0.08035720531273284,2.3126603597489748e-05,3.980840718281026e-05,4,4,4,4
3649_CsOsVacI,-0.7350959871488973,0.07124775661381094,0.0839362492175067,0.02228443742248827,4,4,4,4
3650_CsReVacI,-0.8157098122068702,0.09473093498166754,0.019666070738202326,0.013141636203513244,4,4,4,4
3651_CsIrVacI,-0.8253448103155666,0.0712392148007354,0.029885749436353776,0.007497635651574584,4,4,4,4
3652_CsPtVacI,-0.9149176307154612,0.07111145055426879,8.5433330216933e-06,1.1723366401404647e-05,4,4,4,4
3654_CsPdVacI,-0.882820648711263,0.0699336312018466,0.0022849581307833,0.002681084947712093,4,4,4,4
3656_CsSiVacF,-3.209755085669009,0.11925469430299912,8.874469332731394e-07,1.7748938665462788e-06,4,4,4,4
3657_CsTiVacI,-1.2294603701931044,0.09108182096233235,2.7616818746301064e-06,5.523363749260212e-06,4,4,4,4
3658_CsRhVacI,-0.8740636535102959,0.07087783607412998,0.04265856618837077,0.007429912084862817,4,4,4,4
3659_CsSeVacCl,-1.19813172865903,0.05530590223313324,3.900792863276159e-06,7.801585726552318e-06,4,4,4,4
3660_CsBCsF,-2.5999026295816527,0.1163743042243811,0.31975407600542516,0.020757181153439486,4,0,0,0
3661_CsBCsCl,-1.2782007378629507,0.08298135747096722,0.3315338313573727,0.006697215876882002,4,0,0,0
3662_CsBCsBr,-1.0308154993782321,0.08734501740140818,0.3252373456953377,0.0025810196421710567,4,0,0,0
3663_CsNCsF,-1.5805502004693193,0.058001683969805415,0.03196880407940625,0.009559368385801775,4,4,4,4
3664_CsNCsCl,-0.7431791417098528,0.05158466633913584,0.4674830026919432,0.013037152237169709,4,0,0,0
3665_CsNCsBr,-0.6407637122811283,0.0644713868653293,0.719764313473642,0.3389693220777584,4,0,0,0
3666_CsAlCsF,-3.196968776712738,0.12913971955628775,6.437301631745385e-07,1.2874603263490771e-06,4,4,4,4
3667_CsAlCsCl,-1.8704975895365235,0.10026299229753044,0.05525092929758885,0.0053345784224473,4,4,4,4
3668_CsAlCsBr,-1.5955011728960766,0.10516359913393225,0.07799540013019765,0.0024464108737281788,4,4,4,4
3669_CsPCsF,-2.4244654980584297,0.11751043509635822,0.20865966359886645,0.02794669956503219,4,0,0,2
3670_CsPCsCl,-1.3832738888552483,0.11092002242858914,0.0804694846267366,0.002829910898525596,4,4,4,4
3671_CsPCsBr,-1.1956911408428557,0.11644056094766446,0.07526490427673943,0.012243791562712446,4,4,4,4
3672_CsPCsI,-0.9330679205357433,0.10859984662963254,0.11476732256445937,0.06525620046005023,4,3,3,3
3673_CsScCsF,-3.3334772653658526,0.11610579573644808,0.011441993714023501,0.0012660595541928406,4,4,4,4
3674_CsScCsCl,-2.1251871756974468,0.1082931269422038,0.04176951348963005,0.007151182297797966,4,4,4,4
3675_CsScCsBr,-1.8662746194537327,0.11699139673126216,0.042281666398336276,0.004399724146920746,4,4,4,4
3676_CsTiCsF,-3.0779962924389386,0.12868658529657254,1.8382073333711446e-05,3.128239477550761e-05,4,4,4,4
3677_CsTiCsCl,-1.897421975163271,0.11479270425858397,0.039841578901494173,0.004747552874539886,4,4,4,4
3678_CsTiCsBr,-1.640753909306517,0.1178803017850457,0.02350511997649015,0.0032804346720869304,4,4,4,4
3679_CsVCsF,-2.798620880369728,0.21958865855266435,0.5829530626535409,1.165905028581877,4,3,3,3
3680_CsVCsCl,-1.7585982255389532,0.12312590830645888,0.03880948722555085,0.0013296280186780487,4,4,4,4
3681_CsVCsBr,-1.5068571869046075,0.12664007049927292,0.0207494199287988,0.007745743395730774,4,4,4,4
3682_CsCrCsF,-2.734497965105528,0.24597868349796012,0.0,0.0,4,4,4,4
3683_CsCrCsCl,-1.7308354191253534,0.14042688681310989,0.03101646304218183,0.002626608692882199,4,4,4,4
3684_CsCrCsBr,-1.48868198429959,0.14559788839116222,0.04789542853713688,0.0014190820393169398,4,4,4,4
3685_CsMnCsF,-2.6113339836268312,0.22191850960979526,0.027507030963003852,0.001866523978821142,4,4,4,4
3686_CsMnCsCl,-1.6460688630621023,0.12809464063792017,0.05654647648178345,0.004901271381357503,4,4,4,4
3687_CsMnCsBr,-1.4250972560170623,0.13724003957538328,0.05068646632168342,0.004564620215450112,4,4,4,4
3688_CsFeCsF,-2.5368167407596385,0.2202468826159176,2.205372531260963e-07,2.592631319120959e-07,4,4,4,4
3689_CsFeCsCl,-1.5433418743099718,0.12308852315168843,0.07151650190311973,0.01480860777006421,4,4,4,4
3690_CsFeCsBr,-1.3259578291115217,0.12297853779547102,0.08660757690627258,0.011048584682536005,4,4,4,4
3691_CsCoCsF,-2.402874288686033,0.2130479989943528,8.404254894234242e-07,1.6808509788468484e-06,4,4,4,4
3692_CsCoCsCl,-1.473450889416775,0.10768068945728501,0.023043909669072177,0.00825913854949025,4,4,4,4
3693_CsCoCsBr,-1.2611624691427044,0.10987284967681174,0.06322387196137477,0.01684078314174282,4,4,4,4
3694_CsNiCsF,-2.2038565166082424,0.26594685900063253,0.0025960505003368,0.0024924928355137344,4,4,4,4
3695_CsNiCsCl,-1.4228023938637357,0.11100087855412301,0.03202414512536775,0.013640612583419089,4,4,4,4
3696_CsNiCsBr,-1.2299746218859808,0.11151256531590517,0.0746003132307443,0.012610729315258636,4,4,4,4
3697_CsCuCsF,-2.331319499741147,0.12393670223746,0.0,0.0,4,4,4,4
3698_CsCuCsCl,-1.346607565113296,0.0932659920312798,0.060694495590080826,0.006839712795610512,4,4,4,4
3699_CsCuCsBr,-1.1673320594977956,0.0962249077481266,0.1081214632837507,0.005386112886388718,4,0,4,4
3700_CsGaCsF,-2.8343713827213346,0.11422228186552312,9.7751617333941e-07,1.7101998060607086e-06,4,4,4,4
3701_CsGaCsCl,-1.683321403691479,0.09386212067101406,0.0728481337420088,0.00583149091215653,4,4,4,4
3702_CsGaCsBr,-1.4498013917156132,0.09920472419048404,0.09912316948065553,0.003057753420101399,4,2,4,4
3703_CsAsCsF,-2.5379303224170453,0.06445022181085225,0.014338308573443375,0.012677306731155807,4,4,4,4
3704_CsAsCsCl,-1.5007280997707373,0.06173073333786095,0.053506848217406554,0.00969595075052126,4,4,4,4
3705_CsAsCsBr,-1.312626886719966,0.07221423292807655,0.01248544156479265,0.003880951706639033,4,4,4,4
3706_CsYCsF,-3.346417278774733,0.11500285177837129,1.466274809125423e-06,1.695903839211343e-06,4,4,4,4
3707_CsNbCsF,-2.7712360823574995,0.11307574508246364,0.07091651218130886,0.007563796153266132,4,4,4,4
3708_CsNbCsCl,-1.7011967072325345,0.10169911095621036,0.06759202897396017,0.005580357528068326,4,4,4,4
3709_CsNbCsBr,-1.4609158000024827,0.10828420374410427,0.07984476337813955,0.0023391848933255466,4,4,4,4
3710_CsMoCsF,-2.4844032339541595,0.24341714236452092,0.0024168286469498936,0.0030617986686385054,4,4,4,4
3711_CsMoCsCl,-1.611358020431308,0.11265166736319253,0.03436499337517138,0.004222147633400575,4,4,4,4
3712_CsMoCsBr,-1.3757943022802783,0.12167959555687842,0.0557861288363914,0.008707941064271325,4,4,4,4
3713_CsRuCsF,-2.399211669692261,0.12415551629853341,0.028022688628036526,0.01722853436404171,4,4,4,4
3714_CsRuCsCl,-1.4448930673092018,0.09532410220896037,0.048920316994142524,0.005170428799044569,4,4,4,4
3715_CsRuCsBr,-1.2380336765009963,0.10400104435129674,0.061088372764307855,0.0063281541549726665,4,4,4,4
3716_CsRhCsF,-2.407359261045488,0.11523132762638197,0.0,0.0,4,4,4,4
3717_CsRhCsCl,-1.499493163059854,0.09274036003651143,0.0,0.0,4,4,4,4
3718_CsRhCsBr,-1.3101645473192802,0.10231694123246106,0.020826077460747324,0.005549467624586912,4,4,4,4
3719_CsPdCsF,-2.252775187024064,0.09696574112628913,0.04212313443469858,0.0035999417537868096,4,4,4,4
3720_CsPdCsCl,-1.3822466783031184,0.07999828400607092,0.09103375524286557,0.004338916549239228,4,4,4,4
3721_CsPdCsBr,-1.2206418577407865,0.08713927516715343,0.0812905728780368,0.007880478644064081,4,4,4,4
3722_CsAgCsF,-2.141875175364346,0.08676531948775291,0.0,0.0,4,4,4,4
3723_CsAgCsCl,-1.284319656319321,0.07974766572118047,0.09058238193467093,0.002004405468265299,4,4,4,4
3724_CsAgCsBr,-1.137784493320958,0.08691826661560126,0.13291682526579618,0.0029448894100546083,4,0,4,4
3725_CsInCsF,-2.7657269783099134,0.10847300441990551,7.927418437247979e-07,1.3432617571025014e-06,4,4,4,4
3726_CsInCsCl,-1.7145097367244526,0.09972737298100391,0.021718925239214676,0.00479673552454638,4,4,4,4
3727_CsSbCsF,-2.6311773486245085,0.06895305537019758,0.06338131129566912,0.022606570024273152,4,4,4,4
3728_CsSbCsCl,-1.5885160617344116,0.06781152044781584,0.04554210901049613,0.008176753791219266,4,4,4,4
3729_CsSbCsBr,-1.3960924152097778,0.07753796918947316,0.05713652372168235,0.008980427154050504,4,4,4,4
3730_CsCsCeF,-3.2666352517687236,0.12111974484418407,0.002827435729718885,0.0056544105262456516,4,4,4,4
3731_CsCsPrF,-3.2653784908137524,0.10527762176720583,0.014412011703837501,0.023381938246047288,4,4,4,4
3732_CsCsNdF,-3.280616790780711,0.1060349513420697,0.00845406849999985,0.0169081369999997,4,4,4,4
3733_CsCsPmF,-3.29583554638313,0.10585749259161323,0.0,0.0,4,4,4,4
3734_CsCsSmF,-3.302259070402271,0.10358000002827282,0.0052780151362497,0.0105560302724994,4,4,4,4
3735_CsCsEuF,-3.0987693078617777,0.12937981973350007,0.0,0.0,4,4,4,4
3736_CsCsGdF,-3.302843911178504,0.10269157837623089,0.0,0.0,4,4,4,4
3737_CsCsTbF,-3.3428845154528006,0.11235326120532538,3.5762786954052224e-08,7.152557390810445e-08,4,4,4,4
3738_CsCsDyF,-3.3482867128919906,0.1062166721288891,0.0,0.0,4,4,4,4
3739_CsCsHoF,-3.3568689413154944,0.10924174028667545,0.0,0.0,4,4,4,4
3740_CsCsErF,-3.3648259825792284,0.11170803318465343,0.0,0.0,4,4,4,4
3742_CsCsYbF,-3.1334125034289686,0.3363521365202727,0.01229673326015465,0.015648867493127234,4,4,4,4
3743_CsCsLuF,-3.3894664056391335,0.1166770866317603,0.0,0.0,4,4,4,4
3744_CsCsTaF,-2.710353482889297,0.10796924674305039,0.14167835702765957,0.008440146195301212,4,0,4,4
3745_CsCsTaCl,-1.6449255462769086,0.09573857891311063,0.12494637022473727,0.003130804573032248,4,0,4,4
3746_CsCsTaBr,-1.3962820418235893,0.10160089986034428,0.13799352883990532,0.002023284419788067,4,0,4,4
3747_CsCsIrF,-2.30840930414998,0.10848277502539401,0.019359533491219525,0.013134993268283013,4,4,4,4
3748_CsCsIrCl,-1.4439421824881573,0.09025541438394684,0.01993032545022015,0.006292563810943447,4,4,4,4
3749_CsCsIrBr,-1.2454312387647102,0.09889923640402055,0.04056835323631908,0.005135773970360509,4,4,4,4
3750_CsCsAuF,-2.0924496240688386,0.08217012370021788,0.06868664175309619,0.009011832995143281,4,4,4,4
3751_CsCsAuCl,-1.2695938937138282,0.07616379634570115,0.21304095685500063,0.15411924549515868,4,0,3,3
3752_CsCsTlF,-2.4675784028851266,0.08726277348984135,7.18235969587866e-07,1.436471939175732e-06,4,4,4,4
3754_CsCsNpF,-3.074070266613247,0.16534641500214034,0.005751228331249075,0.011502456662498151,4,4,4,4
3756_CsCsAmF,,,,,0,0,0,0
