,GRACE-3L-OMAT-large-ft-AM,SevenNet-MPALOE,SevenNet-omat24,PET-OAM-XL
1000_CsAgLuCl,-1.8612340489338184,-2.086585044854999,-1.859980750095,-1.8669389009475708
1001_CsAuVCl,-1.2791771450947071,-1.5020071029600017,-1.2736321926199998,-1.2855667114257812
1002_CsNaPrCl,-1.999364987940624,-2.357498741149999,-2.1222345590700002,-2.124001979827881
1003_CsAgDyCl,-1.8623268166492726,-2.077784156795002,-1.8608817815899996,-1.8680038690567016
1004_CsMgNdCl,-1.9008615771244313,-2.1772354125974998,-1.8948665022925,-1.9063569545745849
1005_CsVSmCl,-1.7319950142811085,-2.0702684402425007,-1.7303069829974997,-1.7297856569290162
1006_CsPtAmCl,,,,
1007_CsAgYbCl,-1.6477019289444232,-2.0419713973949998,-1.8390557050849998,-1.6721071243286132
1008_CsSmPtCl,-1.5558922091434741,-1.7750873565725016,-1.5561691999474996,-1.564152455329895
1009_CsKVCl,-1.7216312328289294,-1.9719500064800002,-1.72513203621,-1.7248990535736084
1010_CsCaHgCl,-1.7119312206218982,-1.9198449611650006,-1.7120569229199998,-1.7169270098209382
1011_CsCaYbCl,-2.3105293253372454,-2.439875936515,-2.109721732145,-2.324674439430237
1012_CsNaPuCl,-1.8626851716945911,-2.2744131088187514,-1.9961285352856248,-1.9856122493743897
1013_CsGeNdCl,-1.643553833098247,-1.8281282424925025,-1.6587173700475,-1.6535937547683717
1014_CsCdDyCl,-1.8227252820442463,-2.0279039382850015,-1.824280428895,-1.829619836807251
1015_CsCuNdCl,-1.7904765644977831,-2.023946952817499,-1.7899433136125,-1.795680785179138
1016_CsNaNdCl,-2.0044440546940114,-2.3687887191774992,-2.1275165319525,-2.1295149326324463
1017_CsAgAuCl,-1.0388852873752856,-1.1972524642899998,-1.0409335613399997,-1.044728899002075
1018_CsKGaCl,-1.6576102891872668,-1.8484674930550014,-1.6596230506974998,-1.664094090461731
1019_CsVAmCl,,,,
1020_CsPdEuCl,-1.6551180163334156,-1.8958261489899997,-1.662932086,-1.6564321756362914
1021_CsTiEuCl,-1.934447157314454,-2.222787857060001,-1.9389572858866668,-1.9402833223342895
1022_CsNaNpCl,-1.779175321192577,-2.2705686569152363,-1.920951342589785,-1.907074213027954
1023_CsAgTmCl,-1.863425330252483,-2.078516197204999,-1.8620624303950002,-1.8688289403915406
1024_CsZnNdCl,-1.7720591822574878,-1.9721968650821793,-1.774317455302317,-1.7794004082679749
1025_CsNaCeCl,-1.9824800530384326,-2.3776014328000015,-2.11178853513,-2.106296920776367
1026_CsCaTmCl,-2.0550662318180346,-2.4067597866049995,-2.0651404142449996,-2.067233657836914
1027_CsNaAmCl,,,,
1028_CsKCrCl,-1.6788615861843372,-1.9674152851100004,-1.6892212390999997,-1.685563611984253
1029_CsKMnCl,-1.6042141365593878,-1.8649794101699997,-1.606213505521724,-1.6126485216206519
1030_CsAgTlCl,-1.227585462660625,-1.40341205597,-1.2257761240199998,-1.2332427024841308
1031_CsAuRhCl,-1.0343869725178028,-1.210551834100002,-1.03255276681,-1.040716791152954
1032_CsTlAlCl,-1.6484398404072071,-1.8342095851899984,-1.64839336874,-1.6533761978149415
1033_CsPtPbCl,-1.1890968600223804,-1.3528610229500004,-1.1908107996099997,-1.198284888267517
1034_CsHgInCl,-1.3441889444301869,-1.5156721115149991,-1.3369356870699998,-1.3475879728794098
1035_CsNaCmCl,,,,
1036_CsAuGaCl,-1.2238355914066577,-1.3957761764449998,-1.2235694885374997,-1.2340818166732788
1037_CsNaPmCl,-2.009799520106151,-2.3761732101425013,-2.1329600095849996,-2.135769414901733
1038_CsCoNdCl,-1.6975243965099598,-2.0033329009975005,-1.7083019971924998,-1.7075398683547973
1039_CsYbHgCl,-1.7389250287721896,-1.937762451170002,-1.757415676125,-1.7569580137729646
1040_CsNiBaCl,-1.6906365910480763,-1.9847783088700013,-1.706066572675,-1.6994430780410767
1041_CsSrPdCl,-1.6307805577228809,-1.862321186070001,-1.63537757398,-1.635858404636383
1042_CsAuTiCl,-1.4269478678018195,-1.6276077270500025,-1.4186410427166667,-1.4301424026489258
1043_CsTlCuCl,-1.2190189877460742,-1.3967027664200002,-1.2170008182699998,-1.2254961013793946
1044_CsTiSrCl,-1.957701218059693,-2.2337790489200002,-1.961351656926667,-1.9599732995033263
1045_CsHgAuCl,-1.0529851386259341,-1.1994644164950017,-1.05066297055,-1.058983474969864
1046_CsAgErCl,-1.8633318701694752,-2.0831007003699993,-1.8618391752366665,-1.8691571474075317
1047_CsMnNdCl,-1.7416961717194526,-2.0528894424375013,-1.7282967164742238,-1.7463951217717137
1048_CsAgNpCl,-1.6165246406505847,-1.971108055115235,-1.639279055609785,-1.6290009260177611
1049_CsAuCrCl,-1.2372235098789477,-1.5018417358300014,-1.2389459133199998,-1.251253318786621
1050_CsFeNdCl,-1.6826284447620654,-1.969591903685,-1.6981201887249995,-1.692187523841858
1051_CsCrSmCl,-1.7654675522754932,-2.0835933685225,-1.7587390661374998,-1.7696864366531373
1052_CsAuMnCl,-1.232033090550324,-1.4825670242299993,-1.2268167808217239,-1.2384223806446997
1053_CsNaUCl,-1.7531058112095141,-2.193718528740001,-1.87827594281,-1.877990961074829
1054_CsFeBaCl,-1.7335371056507374,-2.008824157717501,-1.7407582879174999,-1.7441534280776978
1055_CsKRhCl,-1.4663992801616932,-1.6545151233699997,-1.4708693981299998,-1.4698734283447266
1056_CsNiNdCl,-1.7078510800312305,-1.971850681307501,-1.7042705297625003,-1.7089040994644165
1057_CsVPbCl,-1.501740507216289,-1.7810636520300023,-1.5112284898900001,-1.5110097646713256
1058_CsSrPtCl,-1.5359617033909108,-1.7570479393100016,-1.54061505795,-1.5441491723060607
1059_CsCdTmCl,-1.8238852510164523,-2.032691764825003,-1.8273581266499999,-1.8312501907348633
1060_CsCoBaCl,-1.6816447177837635,-1.9804344177299995,-1.696128237255,-1.6934340715408325
1061_CsCuThCl,-1.6141222516010547,-1.789040946960003,-1.5926436424400001,-1.615671420097351
1062_CsNaSmCl,-2.012933258147075,-2.3748605728125014,-2.1348300695574993,-2.138278532028198
1063_CsKFeCl,-1.5125515142391468,-1.7572304248774997,-1.5132199764324998,-1.528357458114624
1064_CsTiPbCl,-1.5619981884271248,-1.7989372253400007,-1.5673899889166663,-1.5721877813339233
1065_CsPdPbCl,-1.2719936648319508,-1.4494947433500016,-1.2732335329199997,-1.2769226789474488
1066_CsAuRuCl,-0.9796363869617725,-1.1589118957449984,-0.9732518672999998,-0.9847530364990235
1067_CsAuIrCl,-0.960398773283794,-1.1260467529300002,-0.9588343143500001,-0.9637794494628906
1068_CsTmYbCl,-2.0584394911239885,-2.31456985474,-1.8662616491399997,-2.1080298900604246
1069_CsTmHgCl,-1.7775054911087298,-1.964070129390001,-1.7783979415949998,-1.781156712770462
1070_CsKTiCl,-1.8660686015397652,-2.0959766864800016,-1.868479204186666,-1.870787763595581
1072_CsNaBiCl,-1.5049778977344777,-1.799558067322502,-1.6259305238899997,-1.6285624980926514
1073_CsAgYCl,-1.8594336787174488,-2.0893028259250004,-1.8666086912349997,-1.8652782201766969
1074_CsHgLuCl,-1.7758756855438496,-1.9707153320299995,-1.7769361496050002,-1.7801604568958282
1075_CsAgHoCl,-1.8631736476530976,-2.084504127500003,-1.8617829084533333,-1.8685871203740436
1076_CsNaLaCl,-2.0400556126545215,-2.393756294246836,-2.1620462656157957,-2.1643611907958986
1077_CsCrAmCl,,,,
1078_CsCrNdCl,-1.7588745394657397,-2.070264434807501,-1.7536189794624994,-1.762007737159729
1079_CsRbAlCl,-1.7207985440204883,-2.0430808544200003,-1.8323469519799995,-1.8371442198753356
1080_CsCdYbCl,-1.905660373897388,-2.0286924362149987,-1.81634061338,-1.9253734827041626
1081_CsCdHgCl,-1.3169884273718142,-1.5112493514950018,-1.316534233105,-1.3230392992496491
1082_CsVSrCl,-1.8947702208469654,-2.21018342972,-1.9001814603899994,-1.9003406167030334
1084_CsEuPtCl,-1.5462466517399096,-1.775236129770002,-1.5485521078200002,-1.5446511507034302
1085_CsLiThCl,-1.912868587107494,-2.1285812139496274,-1.9121023416676906,-1.9110587239265442
1088_CsNaEuCl,-1.8371671238849903,-2.2227128982500033,-1.9777924299400003,-1.9629525661468505
1089_CsNaPaCl,-1.7385013619373584,-2.094788932800003,-1.8528473615799999,-1.8594199657440185
1090_CsKIrCl,-1.411757175059154,-1.5918911457100022,-1.41255660057,-1.416120672225952
1091_CsRbCuCl,-1.1929247418354296,-1.50326461792,-1.3087237954299997,-1.3126263976097108
1092_CsAuMoCl,-1.1341739157150532,-1.3332851409800015,-1.12215418816625,-1.1372034072875976
1093_CsKRuCl,-1.416043774218395,-1.6094517230950003,-1.41523900033,-1.4174996852874755
1094_CsKAsCl,-1.4931909480999255,-1.6174539089150002,-1.4962155819049996,-1.5000150203704834
1095_CsZnSmCl,-1.7816721061180378,-1.9822146415671766,-1.7818888664373165,-1.7870577454566956
1096_CsRbPCl,-1.1490031758259083,-1.5365096410185715,-1.3945717715259414,-1.3984535552206494
1097_CsVEuCl,-1.8753891745517997,-2.1906778335500006,-1.8736874342,-1.8774996995925903
1098_CsKNiCl,-1.3782793441723133,-1.6107060909200002,-1.3906849384400002,-1.3891574382781982
1099_CsPdNpCl,-1.5334751287411,-1.8679296493552358,-1.5402600050097845,-1.545911717414856
1100_CsFrNCl,,,,
1101_CsAgHgCl,-1.116003088087871,-1.2826932907050008,-1.11571798325,-1.1216728508472442
1102_CsTiNpCl,-1.6316265582353218,-2.0096572875952345,-1.6331354856564517,-1.636092209815979
1104_CsNaGdCl,-2.020672325224712,-2.374891853328555,-2.1414915800165817,-2.146006631851196
1105_CsKCoCl,-1.4231257954548144,-1.6485970020300003,-1.4439355373499996,-1.4363203525543213
1106_CsTiAmCl,,,,
1108_CsKMoCl,-1.577882037491634,-1.8070488452899993,-1.5831018924762497,-1.5832053661346435
1109_CsFrBCl,,,,
1110_CsMgBaCl,-2.101923112006023,-2.343616104130001,-2.1092914819849993,-2.1115058422088624
1111_CsPdAmCl,,,,
1112_CsCaDyCl,-2.0751672545383717,-2.399616003035001,-2.0747008085400003,-2.0802258014678956
1113_CsCrPbCl,-1.454283336729839,-1.7305580139100016,-1.4573931932600002,-1.459689688682556
1114_CsAgTbCl,-1.8607045530587776,-2.0832746505700017,-1.8603134234866665,-1.8665070295333863
1115_CsHgTlCl,-1.238500894040897,-1.3879405975349983,-1.2317551136099998,-1.243187814950943
1116_CsZnAmCl,,,,
1117_CsGeSmCl,-1.6513148346851612,-1.8471364974975018,-1.6655964136225,-1.6614216089248657
1118_CsAuNiCl,-1.0355424204777026,-1.2405770301800003,-1.0377042293599996,-1.0443906784057617
1119_CsAuAsCl,-1.095464018912151,-1.2103352546650001,-1.095303010955,-1.1037559509277344
1120_CsHgSbCl,-1.249020535678699,-1.373032188420001,-1.2542701721249998,-1.2575136482715608
1121_CsHgPdCl,-1.1183945247839238,-1.274287223815,-1.11751623155,-1.1260914623737335
1122_CsCaCdCl,-1.8791364619444155,-2.1136130809799996,-1.8820887327349998,-1.88565833568573
1123_CsCuSmCl,-1.796770934195354,-2.0306169509925,-1.7962093353375,-1.802702212333679
1124_CsAgInCl,-1.390179709524944,-1.5948749542200005,-1.3866869449699997,-1.394932746887207
1125_CsTlCoCl,-1.251746908755138,-1.4610710144099983,-1.2646846056099998,-1.263557004928589
1126_CsAuCoCl,-1.014894930453136,-1.2387996673500026,-1.0224962711399996,-1.0255627632141113
1127_CsVNdCl,-1.730034832091167,-2.0503736495875016,-1.7286441564624997,-1.7269977807998658
1128_CsTlNiCl,-1.2315374413440967,-1.4538243293800008,-1.24028265478,-1.2409107685089111
1129_CsGeBaCl,-1.781505254835918,-1.9433767318750015,-1.7865883946499999,-1.7887761354446412
1131_CsTlAsCl,-1.3140651503513598,-1.4265290260350014,-1.3149516344250003,-1.320413064956665
1132_CsCuBaCl,-1.6474442282627368,-1.8719957351700003,-1.6508999705449998,-1.6526431798934937
1133_CsHgErCl,-1.777505467266872,-1.9649024963350001,-1.777441501626667,-1.7815669357776642
1134_CsTiSmCl,-1.8149942993432624,-2.135575485232502,-1.8180190801741662,-1.8244662523269652
1135_CsCrSrCl,-1.8204633990238452,-2.1330237388599995,-1.8231085538999998,-1.8260606408119202
1136_CsNaTbCl,-2.0262721895486457,-2.388815879820001,-2.1475254138466666,-2.1512293338775637
1137_CsGeAmCl,,,,
1138_CsCuAmCl,,,,
1139_CsTlPCl,-1.097111109824016,-1.3537263234485721,-1.2318393491659414,-1.2366990066709973
1140_CsMgSmCl,-1.8951114693592335,-2.2110721588125,-1.8930014968075,-1.9009188175201417
1142_CsTeVacCl,-1.3220706735838723,-1.449355796529632,-1.3289852230703703,-1.3294029147536666
1143_CsMnPbCl,-1.5094729709214179,-1.7911844253499993,-1.5106273725217239,-1.517014085013291
1145_CsAgGdCl,-1.85533655080302,-2.0687906265185547,-1.8550474882265817,-1.8634056806564332
1144_CsCaAgCl,-1.615985039801433,-1.820211744300002,-1.6201675176800001,-1.6213865756988526
1146_CsAuNbCl,-1.2368489423702502,-1.4225834437742861,-1.2264193058100001,-1.240523338317871
1147_CsZnBaCl,-1.8585754791210438,-2.08390836715468,-1.8625396609448166,-1.866811716556549
1148_CsAuTaCl,-1.2253386075606294,-1.379099655150003,-1.2380570888599998,-1.2308775901794433
1149_CsDyHgCl,-1.7746526041935229,-1.9614902496300004,-1.77483615876,-1.779833060503006
1150_CsNdPtCl,-1.5491001883457447,-1.766539001467501,-1.5499630689724995,-1.557894730567932
1151_CsHgYCl,-1.7715077439258837,-1.9719789504999994,-1.7813050270149997,-1.776969701051712
1152_CsDyYbCl,-2.08036353382571,-2.309696578980001,-1.8847621679350002,-2.1207427978515625
1153_CsHgHoCl,-1.7755834062209075,-1.9668994903550014,-1.777008724223333,-1.7807073732217151
1154_CsCrEuCl,-1.8102008381794241,-2.1270404815700035,-1.81174018384,-1.8198102235794067
1155_CsHgScCl,-1.714324433536365,-1.9061570167500008,-1.7134059906099997,-1.7177415668964386
1157_CsTiDyCl,-1.8130039333612067,-2.1501209259050027,-1.8167312383766667,-1.8230611562728882
1156_CsNaDyCl,-2.0280309477756764,-2.3845445632850018,-2.14879758359,-2.152950477600098
1158_CsBeRaCl,,,,
1159_CsMnSrCl,-1.8914980220383613,-2.2108361244199997,-1.8923987939517235,-1.8983432280606238
1160_CsZnPbCl,-1.486470619768932,-1.6791121482846791,-1.4909006595798169,-1.495296013355255
1161_CsPdDyCl,-1.7266891280124927,-1.948699378965,-1.7274907827499995,-1.7323080778121949
1162_CsMgAmCl,,,,
1163_CsAgEuCl,-1.713637594313457,-1.94719944,-1.7265717268099998,-1.7171260595321656
1164_CsRbCoCl,-1.3065717616985584,-1.65091152192,-1.43578113319,-1.428610122203827
1165_CsTlFeCl,-1.3312156239460253,-1.5601287841775018,-1.3366473436525002,-1.3419901371002196
1166_CsKTaCl,-1.6240423138251252,-1.8191841602300003,-1.61846547127,-1.6311439990997314
1168_CsCaNpCl,-1.9009332338283802,-2.2092698574052347,-1.9052354574297852,-1.9123955726623536
1169_CsRbAsCl,-1.369412831396892,-1.6138747215349993,-1.4833835959550001,-1.4865907549858093
1170_CsMnBaCl,-1.8753548669403997,-2.1896421432500004,-1.877987427966724,-1.8834844696110693
1171_CsRbNiCl,-1.2588807383487963,-1.6096255302500027,-1.3802085280499998,-1.379579532146454
1172_CsKNbCl,-1.6784021535824085,-1.8811799117442844,-1.6750436306099998,-1.685749387741089
1174_CsNaHoCl,-2.0292340476622526,-2.3922777175899994,-2.1501904249333337,-2.1537595589955645
1175_CsKCuCl,-1.3137426296184802,-1.50391945839,-1.3193775892399997,-1.3236620903015137
1176_CsZnSrCl,-1.8715740838955188,-2.1014219284046773,-1.8741704940898167,-1.8784283638000487
1177_CsNaYCl,-2.0258375683735155,-2.396841430664999,-2.1545382261449997,-2.1502809047698976
1178_CsMnEuCl,-1.8711829471177068,-2.197133445740002,-1.8690286233617244,-1.8769141304081884
1179_CsGePbCl,-1.4253857651661181,-1.5558702468849988,-1.4281455755349999,-1.4328427076339723
1180_CsCuPbCl,-1.3079243460605885,-1.4933744430500013,-1.31103320123,-1.3161612749099731
1181_CsAgSmCl,-1.8481664458225513,-2.069488716122501,-1.8491000890875,-1.8546689748764038
1182_CsCoSmCl,-1.701500145525768,-2.0123573303225015,-1.7127182722175,-1.713145661354065
1183_CsKAlCl,-1.8421509185741687,-2.0458017349200004,-1.84414248468,-1.8484333992004394
1184_CsFeSmCl,-1.6860641280124926,-1.9806732177699984,-1.7018746137699998,-1.6970692873001099
1185_CsTlMnCl,-1.4351237344330756,-1.686616325380001,-1.436418063901724,-1.442364345747849
1186_CsHgTbCl,-1.7728367298156364,-1.9644050598150016,-1.7741014798566668,-1.7780642330646514
1187_CsAuScCl,-1.6558048764179492,-1.857912540434998,-1.6526422977500002,-1.663545799255371
1188_CsTlCrCl,-1.4885129967640185,-1.7610958099400023,-1.49945547582,-1.4964718341827392
1189_CsCrBaCl,-1.8071390191028858,-2.1152965545600013,-1.810440123095,-1.8126713037490845
1190_CsAgSbCl,-1.2971411982486987,-1.440311813355001,-1.297429060945,-1.3042967081069947
1191_CsHgTaCl,-1.422923334967131,-1.574016189575002,-1.4329848289500002,-1.4348337948322296
1192_CsHgNbCl,-1.4131255755136753,-1.569887978689286,-1.42082710266,-1.4216214954853057
1193_CsZnEuCl,-1.852350334257915,-2.088514232634677,-1.8530014038198168,-1.8596386551856994
1194_CsMgPbCl,-1.7236779728840137,-1.9313369751000011,-1.7307467341599998,-1.7339301109313965
1195_CsAuCuCl,-1.0364506283710742,-1.202153587340001,-1.0349763631899997,-1.042192029953003
1196_CsGeSrCl,-1.7983020344684864,-1.9623108863850007,-1.8009509325149995,-1.8045584321022035
1197_CsCuSrCl,-1.6562567988346362,-1.8846570015000013,-1.65970067979,-1.6612839818000793
1198_CsNiSmCl,-1.7136383334110523,-1.9810032844525012,-1.7090842962374997,-1.7151118516921997
1199_CsAgPdCl,-1.1172247687290455,-1.2885578155500013,-1.1215882063099998,-1.1216557264328002
1200_CsNaErCl,-2.029085306258037,-2.390350914,-2.1504362821666665,-2.154588985443115
1201_CsRbFeCl,-1.3897785941074634,-1.7519529342675,-1.4995258689024997,-1.514598262310028
1202_CsCoAmCl,,,,
1203_CsAgPmCl,-1.8450479427288318,-2.0708227157525014,-1.8466055631749996,-1.852434515953064
1204_CsCdEuCl,-1.8699205467413211,-2.1050889968900037,-1.8697757482650001,-1.8763700485229493
1206_CsHgNpCl,-1.626782883138492,-1.915119934080235,-1.6542283058197849,-1.6422888576984405
1207_CsSrAgCl,-1.6232254067371632,-1.822245502470001,-1.6277472257799996,-1.6290443539619446
1209_CsTlGaCl,-1.4711006918857836,-1.6431085586549983,-1.4700487852274997,-1.4758953332901001
1210_CsAgCmCl,,,,
1211_CsNaTlCl,-1.365255610079601,-1.6781244278000003,-1.4813511133300001,-1.488484835624695
1213_CsAuAlCl,-1.3842403450916554,-1.5691190242700004,-1.3817749500399998,-1.3936316967010498
1214_CsKScCl,-2.0982082763622545,-2.319941473005001,-2.1028588771899996,-2.1059733867645263
1215_CsAgAmCl,,,,
1216_CsPtNpCl,-1.371476141543224,-1.6838447570852366,-1.3665954351497853,-1.3791330575942993
1217_CsMgSrCl,-2.1175458947132375,-2.3634505271900026,-2.1237978339299994,-2.1261723399162293
1218_CsNaTmCl,-2.029564622969463,-2.385052299495,-2.1508167028550003,-2.1546693325042723
1219_CsCuEuCl,-1.7115446845005298,-1.954390907290002,-1.7216626167399993,-1.7178650617599487
1220_CsNiAmCl,,,,
1221_CsAgAgCl,-1.0801043311069751,-1.252995681750002,-1.0848858595099997,-1.085744309425354
1222_CsGeEuCl,-1.7797115126560474,-1.9581815719650024,-1.780365490925,-1.7851721048355103
1223_CsHgGdCl,-1.7704448381374622,-1.9519519805935572,-1.770625400546582,-1.7746924221515656
1225_CsAuSbCl,-1.18168251904948,-1.3063444137549993,-1.180155038845,-1.188621950149536
1226_CsAgPbCl,-1.3019950905750537,-1.4677717208800005,-1.30512344839,-1.3129553079605103
1228_CsSrCdCl,-1.8879256734560275,-2.1157567024199992,-1.8904229879549994,-1.8943880438804626
1229_CsKAgCl,-1.2585275569866443,-1.4207109928100023,-1.26801991464,-1.270045852661133
1230_CsAgScCl,-1.7945843497226979,-2.015944576255002,-1.7946386099000002,-1.8000343084335326
1231_CsRbMnCl,-1.482442288357636,-1.8602962493899995,-1.593323536181724,-1.5990628945416419
1232_CsAgNdCl,-1.840085987181499,-2.0641462325975,-1.8418781042224999,-1.846446681022644
1233_CsRbCrCl,-1.5576990166614795,-1.964324378970001,-1.67756036521,-1.6737037539482116
1234_CsVNpCl,-1.5535481372783928,-1.9566289901652367,-1.5611002683697848,-1.5522114038467407
1237_CsMgEuCl,-2.0904443303058886,-2.3491954803500024,-2.0986652732,-2.1019184589385986
1238_CsCuAcCl,-1.8216113606403614,-2.0439481735274994,-1.8204476356625001,-1.8253855466842652
1239_CsAgCdCl,-1.249824638099506,-1.4370357513399994,-1.250979590435,-1.2569416522979737
1240_CsHgEuCl,-1.7205975810001637,-1.9243549346950004,-1.7197428703399997,-1.7228887379169464
1241_CsNaYbCl,-1.7288587788055683,-2.351057243345001,-2.1296860456549997,-1.864052176475525
1242_CsCoPbCl,-1.314622632593944,-1.5783069610600022,-1.3274074793000001,-1.3239851713180542
1243_CsNaAcCl,-2.032183102698162,-2.389603233337502,-2.1565815687325,-2.1572452068328856
1244_CsAgPrCl,-1.8353601613949084,-2.053343009940002,-1.8368326425699997,-1.8413247346878052
1245_CsRbGaCl,-1.5360326567600513,-1.8455635070850007,-1.6481757998575,-1.6526301980018616
1246_CsVBaCl,-1.883321742148235,-2.1920717239300016,-1.8882881760649997,-1.8889597177505493
1247_CsKSbCl,-1.5799429336498523,-1.7176203250850022,-1.5840154171049998,-1.5864675521850586
1248_CsKPdCl,-1.3562326589535023,-1.5212404727900022,-1.36585068704,-1.363874864578247
1249_CsCdPbCl,-1.5019119689176823,-1.692917442320001,-1.505639863025,-1.5101559162139893
1250_CsTlVCl,-1.528393248648479,-1.7620424270600012,-1.5331270456399995,-1.5324270725250244
1252_CsNaLuCl,-2.0288493195484425,-2.395498466485003,-2.1492725134049997,-2.153398036956787
1251_CsFePbCl,-1.3683027544925952,-1.6052120208774994,-1.3749813318424995,-1.3767476797103881
1253_CsPoVacCl,,,,
1254_CsLiAcCl,-2.143669263453319,-2.3831680059471267,-2.14826395513019,-2.1497443318367004
1257_CsNiPbCl,-1.3187702694843555,-1.5764267921400006,-1.3350810289499997,-1.3319785833358764
1258_CsThVacCl,-2.166742806005295,-2.397097269688888,-2.1726386547222223,-2.1753020021650524
1259_CsTiYbCl,-1.9641768514424904,-2.146560668945,-1.8107617139916665,-1.9888354778289794
1260_CsTiHgCl,-1.5850979059249504,-1.7553504943850016,-1.592576885226666,-1.597056370973587
1261_CsHgMoCl,-1.2358643481443667,-1.4171970367350013,-1.2572995185962497,-1.2427839100360871
1262_CsHgSmCl,-1.7602929660986208,-1.952643966677499,-1.7625932693575,-1.76612508893013
1263_CsCoSrCl,-1.6932919660518908,-1.9955370902999987,-1.7046035528299996,-1.7038174271583557
1264_CsPdNdCl,-1.706488494009807,-1.9352369308475006,-1.7112424612225,-1.7146052598953248
1265_CsBaPtCl,-1.5273183384845996,-1.7393878936800007,-1.5312204003450003,-1.5363075494766236
1266_CsAgPuCl,-1.7036038080166125,-1.9818891525187525,-1.7152252912656252,-1.7084197759628297
1268_CsFeSrCl,-1.745033339590862,-2.0254832267775003,-1.7512084722624999,-1.7512862801551818
1269_CsNaAuCl,-1.1063674012134814,-1.4050901412900003,-1.2338962078199998,-1.2329771280288697
1270_CsDyPtCl,-1.5659498730610157,-1.7819835662849983,-1.5643456220699996,-1.5727548360824586
1271_CsNiSrCl,-1.698958376974895,-1.9979751586899994,-1.7123839140099997,-1.706965410709381
1272_CsAgTaCl,-1.308569174539084,-1.5117944717400007,-1.3048378706100003,-1.3169663190841674
1273_CsAgNbCl,-1.370906619162395,-1.5850908824342866,-1.36837327481,-1.3766738653182984
1274_CsHgRuCl,-1.0771802047203327,-1.25177154541,-1.0895880699199996,-1.0870986759662629
1275_CsHgIrCl,-1.0596543023298526,-1.232257843025002,-1.0799503326399997,-1.0661865055561066
1277_CsHgCmCl,,,,
1278_CsAgCeCl,-1.8214635172794604,-2.074187278740001,-1.8278999090299997,-1.828151535987854
1279_CsRbVCl,-1.5995025912235523,-1.9676727294900005,-1.7125258803499999,-1.7122522234916686
1280_CsHgPmCl,-1.7551853546808505,-1.950056457517499,-1.7596489906350001,-1.763826161623001
1281_CsCdAmCl,,,,
1282_CsCrNpCl,-1.5607652822445182,-1.9820861816352362,-1.5623343229397855,-1.55997793674469
1283_CsFeEuCl,-1.7354492703388478,-2.014090728757503,-1.7415036916824995,-1.7470351457595825
1284_CsTlRhCl,-1.2866554776142383,-1.468136596680003,-1.29335453512,-1.291447925567627
1286_CsCaTiCl,-1.9445587276727303,-2.229036855700001,-1.9507362127366665,-1.949500274658203
1289_CsNiEuCl,-1.7051952162693287,-2.001257038120002,-1.7147824049099996,-1.7122113466262818
1290_CsCaPdCl,-1.617693022818401,-1.855822706220002,-1.62302606107,-1.62387056350708
1291_CsHgRhCl,-1.1250568488548542,-1.315211105345,-1.1351314544799997,-1.1346742928028106
1292_CsCaEuCl,-2.2622589388798025,-2.515518713,-2.26866719724,-2.271750259399414
1293_CsCdSmCl,-1.8097331175516391,-2.0169565200725,-1.8120810270425,-1.8164684295654296
1294_CsTlTiCl,-1.670712101390992,-1.885282516479998,-1.6745493173766666,-1.6752403736114503
1295_CsNiRaCl,,,,
1296_CsDyNpCl,-1.739407459826305,-2.115797042850235,-1.7259660482497854,-1.752044939994812
1297_CsAuInCl,-1.2626144925068163,-1.4452840805099982,-1.2578070878999998,-1.2703855752944946
1298_CsHgNdCl,-1.7503231326053883,-1.9437400817824995,-1.7544965744124998,-1.7580797970294952
1300_CsAgUCl,-1.5937780180881762,-1.8894071578900025,-1.5950205564600002,-1.598870539665222
1301_CsFeRaCl,,,,
1302_CsCoRaCl,,,,
1303_CsTlIrCl,-1.2257166424701953,-1.3969295501800019,-1.2296908617100002,-1.2326727390289307
1304_CsTlRuCl,-1.2313949862430835,-1.4157032012949997,-1.23407118322,-1.2332441806793213
1305_CsHgPrCl,-1.7460222044895435,-1.9348045349149998,-1.7488991260600002,-1.7531977951526643
1306_CsCaSrCl,-2.290349773497417,-2.5321159839700003,-2.29437921049,-2.296758306026459
1307_CsKInCl,-1.6896677413891101,-1.8918718814900017,-1.6904897928300002,-1.6955270528793336
1308_CsAgBiCl,-1.35355854424937,-1.5110197067225015,-1.3540822267699997,-1.3614133596420288
1309_CsAgLaCl,-1.8776394644687915,-2.087594032286836,-1.8770689249157961,-1.8833318948745728
1310_CsZnNpCl,-1.5655829587887073,-1.8710455894499147,-1.5914545059296017,-1.5828172326087953
1311_CsAgMoCl,-1.2687561014602924,-1.5016489028899997,-1.27071673871625,-1.2722232580184936
1312_CsRbRhCl,-1.3485420742939258,-1.6545560836800022,-1.4621042609400003,-1.4610870718955993
1313_CsCrDyCl,-1.7743989268253588,-2.097093582155,-1.7676028967000001,-1.7789727926254273
1315_CsRbTiCl,-1.7424016594201668,-2.0927316665700006,-1.8553069472466663,-1.8566566348075866
1316_CsCaPbCl,-1.8973217526386523,-2.10063414574,-1.90108892919,-1.9039141178131103
1318_CsAgPaCl,-1.5919606963108326,-1.7989385604799992,-1.5801457166900001,-1.592441725730896
1317_CsHgPuCl,-1.659866631955936,-1.88337478637375,-1.6789690971456248,-1.6656286060810088
1319_CsEuYbCl,-2.286063359112575,-2.4132854461749984,-2.0970402479250003,-2.3041545391082763
1320_CsTlMoCl,-1.3810471752594258,-1.6013710022000027,-1.39245264531625,-1.3888229846954345
1321_CsCuNpCl,-1.5690058628032948,-1.9333471298252363,-1.588199901599785,-1.579404616355896
1322_CsAgIrCl,-1.0880680361698414,-1.2735288620000005,-1.0865243673400002,-1.0914174795150757
1324_CsTmPtCl,-1.5635954657505298,-1.7844245910650016,-1.5649117231449998,-1.57123806476593
1325_CsGeNpCl,-1.4649804750393176,-1.7103906631502326,-1.466251301774785,-1.4755191087722779
1327_CsMgRaCl,,,,
1326_CsAgRuCl,-1.1022547045658375,-1.3054357528650002,-1.0990231275699998,-1.1060884237289428
1328_CsRbIrCl,-1.293994883627727,-1.5933420181399982,-1.4045006156,-1.4082307696342469
1329_CsSrHgCl,-1.720427186221912,-1.9207282066349989,-1.7193497657899997,-1.725093287229538
1330_CsEuTmCl,-2.064562348456218,-2.4035564422650024,-2.0657989263649994,-2.067897152900696
1331_CsRbRuCl,-1.2971613684604908,-1.606501960755,-1.40471452476,-1.4073053240776061
1332_CsHgCeCl,-1.7813789674948002,-1.9655776977550006,-1.7939397812,-1.791961318254471
1333_CsSrYbCl,-2.313839981884792,-2.443958950045001,-2.120256304755,-2.330236041545868
1334_CsMnDyCl,-1.7392184543198552,-2.097182273865002,-1.7339867189117242,-1.7496223079747169
1335_CsVTmCl,-1.7203989067981982,-2.090564537045,-1.7242645025349994,-1.7277873277664184
1336_CsMgNpCl,-1.7312081256817127,-2.039260101315236,-1.729707944399785,-1.7401883602142334
1337_CsYbPtCl,-1.5512958267639423,-1.769319915775003,-1.5591871023250001,-1.5700011730194092
1338_CsPtHgCl,-1.1101090932200695,-1.2446685791050016,-1.11704425812,-1.1198186695575714
1339_CsKPCl,-1.271837321848705,-1.5394471963185723,-1.406800272355941,-1.4109664894285658
1340_CsAgTiCl,-1.5587269424707038,-1.78769664764,-1.5582985639666667,-1.5638808965682984
1341_CsNaInCl,-1.5470110932300831,-1.890072250370001,-1.6649302005899997,-1.670094656944275
1342_CsAgRhCl,-1.1525008955906177,-1.3517595291100009,-1.15592153074,-1.1570282220840453
1343_CsRbMoCl,-1.4549029329727436,-1.803357505800001,-1.57105268241625,-1.57027930021286
1344_CsCaAmCl,,,,
1345_CsSrTmCl,-2.062933329672649,-2.4093474388150016,-2.0769445181049995,-2.0742684960365296
1346_CsGeRaCl,,,,
1347_CsPdBaCl,-1.6197730103443408,-1.8475206375200002,-1.6279272675649996,-1.6265656709671021
1348_CsCuRaCl,,,,
1349_CsHgPbCl,-1.3449585894058491,-1.5088233947750012,-1.3455886364099996,-1.3512693703174592
1351_CsTiBaCl,-1.944824421337281,-2.2158626556399996,-1.9474045395916668,-1.9478416681289672
1352_CsPdCdCl,-1.2349203893850589,-1.4354671478299992,-1.235961699505,-1.2407113075256349
1353_CsZnDyCl,-1.7938396492908741,-1.9932261466996806,-1.794073390969817,-1.7988240361213683
1354_CsVYbCl,-1.9045334557007099,-2.091855430605,-1.7320671796849996,-1.9246652126312256
1355_CsAuPCl,-0.8789964714954639,-1.1370015462185705,-1.0146559738059413,-1.020747993105934
1356_CsHgGaCl,-1.313285175890758,-1.4754888534500026,-1.3085795879374997,-1.317845493555069
1357_CsTiCdCl,-1.543594655326043,-1.7882390975900022,-1.5552886724616666,-1.5468683242797852
1358_CsCuPaCl,-1.542794875235393,-1.7599660873400012,-1.5240162849599996,-1.533660387992859
1359_CsVHgCl,-1.3616363475034976,-1.5746000289850002,-1.3754954338099996,-1.3714248478412627
1360_CsHgUCl,-1.6605103949020648,-1.9013755798350018,-1.6740757942199997,-1.671179848909378
1361_CsHgCrCl,-1.3140587547729754,-1.583504486084999,-1.32338895798,-1.3265264332294464
1362_CsTlNbCl,-1.4802289763401295,-1.6748047419942877,-1.48126404287,-1.4894432544708252
1363_CsCaSmCl,-2.086370257468059,-2.3864621639224994,-2.0815954923774997,-2.0876184463500977
1364_CsHgBiCl,-1.2936481514881397,-1.4307823181175023,-1.2970008373299997,-1.3020072758197785
1365_CsZnRaCl,,,,
1366_CsTlTaCl,-1.423744898568625,-1.6119346618700008,-1.42539503576,-1.4366700649261475
1368_CsAuAuCl,-0.9822606841038013,-1.1246757507300003,-0.9811958551499999,-0.9881489515304566
1367_CsTmPbCl,-1.7639329234073902,-1.996704101565001,-1.7675611734550003,-1.7651271581649781
1369_CsHgMnCl,-1.3271617191618887,-1.6077997207650014,-1.3246410205517243,-1.332536284882447
1370_CsCuLaCl,-1.830019978613689,-2.047884559626837,-1.8273321628757955,-1.8342143297195435
1371_CsHgLaCl,-1.7860127339075351,-1.9691440582318365,-1.7916218280857958,-1.7934192955493926
1373_CsBeBaCl,-1.8385977247665668,-2.0698667526299985,-1.8446383595599998,-1.8472291231155396
1375_CsPaVacCl,-2.032871330149786,-2.283125135633333,-2.037447267122222,-2.0403549671173096
1376_CsCaPtCl,-1.523120907873943,-1.7539353847599983,-1.5305355787399997,-1.5318572998046875
1377_CsCuBiCl,-1.3134979048679614,-1.4803358078025013,-1.3154660701899998,-1.3206949949264526
1378_CsCuDyCl,-1.8076548853824879,-2.035943031315,-1.80484809877,-1.8128037691116332
1379_CsGeDyCl,-1.6655784169147754,-1.8655698776199983,-1.676816201215,-1.6735609769821167
1380_CsLiPaCl,-1.848345676989391,-2.0877387762096276,-1.84130556584769,-1.8505690693855286
1381_CsPdThCl,-1.6983619490574147,-1.8674604415900007,-1.6767830610399996,-1.7076854944229125
1382_CsCoNpCl,-1.4829798737476616,-1.905872726435237,-1.507859396939785,-1.4945466279983521
1383_CsFeNpCl,-1.472816053957775,-1.874069595332736,-1.5040389776322847,-1.4898033380508422
1385_CsCuUCl,-1.5438627997349048,-1.85188884735,-1.5417719841100002,-1.5477624654769897
1386_CsNaThCl,-1.804704741568401,-2.136000633230003,-1.9229700803899994,-1.9196399211883546
1387_CsYbAmCl,,,,
1388_CsMnRaCl,,,,
1389_CsHgPaCl,-1.7423872569511676,-1.9333984374950006,-1.7495230674899998,-1.7547977268695831
1390_CsKAuCl,-1.2468517938564563,-1.4029118060999992,-1.25385563374,-1.257928490638733
1391_CsLiLaCl,-2.1508588233898425,-2.3867427587464647,-2.153566908843486,-2.1560187935829163
1392_CsAuLuCl,-1.7200866857479358,-1.9244346618650012,-1.7150879383149995,-1.7269477367401123
1393_CsMgDyCl,-1.8786157408664965,-2.2185863494849998,-1.88961747886,-1.883785343170166
1394_CsNiNpCl,-1.49789106044276,-1.8786583900452343,-1.505513262759785,-1.506960129737854
1395_CsRbBCl,-1.1290871142655952,-1.4172922770275007,-1.2459157983616662,-1.2462324659029644
1396_CsLiBiCl,-1.612759462923839,-1.7919463872921284,-1.61619536877769,-1.6186667561531067
1397_CsAgVCl,-1.411747912497356,-1.6618518829300002,-1.41130607129,-1.4164842367172241
1399_CsHgFeCl,-1.202726630301311,-1.4238109588625008,-1.1995594024724994,-1.2120944797992705
1398_CsCaVCl,-1.8816839972446704,-2.20263209343,-1.88766858579,-1.8876703262329102
1401_CsCrYbCl,-1.8338578442047382,-2.084333801265001,-1.764651179325,-1.8569465160369873
1402_CsLiUCl,-1.8622341075847888,-2.186419653889627,-1.86744863987769,-1.8689870953559875
1403_CsAuYbCl,-1.5703701237152363,-1.8901573181150013,-1.7008046627149997,-1.5944401025772095
1404_CsFrPCl,,,,
1405_CsRbNbCl,-1.5544448653171803,-1.877078110834286,-1.6613144278599996,-1.6718006014823914
1406_CsEuDyCl,-2.0765326777408863,-2.394956970215,-2.07298505307,-2.078614592552185
1408_CsRbTaCl,-1.500320654641623,-1.8128774643000014,-1.6049376845499996,-1.6183312296867371
1409_CsSmYbCl,-2.0939102867553974,-2.3045261383075,-1.9028346777024996,-2.128870153427124
1411_CsCdNdCl,-1.7996404895494724,-2.0063009262075013,-1.8043509245074998,-1.8080832481384277
1412_CsKLuCl,-2.1670098701427722,-2.3908237934050023,-2.1688868999549995,-2.1736184120178224
1413_CsCuCeCl,-1.7748114863346363,-2.0348867416400025,-1.77733573915,-1.7784537553787232
1414_CsMnTmCl,-1.7276867436951604,-2.1052812576250006,-1.7319061830267244,-1.743184577185532
1415_CsNaPdCl,-1.2120966711948657,-1.5172359466500012,-1.33951632978,-1.3387682437896729
1416_CsNaSbCl,-1.4433430949161792,-1.7219379425050008,-1.5641736745949995,-1.5667453765869142
1417_CsUVacCl,-1.9353749795435031,-2.2416034274666665,-1.9490321212444444,-1.9456728034549289
1418_CsCrRaCl,,,,
1419_CsTlScCl,-1.9004716912220263,-2.1051442146350015,-1.9043814897700002,-1.9064552783966064
1420_CsKYbCl,-1.8513576129387164,-2.347945070265001,-2.149348115925,-1.8703214406967164
1422_CsSrDyCl,-2.0837947169254565,-2.4031420707749986,-2.0850240469099997,-2.0857278943061828
1424_CsAuTmCl,-1.722443667979076,-1.9228721618649984,-1.7187054157349997,-1.7290502548217774
1425_CsAgGaCl,-1.3505181590030932,-1.5440395355150003,-1.3501981020074996,-1.3565444469451904
1426_CsNaAgCl,-1.1224652567814135,-1.4249950408900005,-1.2494408369199999,-1.248354721069336
1427_CsLiNpCl,-1.8869330206821704,-2.2646919012048614,-1.9116937875874753,-1.897658360004425
1428_CsMnYbCl,-1.9091796624249426,-2.1209535598749993,-1.7510396554667238,-1.9251183855122533
1429_CsHgAsCl,-1.1662955174158358,-1.2879071235699997,-1.1735755920449997,-1.1769098103046418
1430_CsTlBCl,-1.0701932429582222,-1.2230145136575004,-1.0748379628016664,-1.0758742491404216
1431_CsLiCeCl,-2.0930988470028185,-2.3698646306996265,-2.10254166127769,-2.0979087471961977
1432_CsHgNiCl,-1.126916522712543,-1.3727814674349985,-1.1337655067499999,-1.1373761951923371
1433_CsCuPuCl,-1.6591486850689197,-1.9442914962787512,-1.666595554365625,-1.664079737663269
1435_CsZnTmCl,-1.7944375792454028,-1.9986609458896765,-1.7969016075248163,-1.7994629502296449
1436_CsCoDyCl,-1.7093793073604846,-2.0201034545850036,-1.7181034803499997,-1.7198540449142456
1437_CsHgCoCl,-1.1200511375377917,-1.3751407623250032,-1.1267866134699998,-1.1302878201007842
1438_CsAuTlCl,-1.139741829962566,-1.2912738799999999,-1.13892717363,-1.1456738710403442
1439_CsNaScCl,-1.9585039177845265,-2.3214400291450006,-2.0811597585799997,-2.0833451747894287
1441_CsAgCrCl,-1.3670593300770069,-1.6578107833800004,-1.3742752790599997,-1.3769508123397827
1442_CsCaCrCl,-1.8107895890186572,-2.12825713158,-1.81292455197,-1.8147933959960938
1443_CsAgMnCl,-1.3356467771119085,-1.60045166015,-1.3322610452417236,-1.340952073294541
1444_CsDyPbCl,-1.765431551070049,-1.9899082183850028,-1.7660509347999997,-1.7624347925186157
1445_CsTlSbCl,-1.3955657044361378,-1.520873451234999,-1.3985076189149996,-1.4028361320495606
1446_CsTlPdCl,-1.21711211595042,-1.3717302322400031,-1.2180523157299998,-1.2198026180267334
1447_CsAuErCl,-1.7231499114940907,-1.9247436523400012,-1.7183776378666664,-1.729663038253784
1448_CsKTmCl,-2.1664241710613514,-2.3796940326650002,-2.169763898855,-2.1741267681121825
1450_CsZnHgCl,-1.2973443368385578,-1.4894515037496803,-1.296263337139817,-1.3026848971843719
1451_CsNiDyCl,-1.7215083399723317,-1.9867138862550007,-1.7153358221199997,-1.722774291038513
1452_CsLiPuCl,-1.971275500387981,-2.2685455083883768,-1.9857780695033154,-1.9762879490852356
1454_CsGeTmCl,-1.6650084057758594,-1.8727594375600005,-1.6773655176300004,-1.6758512735366822
1453_CsCuTmCl,-1.806282118887737,-2.036961936955001,-1.8045715332149996,-1.8116661787033081
1455_CsCuPrCl,-1.7867723861645008,-2.014646720889999,-1.7858408451199996,-1.7912973642349244
1456_CsRbScCl,-1.9735227623890186,-2.313589763645001,-2.0880859732799997,-2.0907146334648132
1457_CsKTlCl,-1.5058780232380176,-1.676336717609999,-1.5035905838099999,-1.5116629362106324
1458_CsKErCl,-2.165676085085704,-2.3842831134799995,-2.1689142704066664,-2.1736828804016115
1459_CsEuNpCl,-1.8969149509380607,-2.220557785035234,-1.8981207609297848,-1.898860764503479
1460_CsVRaCl,,,,
1462_CsAgAcCl,-1.8697678366611743,-2.0841337203975003,-1.8710968732925,-1.8750219106674195
1461_CsAuYCl,-1.7191876688907886,-1.929767799375,-1.7233382701949995,-1.7260133743286132
1463_CsRbAgCl,-1.1354846516559864,-1.4182678222699991,-1.2563781142399997,-1.257574689388275
1464_CsAuHoCl,-1.7228950340857452,-1.9254131317100018,-1.718130254753333,-1.7291555722554524
1465_CsGeYbCl,-1.8172870615433,-1.882593727110003,-1.6751790285200001,-1.8336765766143799
1466_CsMgTmCl,-1.8786530056904103,-2.2212699890150005,-1.8920779585949998,-1.8939701557159423
1467_CsGeHgCl,-1.25048596653445,-1.3874315261800008,-1.2544782161749999,-1.2569001019001007
1468_CsLiPrCl,-2.1093823471973683,-2.3503829717596263,-2.1130105733976903,-2.1151106476783754
1469_CsCuHgCl,-1.123710290522411,-1.3046430587749995,-1.1210065126499997,-1.1295928299427032
1470_CsCaMnCl,-1.8818663882798163,-2.208227109910001,-1.8835407808017244,-1.888644968230149
1471_CsCuYbCl,-1.6734892109344746,-2.011565208434999,-1.7927258491649998,-1.6981287956237794
1472_CsCdPtCl,-1.167350567312076,-1.343441581730002,-1.166584849365,-1.170787239074707
1473_CsAgFeCl,-1.226221732230022,-1.4659425735474998,-1.2213907003524997,-1.2358541250228883
1474_CsLiNdCl,-2.114007345766857,-2.3608291387571283,-2.1177958727001904,-2.1201467633247377
1475_CsSrNpCl,-1.9036969104717518,-2.209022426605233,-1.9101624250497848,-1.915140402317047
1476_CsKYCl,-2.161837689013317,-2.390138864515001,-2.172653818145,-2.168822431564331
1477_CsPtRaCl,,,,
1478_CsRbPdCl,-1.234780434698894,-1.5186706543,-1.3553498625900002,-1.3521920084953307
1479_CsRbSbCl,-1.455138568014934,-1.7124992370650005,-1.5698810935149996,-1.5718149542808533
1481_CsCeVacCl,-2.0562435829319714,-2.274876912433333,-2.0644005404666665,-2.0634610652923584
1482_CsNpVacCl,-1.8931131803669692,-2.259241739905816,-1.9238004419664279,-1.9061143928103976
1483_CsCuCmCl,,,,
1484_CsCuPmCl,-1.7940759340236927,-2.0314138412525,-1.793901729595,-1.801070475578308
1485_CsCaZnCl,-1.8591124216030384,-2.0940338611646796,-1.8619124412698163,-1.8657069563865663
1486_CsBeNdCl,-1.61559564861758,-1.8808893203775,-1.6236086130274998,-1.63227379322052
1488_CsVCdCl,-1.4651757189939763,-1.7660518646200019,-1.468062186245,-1.4730812072753907
1487_CsMgYbCl,-2.1358089903305317,-2.2616752624550016,-1.9253456473450001,-2.151648211479187
1489_CsNaTaCl,-1.4813396031966157,-1.8206865310600022,-1.5963993787899997,-1.6050459384918212
1490_CsAgPtCl,-1.0899633208225512,-1.2480611801200012,-1.0939130544799998,-1.0950286626815795
1491_CsNaNbCl,-1.537432817549541,-1.8858408519142855,-1.6550267934899996,-1.6621324062347411
1492_CsMgHgCl,-1.5296721378277087,-1.7395782470749992,-1.5318867325899999,-1.5375924170017243
1493_CsKHoCl,-2.1656423885931915,-2.3859230518300008,-2.1683601856333334,-2.172480758031209
1494_CsAuDyCl,-1.7224350372265125,-1.919990158075001,-1.7175812244499997,-1.7287115573883056
1495_CsLiAmCl,,,,
1496_CsCaNdCl,-2.0843499222706106,-2.3527139186875017,-2.0822573423524995,-2.0889058113098145
1498_CsAgBaCl,-1.6119476595829272,-1.8040056228600008,-1.6146275162849997,-1.618063998222351
1499_CsPbNpCl,-1.559357706637218,-1.8175033569352366,-1.5576089143897853,-1.567146372795105
1500_CsCaCuCl,-1.6432558813999438,-1.8754088878600002,-1.64763641359,-1.6485824108123779
1501_CsCaGeCl,-1.7921695986698414,-1.9606624126450014,-1.7942695856249997,-1.7980839729309082
1502_CsLiCmCl,,,,
1504_CsLiPmCl,-2.1186747113178517,-2.367395758632128,-2.1228372812426906,-2.1259373784065247
1505_CsAgNiCl,-1.117689780325725,-1.34678564071,-1.12524726392,-1.1258643865585327
1507_CsAgAsCl,-1.207758311362102,-1.3382479667650018,-1.2079313039950001,-1.215223479270935
1508_CsKDyCl,-2.163868228525951,-2.377713823315001,-2.16670374871,-2.1712924957275392
1509_CsCoTmCl,-1.7041136423061634,-2.0246471405050017,-1.7160393476549998,-1.717004418373108
1510_CsAgCoCl,-1.115644566149547,-1.353588294980001,-1.1322343588,-1.1301440000534058
1511_CsAuTbCl,-1.7210946678430183,-1.9254394531200005,-1.717431720106666,-1.727438259124756
1512_CsFeTmCl,-1.6850348511646533,-1.9979877471925023,-1.7044186353774997,-1.6988543748855591
1513_CsHgAlCl,-1.4673664519499088,-1.645996618265002,-1.4667327880999999,-1.4713374435901643
1514_CsMgCaCl,-2.1063049832294727,-2.358123922350001,-2.1127070784699997,-2.115164875984192
1515_CsNiTmCl,-1.7174086132953907,-1.9899575233450009,-1.7150302648649998,-1.7209882020950318
1517_CsPuVacCl,-1.9206489103050524,-2.2220433553097223,-1.939998282339583,-1.924499856101142
1518_CsTlInCl,-1.499697760672405,-1.6836519241399999,-1.4985958099499996,-1.5042036771774292
1519_CsCdBaCl,-1.8720995077799105,-2.0943765640200014,-1.8755839944000001,-1.8794548988342286
1520_CsLiSmCl,-2.121582237810924,-2.366565299032126,-2.1246318101951904,-2.1280127644538878
1521_CsCoYbCl,-1.7084580758522296,-1.9943508148250004,-1.7090944051849994,-1.7292425632476807
1523_CsKTbCl,-2.1620364426881418,-2.3813549518600015,-2.1650047143366664,-2.16917462348938
1524_CsFeYbCl,-1.7581672647903706,-1.975601577762501,-1.7034131765474996,-1.7834374904632568
1525_CsCrCdCl,-1.4259390899847293,-1.7253484725900008,-1.4293689489449997,-1.434690284729004
1527_CsAuGdCl,-1.7166964569996144,-1.9102046966485546,-1.713481473926582,-1.7264643669128419
1528_CsNiYbCl,-1.7126783350418353,-1.9792504310650032,-1.709600138675,-1.7328235149383544
1530_CsNaMoCl,-1.4314498642395281,-1.80309162139,-1.5556589841962498,-1.5550950527191163
1531_CsPdAcCl,-1.7370789566944385,-1.9510374069275003,-1.7383883238025,-1.7429279565811158
1532_CsHgAcCl,-1.7772030094574238,-1.9646598815925018,-1.7844584465124995,-1.7846713840961457
1533_CsNpAmCl,,,,
1535_CsNdYbCl,-2.0903980472992205,-2.2746047973624997,-1.9081989049974997,-2.1298668384552
1536_CsCuGdCl,-1.8052820959995532,-2.024498939518554,-1.8024287223965814,-1.8125673055648803
1537_CsLiEuCl,-1.950255505175426,-2.215652060509626,-1.9689365625476902,-1.9573685765266418
1539_CsAuEuCl,-1.605671409697368,-1.8137722015399986,-1.6135034084399997,-1.6095525741577148
1540_CsKGdCl,-2.1564932027767445,-2.366471147538553,-2.1582781314965818,-2.1638256549835204
1541_CsPrVacCl,-1.8165723128793796,-2.0442157321444463,-1.8222361935666664,-1.8150042163001165
1542_CsAmVacCl,,,,
1543_CsCmVacCl,,,,
1544_CsNaIrCl,-1.2517102995823168,-1.5706197738699985,-1.3716756582299996,-1.374877119064331
1545_CsMnCdCl,-1.4803303795641867,-1.7909934997500003,-1.4792019441367237,-1.4864723074025121
1546_CsNaRuCl,-1.2616098681400563,-1.597756767265001,-1.3807198286199995,-1.3834949016571045
1547_CsRbInCl,-1.5661222020099903,-1.8871047973700001,-1.6777047276600001,-1.6820661664009093
1550_CsLiGdCl,-2.127919761271312,-2.3643962621681824,-2.1301607370442723,-2.135048878192902
1551_CsCaCoCl,-1.6793416181515002,-1.9867436885800003,-1.6914429426299997,-1.6904292106628418
1552_CsCaFeCl,-1.734820775122478,-2.0184964656874995,-1.7403198957525,-1.7458929061889648
1553_CsCuTbCl,-1.8067234634667977,-2.0387937545800012,-1.8047363599266664,-1.8120263814926147
1554_CsKEuCl,-1.9681075254390978,-2.2114845752700005,-1.99190754891,-1.9772666454315186
1555_CsAuSmCl,-1.7091285267780567,-1.9134525299025,-1.7075645923675,-1.71644287109375
1556_CsZnCdCl,-1.4516426036070134,-1.6732205390946775,-1.4543116569648167,-1.4594773650169373
1557_CsAgCuCl,-1.0907466450641894,-1.2744678497300015,-1.0939770698699998,-1.0970507860183716
1559_CsCaNiCl,-1.6815445462177538,-1.987317132950001,-1.6958350896999996,-1.6915557861328125
1560_CsNaTiCl,-1.7230357765466315,-2.091149711610001,-1.8443062543966664,-1.8458821773529053
1561_CsNaRhCl,-1.3089171448658252,-1.636655616760001,-1.43147122862,-1.431184959411621
1562_CsAgAlCl,-1.5234360733936572,-1.7279857158599996,-1.5214099645799997,-1.5288045167922975
1563_CsLiTbCl,-2.1333623885423285,-2.3784637212796285,-2.135555990544357,-2.139452946186066
1564_CsFrAlCl,,,,
1565_CsCuCdCl,-1.2585772821615482,-1.4695964813200006,-1.2607099533250001,-1.2666255474090575
1566_CsZnAgCl,-1.2311294833133961,-1.4144566535946779,-1.2308410644698171,-1.235857117176056
1567_CsRbNCl,-0.611428145499065,-0.833332633980001,-0.7129330992836718,-0.7352704882621766
1568_CsGeCdCl,-1.3980387756536747,-1.5579666137649995,-1.4033035516799999,-1.4065760612487792
1569_CsKSmCl,-2.147566525072887,-2.3662552356724986,-2.1512134075274996,-2.1551568508148193
1570_CsTiRaCl,,,,
1571_CsAuCmCl,,,,
1572_CsAuPmCl,-1.7058246770809435,-1.9150215148925014,-1.704756879815,-1.7142831802368164
1573_CsFrCuCl,,,,
1574_CsPdRaCl,,,,
1575_CsAuAmCl,,,,
1576_CsLiDyCl,-2.1347715297649645,-2.3745219945846285,-2.1364295244276907,-2.140696108341217
1577_CsCuHoCl,-1.807668944131369,-2.038996315,-1.8052392006033333,-1.812897976239522
1578_CsMgCdCl,-1.693757332296207,-1.9311414718600006,-1.6987521529349998,-1.7031327486038208
1580_CsGeAgCl,-1.2435391226719166,-1.3841133117650017,-1.2453870058149996,-1.2567368268966674
1581_CsCuYCl,-1.805046490759685,-2.0429405212449994,-1.8111517906349999,-1.8105644941329957
1582_CsBeSmCl,-1.6258374670456195,-1.9109052658124994,-1.6290350198824997,-1.6240272760391234
1583_CsKPmCl,-2.144366435141399,-2.3673038959525017,-2.149124002465,-2.152435636520386
1584_CsKCmCl,,,,
1586_CsCaBaCl,-2.270177606673076,-2.5065732479100005,-2.274840509905,-2.277525615692139
1587_CsSrEuCl,-2.2655679264972948,-2.51356534958,-2.2731714964,-2.27453590631485
1588_CsAuNdCl,-1.7016390839527393,-1.907734680167502,-1.7004677295725,-1.708608913421631
1589_CsKAmCl,,,,
1590_CsLiHoCl,-2.135502799283499,-2.3811977147996286,-2.1373810053010236,-2.141094346841176
1591_CsPdPtCl,-1.0352346697757984,-1.2077199936000027,-1.0398105383,-1.0497244119644165
1592_CsCuErCl,-1.8070583620975758,-2.0369001388499983,-1.8048872947866663,-1.8127737283706664
1593_CsMgAgCl,-1.4449895897815968,-1.643511009209999,-1.4482059836499996,-1.4514887809753418
1594_CsTiPtCl,-1.3102705120355231,-1.5012130737399985,-1.2956239461966668,-1.310503888130188
1595_CsLiYCl,-2.1324073472927356,-2.3854898214346276,-2.1418325662726905,-2.138029968738556
1596_CsBeAmCl,,,,
1597_CsTlNCl,-0.5974034110019947,-0.7327476501500001,-0.5898920297736716,-0.6136482715606689
1598_CsNaVCl,-1.5753962078998829,-1.9651599884000006,-1.69656836987,-1.6970229625701905
1599_CsAgThCl,-1.6674123803089405,-1.8319562911899994,-1.6807047605699996,-1.6936177968978883
1600_CsEuPbCl,-1.881371764273479,-2.0921680450499993,-1.88413803579,-1.8869941473007201
1601_CsAuPrCl,-1.697178021998241,-1.897727966300002,-1.6957060813999998,-1.7037551403045654
1603_CsTlLuCl,-1.9654213944385792,-2.172801589965002,-1.9676621675649997,-1.9711496353149414
1605_CsKNdCl,-2.1385169425915027,-2.3587933063475006,-2.1432048320824992,-2.1458920001983643
1606_CsLiErCl,-2.135069505305126,-2.379032874109626,-2.1372881174243568,-2.14146066904068
1607_CsKBCl,-1.2461609482080085,-1.4129468123075015,-1.2524840513916664,-1.252203957239787
1609_CsTiVCl,-1.522630751064454,-1.8705106735200019,-1.5308876752966665,-1.5290850877761841
1610_CsTlYbCl,-1.7654920319031024,-2.126616287235001,-1.9466150522349994,-1.7850180387496948
1611_CsCoCdCl,-1.268963129253223,-1.5632997512800018,-1.2831310987549998,-1.2829209327697755
1612_CsAuPuCl,-1.5745809713314318,-1.830528259268752,-1.578164052975625,-1.5781320571899413
1613_CsSrPbCl,-1.90161557588084,-2.0989844322199986,-1.9058480501299997,-1.9081539273262025
1614_CsKPrCl,-2.1333297768543504,-2.3468227863300015,-2.1374250412099998,-2.140086460113525
1616_CsRbAuCl,-1.1239130774448658,-1.4001405715999993,-1.2424310803499998,-1.246214544773102
1615_CsBaHgCl,-1.705082736344173,-1.8993236541750007,-1.705173385145,-1.711156541109085
1617_CsBaYbCl,-2.291933701367214,-2.422841262825,-2.11354566813,-2.310243082046509
1618_CsLiTlCl,-1.4687726775120045,-1.6667224645596264,-1.4678128957876904,-1.4751346945762633
1619_CsFeCdCl,-1.3332946786592745,-1.5975595474175024,-1.3376415968074995,-1.342989730834961
1620_CsBePbCl,-1.4594792583893086,-1.65687656403,-1.4652086019649997,-1.4684860944747924
1621_CsAuBCl,-0.8095156430513007,-0.9596222559575012,-0.8110988776016665,-0.8159294764200847
1622_CsLiTmCl,-2.135082928271129,-2.374777960774625,-2.1372016191626906,-2.141117203235626
1623_CsNaGaCl,-1.5087939778278614,-1.8389217376650009,-1.6288789033975,-1.6322247743606568
1624_CsNiCdCl,-1.2692169139097476,-1.55807638168,-1.2845508337149998,-1.2845224380493163
1625_CsFrCoCl,,,,
1628_CsNaCrCl,-1.5288237610767628,-1.954422569270001,-1.6553616285399997,-1.65340895652771
1629_CsEuAmCl,,,,
1630_CsFrAsCl,,,,
1631_CsFrNiCl,,,,
1632_CsBaTmCl,-2.0665058175037645,-2.3918567657449983,-2.07942463161,-2.076709008216858
1633_CsKPuCl,-1.9983075657795215,-2.263930940628751,-2.012654924405625,-2.0006999492645265
1634_CsAuNpCl,-1.485565976233318,-1.8201347351052362,-1.5021770000497845,-1.498936367034912
1635_CsTlTmCl,-1.966396168799236,-2.1608844757149996,-1.9691529512550001,-1.9717731952667237
1636_CsAuCeCl,-1.685140017599895,-1.916059112549999,-1.6868313312599994,-1.6932728290557861
1637_CsRbLuCl,-2.0414640227268483,-2.383514595035001,-2.153446424015,-2.157985436916351
1638_CsNaMnCl,-1.460543947178742,-1.8619453430100008,-1.5803872659417237,-1.5883056032246556
1639_CsCuLuCl,-1.802812580199077,-2.0348974227950007,-1.8006309509449996,-1.8085283517837525
1641_CsHgPCl,-0.9650787154148365,-1.2252805074035706,-1.103023960485941,-1.1044306076708295
1642_CsPdPaCl,-1.5888678828190113,-1.787758445739999,-1.5669825315699994,-1.5982654809951782
1643_CsBeSrCl,-1.8465052822540546,-2.0800209999100003,-1.8505109071849997,-1.8533491730690002
1645_CsLiYbCl,-1.8476098636101033,-2.3433341741546285,-2.11833231450269,-1.868397843837738
1646_CsRbYbCl,-1.7198775270889546,-2.3399156570549993,-2.132332932965,-1.8498750805854798
1648_CsTiCrCl,-1.5122639297753913,-1.8469322204600018,-1.5142742872366661,-1.5108494997024535
1649_CsSmEuCl,-2.0798815289448047,-2.3803092956525034,-2.0774863958475,-2.082429051399231
1650_CsSrAmCl,,,,
1651_CsTlErCl,-1.965428332419231,-2.166178512570002,-1.9680786371366668,-1.971385383605957
1652_CsKNpCl,-1.913822082609966,-2.256236696245233,-1.936468362819785,-1.9226273059844972
1653_CsNdNpCl,-1.750401727289989,-2.0751434326127365,-1.7370954275222854,-1.7598258256912231
1654_CsKCeCl,-2.115853683085277,-2.366550111770002,-2.1270167827699997,-2.122213935852051
1655_CsPdLaCl,-1.7463283577869677,-1.957979774476837,-1.7476089716057956,-1.7528809309005737
1656_CsLiLuCl,-2.132900563807323,-2.3813850164446277,-2.1347426653026904,-2.138863241672516
1657_CsPdBiCl,-1.2552727499912524,-1.4075788497925004,-1.25383942129,-1.2584045648574829
1658_CsBeEuCl,-1.8214480141113545,-2.0639318466199996,-1.8254222154750004,-1.8297830820083618
1660_CsAuUCl,-1.46986132058604,-1.740655517570002,-1.4748126506900001,-1.4801554679870605
1661_CsNaFeCl,-1.3701693097065235,-1.7534280776975009,-1.4889199972224993,-1.502645444869995
1662_CsFrFeCl,,,,
1663_CsPdUCl,-1.534711722464397,-1.8092786789000002,-1.5250012159500002,-1.543370747566223
1664_CsHgThCl,-1.8642280528257633,-2.0348289489749987,-1.8723637580999999,-1.8760490238666534
1665_CsTlYCl,-1.9607707062671924,-2.1729711532650016,-1.9721100092050001,-1.9665729999542236
1666_CsAuBiCl,-1.231252602667644,-1.3707031249925024,-1.2298101425300003,-1.2403854370117187
1667_CsPbAmCl,,,,
1668_CsSrSmCl,-2.092188791365459,-2.3867579460125,-2.0900159597475,-2.0914756417274476
1669_CsRbTmCl,-2.0412386218021656,-2.372297859195001,-2.154346311105,-2.1582347750663757
1670_CsTlHoCl,-1.964925761949057,-2.1670616149900015,-1.967432618153333,-1.9702107270558673
1671_CsAuLaCl,-1.7404211083362842,-1.9308238983068378,-1.7367747306857957,-1.746720552444458
1672_CsLiAuCl,-1.2131231466244006,-1.392954230309627,-1.2220742225776902,-1.2217147707939149
1674_CsTiMnCl,-1.5391568310644435,-1.8826501846300006,-1.5362813546883907,-1.546775351721665
1675_CsRbTlCl,-1.382107357115581,-1.6707365036100015,-1.49044522049,-1.4981902241706848
1676_CsKUCl,-1.8873711744259143,-2.1788830280300004,-1.8940073490199996,-1.893409013748169
1677_CsRbErCl,-2.0402164498279833,-2.376822853089999,-2.1533925414266664,-2.1577157378196716
1678_CsSmPbCl,-1.7503624239872242,-1.9679973602324992,-1.7526186227974996,-1.7504907369613647
1679_CsAuPaCl,-1.53639922532542,-1.7145118713300007,-1.54503989221,-1.5516803741455079
1680_CsKBiCl,-1.6416443267772938,-1.7938915729525007,-1.64521837235,-1.6478177547454833
1681_CsKLaCl,-2.1735554853390004,-2.382421159746836,-2.1762773513857954,-2.1801485061645507
1682_CsTlDyCl,-1.9630111971805835,-2.1593742370650033,-1.96614391805,-1.969008731842041
1683_CsFrMnCl,,,,
1684_CsNaAsCl,-1.3523995200107837,-1.616352367395001,-1.4721330404449997,-1.4752898693084717
1685_CsZnPdCl,-1.2084006467769886,-1.40399065017468,-1.2082971572998165,-1.2133535027503968
1686_CsPdCeCl,-1.7186465540836597,-1.9508352279700005,-1.7179261922999998,-1.7223599195480346
1687_CsNaNiCl,-1.2283024111698413,-1.5970870017999999,-1.35849578382,-1.3570104122161866
1688_CsTiZnCl,-1.517204916408692,-1.7586501121546774,-1.527775573736483,-1.5145386338233948
1689_CsFrCrCl,,,,
1690_CsNaCoCl,-1.2630788246105458,-1.6280000686600005,-1.4024286031799995,-1.3950981616973877
1692_CsAgRaCl,,,,
1693_CsBaDyCl,-2.0829648772190357,-2.3849571228050026,-2.0838920235750003,-2.0833096265792848
1694_CsRbYCl,-2.0359788456867483,-2.3825748443650014,-2.1569371581249994,-2.1527130007743835
1695_CsFrGaCl,,,,
1696_CsRbHoCl,-2.0400329787840787,-2.378423118590001,-2.1527976393833335,-2.156415577729543
1697_CsCuPdCl,-1.0967973986576343,-1.275149917600001,-1.0971991539199997,-1.1030088186264038
1698_CsTiGeCl,-1.453765237262879,-1.6403367996250027,-1.4531266451016662,-1.462966752052307
1700_CsAgPCl,-0.9848008194874073,-1.2594607671085725,-1.1203501008959413,-1.1271270967665175
1702_CsGePdCl,-1.1887816945026661,-1.3281593322749998,-1.190761494645,-1.1956500291824341
1701_CsPdPuCl,-1.6056478420208244,-1.8709806442287515,-1.6056807279756249,-1.6093443155288696
1703_CsVPtCl,-1.1466071167896534,-1.3931615829500004,-1.1460328817399996,-1.1489104509353638
1704_CsTlTbCl,-1.9614460109979255,-2.1645503997800004,-1.9642877181466667,-1.9668962001800536
1705_CsCdRaCl,,,,
1706_CsSmAmCl,,,,
1707_CsPdPrCl,-1.7032856622646595,-1.9257520675700022,-1.7067871332299998,-1.710243582725525
1708_CsMgPdCl,-1.4265382090519214,-1.6545598983800005,-1.4325170874699995,-1.4345483303070068
1709_CsMgTiCl,-1.746471059253846,-2.0343803405800003,-1.7566009879266666,-1.7565983295440675
1710_CsRbDyCl,-2.03809280786021,-2.3699789047249995,-2.1511274695499996,-2.1551422476768494
1711_CsTlGdCl,-1.955264166922405,-2.148403167728554,-1.957299828546582,-1.9628282070159913
1712_CsFrVCl,,,,
1713_CsCuInCl,-1.3418198624561573,-1.5505527496400007,-1.3395235777,-1.3482497215270997
1714_CsRbTbCl,-2.036308681896363,-2.3737344741900017,-2.149288054316666,-2.1529717326164244
1715_CsCrPtCl,-1.1298775950382496,-1.402796936040002,-1.1330041646999998,-1.1317334413528441
1716_CsTlEuCl,-1.8009359875629687,-2.022277069100002,-1.82000029088,-1.8081940174102784
1717_CsNaCuCl,-1.1670753279636645,-1.4937114715600017,-1.29177217485,-1.2930098533630372
1718_CsPdPmCl,-1.7108633914898181,-1.9409322738724994,-1.715324473395,-1.7198625802993774
1719_CsLiInCl,-1.6474424043606066,-1.8730825185796263,-1.6473779678476905,-1.6529170393943786
1720_CsPdCmCl,,,,
1721_CsBaNpCl,-1.893615666956737,-2.196649551395237,-1.900293982034785,-1.90142719745636
1723_CsTiCoCl,-1.4051038264543159,-1.728882217410002,-1.4238733053266663,-1.4238609552383423
1725_CsVCrCl,-1.4146092930744434,-1.7939680099399993,-1.42249610425,-1.4166068315505982
1726_CsFePdCl,-1.1459000388096119,-1.3677644729674996,-1.1388625860325,-1.1547210931777954
1727_CsNaAlCl,-1.6916060963581347,-2.03392138481,-1.81169774534,-1.8150805473327636
1728_CsRbGdCl,-2.0300401011417653,-2.3584203720185544,-2.1420518279165814,-2.147670066356659
1729_CsTlSmCl,-1.9467784205387377,-2.1481704711925005,-1.9509728670275,-1.953291940689087
1730_CsMnPtCl,-1.1628047513550726,-1.4324342727700015,-1.159913499611724,-1.1737757789677588
1731_CsPbVacCl,-1.3479628871227132,-1.5148561265777782,-1.3468923833777775,-1.3522245354122586
1732_CsNiPdCl,-1.0717989245365405,-1.29578466416,-1.0774798154999998,-1.0834062814712524
1733_CsTiNiCl,-1.4179313301354988,-1.6939988136300017,-1.4179062604966663,-1.4265610933303834
1734_CsBeNpCl,-1.4664030888984942,-1.7737154006952351,-1.4658913850847852,-1.478010106086731
1735_CsNdEuCl,-2.0803165474842333,-2.3493350982675,-2.0772975683325,-2.0816473245620726
1736_CsFrRhCl,,,,
1737_CsRbEuCl,-1.8392573395679737,-2.2014440536600004,-1.9746535659,-1.960910403728485
1738_CsKNCl,-0.7293067375133777,-0.8318527698500006,-0.7221085071636718,-0.7426169872283935
1739_CsZnPtCl,-1.1374906221340442,-1.3101614952146803,-1.1341570854298169,-1.1412846207618714
1740_CsVMnCl,-1.4649421262330022,-1.8584915161100013,-1.4692544534317242,-1.4766091453618018
1741_CsTlPmCl,-1.9435898700664782,-2.1496509552025005,-1.9486099481749997,-1.950543260574341
1742_CsTlCmCl,,,,
1743_CsFrTiCl,,,,
1744_CsSrNdCl,-2.0900354186008716,-2.3532050132775,-2.0900079488924996,-2.092198431491852
1745_CsTlAmCl,,,,
1746_CsCuSbCl,-1.256113556952312,-1.4089229583749998,-1.2586561203150002,-1.2628379106521606
1747_CsCuPtCl,-1.052736167044475,-1.2204366684000008,-1.0529039383099998,-1.0580509901046753
1748_CsVZnCl,-1.4340239921520497,-1.7299740791246792,-1.4337436676098165,-1.4413897156715394
1750_CsGePtCl,-1.1008140126179005,-1.2310342788750006,-1.102452683455,-1.1095449686050416
1749_CsAuNCl,-0.45006719026072267,-0.599018478390002,-0.44846129418367153,-0.45108642578125
1751_CsRbSmCl,-2.0215789833973195,-2.3582838058525026,-2.1354460120275,-2.138763225078583
1752_CsPdGdCl,-1.7263333836506156,-1.9383188247685552,-1.7237545728865817,-1.73298180103302
1753_CsCaRaCl,,,,
1754_CsFrRuCl,,,,
1755_CsNdPbCl,-1.7437490979145314,-1.9441734313975019,-1.7458364725224995,-1.743022608757019
1756_CsFrIrCl,,,,
1757_CsTlNdCl,-1.9382007399509693,-2.1419948577875005,-1.9425885439025,-1.9440534114837646
1758_CsTbVacCl,-1.8581376737257225,-2.06885867648889,-1.8617447835518521,-1.857918659845988
1759_CsMgPtCl,-1.3349706688831593,-1.554628753670002,-1.3405808806500001,-1.3411213397979735
1760_CsLiPdCl,-1.3120183626125599,-1.4994802236596272,-1.31982252598769,-1.320228397846222
1761_CsVGeCl,-1.3884220400760914,-1.6208152770950008,-1.391693997395,-1.3978901147842406
1762_CsBeDyCl,-1.6373575190017964,-1.9174123764050008,-1.640142655385,-1.6457342863082887
1764_CsLiSbCl,-1.5506959835003162,-1.7138990163846288,-1.5545834779826901,-1.556007730960846
1765_CsRbPmCl,-2.0182357469509387,-2.359346199042503,-2.1333646178349994,-2.136024463176727
1766_CsTlPrCl,-1.9329732099483752,-2.1303279876700003,-1.9370677709699997,-1.9384416580200194
1767_CsAuAcCl,-1.7320732155750538,-1.9275756835875,-1.7298417568325,-1.7370792388916017
1768_CsRbCmCl,,,,
1769_CsFrMoCl,,,,
1770_CsCuScCl,-1.7364720622013354,-1.9642447471649986,-1.7352792740000003,-1.742568278312683
1771_CsCrMnCl,-1.4206716107911077,-1.811519813530002,-1.4235414102217239,-1.4270030128544775
1772_CsPdTbCl,-1.7254824518472298,-1.9530302047800006,-1.7272539218366663,-1.7315337419509889
1773_CsRbAmCl,,,,
1775_CsMgVCl,-1.68343553933604,-2.0044485092100004,-1.6915432333999998,-1.6922674655914307
1774_CsLiAgCl,-1.2335827747295642,-1.4161275625196281,-1.2411121606976905,-1.240793764591217
1776_CsTlPuCl,-1.800600234598949,-2.0562389373787484,-1.8168890237956248,-1.8011017322540284
1777_CsYbRaCl,,,,
1778_CsNdAmCl,,,,
1779_CsHgRaCl,,,,
1780_CsKAcCl,-2.166141358942821,-2.378753328317501,-2.1716019153725004,-2.172978734970093
1781_CsLiScCl,-2.0607003608654284,-2.3047066450146274,-2.0642594575976903,-2.066718780994415
1782_CsCrZnCl,-1.393074325651958,-1.6899947166446778,-1.3978813171498168,-1.4029369950294495
1784_CsCoPtCl,-0.9657354989956165,-1.202277755739999,-0.9791193723799996,-0.9873974084854126
1783_CsRbNdCl,-2.0124549904773974,-2.3508066177374984,-2.1274210333924994,-2.129455268383026
1785_CsCrGeCl,-1.3518117943714405,-1.5902009963950008,-1.353857922565,-1.355073380470276
1788_CsTmRaCl,,,,
1789_CsRbPrCl,-2.0072155633877062,-2.33855838776,-2.1216450572100003,-2.123661553859711
1790_CsTlNpCl,-1.713419739336803,-2.0458423614552346,-1.7411121606997848,-1.7229753017425538
1792_CsTlCeCl,-1.914949826330974,-2.150886917120002,-1.9283913850899996,-1.9221022605895997
1791_CsNdSmCl,-1.9334323206852222,-2.244128036500001,-1.92429606916,-1.9369251489639283
1793_CsPdHoCl,-1.7266259868254608,-1.9518320083600003,-1.727859759343333,-1.732565172513326
1794_CsCuNbCl,-1.315218953223064,-1.5443636485542853,-1.3114431381299998,-1.3204045057296754
1795_CsNiPtCl,-1.0020340243290211,-1.2072915077299995,-1.0062997579699995,-1.0143525362014771
1796_CsPdYCl,-1.7241521635959889,-1.9569572448750023,-1.7335945844849998,-1.7293443918228149
1797_CsCuTaCl,-1.2480682666411347,-1.4581399917600009,-1.2419091224799998,-1.2554223775863647
1798_CsMnZnCl,-1.4508336233681647,-1.7602326393146797,-1.450642473951541,-1.4582746970242468
1799_CsVCoCl,-1.2781295457790638,-1.636664772030001,-1.30476510525,-1.297621750831604
1800_CsMgCrCl,-1.6243991890857958,-1.940103149410001,-1.62862056495,-1.6321693897247314
1801_CsVFeCl,-1.3283997813175463,-1.6638673782274993,-1.3383538961524999,-1.3369927644729613
1802_CsFrNbCl,,,,
1803_CsBaEuCl,-2.2453980008075978,-2.4877403259299995,-2.2534943223049995,-2.2537491083145142
1804_CsFrTaCl,,,,
1805_CsRbPuCl,-1.8722747007320666,-2.257612037658751,-1.997830903545625,-1.9837345004081726
1806_CsBeTmCl,-1.6355654934356951,-1.9176637649550003,-1.6416330576,-1.6455557107925416
1807_CsLiNbCl,-1.638111678690746,-1.8727390595839126,-1.6398087739976905,-1.6449143528938293
1808_CsLiTaCl,-1.5790782387366242,-1.803394675259628,-1.57768709660769,-1.5855966687202454
1810_CsMnGeCl,-1.4009900855607,-1.6472492218050008,-1.4010587766367237,-1.4101875412053075
1811_CsVNiCl,-1.2814793148945118,-1.611458492270002,-1.29786422253,-1.2887717485427856
1813_CsTlUCl,-1.6894336739490772,-1.9695858001700004,-1.69946367742,-1.694152593612671
1815_CsGeSrF,-2.8692100385139727,-3.0355131626150014,-2.86424272061,-2.901102125644684
1816_CsNiSmF,-2.5338962653587602,-3.0749575138124996,-2.5757787942925003,-2.5909245729446413
1817_CsZnEuF,-2.922361264557674,-3.1917595386546793,-2.914375543604817,-2.9547438263893127
1818_CsAgSbF,-2.2750712970207476,-2.4199151515950006,-2.2625175714599997,-2.3036094903945923
1819_CsCuSrF,-2.6958933213661456,-2.96187310219,-2.689235448855,-2.725954735279083
1820_CsTaHgF,-2.6128840412011094,-2.7858964443249987,-2.5962197780649996,-2.647530061006546
1821_CsNbHgF,-2.5673141011904024,-2.748595626009288,-2.5609205722849997,-2.606144315004349
1822_CsMgPbF,-2.8651812413643145,-3.09822363854,-2.858896005165,-2.8989720344543457
1823_CsNaErF,-3.2259865382622026,-3.59857821464,-3.3390294313516664,-3.378254795074463
1825_CsAlKF,-3.166964648098781,-3.42789683342,-3.158511161815,-3.198940563201904
1827_CsCoSmF,-2.679161641926601,-3.1063710689524995,-2.6880084276225,-2.715557503700256
1828_CsAlAuF,-2.6017569282959245,-2.837153148650002,-2.5784602165350003,-2.629056692123413
1829_CsNaTlF,-2.3427023747871663,-2.6712378978700015,-2.4487690687350003,-2.4933039426803587
1831_CsNaYF,-3.2021509984443925,-3.5893659114849994,-3.3290967226099992,-3.3521255016326905
1832_CsCuPbF,-2.266058526367977,-2.49194293022,-2.256022453325,-2.295801281929016
1833_CsGePbF,-2.430605612130001,-2.5604690074949987,-2.42388556005,-2.4627001523971557
1834_CsMnEuF,-2.864199839789292,-3.294964933400003,-2.859360130086724,-2.897273741919419
1835_CsZnSrF,-2.9594100931595113,-3.2176707744646778,-2.954014253624817,-2.994180965423584
1836_CsKCuF,-2.295829747052028,-2.551072692870001,-2.299148106585,-2.334174060821533
1837_CsNaHoF,-3.220201470386023,-3.5908858776100003,-3.3333098650083337,-3.372096999486287
1838_CsNaTmF,-3.237745223374202,-3.6017436504350018,-3.3494413614400003,-3.3889831066131593
1839_CsNiAmF,,,,
1840_CsGeEuF,-2.8309291699836994,-3.013982725145,-2.82385327817,-2.863884377479553
1841_CsPtNpF,-2.36620554718478,-2.687614965445235,-2.3491026163147852,-2.3895355463027954
1842_CsAgAgF,-1.8580418208549763,-2.0605851650199996,-1.8563239336149997,-1.8949821710586547
1843_CsMgSrF,-3.3139195779274244,-3.58386120797,-3.309969794765,-3.349868285655975
1844_CsScAgF,-2.9458015540550493,-3.184277772895001,-2.929882073415,-2.9728673696517944
1845_CsMnSrF,-2.9044937955922094,-3.3284948825800016,-2.9018404081067244,-2.9400796401089635
1846_CsMgAmF,,,,
1847_CsBeRaF,,,,
1848_CsTiDyF,-2.904951590231095,-3.2957398891450014,-2.9219621896816665,-2.972718024253845
1849_CsZnPbF,-2.514707122177913,-2.7336407184646787,-2.505768299114817,-2.547144043445587
1850_CsNaDyF,-3.2135623553703567,-3.5786941051450016,-3.326460862165,-3.3656944274902343
1851_CsVNpF,-2.488103459210232,-3.1047778606352354,-2.5033986330047853,-2.521322464942932
1852_CsCuAcF,-2.8432596305321,-3.0753962993675,-2.8328303814074998,-2.8728710889816282
1853_CsTiTmF,-2.9263544022351846,-3.318589544295,-2.9425295114566667,-2.9917449235916136
1854_CsMgEuF,-3.270564613671138,-3.557120656970001,-3.2682780146650003,-3.3066709995269776
1855_CsAgCdF,-2.1153375634859346,-2.3340631008100017,-2.10832960607,-2.149068307876587
1856_CsCrEuF,-2.7482268432091024,-3.2164857387600008,-2.753944325455,-2.7944457292556764
1857_CsScHgF,-2.868751881451442,-3.0819410800899987,-2.854165506365,-2.896796017885208
1858_CsNaYbF,-2.757127837271526,-3.595995664595,-3.34869186879,-2.9218393087387087
1859_CsCoPbF,-2.241013095707729,-2.6227525234199986,-2.263265490545,-2.2823239088058473
1860_CsFePbF,-2.2703408101509357,-2.6616387844075007,-2.2729212522575,-2.3031421422958376
1861_CsCaAgF,-2.6074216226051594,-2.83439760208,-2.600520157825,-2.637601137161255
1862_CsMnPbF,-2.457381187636277,-2.8462440013900023,-2.454052598736724,-2.4934341060704197
1863_CsAgHgF,-1.9047904828499103,-2.0963557720149995,-1.897079229365,-1.9384916603565217
1864_CsGeAmF,,,,
1865_CsTeVacF,-2.4715651692406277,-2.588527555818519,-2.4664076257759264,-2.5039871975227634
1866_CsPTlF,-2.1195001462410237,-2.3767332871785727,-2.2359617494509414,-2.276537606829689
1867_CsMgSmF,-3.0704923251579546,-3.472178792952499,-3.0568574786325002,-3.1026615619659426
1869_CsNaTbF,-3.20589227073494,-3.5838473796800017,-3.318806322421667,-3.3576164722442625
1868_CsNaLuF,-3.245772395462825,-3.630251646045001,-3.3575174570200006,-3.396945667266846
1870_CsPoVacF,,,,
1871_CsLiAcF,-3.264601228566005,-3.5103299379371267,-3.2576891660751905,-3.2982274174690245
1872_CsNiPbF,-2.141097221703365,-2.626103067400001,-2.165734267245,-2.1845563650131226
1873_CsThVacF,-3.4807458033506897,-3.67803165647778,-3.4690603945166663,-3.5059008333418102
1874_CsMoHgF,-2.005216262669399,-2.5221284389450007,-2.02713007927125,-2.056497555971146
1875_CsTiYbF,-3.1544907211572273,-3.306744146355,-2.9343600511566668,-3.206931447982788
1876_CsCrSrF,-2.7939733842323564,-3.24642682076,-2.7979523897250003,-2.832370340824127
1878_CsCoAuF,-1.7725693920563006,-2.1904565334300004,-1.7809247016950003,-1.8179415702819823
1877_CsCoSrF,-2.687785647244289,-3.1094238758100006,-2.7144575357550003,-2.7297648072242735
1880_CsFeSrF,-2.7188763478706623,-3.142870378497501,-2.7227571725974995,-2.752582323551178
1881_CsSbHgF,-2.256396926374271,-2.3728915691400005,-2.2460199833,-2.2834352791309356
1882_CsAsAuF,-2.0166389087150836,-2.118747186655,-1.9913437843400001,-2.0432012557983397
1883_CsAgInF,-2.3840410808037067,-2.60849776268,-2.3624386787550002,-2.4086582183837892
1884_CsCaCdF,-2.9514675626467013,-3.2022221565200026,-2.94384891988,-2.984570574760437
1885_CsGeSmF,-2.764635525078609,-2.9558764934574997,-2.7640394926175,-2.784715104103088
1886_CsPdHgF,-1.8979305604408527,-2.1072764873550027,-1.8852759838150004,-1.9260277569293975
1887_CsZnAmF,,,,
1888_CsNiAuF,-1.6509824374626423,-2.141936349860001,-1.6646244049149999,-1.6955238342285157
1889_CsRuHgF,-2.027734653086498,-2.235343694689999,-2.046683263785,-2.0605039417743685
1890_CsNbAgF,-2.3921753385971334,-2.626124579564288,-2.374409508715,-2.4150686025619508
1891_CsAgTaF,-2.490838837157721,-2.628121137619999,-2.484810185445,-2.5146048307418822
1892_CsNiSrF,-2.5930693009804036,-3.117521429060001,-2.619064450275,-2.633161890506744
1893_CsIrHgF,-1.9116326788376117,-2.0691884517749997,-1.9071470737449996,-1.9420080006122589
1894_CsNaAuF,-1.9642183998535419,-2.2764918804100005,-2.0693222045949997,-2.1150001764297484
1896_CsCrPbF,-2.353087363571956,-2.7726994991300016,-2.352380156525,-2.387038969993591
1899_CsNaGdF,-3.171898660988643,-3.536280775068556,-3.287000393881583,-3.320156526565552
1898_CsKCoF,-2.299703369469478,-2.7596151351900007,-2.343754577645,-2.3564999103546143
1900_CsFeEuF,-2.6801572183082842,-3.1101033687575024,-2.6838741540975,-2.711696743965149
1903_CsCrNpF,-2.4841140011261253,-3.034846258165234,-2.4807336092047856,-2.520197319984436
1904_CsTiNpF,-2.6680350124150856,-3.125478887555235,-2.687229657181452,-2.720901894569397
1905_CsPRbF,-2.1935110429237628,-2.592969210948573,-2.4295871161409415,-2.4680593825521924
1906_CsKNiF,-2.0893880585144307,-2.64250059128,-2.113265895855,-2.142416524887085
1907_CsKAsF,-2.5469476679275775,-2.673451137545001,-2.5373207092400003,-2.576874113082886
1908_CsZnSmF,-2.8877602675865437,-3.096508836747179,-2.887793493282317,-2.921019423007965
1909_CsVEuF,-2.8574925282905843,-3.3284904003099998,-2.863526463515,-2.896783185005188
1910_CsNFrF,,,,
1911_CsMnAmF,,,,
1913_CsTiHgF,-2.860879889062081,-3.0661275386849978,-2.8603543758416667,-2.8998805820941924
1914_CsCaTiF,-3.0848704754621132,-3.4015326500000014,-3.0859689951016667,-3.122975730895996
1915_CsCaPdF,-2.621843777031734,-2.88591279984,-2.6175785303250003,-2.6527827262878416
1916_CsNiEuF,-2.5593972304771686,-3.097834253310002,-2.5892520189349995,-2.593705677986145
1917_CsNaEuF,-2.9427782395790363,-3.3652022838600018,-3.077946019185,-3.097559690475464
1918_CsFeAuF,-1.9112485745857501,-2.3498765468575016,-1.8960713386575,-1.9446916580200195
1920_CsRhHgF,-1.9442946949909472,-2.1637933254250017,-1.957266664515,-1.976880294084549
1921_CsLiThF,-3.0528428057144428,-3.3012768983796263,-3.05331199170269,-3.080671417713165
1922_CsVSrF,-2.9062260726402545,-3.363009119029999,-2.907402157795,-2.9391618371009827
1923_CsEuPtF,-2.471875176758602,-2.7152871608800013,-2.456489205365,-2.5015074968338014
1925_CsCdHgF,-2.2123296389292024,-2.425656461715002,-2.1996765613600004,-2.2457817614078524
1926_CsCdYbF,-3.0345599124143865,-3.1818782329550004,-2.980153107655,-3.0762415170669555
1927_CsMnNpF,-2.497826574999711,-3.0462142467452367,-2.4965791776365096,-2.5308111297673195
1928_CsCrAmF,,,,
1929_CsKFeF,-2.4649906853149677,-2.917106437677501,-2.4607761383074997,-2.4965606212615965
1930_CsNaSmF,-3.1722491124580645,-3.5328132152525002,-3.2843633890224995,-3.322786474227905
1931_CsCuThF,-2.800152597756221,-2.950500059129999,-2.772773885745,-2.8127266645431517
1932_CsVPbF,-2.4520545819710042,-2.8740214824600003,-2.455424284945,-2.4869418859481813
1933_CsSrPtF,-2.457803783745601,-2.6942852497200023,-2.447538971905,-2.4926154732704164
1934_CsCdTmF,-2.987872357101276,-3.197024106974999,-2.986223340045,-3.0202411651611327
1936_CsMnAuF,-2.013095103461167,-2.4558013439100024,-2.001182253616724,-2.054101358611008
1935_CsNiNdF,-2.5144806483696245,-3.0523741245275007,-2.5516386270575,-2.5682289361953736
1937_CsZnNpF,-2.734603569836452,-3.011252260209912,-2.7454308033046018,-2.766012156009674
1938_CsMoAgF,-2.025445775122478,-2.53297495841,-2.0180814027912497,-2.0560907125473022
1939_CsCrAuF,-2.0844113210151933,-2.566697454450002,-2.074353027345,-2.1184886932373046
1940_CsCrSmF,-2.747663436264827,-3.184990835182501,-2.7366976022825,-2.7816571474075316
1941_CsFeNdF,-2.580314240784481,-3.0454064846050017,-2.5666983842899995,-2.5919477701187135
1942_CsCoNdF,-2.6595719078491475,-3.0861192226374996,-2.6647376298974996,-2.6935294389724733
1944_CsNaPmF,-3.163826678128078,-3.531437253952501,-3.27718174459,-3.3152976512908934
1945_CsNaCmF,,,,
1946_CsGaAuF,-2.257272587151363,-2.4665370464250005,-2.2346233844824996,-2.2849326848983766
1947_CsPtPbF,-2.018165145249202,-2.2106488704699983,-2.005427432075,-2.0563295125961303
1948_CsInHgF,-2.3196318248222614,-2.5158549785649997,-2.299174427985,-2.3436380445957186
1949_CsKMnF,-2.5305852877682655,-2.9883831024100003,-2.533434660686724,-2.569234787184617
1950_CsRuAgF,-1.9926539281318927,-2.252725553504999,-1.988637089745,-2.0232890844345093
1951_CsGeNpF,-2.5217180946777606,-2.821779584880235,-2.5350991964397855,-2.551411175727844
1953_CsVHgF,-2.344645399780109,-2.7855876445750027,-2.351243734365,-2.3834173023700713
1954_CsAgIrF,-1.9119731763313557,-2.13446612358,-1.8986637353950002,-1.9377521276474
1955_CsKCrF,-2.6446492412994647,-3.149810218810001,-2.650449657445,-2.6784127712249757
1956_CsNaAmF,,,,
1957_CsVAmF,,,,
1958_CsKGaF,-2.8147243240783952,-3.0470924377450004,-2.8045062542025,-2.848330044746399
1959_CsAgAuF,-1.770750460953548,-1.9464374065299979,-1.7608020782549996,-1.8032495975494385
1961_CsPtHgF,-1.88766556176646,,-1.9012911319749997,
1960_CsNaNdF,-3.1509475806663776,-3.519151639937502,-3.2622911691775003,-3.299663209915161
1962_CsMnDyF,-2.777930675703904,-3.2439975261650007,-2.776775653616724,-2.813113175589463
1964_CsNaInF,-2.6254274705360676,-2.9915116787000002,-2.7311448097350004,-2.7735131978988647
1965_CsMgNpF,-2.886569688649013,-3.2873540401452344,-2.8945065379247845,-2.9283305644989013
1966_CsTiAgF,-2.681179469755326,-2.942632627480002,-2.669166874891667,-2.708435606956482
1967_CsYbPtF,-2.5655198613117483,-2.834981298455,-2.59479677678,-2.6051450252532957
1968_CsPKF,-2.3234860399673725,-2.6012572606385715,-2.449125339880941,-2.488760564440773
1969_CsRhAgF,-2.0078125813911702,-2.250257825850001,-2.0047239542149997,-2.033944535255432
1970_CsVAuF,-2.153522858948543,-2.5953387737200018,-2.1540256500249995,-2.2043458938598635
1971_CsVSmF,-2.68203977140887,-3.2519622325824997,-2.6806642770825,-2.7109145402908323
1972_CsMgNdF,-3.079718087048366,-3.4421353816974998,-3.0645860552875,-3.1037829875946046
1973_CsPtAmF,,,,
1974_CsNaPrF,-3.1366016367386127,-3.5063022136699997,-3.2483841657749997,-3.2853989601135254
1975_CsAgLuF,-3.002595672936275,-3.245631742475001,-2.9878687143400002,-3.030758595466614
1976_CsTiCdF,-2.8122707843095407,-3.00671725273,-2.8110975503966666,-2.8443359375
1977_CsZnDyF,-2.9285901525924944,-3.133898210529678,-2.929837179194817,-2.9625163197517397
1978_CsPAuF,-2.084146092266872,-2.389967616398573,-2.200634529480941,-2.248407790774391
1979_CsPdCdF,-2.1163120279024388,-2.365606069560002,-2.10466310979,-2.144954776763916
1980_CsCuPaF,-2.6923133233497882,-2.8562762737300007,-2.681994581235,-2.7128060102462768
1981_CsVYbF,-2.9997012892673753,-3.2923816204050014,-2.7342276811599997,-3.035011625289917
1982_CsGaHgF,-2.3725163320015215,-2.5750934124,-2.3526174545325,-2.3981891214847564
1983_CsAgYbF,-2.697118286223247,-3.2049975872050025,-2.97625496388,-2.7392406463623047
1985_CsCaYbF,-3.5370780268619795,-3.553323268895002,-3.2273809671500002,-3.5741100549697875
1986_CsKVF,-2.7175262907455706,-3.1739860534599997,-2.731042003635,-2.7631476879119874
1987_CsNaPuF,-2.978717682690456,-3.41946444510875,-3.107887578020625,-3.1295100688934325
1988_CsGeNdF,-2.747755298943355,-2.9333281993825,-2.7438105344825,-2.76181423664093
1989_CsCaHgF,-2.7182836869667315,-2.9384680747950016,-2.707993364335,-2.751720291376114
1990_CsSmPtF,-2.5754236558388017,-2.790042257312501,-2.5416468858825,-2.583270001411438
1991_CsCdDyF,-2.964843792648151,-3.1731582164750023,-2.96270039082,-2.996318483352661
1992_CsMnHgF,-2.19146118636789,-2.5938849925950023,-2.180679161796724,-2.2283570932930914
1993_CsCuLaF,-2.870353732437923,-3.100455427166838,-2.8582566261407956,-2.9011922121047973
1994_CsPaVacF,-3.361560249694006,-3.602696471744445,-3.3470568392166666,-3.39227032661438
1995_CsCuBiF,-2.259740076393917,-2.4421412944825023,-2.250427627575,-2.2928429365158083
1996_CsCaPtF,-2.480206880898311,-2.726328945169999,-2.468159413345,-2.5152460098266602
1997_CsBeBaF,-3.0451008358906053,-3.318250608449999,-3.037608492385,-3.0777365922927857
1998_CsLiPaF,-2.999233982891872,-3.2712239503896257,-2.9801642179626904,-3.0194623112678527
2000_CsPdAgF,-1.9015516379783892,-2.1075715541799993,-1.8963200807750002,-1.9324969053268433
2001_CsPdThF,-2.7981318095634724,-2.9931056499500017,-2.786614155785,-2.823084855079651
2002_CsCoNpF,-2.4144098857353478,-2.9682260036452335,-2.4375490427047852,-2.4538970232009887
2003_CsCrTmF,-2.8123683551262166,-3.2438596248650002,-2.8031206369499997,-2.8480883836746216
2004_CsCuUF,-2.5925698617409014,-2.9054973125499997,-2.5815213680349998,-2.615776038169861
2006_CsZnNdF,-2.8669866720150257,-3.079208040232179,-2.8670491695473173,-2.898629343509674
2007_CsTiEuF,-3.0201784073621374,-3.3447648525300027,-3.026771092421667,-3.0679641008377074
2008_CsAgTmF,-2.993734202713802,-3.2143069744049995,-2.9796896219400004,-3.0222177267074586
2009_CsNaNpF,-2.9061218002746845,-3.4176936626452346,-3.0340432405547855,-3.0637039661407472
2010_CsNaCeF,-3.129432306618526,-3.5258189678200025,-3.247215104115,-3.2732965469360353
2011_CsCaTmF,-3.235036800236537,-3.614558315274999,-3.23937580586,-3.264577293395996
2012_CsLiLaF,-3.2889583805511733,-3.529709744456464,-3.281822228438486,-3.322540056705475
2013_CsBRbF,-2.4405588447362527,-2.797567001987501,-2.5486248533066664,-2.5825150052706403
2015_CsCaVF,-2.924476251931026,-3.388729572290001,-2.9231096506149994,-2.9562793731689454
2016_CsVAgF,-2.337333474488094,-2.8008058071099997,-2.346138310445,-2.3838855504989622
2017_CsMgDyF,-3.0584817746589925,-3.4879708766950017,-3.065892207635,-3.0997260093688963
2018_CsLiBiF,-2.6683612326095845,-2.8558758974121274,-2.6591964006526907,-2.7004368901252747
2019_CsRhAuF,-1.832934890122249,-2.0500901699000025,-1.822897243515,-1.859306764602661
2020_CsAgTlF,-2.1088247636268878,-2.2951934337599993,-2.089853358285,-2.1352356910705566
2021_CsAlTlF,-2.9484775880287435,-3.18964147568,-2.933872580545,-2.9724151611328127
2022_CsFeHgF,-2.0265911558578753,-2.462436819072502,-2.0220163822174997,-2.0612012684345244
2023_CsLiUF,-2.9842417696426655,-3.345316815379627,-2.9848149061226907,-3.0213409543037413
2024_CsCrYbF,-2.8828513422916675,-3.225834417345001,-2.79495003224,-2.926905965805054
2025_CsSrPdF,-2.6016343215416216,-2.857532739640001,-2.600144124045,-2.632801115512848
2026_CsTiSrF,-3.0698395668775182,-3.3777943134300017,-3.0689412355516668,-3.1062034249305723
2027_CsMnNdF,-2.7147878276890722,-3.185811567307502,-2.718224628229224,-2.7505251037663427
2028_CsTiAuF,-2.6215291559011087,-2.8177197933200007,-2.6058273315516667,-2.655373382568359
2029_CsAuHgF,-1.7911113956878926,-1.9555860042549995,-1.7797994852049999,-1.8222199022769927
2030_CsNiBaF,-2.5458795169304156,-3.0675936222100004,-2.5755030751300003,-2.587265229225159
2031_CsAgErF,-2.981339011521175,-3.2108027935000023,-2.9685105562316667,-3.0109816789627075
2033_CsNaPdF,-2.1062404969642903,-2.4442986965200006,-2.223739743245,-2.252459764480591
2034_CsNaSbF,-2.511291323036983,-2.7962022304550005,-2.62227060796,-2.6601995468139648
2035_CsCuNpF,-2.6040999153564717,-2.974972867965235,-2.599772405634785,-2.640628790855408
2036_CsUVacF,-3.254745706287837,-3.555069552522225,-3.2522046036277774,-3.284432119793362
2037_CsCuCeF,-2.8222092965553545,-3.099571561810002,-2.813771295555,-2.8535916566848756
2038_CsKRhF,-2.3848471144150043,-2.6245145797700005,-2.391972923295,-2.411966896057129
2039_CsFeBaF,-2.671087918610408,-3.0944608211575,-2.6762363553125,-2.7036327600479124
2040_CsNaUF,-2.867717824311092,-3.341641569130002,-2.9913262605749997,-3.0257702350616453
2041_CsCoBaF,-2.6411452988098407,-3.0598653316500006,-2.67025491,-2.683142590522766
2042_CsIrAuF,-1.7295274117897297,-1.9291471004500012,-1.7117550849950003,-1.7559389114379882
2043_CsTiPbF,-2.626484006574784,-2.8930135250099993,-2.6317857504016664,-2.6715631246566773
2044_CsKTiF,-3.053768044641648,-3.31289997101,-3.0476557731716665,-3.0872090816497804
2045_CsNaBiF,-2.55719276461108,-2.861282682412502,-2.668616843235,-2.7059728145599364
2046_CsYAgF,-2.9575349191139484,-3.2026479244150012,-2.95827610494,-2.9841821432113647
2047_CsCdNpF,-2.7593058863590505,-3.047979307175237,-2.7735851526397854,-2.792326831817627
2048_CsPdPbF,-2.1627099374244954,-2.375930356980001,-2.155871558205,-2.1945257902145388
2050_CsRuAuF,-1.8111340859840657,-2.046811437605001,-1.8071636200049999,-1.845707893371582
2049_CsTmYbF,-3.290288666815593,-3.4490193843899988,-2.952324891095,-3.342028570175171
2051_CsAgHoF,-2.9755409975161498,-3.20161204338,-2.9624087572183333,-3.0046239932378134
2052_CsLuHgF,-2.9228344539116167,-3.140826177600002,-2.91311459542,-2.9542851746082306
2053_CsNaLaF,-3.1742951491783407,-3.528179883956838,-3.2868656873807964,-3.325699043273926
2054_CsZnTmF,-2.951227102608516,-3.1546604633296793,-2.9517297267998166,-2.9855093598365783
2056_CsBTlF,-2.3472998677999124,-2.5650461355874996,-2.3448230187266668,-2.377158848444621
2058_CsNiHgF,-1.8625484565208699,-2.361834573745,-1.8859647274050002,-1.9067687809467315
2057_CsCuPuF,-2.681926796765163,-2.9934794902787503,-2.677614545830625,-2.713712954521179
2059_CsLiNpF,-3.020243964524105,-3.418028759954859,-3.0261708021224756,-3.059412395954132
2060_CsLiCeF,-3.2435903051803847,-3.521646618839628,-3.2396898031326904,-3.268731081485748
2061_CsNaAgF,-2.004480085701778,-2.3310136318100008,-2.118494343775,-2.157642936706543
2062_CsGaAgF,-2.4353730061958574,-2.6650445461250016,-2.4148578405525,-2.4630067348480225
2063_CsAsHgF,-2.156417570442989,-2.2540796756700017,-2.13974289895,-2.1817312061786653
2064_CsAlRbF,-3.0401597360084796,-3.421072864540001,-3.1403069377049997,-3.18107293844223
2066_CsCoDyF,-2.717278979153469,-3.1393933773050025,-2.725652241715,-2.7545538663864138
2067_CsCoHgF,-1.9554928878258013,-2.360034322735001,-1.984034585955,-2.0096342861652374
2068_CsNaScF,-3.1844079354713704,-3.5622036457050017,-3.2950943231650003,-3.3352405071258544
2070_CsCaCrF,-2.811631737084224,-3.2714713096600008,-2.815407013905,-2.8492448806762694
2071_CsCrAgF,-2.26252928766711,-2.76921648979,-2.262124943745,-2.2959935903549193
2072_CsYbHgF,-2.804375413985088,-3.103820562370001,-2.90393958092,-2.8440858900547026
2073_CsCuRbF,-2.167128382057979,-2.5444921016699995,-2.281447803985,-2.3152547240257264
2074_CsMoAuF,-1.8408570447872425,-2.319609975810002,-1.82017078400125,-1.8721000671386718
2075_CsKRuF,-2.371206901402309,-2.6274507522549997,-2.3768500328150006,-2.404363584518433
2076_CsNaPaF,-2.8954592326591753,-3.2733165264099995,-2.9978652238950003,-3.0334535121917723
2077_CsKIrF,-2.293418953747585,-2.51455936432,-2.2925209045450003,-2.3221004009246826
2078_CsMnAgF,-2.1634237396306006,-2.63519873619,-2.166290672086724,-2.20570217247667
2079_CsAgDyF,-2.968875131935909,-3.1897712230650015,-2.9560632944250003,-2.9979631662368775
2080_CsLiPuF,-3.0929939130256914,-3.420376324658375,-3.1001162290683157,-3.125838005542755
2082_CsCuPrF,-2.8315400341461445,-3.0775523662599995,-2.818756961835,-2.859305214881897
2081_CsZnHgF,-2.2405095079849504,-2.468984651569677,-2.228367686274817,-2.2742617785930634
2083_CsGeTmF,-2.829208622307613,-3.013281965259999,-2.825292849545,-2.852170205116272
2086_CsCuNdF,-2.8445074180076864,-3.0909862041475007,-2.8306921482175005,-2.873054099082947
2084_CsZnYbF,-3.057241050333812,-3.1433216571796807,-2.947620248799817,-3.0949082255363463
2087_CsCaDyF,-3.2256782630394243,-3.5978579521149996,-3.224036145215,-3.25430588722229
2089_CsKMoF,-2.404237500758007,-2.905249595640002,-2.4015446663012496,-2.435575246810913
2091_CsTiAmF,,,,
2090_CsMgBaF,-3.2688180783699297,-3.536258077620002,-3.26591823102,-3.3046475887298583
2092_CsBFrF,,,,
2093_CsGeYbF,-2.9689517775486256,-3.004907941820001,-2.8254169225749997,-3.011693811416626
2094_CsCaMnF,-2.9228449689930884,-3.3558327674900013,-2.9199061467867247,-2.9580821859425512
2095_CsCdPtF,-1.970687402219608,-2.2015864849100013,-1.95800850392,-2.0081851959228514
2096_CsGeHgF,-2.179309938282802,-2.312974500659999,-2.1650148391800004,-2.2111012279987334
2097_CsLiPrF,-3.250403104157283,-3.505811810489628,-3.2425773859126905,-3.281404936313629
2098_CsMgTmF,-3.0776778319786335,-3.5024190425850024,-3.0872804522599995,-3.119966745376587
2099_CsAgTbF,-2.9607569634229285,-3.19355120659,-2.9475348075316665,-2.9896307706832888
2100_CsHgTlF,-2.084846202463939,-2.250220632554999,-2.0670081138650005,-2.1161128103733065
2101_CsCoTlF,-2.093961236805751,-2.525012731550001,-2.1226396322350003,-2.142358160018921
2102_CsCuAmF,,,,
2103_CsLiNdF,-3.2636635282943987,-3.5167783021871273,-3.2552842855551902,-3.294561779499054
2104_CsGeBaF,-2.8195009568641924,-2.9832278728450006,-2.8171924233550003,-2.8502490282058717
2105_CsAsTlF,-2.334523949951961,-2.445970010765001,-2.32193810941,-2.359407091140747
2106_CsNiTlF,-1.9505110362480427,-2.449717950820002,-1.9709080457849997,-1.9885878086090087
2107_CsTiSmF,-2.878101617029343,-3.2701058864625026,-2.8924165964191664,-2.9408349275588987
2108_CsErHgF,-2.901874468655422,-3.108557653425001,-2.8954978466116668,-2.934240847826004
2109_CsVNdF,-2.683986649842098,-3.2156749248475025,-2.6601423502075,-2.7066904306411743
2110_CsCuBaF,-2.651161656708553,-2.9134032726300005,-2.6458014846,-2.6817464590072633
2111_CsMgYbF,-3.4074189701984663,-3.4755239009850016,-3.0736052394,-3.4434944868087767
2112_CsCaZnF,-2.971354363293483,-3.236811637874678,-2.9664193630348166,-3.006538140773773
2113_CsCeVacF,-3.3279910197203186,-3.5324772199000005,-3.32702533405,-3.360100189844767
2114_CsVCdF,-2.4117147395323064,-2.867487478250001,-2.40883848668,-2.445672035217285
2115_CsNaNbF,-2.6339026072929643,-3.003485877174286,-2.7409187555349996,-2.7852698802947997
2116_CsMgHgF,-2.5892355063865926,-2.8296414852150007,-2.578391373165,-2.623466020822525
2117_CsCuPmF,-2.8583060244034075,-3.1024783611325004,-2.84402709008,-2.8886309385299684
2118_CsAgPtF,-1.8359556058357502,-2.0153048992199984,-1.8190838098650002,-1.862357497215271
2119_CsCuCmF,,,,
2120_CsNpVacF,-3.195741439231054,-3.5471968650835937,-3.200391689949761,-3.226346572240194
2121_CsNaTaF,-2.573242103587622,-2.933866834640001,-2.675059437765,-2.722011613845825
2122_CsBeNdF,-2.8362539330433156,-3.2217322826374994,-2.8160370588425003,-2.8567933320999144
2123_CsLiAmF,,,,
2124_CsAgGdF,-2.9276579240272786,-3.144733381268554,-2.914635205281582,-2.952970004081726
2125_CsDyYbF,-3.275729636282756,-3.4441613674200027,-2.96584684849,-3.336092948913574
2126_CsYHgF,-2.876736036867931,-3.10106959343,-2.8863082408999996,-2.907683163881302
2127_CsNbAuF,-2.4021363833854936,-2.553943068634285,-2.3985989570650004,-2.4384159088134765
2128_CsZnBaF,-2.9130333164642597,-3.167623949054679,-2.908494794379817,-2.9478147149086
2129_CsNdPtF,-2.5541623691032673,-2.7733380794575,-2.5209647417175,-2.5600815057754516
2130_CsTaAuF,-2.5460884924044556,-2.703354787819998,-2.536783981325,-2.5796555519104003
2131_CsHoHgF,-2.8959265847315736,-3.098156881335001,-2.8892194271183333,-2.9276001115640002
2132_CsCaGeF,-2.890556917519405,-3.0632447242750005,-2.8827666044300004,-2.9227721214294435
2133_CsCuHgF,-1.9953747728775286,-2.2338634014150016,-1.987985396395,-2.0316321671009065
2134_CsLiCmF,,,,
2135_CsCaCuF,-2.704983816475704,-2.9803463935900014,-2.7008997440449996,-2.7368165493011474
2136_CsAsAgF,-2.182926998467281,-2.3109207630149995,-2.16455233098,-2.210128378868103
2137_CsLiPmF,-3.2747369388054155,-3.5266728639621276,-3.268871378907691,-3.3091044545173647
2138_CsCuSmF,-2.865064869255855,-3.1073501110124995,-2.8513746738525003,-2.8955723524093626
2139_CsCoTmF,-2.738737199635341,-3.160714101795,-2.74773666859,-2.776155686378479
2140_CsAgEuF,-2.7259161094139364,-2.99010691643,-2.728788685805,-2.7602895498275757
2141_CsAlHgF,-2.714828125567272,-2.9447192192049996,-2.6958820819950002,-2.739091616868973
2143_CsCoRbF,-2.1749360063980365,-2.751427030570001,-2.3257479548549997,-2.341421973705292
2144_CsFeTlF,-2.2463791707466387,-2.678193426137503,-2.2382596731274997,-2.2732372760772703
2145_CsKNbF,-2.7591603258560444,-2.9873869487242857,-2.7506450653150005,-2.794093465805054
2146_CsNiRbF,-1.9593215325783038,-2.6315277576500007,-2.093136775505,-2.1214395403862
2147_CsMnBaF,-2.8543106662816013,-3.2744960308100017,-2.853686518921724,-2.889505015570542
2148_CsCaNpF,-3.0212152460525776,-3.3834486961352352,-3.026063179984785,-3.0607497215271
2150_CsKTaF,-2.6998637433161683,-2.91792354584,-2.685074138645,-2.732504892349243
2151_CsAsRbF,-2.4144867995689654,-2.661852693565001,-2.51562260391,-2.5543628573417663
2152_CsDyHgF,-2.889204833836391,-3.086439657210002,-2.881967592245,-2.9211914360523226
2153_CsNiTmF,-2.5952312329719804,-3.1276373386349987,-2.6332201242499997,-2.6537051439285277
2154_CsMgCaF,-3.32327877077563,-3.5991469383300014,-3.3194387316849996,-3.359650158882141
2155_CsPuVacF,-3.205745562283015,-3.483524481454165,-3.2112841341340275,-3.231002516216702
2156_CsLiSmF,-3.2829421976516984,-3.526489377022128,-3.2755853414601903,-3.3158448338508606
2157_CsCoYbF,-2.7885591665218614,-3.129256582265002,-2.743420434,-2.824231004714966
2158_CsCuEuF,-2.745761571259334,-3.01566233635,-2.742583417905,-2.7860590696334837
2159_CsFeYbF,-2.808220128149822,-3.1023408412924995,-2.6415302515125,-2.8495543956756593
2160_CsCrCdF,,,-2.31028196813,-2.3446281433105467
2161_CsAgSmF,-2.925988350243404,-3.1433288097325005,-2.9131017923424998,-2.953929877281189
2162_CsNiYbF,-2.6891374388645435,-3.104430246355001,-2.63211510182,-2.729635000228882
2163_CsPdAcF,-2.7368930915306353,-2.9551097393075025,-2.7246011018875,-2.7651018381118773
2164_CsNaMoF,-2.2748754063556933,-2.91801981925,-2.3895005464612504,-2.425418424606323
2165_CsMnTlF,-2.317091833311936,-2.765975523000003,-2.3222600534167244,-2.352005802351853
2167_CsCuGdF,-2.8680150369118,-3.0985267162285566,-2.852095937741582,-2.8962344884872437
2168_CsCrBaF,-2.7482238152931475,-3.197326040270002,-2.75167495013,-2.7832571268081665
2169_CsScAuF,-2.7635892966697955,-2.983211374275001,-2.744734668735,-2.793157196044922
2170_CsCrTlF,-2.4221199372719076,-2.9085092067700002,-2.426211237915,-2.4534182071685793
2172_CsLiEuF,-3.055106423230007,-3.3582284212096285,-3.0687365293626905,-3.091490089893341
2173_CsFeRbF,-2.3347554543922686,-2.9024516582575,-2.4385722041275,-2.4753250002861025
2174_CsSrAgF,-2.5866232016990924,-2.8036600589700016,-2.5790032625349997,-2.616319477558136
2175_CsAgPmF,-2.9186607817123678,-3.140709257122501,-2.9050523042799994,-2.946401762962341
2177_CsCdEuF,-2.900208813876941,-3.146147108080001,-2.88899443151,-2.928700256347656
2178_CsAgCmF,,,,
2179_CsGaTlF,-2.5979160407493853,-2.809174299245001,-2.5814221620725,-2.6233103036880494
2180_CsAmVacF,,,,
2181_CsNaIrF,-2.1576868871162675,-2.5174136638699993,-2.271908593185,-2.3049970149993895
2182_CsNaRuF,-2.235630569786861,-2.6294467449150005,-2.355630040185,-2.387983465194702
2183_CsMnCdF,-2.415246750671288,-2.844641637800001,-2.410906894461724,-2.4529447424000708
2184_CsPrVacF,-2.8802287555745734,-3.2260629336,-2.857616927894444,-2.907976229985555
2185_CsCmVacF,,,,
2186_CsLiGdF,-3.2808618048141738,-3.529494595528182,-3.276443934449272,-3.3120319485664367
2187_CsCaCoF,-2.7023434141586566,-3.129515361790001,-2.725995564465,-2.7424973487854003
2188_CsKScF,-3.3163236597488663,-3.5544947624149996,-3.310676956185,-3.3502149105072023
2189_CsAgAmF,,,,
2191_CsCaFeF,-2.733435998291805,-3.1669718742375013,-2.7381064653475002,-2.7679481506347656
2193_CsGdHgF,-2.8483152547786976,-3.0449265956835547,-2.8452941417715825,-2.8777863323688506
2194_CsCuTbF,-2.8977058350354774,-3.1459193706500015,-2.8834078629916666,-2.928123450279236
2195_CsSrCdF,-2.929472948045566,-3.1681780338300016,-2.92116587163,-2.9624416708946226
2196_CsKAgF,-2.1332937458465837,-2.315018463130001,-2.129083156595,-2.169099807739258
2197_CsSbAuF,-2.107946334214046,-2.2289821147949995,-2.08958253861,-2.1363104343414308
2199_CsAgPbF,-2.196248374314144,-2.3732020854900013,-2.1832700491050003,-2.2301388025283813
2200_CsCaNiF,-2.6052869180153158,-3.1352592468300005,-2.6290918588749994,-2.643776512145996
2201_CsZnCdF,-2.463510383100345,-2.721529626844679,-2.454875326169817,-2.4981887221336363
2202_CsNaTiF,-2.9203766047269446,-3.3156192302700007,-3.0301902055816665,-3.0690009593963623
2203_CsMnRbF,-2.4005214559620827,-2.9750802516999997,-2.5136122420067237,-2.5476897942608803
2204_CsAgNdF,-2.904588589997127,-3.1273906230875,-2.8901895761575,-2.930168795585632
2205_CsCrRbF,-2.514125976891353,-3.1380637645700005,-2.629607188715,-2.6575521349906923
2206_CsNaRhF,-2.2476892093132284,-2.6253959178900006,-2.370199036615,-2.392708587646484
2207_CsAlAgF,-2.782356391281917,-3.0378342628400006,-2.761829590815,-2.807941746711731
2209_CsEuHgF,-2.7033855656097674,-2.920961141585002,-2.7014829158850002,-2.7364250004291533
2210_CsLiTbF,-3.3133575736791236,-3.573342633249628,-3.3067552646093574,-3.34744530916214
2211_CsCuDyF,-2.9049846986244465,-3.142986249925002,-2.8902002811550003,-2.9356875658035277
2212_CsAgPrF,-2.8897218922088888,-3.112159299849999,-2.876395487795,-2.915594792366028
2213_CsNaAcF,-3.147634039254024,-3.504768705367502,-3.2603369951375,-3.298273229598999
2214_CsGaRbF,-2.6861802676628375,-3.0376157283850005,-2.7845705390125,-2.828444445133209
2215_CsVBaF,-2.856228123040035,-3.3116607189100007,-2.86259070635,-2.8898197412490845
2216_CsKSbF,-2.6359852531860613,-2.777805328365001,-2.63154144288,-2.6683082580566406
2217_CsVTlF,-2.492081246704891,-2.9351653575900003,-2.507054591185,-2.5376617908477783
2218_CsKPdF,-2.2369790056656145,-2.43811416626,-2.243465900435,-2.2661425113677978
2219_CsCdPbF,-2.4833387741754795,-2.6841968059500005,-2.4731140852099998,-2.515319299697876
2220_CsZnAgF,-2.1426463106582903,-2.3767580509146784,-2.1388639927048168,-2.179368317127228
2221_CsCuCdF,-2.202907849283054,-2.4694497585299997,-2.19719109537,-2.2400805950164795
2222_CsGeCdF,-2.3926678666780736,-2.5559751033750002,-2.380726122865,-2.4254117012023926
2223_CsNRbF,-1.4464940646599078,-1.6858165264199996,-1.555287730708672,-1.5980178713798523
2224_CsSmHgF,-2.8458894113014486,-3.0407113552075002,-2.8400005817425003,-2.877488499879837
2225_CsLiDyF,-3.3200422504852556,-3.5665017366446263,-3.31349580288269,-3.35466228723526
2226_CsTiNdF,-2.878000897100602,-3.239688634867501,-2.875123810774167,-2.9245193719863893
2227_CsBaPtF,-2.4055981019447588,-2.6364808559500004,-2.39618722201,-2.4415811777114866
2229_CsCuHoF,-2.9108064670672364,-3.149262189860002,-2.8953456401983333,-2.9417197306950884
2230_CsBeSmF,-2.760378913016155,-3.246712827682501,-2.7223767042275,-2.7768869638442992
2231_CsMgCdF,-2.815011144609287,-3.0842715740200006,-2.8078416705199998,-2.8499228715896607
2232_CsGeAgF,-2.2272269109199785,-2.3882604122150015,-2.2114349126899997,-2.256129336357117
2233_CsCuAgF,-1.9552416423271441,-2.2055413723000017,-1.9524306774249998,-1.991956067085266
2234_CsCuYF,-2.8931500056694293,-3.1502660274549994,-2.89109969141,-2.9219073057174683
2235_CsPmHgF,-2.8389009395550038,-3.0343915462474995,-2.83258852959,-2.8700385868549345
2236_CsAgNpF,-2.6672025421570087,-3.0160113811452334,-2.6673672914647852,-2.699963641166687
2237_CsHgCmF,,,,
2238_CsVRbF,-2.5847802260826374,-3.1611020565000016,-2.708893764025,-2.741697299480438
2239_CsCdAmF,,,,
2240_CsAgCeF,-2.882838950486019,-3.13399386406,-2.872387909905,-2.9100990533828734
2241_CsLiHoF,-3.32571896506452,-3.5779366731596283,-3.3193499326860234,-3.360246606667836
2242_CsCuErF,-2.9155996421287798,-3.1566600322699996,-2.9003217220416664,-2.9471126794815063
2243_CsPdPtF,-1.738645968766048,,-1.7186918497150003,-1.7732776880264283
2245_CsNTlF,-1.3981622079323077,-1.5722249507900017,-1.3839703321586723,-1.4197727680206298
2244_CsLiYF,-3.3085660437057753,-3.577868580814626,-3.315418314947691,-3.3412032246589662
2246_CsTiPtF,-2.409788244894181,-2.6393186092400014,-2.3884285211616665,-2.435704731941223
2247_CsMgAgF,-2.4719646790931966,-2.7078380107800015,-2.463288772115,-2.5058876991271974
2248_CsNaVF,-2.581172881455257,-3.174355459210001,-2.712000203135,-2.7448689937591553
2249_CsBeAmF,,,,
2250_CsRhTlF,-2.1699072459648394,-2.389306402209999,-2.168807959575,-2.191463756561279
2251_CsHgAmF,,,,
2252_CsCuTlF,-2.1194714644859576,-2.345486402520001,-2.111820697795,-2.1503881454467773
2254_CsTiTlF,-2.8324618994504553,-3.0760766506200015,-2.822123408331666,-2.8625757694244385
2255_CsNiRaF,,,,
2256_CsCdSmF,-2.922490395040348,-3.1325385570525013,-2.9183053255175,-2.9534955978393556
2257_CsInAuF,-2.2043778160522725,-2.40916171074,-2.181644606595,-2.2295995950698853
2258_CsCaEuF,-3.3913557151268265,-3.6510333061300004,-3.384593415275,-3.4231435775756838
2259_CsLiErF,-3.3308593014190935,-3.5833508729896266,-3.3238274335993574,-3.365523970127106
2260_CsBKF,-2.561609762838517,-2.794971720377501,-2.5600339571666666,-2.5933994452158613
2261_CsCuTmF,-2.9269228080223346,-3.1624896526350015,-2.9108934879399997,-2.957478976249695
2262_CsTiVF,-2.5365559756070715,-3.06039996147,-2.5540663957616667,-2.576564908027649
2264_CsCoCdF,-2.1844535598467134,-2.6140899181300012,-2.2135020494599997,-2.234398937225342
2263_CsNdHgF,-2.8249510327289844,-3.023915624612502,-2.8191765308475003,-2.8543202221393584
2266_CsFeRaF,,,,
2267_CsLiTlF,-2.450414107174709,-2.660131955149626,-2.43696863652269,-2.4844129920005797
2268_CsFeCdF,-2.222282666892841,-2.6576728343974994,-2.2277194261625,-2.2607610702514647
2269_CsCoRaF,,,,
2270_CsPrHgF,-2.8104666808555865,-3.009938573835001,-2.804022502905,-2.839952212572098
2271_CsKInF,-2.7539150932739522,-2.9778633117699997,-2.743904948235,-2.786110281944275
2272_CsIrTlF,-2.072999415726497,-2.2775308132200025,-2.064998412135,-2.097100114822388
2273_CsAgBiF,-2.3144579747627523,-2.476160764692503,-2.3013797521750003,-2.342419409751892
2274_CsRuTlF,-2.1516868451545976,-2.3923463344550013,-2.1539894819350005,-2.18034405708313
2275_CsCaSrF,-3.4332311013649246,-3.6791181564400004,-3.4276916742449997,-3.4666075110435486
2276_CsBePbF,-2.6291793623874926,-2.868332624439998,-2.62420771123,-2.661590075492859
2277_CsLiTmF,-3.3415437677810926,-3.584427380564628,-3.3334298849176904,-3.3750945210456846
2278_CsNiCdF,-2.087727535695865,-2.6158710956500015,-2.11532499791,-2.133285140991211
2279_CsNaGaF,-2.671996937126949,-3.0401620388050006,-2.7787639379624998,-2.822185444831848
2280_CsBAuF,-1.9931371151715858,-2.1950864950774998,-1.9793913523466666,-2.0253275553385417
2281_CsAgLaF,-2.928200970024898,-3.136803388586837,-2.9153462171707956,-2.9567230463027956
2282_CsCuYbF,-2.792236546606853,-3.1498721599649997,-2.9137824535499997,-2.832718753814697
2283_CsCoAgF,-1.9256995418976093,-2.380712842940001,-1.9546749353550001,-1.9812351942062378
2284_CsRbRhF,-2.254582796425655,-2.61144061089,-2.3691120982350005,-2.39067519903183
2285_CsNaCrF,-2.504514251084163,-3.14499316215,-2.625804829605,-2.6561110973358155
2286_CsFeAgF,-2.0879600623558305,-2.5438247203775006,-2.0778377771475,-2.118767523765564
2287_CsNaMnF,-2.3901006090229955,-2.9906575679699996,-2.5105365827267243,-2.5485871660298316
2288_CsEuYbF,-3.4596359291981003,-3.501615285875002,-3.19880859853,-3.5027631282806397
2291_CsHgPuF,-2.8180210689018512,-3.0464543819437493,-2.827802419670625,-2.848345547914505
2290_CsCaPbF,-2.9845956901024127,-3.1955725669899975,-2.979148936285,-3.0162987232208254
2292_CsMoTlF,-2.1777922192524217,-2.665488195419999,-2.17844378949125,-2.206749963760376
2293_CsTiRbF,-2.9214938341886145,-3.300205183030002,-3.0239938616816664,-3.0650651812553407
2294_CsCuLuF,-2.9343204120109823,-3.1866031169950007,-2.9174639225099996,-2.9643680810928346
2295_CsPHgF,-2.055024207563236,-2.3186426957435713,-2.1751338027809415,-2.2198066986742475
2296_CsNiAgF,-1.7700047353218342,-2.30699734687,-1.795131230365,-1.8151403188705444
2297_CsPdPaF,-2.6759993174980425,-2.893896818159999,-2.6729211092149994,-2.7239561319351195
2298_CsBeSrF,-3.0747848549793506,-3.3479849338600003,-3.0675475835899997,-3.107373869419098
2299_CsLiYbF,-2.881085197062328,-3.577287793164629,-3.3338148832376904,-2.9328503966331483
2301_CsPdLaF,-2.7656387666176103,-2.9827933788368357,-2.7543688535807958,-2.794694018363953
2302_CsLiLuF,-3.347811529965236,-3.6127492189446286,-3.340070128447691,-3.381621611118317
2303_CsRbIrF,-2.1624838927696493,-2.5015662670199985,-2.268615996845,-2.299719989299774
2304_CsHgNpF,-2.803925592632129,-3.0982633113902325,-2.8200141429947854,-2.8438954174518587
2305_CsCeHgF,-2.9396640786836885,-3.1070996761350016,-2.9421772480049997,-2.96706183552742
2306_CsSrYbF,-3.512037424177959,-3.5197201252050023,-3.23205616475,-3.5524213671684266
2307_CsEuTmF,-3.2271624186943315,-3.556858205795001,-3.23061773778,-3.2479220628738403
2308_CsMgRaF,,,,
2309_CsSrHgF,-2.6943221071670793,-2.901060914995,-2.683639097215,-2.727049654722214
2310_CsRbRuF,-2.239825520844295,-2.6147201061250014,-2.354549205315,-2.382319247722626
2311_CsCuAuF,-1.8383921006630206,-2.04475131035,-1.8222549676950002,-1.8720752239227294
2312_CsBeEuF,-3.029954413504436,-3.3244433879900015,-3.0275659322800004,-3.0668621301651
2314_CsNaFeF,-2.324376402230098,-2.9210319042175,-2.4407219171575,-2.475828695297241
2315_CsPdUF,-2.5896303990791583,-2.8764476299300012,-2.585049366965,-2.6320294618606566
2316_CsHgPbF,-2.255250666470363,-2.4256902217850014,-2.243386077885,-2.2874372780323027
2317_CsPdBaF,-2.5490404227684285,-2.802032423019999,-2.55037852527,-2.58293297290802
2318_CsRbMoF,-2.270599917502239,-2.8871066570300004,-2.37608908416125,-2.4117563128471375
2319_CsSrTmF,-3.2626598695228837,-3.5881466388750014,-3.26071016789,-3.290980112552643
2320_CsYbPbF,-3.0620262185047413,-3.127314519885002,-2.9198610067499997,-3.1043968200683594
2321_CsGeRaF,,,,
2322_CsCuRaF,,,,
2323_CsTiBaF,-3.0228540598661047,-3.33234038353,-3.0266352772766667,-3.0608042001724245
2324_CsCaAmF,,,,
2325_CsLiAuF,-2.069952807755306,-2.2633336305596274,-2.0574237346726902,-2.1047782778739927
2326_CsTiMnF,-2.5364628501322075,-3.0300239086100023,-2.5468143537233905,-2.579940520483872
2327_CsHgUF,-2.8596537897299075,-3.114867162705002,-2.8645831584949994,-2.8965618908405304
2328_CsHgBiF,-2.2534772733162187,-2.3847142696375014,-2.241962623605,-2.279596883058548
2329_CsCaSmF,-3.212734494538142,-3.566094493862502,-3.2082097292025,-3.2433380126953124
2330_CsZnRaF,,,,
2331_CsTaTlF,-2.486846935283179,-2.69188437462,-2.476157832155,-2.514789915084839
2332_CsTmPbF,-2.9365950206230425,-3.147286748885,-2.93223197461,-2.9605958700180053
2333_CsAuAuF,-1.6575370171974444,-1.8023931026399993,-1.6422566175450002,-1.6903141736984253
2334_CsNbTlF,-2.532928762764766,-2.756454283854288,-2.529163146025,-2.5659185886383056
2335_CsNaNiF,-1.9512533286522173,-2.6352627277300003,-2.089350438125,-2.1196666240692137
2336_CsNaAsF,-2.4159587720344806,-2.682220506665,-2.52134592534,-2.562129354476929
2337_CsTiZnF,-2.787055069139634,-2.9766750812546787,-2.7867071628614832,-2.8204073548316955
2339_CsZnPdF,-2.1332704404304765,-2.3911058902746776,-2.120211458214817,-2.163850748538971
2338_CsPdCeF,-2.7493363002250932,-2.9911288738300015,-2.7426960229949997,-2.7833334684371946
2340_CsPdNpF,-2.56657118591769,-2.904474210745235,-2.563629078874785,-2.6040974855422974
2341_CsLaHgF,-2.848437104554012,-3.0311402797718356,-2.844253826150796,-2.8808012306690216
2342_CsNaCoF,-2.1497317055176044,-2.743901014330001,-2.3093616724149997,-2.3258848667144774
2344_CsMnRaF,,,,
2345_CsHgPaF,-2.965054450363948,-3.1548505306250005,-2.9446164608050003,-2.9964715778827666
2346_CsKAuF,-2.090425334305599,-2.2576433181699995,-2.080822348595,-2.1249235391616823
2347_CsYbAmF,,,,
2349_CsGePdF,-2.145533356995418,-2.3577153682750023,-2.1440732717599995,-2.181085705757141
2350_CsPdPuF,-2.612711952061489,-2.9050868511187504,-2.603854870810625,-2.651304268836975
2351_CsTiGeF,-2.5406764208585364,-2.749006605149063,-2.5420680761366667,-2.5798084497451783
2352_CsPAgF,-1.961205087036922,-2.236431964238572,-2.076549603840941,-2.1262064195814587
2353_CsCuPdF,-1.919750819535091,-2.166742849350001,-1.9128518581549998,-1.9587138891220093
2354_CsLuAuF,-2.819176063866451,-3.0419332027449997,-2.8019995689400004,-2.849662160873413
2355_CsYbAuF,-2.5866045871685293,-3.001360082625001,-2.7935127258300003,-2.6203012704849242
2356_CsSmYbF,-3.2606331864307663,-3.4153016567275016,-3.0001516580675,-3.329206037521362
2357_CsCdNdF,-2.901251936883762,-3.1129474163075,-2.8964078188025004,-2.930632495880127
2358_CsPFrF,,,,
2359_CsRbTaF,-2.5667253131976073,-2.9008868694400007,-2.659672343745,-2.7097594141960144
2360_CsEuDyF,-3.2125869849632522,-3.537280035025,-3.2104707956349996,-3.2332156896591187
2361_CsRbNbF,-2.6249875882576252,-2.971789176124287,-2.7246653437650004,-2.7699071764945984
2363_CsPdPrF,-2.726945517391994,-2.9594920635200026,-2.7140917539750005,-2.7535566091537476
2364_CsMgTiF,-2.9309612452298746,-3.2637227535300015,-2.9365393519516667,-2.973756265640259
2365_CsMgPdF,-2.4752814153145097,-2.7497317791,-2.4651478648349996,-2.5102954387664793
2366_CsKLuF,-3.3728002050827284,-3.6144456863350016,-3.3677148819000005,-3.406659984588623
2367_CsScTlF,-3.0959345916221883,-3.3190325260150018,-3.087776732455,-3.1231119632720947
2368_CsCrRaF,,,,
2370_CsPdNdF,-2.7405411818931844,-2.974555540087502,-2.7279194116675,-2.7678853273391724
2371_CsKYbF,-2.869893185229137,-3.582560920715001,-3.3572188377399996,-2.9127708196640016
2372_CsCuInF,-2.3217125037620807,-2.558757162100001,-2.303346371665,-2.350490665435791
2374_CsSrDyF,-3.2507951596687574,-3.5699951648750017,-3.2429764032449997,-3.2761680722236632
2375_CsTmAuF,-2.8098078230331685,-3.013287878035001,-2.7955523491000003,-2.841114807128906
2376_CsCrPtF,-1.9080458262871052,-2.397892522820001,-1.8783199548750003,-1.9370440721511841
2377_CsPdAmF,,,,
2378_CsAuTlF,-1.9428822258423115,-2.105719137189999,-1.9245744228449997,-1.9682849168777465
2380_CsPdCmF,,,,
2381_CsNaCuF,-2.153612051338985,-2.5376672267900005,-2.269986677185,-2.3084414482116697
2382_CsLiInF,-2.726224086613491,-2.972323155409627,-2.7124729633426905,-2.7573644042015077
2383_CsPdPmF,-2.755106399388149,-2.9858890056625,-2.7421790361499996,-2.783807396888733
2384_CsErAuF,-2.7976337412308,-3.00843176841,-2.783801841741666,-2.8297879695892334
2385_CsDyPbF,-2.915196476311519,-3.1196061611149988,-2.9095257520750004,-2.9357412576675417
2386_CsSbTlF,-2.4221275905082966,-2.5498069286350016,-2.41543786527,-2.4498036384582518
2387_CsKTmF,-3.3626957157562516,-3.586523628235001,-3.35836696625,-3.397593069076538
2389_CsTiCoF,-2.4146439372808084,-2.8696290493000007,-2.4376819849116664,-2.4561105966567993
2392_CsVCrF,-2.2688896277855184,-2.918769407270001,-2.271105885515,-2.303943371772766
2393_CsNaAlF,-3.0174740651558185,-3.4094788551299997,-3.1251333475250003,-3.165902042388916
2394_CsKTlF,-2.466604338021114,-2.6481916427599996,-2.4558796405850005,-2.5006813764572144
2395_CsScRbF,-3.1839307168434408,-3.5408157825549993,-3.287968337545,-3.3268911242485046
2396_CsMnPtF,,-2.368670606620003,,-1.993132888037583
2397_CsNiPdF,-1.748737464279964,-2.2689030170500004,-1.7705296754949997,-1.7950123071670532
2398_CsPbVacF,-2.413246404165509,-2.585220919711113,-2.4032484425611114,-2.4493374029795327
2400_CsBeNpF,-2.6386703887890124,-3.0682403087652346,-2.655599570279785,-2.681814694404602
2401_CsAgAcF,-2.9006854155967976,-3.1126307964274984,-2.8885203600075,-2.927519965171814
2402_CsYAuF,-2.7737963059852864,-3.0006492137849987,-2.77332630158,-2.8031692504882812
2403_CsRbAgF,-1.999985192150905,-2.3006207943000008,-2.1069131732149997,-2.1467575430870056
2404_CsVRaF,,,,
2405_CsKErF,-3.349736330838039,-3.581316566460002,-3.3473160743816663,-3.3857928276062013
2406_CsEuNpF,-2.962933299870327,-3.3365548610752342,-2.972401165974785,-3.0040645837783813
2407_CsHoAuF,-2.7917284269442506,-2.9987527370400016,-2.7775325775183335,-2.8234691937764484
2408_CsPdSmF,-2.7616494515846517,-2.9914580822025014,-2.7501125574225,-2.791161561012268
2409_CsNKF,-1.5703373411606099,-1.689662742610001,-1.5700560569786721,-1.61271014213562
2410_CsVMnF,-2.3798167097157448,-3.0100736141100013,-2.3796550824767246,-2.4158145057743994
2411_CsZnPtF,-1.990322838158443,-2.2335346698846763,-1.9751605510748171,-2.0289007782936097
2412_CsKYF,-3.3257954338501237,-3.5683826446549984,-3.3365300178600004,-3.358538198471069
2413_CsRbSbF,-2.502542934746578,-2.7631886959150007,-2.60862988235,-2.6448337912559508
2414_CsPtRaF,,,,
2415_CsSrNpF,-3.004941628308132,-3.354583406455234,-3.0131747484347846,-3.0502464890480043
2416_CsRbPdF,-2.1056093314598345,-2.4258191585600004,-2.2217628359950004,-2.2442938685417175
2417_CsDyAmF,,,,
2418_CsKHoF,-3.3437748570551817,-3.5708318710300007,-3.3403460502683338,-3.378953345616658
2419_CsDyAuF,-2.785193953842952,-2.987195730205002,-2.771412944795,-2.8168610095977784
2420_CsPdEuF,-2.635900650353267,-2.8887565136000006,-2.627668118485,-2.670201897621155
2422_CsCuPtF,-1.8221538403938555,-2.0279117107400024,-1.8043499469849997,-1.854775881767273
2423_CsGePtF,-1.938596067757442,-2.0924079418250017,-1.9215416669899998,-1.9763836145401001
2424_CsVZnF,-2.4200308421562458,-2.881580591194678,-2.4162638187448167,-2.455416166782379
2425_CsCuSbF,-2.211452207894161,-2.377465200425,-2.20411572458,-2.2474774599075316
2426_CsNAuF,-1.1523842433403277,-1.3675332546199996,-1.1869037628186718,-1.17871150970459
2427_CsCaNdF,-3.213914642662837,-3.536197566987501,-3.2091939210975,-3.2379759788513183
2428_CsAgBaF,-2.5362153390358233,-2.7463836193099995,-2.53020964862,-2.5672486066818236
2429_CsPbNpF,-2.6193831661651874,-2.939028692245236,-2.6267562627947854,-2.6552698850631713
2431_CsPdGdF,-2.7652824977348596,-2.986917829518558,-2.7508605241915816,-2.793166470527649
2432_CsKDyF,-3.3364916780899305,-3.558168601985,-3.3330430984550006,-3.3719247817993163
2433_CsTbAuF,-2.7770669161588293,-2.9901090145099998,-2.762563641871666,-2.8086941719055174
2435_CsMgPtF,-2.3395634749840046,-2.59742789269,-2.321552264695,-2.3772451877593994
2436_CsLiSbF,-2.617690775723293,-2.7845233202046273,-2.6083957433776908,-2.6501802086830137
2437_CsVGeF,-2.349710522026851,-2.729074621195001,-2.3491790533100003,-2.386163926124573
2438_CsTbVacF,-2.9625045921306192,-3.2984862327555584,-2.9483293515796296,-2.98388229476081
2439_CsBeDyF,-2.795674709410503,-3.247061491015002,-2.7615174055200002,-2.8142414808273317
2440_CsLiPdF,-2.2050167778442646,-2.4233630418796266,-2.20398452283269,-2.2350330471992494
2441_CsInTlF,-2.5376328805397295,-2.7404143810300012,-2.521336984645,-2.5613186597824096
2442_CsCdBaF,-2.8766994008730196,-3.108293867110001,-2.869177830225,-2.9098326683044435
2443_CsKTbF,-3.328225856950913,-3.561965370180002,-3.3247125943616664,-3.3632280826568604
2444_CsCrMnF,-2.2700232135838476,-2.9095244884500007,-2.2748542859667245,-2.310846053320786
2445_CsScCuF,-2.872640977234676,-3.1224750995650012,-2.856199312225,-2.9040507078170776
2447_CsGdAuF,-2.7451296904991414,-2.943091726298553,-2.7312162399315816,-2.773199939727783
2448_CsLiAgF,-2.107077012390926,-2.3173251390396272,-2.109158968932691,-2.145313036441803
2449_CsMgVF,-2.7719609597633625,-3.243870115280001,-2.770524489885,-2.806546449661255
2451_CsNdYbF,-3.2595512429188034,-3.3834363460524997,-3.0082037210525,-3.3257166385650634
2450_CsNpAmF,,,,
2452_CsHgAcF,-2.8227868059585832,-3.0075047969824995,-2.8183072567075,-2.85323503613472
2453_CsLiScF,-3.281012223095729,-3.5381201028846263,-3.2721496343726897,-3.3144896626472473
2454_CsCrZnF,-2.3107362726639056,-2.7758236408246786,-2.316706323634817,-2.3511553406715393
2455_CsPdDyF,-2.803698048920467,-3.034561872485001,-2.792794442185,-2.8338593244552612
2456_CsEuAuF,-2.5670983174751543,-2.8001397609700005,-2.564419937135,-2.5995079040527345
2457_CsKGdF,-3.2936020592163344,-3.5094167709285555,-3.291241168981583,-3.3249403476715087
2459_CsRbInF,-2.622112307877376,-2.9633573055399993,-2.721010172375,-2.7628265500068663
2460_CsSmNpF,-2.8066324809501912,-3.258117818827736,-2.8258838892022853,-2.844066834449768
2462_CsCrGeF,-2.2497781613777423,-2.633460950845,-2.2493201971100003,-2.2860313653945923
2464_CsPdHoF,-2.810118987094397,-3.0444419384,-2.7986756563283333,-2.8404602607091265
2465_CsKEuF,-3.0637096384475972,-3.3414770126300013,-3.085398769385,-3.101310873031616
2466_CsCuNbF,-2.321531186432674,-2.5738586493942845,-2.306647539145,-2.3528513669967652
2467_CsCuTaF,-2.4061710114588686,-2.4936408519800013,-2.395616102225,-2.4378597021102903
2468_CsMnZnF,-2.422468804079911,-2.8607313632946783,-2.4199717834165413,
2469_CsYPdF,-2.7931041339348104,-3.044103002554999,-2.79377014638,-2.820207619667053
2470_CsNiPtF,-1.6141140082786822,-2.1073965549500002,-1.621705651285,-1.6627246141433716
2471_CsSmAuF,-2.742025707096889,-2.9428193569125,-2.7297396659925,-2.773502540588379
2472_CsVCoF,-2.1477315882156636,-2.781271314620001,-2.174431633955,-2.192028832435608
2474_CsMgCrF,-2.661437259049251,-3.12898077965,-2.6664046168450004,-2.699931192398071
2475_CsAlFrF,,,,
2476_CsBeTmF,-2.8147840538929247,-3.2510161876650017,-2.782192301755,-2.8350174188613892
2478_CsLiTaF,-2.672280072700018,-2.9132592439696254,-2.65551555157269,-2.705200207233429
2479_CsMnGeF,-2.3566427576130833,-2.706294393535001,-2.350265176551724,-2.3946939575261084
2480_CsLiNbF,-2.7351642349670673,-2.984562093873913,-2.721714377412691,-2.7703467488288878
2482_CsKSmF,-3.292668960423305,-3.507333183282502,-3.2881662368825006,-3.3259402751922607
2483_CsPmAuF,-2.735362778038814,-2.940265417092502,-2.7215188980200002,-2.765912628173828
2484_CsCuFrF,,,,
2485_CsTiRaF,,,,
2486_CsAuCmF,,,,
2487_CsPdRaF,,,,
2488_CsPdTlF,-2.039188728661373,-2.2346084117900005,-2.045180773745,-2.0719951152801515
2489_CsAuAmF,,,,
2490_CsZnGeF,-2.4074327329109453,-2.583711862559677,-2.3980589866698168,-2.443047297000885
2491_CsBeYbF,-3.1498487451980854,-3.258265638355,-2.7727586507849997,-3.1744879245758058
2492_CsBeHgF,-2.341989574761226,-2.579845380785001,-2.3307071685799996,-2.374032288789749
2493_CsMgMnF,-2.7705073225087133,-3.22086939812,-2.770760317106724,-2.8113952982014623
2494_CsCuZnF,-2.1995099762390398,-2.473221826554679,-2.198578524604817,-2.240600788593292
2495_CsPdTmF,-2.827921519608333,-3.057239103315001,-2.81614267827,-2.8577751398086546
2496_CsKPmF,-3.2843090632866163,-3.5040269851725,-3.2806691169799995,-3.318071126937866
2497_CsSrEuF,-3.3645228246162673,-3.613154649740001,-3.3589757204149997,-3.395600473880768
2498_CsCaBaF,-3.379298172325923,-3.6195033073400014,-3.37554875613,-3.4121636390686034
2499_CsKCmF,,,,
2500_CsNdAuF,-2.721129737229183,-2.9263104915575013,-2.7073439598175004,-2.7498421669006348
2501_CsCrCoF,-2.0351294496963765,-2.7032525539399996,-2.072737526905,-2.086913895606995
2502_CsKAmF,,,,
2503_CsBHgF,-2.125675171545182,-2.3193411032325018,-2.115654389066667,-2.145643089214961
2504_CsNaPF,-2.184571681351497,-2.6004669984185727,-2.4261318944809416,-2.4688880897703624
2505_CsMgZnF,-2.807115135521724,-3.081057405474678,-2.802102482324817,-2.8453412890434264
2506_CsCuMoF,-1.9575418272922778,-2.478137922280001,-1.94917120935125,-1.9940829038619996
2507_CsCuGeF,-2.1840381005714677,-2.3598279476150013,-2.1720157623399996,-2.2192638158798217
2509_CsPdYbF,-2.7110883036564135,-3.0393878459950003,-2.80259449483,-2.742285394668579
2510_CsAgThF,-2.889468655915096,-3.0281123638100014,-2.8623734712749997,-2.901794409751892
2511_CsEuPbF,-2.9210515836189535,-3.1322328090700013,-2.9125158071649997,-2.951793837547302
2513_CsPrAuF,-2.7064835051010396,-2.9114331722200006,-2.694134283075,-2.735250997543335
2514_CsLuTlF,-3.1511134961555745,-3.3769258022350015,-3.14411084653,-3.1786643981933596
2516_CsKNdF,-3.269999573559596,-3.489969825737501,-3.2654287338375,-3.3016523838043215
2517_CsPdLuF,-2.836344728798702,-3.0850436687450014,-2.82226221562,-2.866074538230896
2518_CsBeCaF,-3.065097192854717,-3.34056177139,-3.0585697889400003,-3.0982165336608887
2519_CsMgCuF,-2.5375015834282184,-2.82165865898,-2.535607445255,-2.5760297775268555
2520_CsMgGeF,-2.7513466933677937,-2.9396720409449997,-2.7428065657699996,-2.7876491069793703
2521_CsCuRuF,-1.9334699729393268,-2.207001066205001,-1.9276629924949997,-1.971922755241394
2522_CsLiMoF,-2.374035064310863,-2.894830441469628,-2.3709023237289406,-2.40940123796463
2523_CsCuIrF,-1.8491499045799518,-2.0922770977100016,-1.8395313739849999,-1.8849304914474487
2524_CsYbTlF,-2.8651332179020192,-3.332602071765001,-3.1285553693899995,-2.9027886152267457
2525_CsMnCoF,-2.1486004817074744,-2.75370364189,-2.1775281026567237,-2.198352442938706
2526_CsRbAuF,-1.956057987541988,-2.24303278923,-2.058777105815,-2.101646292209625
2527_CsBaYbF,-3.452544740767314,-3.495941305165002,-3.220442116265,-3.4976784229278564
2528_CsKPrF,-3.2554747918556473,-3.4754037856999984,-3.2506897449550003,-3.286674404144287
2529_CsAuPuF,-2.5900895455787922,-2.8391324520087493,-2.586578750620625,-2.619240570068359
2530_CsSrPbF,-2.9572950223396566,-3.1564793109899996,-2.9528281927249997,-2.9889406323432923
2531_CsBaHgF,-2.6404975989769244,-2.8393258571649995,-2.6312337279399998,-2.6738901913166044
2532_CsMnFeF,-2.1862284528798073,-2.7915858745575006,-2.193551357049224,-2.225409613806626
2533_CsTiCuF,-2.6058631121427163,-2.876204252240001,-2.5900161266416664,-2.637312579154968
2534_CsPdAuF,-1.76613857540591,-1.943782377240001,-1.7527669906749999,-1.7966172218322753
2535_CsMnNiF,-2.053686891753098,-2.7537674427000014,-2.0787735059467245,-2.0955239402836767
2536_CsLiIrF,-2.2522648552368425,-2.490496563919629,-2.2465980291426906,-2.283402740955353
2537_CsZrVacF,-3.3579012927424405,-3.6345267295833343,-3.3915104601166663,-3.3917733563317194
2538_CsLiRuF,-2.3302653768966937,-2.6019055604946275,-2.32954699994269,-2.3670994877815246
2539_CsCoFrF,,,,
2540_CsCoZnF,-2.184336135716274,-2.620059251784679,-2.213183164604817,-2.2350400567054747
2542_CsBaTmF,-3.259770212502315,-3.5553605556549996,-3.2586084485149995,-3.28577139377594
2543_CsCeAuF,-2.71959533485873,-2.927905797950001,-2.703496074685,-2.7513655185699464
2544_CsAsFrF,,,,
2546_CsKPuF,-3.0968707421730306,-3.3823907852187487,-3.108079051980625,-3.1297860622406004
2545_CsNiFrF,,,,
2547_CsEuAmF,,,,
2548_CsTmTlF,-3.140832577080562,-3.3451905727449995,-3.13575627805,-3.1697508335113525
2549_CsRbLuF,-3.2399016717384597,-3.598736524585,-3.3436409831100002,-3.3822829604148863
2550_CsCuRhF,-1.9632307389686847,-2.2178657054900013,-1.957643747345,-1.996440052986145
2551_CsFeZnF,-2.2235545257042193,-2.667506456372179,-2.233488035207317,-2.26628919839859
2553_CsLiTiF,-3.0149025499135598,-3.286304974559627,-3.004420733459357,-3.0453879475593566
2554_CsNiZnF,-2.0845294693420673,-2.613418340684677,-2.1098673343748167,-2.1310877442359923
2555_CsRbYbF,-2.736473254294231,-3.5648391246849997,-3.3313894152700003,-2.888443386554718
2556_CsCoGeF,-2.133794567913845,-2.477318906785001,-2.15545127393,-2.178504490852356
2557_CsCoCuF,-1.913873098225429,-2.3756148815200007,-1.954873704925,-1.9802209615707398
2558_CsKNpF,-3.023817572922542,-3.378309822085234,-3.0340783119247847,-3.0652830600738525
2559_CsSmEuF,-3.1841244319389608,-3.499690771102499,-3.1811414957124997,-3.2096387147903442
2560_CsErTlF,-3.1279687503288534,-3.343204641339997,-3.1250326872016667,-3.157969665527344
2561_CsNdNpF,-2.800467989773586,-3.2294934749627373,-2.8129410028572854,-2.8374268770217896
2562_CsSrAmF,,,,
2563_CsKCeF,-3.2475616434524794,-3.49742298126,-3.2479631424049997,-3.2756961822509765
2564_CsLiRhF,-2.3408908585022234,-2.596495938299627,-2.3442979574326905,-2.3698432564735414
2565_CsFeGeF,-2.1650266507576252,-2.519100522992501,-2.1691578626725,-2.202105164527893
2566_CsAuUF,-2.677969918579891,-2.8829816341400005,-2.6682237625150003,-2.707501697540283
2567_CsNiCuF,-1.8191409686516071,-2.367412233350001,-1.8503901958549995,-1.8686819791793823
2568_CsBAgF,-2.1663848459035497,-2.3930011908175004,-2.157539931946667,-2.196413842837016
2569_CsHfVacF,-3.453954548671328,-3.694713327622223,-3.4445738527611107,-3.487606816821628
2570_CsNiGeF,-2.0320357421348834,-2.4736198902150006,-2.0555400610100003,-2.078136849403381
2571_CsFeFrF,,,,
2572_CsMgCoF,-2.535797427029445,-2.97475066185,-2.561117541795,-2.5827462673187256
2573_CsHgThF,-3.067895753116443,-3.232884740825,-3.063073301325,-3.0973069965839386
2574_CsPbAmF,,,,
2575_CsYTlF,-3.1038680175255084,-3.334161710745002,-3.1146120786800005,-3.130703592300415
2576_CsAuBiF,-2.1384900906990314,-2.278663396832502,-2.122447252285,-2.1678686141967773
2577_CsSrSmF,-3.2273137906502027,-3.5306099414825,-3.2179161310325,-3.251194155216217
2578_CsRbTmF,-3.229203949303462,-3.5720473766349996,-3.33451660873,-3.3728986620903014
2579_CsMgFeF,-2.5742950776527667,-3.0228669643375,-2.5834152102575,-2.6155678272247314
2580_CsHoTlF,-3.1220596571078247,-3.3325795650499996,-3.1183399915883334,-3.1511481126149494
2581_CsLaAuF,-2.7463389018486284,-2.9368310451468345,-2.733222341540796,-2.7769617557525637
2583_CsRbTlF,-2.33404024633868,-2.6325404644100017,-2.432386338725,-2.4766785740852355
2584_CsMgNiF,-2.4353665688942217,-2.970633554460001,-2.458875167375,-2.479080057144165
2586_CsRbErF,-3.2158255198906205,-3.5664008617399987,-3.323273456111667,-3.360842454433441
2585_CsVCuF,-2.268165479035213,-2.7391175746900003,-2.272159910215,-2.31412513256073
2587_CsSmPbF,-2.87791174444659,-3.0820626735725,-2.8685250044024997,-2.8941306829452516
2588_CsAuPaF,-2.797522638172939,-2.9572270870200015,-2.7948764801149997,-2.823944664001465
2589_CsKBiF,-2.678344533772304,-2.835328102112501,-2.673186445245,-2.710523176193237
2590_CsKLaF,-3.2930481890152237,-3.4956930160468374,-3.288687944420796,-3.3266117095947267
2591_CsDyTlF,-3.115267334313228,-3.3202748775549993,-3.1117847204349998,-3.144275951385498
2592_CsMnFrF,,,,
2593_CsCrFrF,,,,
2594_CsBeCdF,-2.554029084176853,-2.8220693111399995,-2.5473843336249997,-2.5861184120178224
2595_CsLiVF,-2.674138233990505,-3.1426989793696265,-2.6857859373126898,-2.719928467273712
2596_CsAgRaF,,,,
2597_CsRbYF,-3.19201348814471,-3.552798604965001,-3.3124130129900005,-3.333470714092255
2598_CsBaDyF,-3.2466819146583816,-3.5325185298950017,-3.24010869265,-3.269366717338562
2599_CsKPaF,-3.03200189861758,-3.2521806716900015,-3.0196963310349996,-3.056974744796753
2600_CsGaFrF,,,,
2601_CsRbHoF,-3.20980179501676,-3.555137968070002,-3.3160768389783337,-3.3538980682690935
2602_CsFeCoF,-1.9465217092941547,-2.5639226436575,-1.9887154817675003,-2.0019481897354128
2603_CsTbTlF,-3.107122081449662,-3.32451872826,-3.1030178149616665,-3.1356326580047607
2604_CsPdInF,-2.221803365082576,-2.454651021960001,-2.2039893150450003,-2.250473642349243
2605_CsCuGaF,-2.354124937386348,-2.5939996242550007,-2.3366973877025,-2.385961389541626
2606_CsBeAgF,-2.2235313454578662,-2.4430219173400003,-2.21257035733,-2.26079318523407
2607_CsCoNiF,-1.813379524082973,-2.5041956424700005,-1.8647243738249997,-1.8664819955825807
2608_CsCrCuF,-2.191918168396785,-2.7050555706,-2.1858676433650004,-2.2288546323776246
2610_CsCdRaF,,,,
2612_CsRbDyF,-3.2026137689064287,-3.542177152635,-3.3088078379750003,-3.346773374080658
2613_CsMnCuF,-2.1765547620839087,-2.6367665767700004,-2.174108917976724,-2.2201054203099218
2614_CsLiGaF,-2.759006140560939,-3.0036418199546278,-2.74683411122019,-2.7924612879753115
2615_CsSnVacF,-2.745205943155106,-2.953715377388889,-2.7363284164111112,-2.777915875116984
2616_CsGdTlF,-3.0738198140571855,-3.2729604244285553,-3.0687948942315817,-3.0990394115448
2617_CsLiCrF,-2.5933011511276507,-3.108788800239627,-2.5947588682226908,-2.628533089160919
2618_CsVFrF,,,,
2619_CsLiMnF,-2.4827989565915076,-2.9622084855996276,-2.4855022027644145,-2.523147295672318
2620_CsRbTbF,-3.194260972669755,-3.5452826976800025,-3.3003220756916667,-3.338019073009491
2622_CsEuTlF,-2.8617011884163164,-3.1153890133000006,-2.875257945075,-2.895704507827759
2624_CsNbVacF,-2.928693173032154,-3.1485148611492075,-2.922647290761111,-2.969037506315443
2625_CsTaVacF,-2.970022479175456,-3.18234777451111,-2.9584710068277777,-3.0129871633317737
2626_CsLiFeF,-2.4139374950836445,-2.892159390447128,-2.4138705968951903,-2.4507920384407043
2627_CsSmTlF,-3.070869646401241,-3.2725629329725026,-3.0681087255625,-3.098908281326294
2628_CsRbGdF,-3.1596575835655476,-3.4917529582985565,-3.2663951754715823,-3.2996725916862486
2629_CsNdEuF,-3.174467048973873,-3.4721238613175016,-3.1709383249374996,-3.1986854791641237
2630_CsCuAsF,-2.112998566956356,-2.258583116535,-2.09951252939,-2.1480934858322143
2631_CsPdSbF,-2.1243808368156696,-2.2792977809950004,-2.11342489721,-2.156761050224304
2632_CsNHgF,-1.208476302952602,-1.356739950184999,-1.2092244625186719,-1.2501058399677276
2633_CsPdPdF,-1.829486236901119,-2.0493577480400007,-1.823237538355,-1.8684983491897582
2634_CsRhFrF,,,,
2636_CsRbEuF,-2.9288499692390704,-3.32643313409,-3.062335002435,-3.077127254009247
2637_CsSrNdF,-3.219251499504878,-3.5034565448775,-3.2114155054175,-3.2395580887794493
2638_CsTiFrF,,,,
2639_CsPmTlF,-3.0638754585693624,-3.268646383292503,-3.06051967145,-3.091249704360962
2640_CsTlCmF,,,,
2641_CsLiNiF,-2.044628975720241,-2.602090287209627,-2.06305568219269,-2.093373787403107
2642_CsLiAsF,-2.514655945629909,-2.659511017794628,-2.4991870641776903,-2.5443223118782043
2645_CsTlAmF,,,,
2647_CsScPdF,-2.7794775584648397,-3.0261158466349998,-2.764361405385,-2.8082096338272096
2646_CsLiCoF,-2.2378279784630086,-2.7039605379096274,-2.27422063351269,-2.3030843853950502
2648_CsRbSmF,-3.1585984805534624,-3.4915355205625005,-3.2637787699825,-3.300381076335907
2649_CsIrFrF,,,,
2650_CsNdPbF,-2.8632374385307573,-3.0602971553775005,-2.8490689039375,-2.872177767753601
2651_CsCaRaF,,,,
2652_CsRuFrF,,,,
2653_CsNdTlF,-3.0495490888069416,-3.2557763576574983,-3.0458373785174997,-3.0749587535858156
2655_CsMoFrF,,,,
2656_CsPrTlF,-3.035234902233913,-3.2409402370500002,-3.030964112295,-3.0601680755615233
2657_CsRbCmF,,,,
2658_CsRbPmF,-3.1506039360473896,-3.4877791881625013,-3.2562469363299997,-3.292541301250458
2659_CsAuAcF,-2.7203238824318197,-2.9134335994674982,-2.7072559356775003,-2.7474382400512694
2660_CsWVacF,-2.194795354572749,-2.831263383224437,-2.1553979714861975,-2.2271708647410073
2662_CsYbRaF,,,,
2661_CsRbAmF,,,,
2663_CsHgRaF,,,,
2664_CsNdAmF,,,,
2665_CsKAcF,-3.2657069185684464,-3.4715478897075003,-3.2620776176475004,-3.297613096237183
2666_CsTlPuF,-2.8800319412658952,-3.1582711696687484,-2.889846491820625,-2.9051764011383057
2667_CsNAgF,-1.211060200066402,-1.3496009349800004,-1.2119876146386723,-1.2629810094833374
2668_CsCuCuF,-1.9845888951729083,-2.2583421230300003,-1.983057761205,-2.024574875831604
2669_CsBeTiF,-2.6430678247720345,-2.9893851757100007,-2.660221266756667,-2.6904300928115843
2670_CsBePdF,-2.2063773909519457,-2.463349676140001,-2.1864612341000003,-2.2438641786575317
2671_CsPdTaF,-2.348833596240515,-2.5607078075399983,-2.3626542329849998,-2.383986401557922
2672_CsNbPdF,-2.296863661141231,-2.5229141303442875,-2.298930192005,-2.3421337366104127
2673_CsRbNdF,-3.1359971860359455,-3.473116254807499,-3.2410809397774996,-3.276003158092499
2674_CsAlCuF,-2.690203175873592,-2.9541924476600014,-2.6716116428549994,-2.720911431312561
2675_CsCeTlF,-3.026202807755306,-3.260701131820002,-3.022035574925,-3.052181339263916
2677_CsTlNpF,-2.803368399472072,-3.1388581752852334,-2.8134138822647854,-2.8410510540008547
2678_CsTmRaF,,,,
2679_CsRbPrF,-3.121451089711025,-3.4571235179900013,-3.225982606425,-3.260989320278168
2680_CsLiCuF,-2.242664215893581,-2.500850224499628,-2.24223699571269,-2.281045401096344
2681_CsMoVacF,-2.3186372164565485,-2.9072436756555566,-2.325156026423611,-2.3550882604387073
2682_CsLiAlF,-3.0979736307571675,-3.3655710935596277,-3.08666741849269,-3.1294270157814026
2683_CsNbFrF,,,,
2684_CsRbPuF,-2.9627789476822164,-3.3632834911387506,-3.0844655871506257,-3.1038793444633486
2685_CsBaEuF,-3.313819704384639,-3.5565663814600015,-3.3079180836799993,-3.34078962802887
2686_CsTaFrF,,,,
2687_CsTcVacF,-2.560496182277285,-2.8438336584277772,-2.580456548283333,-2.588528659608629
2688_CsBNaF,-2.3967452108174903,-2.7520816961875014,-2.5091466824266666,-2.5433820883433027
2689_CsTlUF,-2.7810865024040483,-3.06563200951,-2.7811770200850003,-2.809979200363159
2690_CsRbCeF,-3.1141753056953694,-3.480018568040002,-3.2228333354149994,-3.251308858394623
2691_CsSrBaF,-3.350436315865352,-3.575536394119999,-3.3464459538599995,-3.3820292115211488
2692_CsTlBiF,-2.4626936772774006,-2.605422353752499,-2.456006741535,-2.489272356033325
2693_CsRbNpF,-2.890136049122646,-3.357365369805234,-3.0105289340147854,-3.0405447840690614
2694_CsMoPdF,-1.8466574707935597,-2.3744010448400017,-1.8464434862212495,-1.885916543006897
2695_CsLaTlF,-3.072360692353084,-3.263504552846837,-3.0686674356607955,-3.1009045600891114
2696_CsBaPbF,-2.9035917380760456,-3.0960900783500023,-2.9002698540800003,-2.9343037366867066
2697_CsTlPaF,-2.847547064156368,-3.0518907070200014,-2.840438532845,-2.867072343826294
2698_CsRuPdF,-1.8417307952354693,-2.0934512615250016,-1.8386063814249998,-1.8805532693862914
2699_CsPdIrF,-1.7470527986000324,-1.9716380596199996,-1.739274430285,-1.7824495553970336
2700_CsScFrF,,,,
2702_CsAgFrF,,,,
2703_CsRbBiF,-2.5444038012932086,-2.8197715282525024,-2.649967038645,-2.6860854983329774
2704_CsDyRaF,,,,
2705_CsOsVacF,-2.2669172131695507,-2.4756009313833323,-2.2526024977499994,-2.2910746733347573
2706_CsTiPdF,-2.6006793915540323,-2.851765012740002,-2.6048810243716667,-2.647903847694397
2707_CsReVacF,-2.488551203775223,-2.7220964961535605,-2.473193618998698,-2.5238903098636203
2708_CsRbLaF,-3.1591175893257404,-3.4787387371068377,-3.263973557960796,-3.30105060338974
2709_CsRhPdF,-1.852960334153011,-2.0975356578900004,-1.850553154965,-1.8889118909835816
2710_CsIrVacF,-2.200138076511836,-2.3826604949111134,-2.188913159905556,-2.2289381292131214
2711_CsPtVacF,-2.163736910655581,-2.3637285762444455,-2.175979216905555,-2.1940164830949573
2712_CsBePtF,-2.0749226609180713,-2.313934278490001,-2.0439055204500005,-2.1151947259902952
2714_CsPdFrF,,,,
2715_CsSbFrF,,,,
2717_CsBeVF,-2.481281355948284,-2.9420987605999995,-2.47680222989,-2.518480896949768
2718_CsRuVacF,-2.3312681625629295,-2.5722501013055563,-2.3436244593833333,-2.359367291132609
2719_CsBaSmF,-3.2191402533958695,-3.4875821590425007,-3.2088258862575003,-3.240895485877991
2720_CsPdVacF,-2.114844147729691,-2.330109013455557,-2.1402555306833335,-2.145291884740194
2722_CsAuThF,-2.8265341380546833,-2.9783826351100005,-2.8087724685749995,-2.853999137878418
2723_CsRaNpF,,,,
2724_CsKThF,-3.1360321739624286,-3.2978128433200027,-3.1097832679850006,-3.1550002574920653
2725_CsBeCrF,-2.3774678269336964,-2.8347144603700016,-2.37908227444,-2.413861107826233
2727_CsTiSrBr,-1.6944407626301392,-1.9796462059093756,-1.6948210716361518,-1.6905582547187805
2728_CsAuHgBr,-0.9342876428674007,-1.0849998474143745,-0.9283084869394849,-0.9345677435398102
2729_CsAgErBr,-1.6164401614974284,-1.851874351499373,-1.6117373466561513,-1.6166698217391968
2730_CsNiBaBr,-1.4670033061812664,-1.7621563911493752,-1.4787705302344842,-1.4691733121871948
2731_CsSrPdBr,-1.427037581236198,-1.6643391609293758,-1.4268410682794852,-1.425835907459259
2732_CsTiAuBr,-1.2073136016041381,-1.412471771239376,-1.1991986990061516,-1.2034988880157471
2733_CsMnNdBr,-1.4926586481517758,-1.821461677556877,-1.4835911586437092,-1.4943266498631445
2734_CsFeBaBr,-1.5010159576247477,-1.7848381042568775,-1.505145442496985,-1.4980210065841675
2735_CsKRhBr,-1.2661557162116313,-1.4669579029093769,-1.2684196233894849,-1.2660913944244385
2736_CsNaUBr,-1.4991385305236125,-1.9527326583893767,-1.6197165489294847,-1.6158329963684082
2737_CsAgTlBr,-1.0666875446151043,-1.2477273941093756,-1.0643623828994848,-1.068176031112671
2738_CsRhAuBr,-0.8878090465377116,-1.059443283079375,-0.8774403333794851,-0.8847233772277832
2739_CsAlTlBr,-1.3859114492247844,-1.5760972499893768,-1.3825959682594848,-1.384700059890747
2740_CsCoBaBr,-1.4530811035941387,-1.757655334479375,-1.465558040154485,-1.4575383901596068
2741_CsNaBiBr,-1.2944117629836345,-1.6029569625918783,-1.4132726192594849,-1.4128990173339844
2742_CsYAgBr,-1.618571194441154,-1.8604278564443746,-1.6209532737844845,-1.6188841104507445
2744_CsKTiBr,-1.6053075119167908,-1.8377918720293764,-1.601892161376151,-1.6019433975219726
2745_CsTiPbBr,-1.332059948077832,-1.5719146728593756,-1.3323253154861512,-1.3335752725601195
2746_CsIrAuBr,-0.8053458297560955,-0.9685859680193772,-0.797494196889485,-0.7997557163238526
2747_CsPdPbBr,-1.1106314504454875,-1.286308860789373,-1.1076133251294848,-1.1087594270706176
2748_CsRuAuBr,-0.8149021709273601,-0.9903335571343745,-0.8032594442394849,-0.8136444568634034
2749_CsTmYbBr,-1.7900694394419934,-2.044721984869375,-1.5971199035694847,-1.8286340713500977
2750_CsAgHoBr,-1.6177404884805626,-1.855296516419375,-1.6132386207728182,-1.6178339560826618
2751_CsLuHgBr,-1.5381750786612773,-1.748513031009375,-1.5387508630744848,-1.5389880955219268
2752_CsNaLaBr,-1.7870719278167033,-2.157679176336214,-1.905821084985281,-1.90634446144104
2753_CsCaTmBr,-1.7883419120620037,-2.141535329824376,-1.7930964470044848,-1.7953806400299073
2754_CsTiEuBr,-1.6712634011417968,-1.9675197601393761,-1.6705040931761512,-1.671550726890564
2755_CsZnNdBr,-1.5475134337256695,-1.7646994590815523,-1.5493914842718017,-1.5525821805000306
2756_CsNaNpBr,-1.523250194818809,-2.0333959579546104,-1.6627478599692698,-1.6451706886291504
2757_CsAgTmBr,-1.6142028177092815,-1.8494886398343766,-1.6098602295044848,-1.6140981912612915
2758_CsNaCeBr,-1.7282244289229656,-2.1390920639093762,-1.8548686981294846,-1.8477217197418212
2759_CsCrNdBr,-1.5160630786727214,-1.838584899906877,-1.509389877331985,-1.516454005241394
2760_CsAlRbBr,-1.4408375585387492,-1.7697051525193757,-1.5500858903094847,-1.552065646648407
2761_CsYbHgBr,-1.5168077701638485,-1.7296150207593768,-1.529598927504485,-1.5278738558292388
2762_CsKRuBr,-1.2013761723349834,-1.4033276081143753,-1.195415949829485,-1.1961898803710938
2763_CsNaPaBr,-1.4801315868209148,-1.8584615707393737,-1.5970368385494846,-1.5994295120239257
2764_CsMoAuBr,-0.9324298167536998,-1.1351566314693742,-0.914596152315735,-0.9295319080352783
2765_CsKIrBr,-1.2018323147605205,-1.393982362759374,-1.2014154195794853,-1.2025333404541017
2766_CsCuRbBr,-1.0127008283446575,-1.3242454528893746,-1.1254211306694848,-1.1262765765190124
2767_CsAgDyBr,-1.6188027465651775,-1.8512590408343754,-1.614018630989485,-1.618796420097351
2768_CsCaHgBr,-1.4994440430711056,-1.721504354484375,-1.4977653741894847,-1.498400980234146
2769_CsSmPtBr,-1.3487341249297404,-1.5820720672718749,-1.3491349220369848,-1.350721526145935
2770_CsCdDyBr,-1.5847090536664272,-1.807470130924378,-1.5863986015444849,-1.5883645057678222
2771_CsNaPuBr,-1.6085299694846416,-2.042600822448128,-1.7366452217251098,-1.7251174926757813
2772_CsCaYbBr,-2.033959558040931,-2.189107656484373,-1.8415046691944847,-2.0414177656173704
2774_CsGeNdBr,-1.4280090654204631,-1.6287866592418765,-1.4388885974969845,-1.4321286916732787
2773_CsKVBr,-1.4647227728675152,-1.7205713748893743,-1.4648377180094851,-1.4626712799072266
2776_CsCaDyBr,-1.811887844831779,-2.144157171254375,-1.8088992118894847,-1.81271390914917
2775_CsAgYbBr,-1.4404819989512707,-1.812302970894376,-1.5969468116844852,-1.459962511062622
2777_CsTiAmBr,,,,
2778_CsBFrBr,,,,
2779_CsMgBaBr,-1.8425951326201702,-2.0959056854293747,-1.8450962543544847,-1.8468992233276367
2780_CsKMoBr,-1.3306156540225291,-1.5749176502193762,-1.334754824645735,-1.3336194992065429
2781_CsTmHgBr,-1.5425506496737742,-1.755190277109375,-1.543504357344485,-1.543176108598709
2782_CsAgLuBr,-1.6086106860945963,-1.8459196090743775,-1.604190063484485,-1.6089462041854858
2783_CsVAuBr,-1.0664237344573284,-1.2886884689293736,-1.0573121786194846,-1.0668528079986572
2784_CsPtAmBr,,,,
2785_CsNaPrBr,-1.7460167134116436,-2.1206388473493774,-1.8650862217094848,-1.8648919582366943
2786_CsVSmBr,-1.4766725862334513,-1.8141946792618768,-1.469644927986985,-1.4732677221298218
2787_CsMgNdBr,-1.6393430793593669,-1.914029693606875,-1.644688761241985,-1.641775131225586
2788_CsAgTbBr,-1.6189155026585205,-1.855881309509374,-1.6154491742561512,-1.6192919969558717
2789_CsHgTlBr,-1.091816290647819,-1.251944351204375,-1.0833697080694848,-1.0920735895633698
2790_CsCoTlBr,-1.0584785425971295,-1.2630996704193762,-1.0603625774494847,-1.060816764831543
2791_CsNaNdBr,-1.748537834913566,-2.1294340133668754,-1.867703247081985,-1.8678044319152831
2792_CsNiTlBr,-1.0594199741194987,-1.2716107368593754,-1.0598845005194846,-1.0580317497253418
2793_CsVNdBr,-1.4775234306166911,-1.7985326766968768,-1.469980239871985,-1.4734564542770385
2794_CsErHgBr,-1.544778379232719,-1.754017639164374,-1.5444913148961514,-1.545761662721634
2795_CsCuBaBr,-1.4386319721053387,-1.6631570816093757,-1.4364323735344846,-1.4373043298721313
2796_CsGeBaBr,-1.5709914768050457,-1.7515409469643743,-1.5729127287894848,-1.572435736656189
2797_CsTiSmBr,-1.5543949290424925,-1.8728107452418754,-1.5457984924436512,-1.5537709951400758
2798_CsAsTlBr,-1.135841497213676,-1.2673577308743744,-1.1340251445944851,-1.137718677520752
2799_CsAgAuBr,-0.9156895006011272,-1.0773298263493758,-0.9122335195594846,-0.9167044639587403
2800_CsVAmBr,,,,
2801_CsKGaBr,-1.4157720053504252,-1.6127550601943768,-1.4160847902369849,-1.416528868675232
2802_CsKCrBr,-1.431353541643455,-1.7230366229993763,-1.435012507439485,-1.4306768417358398
2803_CsNaAmBr,,,,
2804_CsAgGdBr,-1.620504411489799,-1.8453920364379286,-1.6160548210260672,-1.6230124711990357
2805_CsKMnBr,-1.374791786331555,-1.649532175069376,-1.3742379739412087,-1.3788226949757543
2806_CsNbAuBr,-1.0290510738204266,-1.2180981227336616,-1.014833712579485,-1.0287220478057861
2808_CsZnBaBr,-1.6270731890509869,-1.861965465554053,-1.6280025601443016,-1.6292282223701477
2809_CsNdPtBr,-1.3468587959121012,-1.577993011486876,-1.348243045811985,-1.3495342969894408
2810_CsTaAuBr,-0.9843915085306115,-1.1511310577393743,-0.9893281698294849,-0.9862756252288818
2811_CsYHgBr,-1.545279979140594,-1.7610010147193749,-1.5515885591544847,-1.5468582451343535
2812_CsPCuF,-1.878018651337459,-2.174212725958573,-2.0047291778509413,-2.0551318384352184
2813_CsTiVacF,-3.2618365220792143,-3.5001582569555563,-3.251248174257407,-3.2945023907555475
2814_CsGaPdF,-2.268118534416988,-2.502794790265001,-2.2479108572124997,-2.298746109008789
2815_CsHoHgBr,-1.5446700845470374,-1.7580898284943742,-1.5456340074628183,-1.5465958257516224
2816_CsGaAuBr,-1.04465766790612,-1.2109594345143733,-1.0415649652569847,-1.0479233026504517
2817_CsNaCmBr,,,,
2818_CsPtPbBr,-1.0375680530379559,-1.2028831481993763,-1.0332138538494848,-1.0420612573623658
2819_CsNaPmBr,-1.7511084521125102,-2.1340841293418746,-1.870475673684485,-1.8714473724365235
2820_CsInHgBr,-1.1704662227938916,-1.3492254257343745,-1.1619729042094848,-1.1698820650577546
2823_CsCrAuBr,-1.041511186392143,-1.2968055725093763,-1.0306585073494852,-1.0416794300079346
2821_CsCoNdBr,-1.4531413519690777,-1.7649578094568739,-1.4607853889519844,-1.4574352025985717
2824_CsFeNdBr,-1.4363224113295818,-1.7337116241543753,-1.446771717084485,-1.441189455986023
2825_CsAgEuBr,-1.4989664161513592,-1.7397630691593775,-1.5084923744294847,-1.5013105630874635
2826_CsCoRbBr,-1.0946586811850811,-1.4362623214793757,-1.2145313859094848,-1.2087794661521911
2827_CsFeTlBr,-1.1191613757918621,-1.3494895935168756,-1.1218677044019851,-1.1269330024719237
2828_CsMnAuBr,-1.0515720936244932,-1.3064416885393768,-1.0414576127712092,-1.0475592004841772
2829_CsKNbBr,-1.4296226942847514,-1.6454873153136618,-1.4260041952194846,-1.4303144454956054
2830_CsNiRbBr,-1.0666787946532512,-1.4125758171193752,-1.1822543740394849,-1.1793434500694275
2832_CsKTaBr,-1.3672805051317163,-1.5729172229793762,-1.361025691039485,-1.3671542167663575
2833_CsMnBaBr,-1.6392284962123838,-1.9651861190893753,-1.636335153836209,-1.639927731711289
2834_CsAsRbBr,-1.1733715617965008,-1.4370108604543759,-1.284907209884485,-1.2857763648033143
2836_CsVPbBr,-1.271150621206596,-1.5599569320693747,-1.279995298399485,-1.2742298364639282
2837_CsNiNdBr,-1.4680723035643841,-1.743229007726876,-1.4649749755919845,-1.4688343763351441
2838_CsCdTmBr,-1.5807512069056773,-1.8085973739643748,-1.5840075492994852,-1.584473466873169
2839_CsSrPtBr,-1.3416354263137127,-1.5696021080093772,-1.3416759491094852,-1.3411495327949523
2840_CsDyHgBr,-1.5453683817694928,-1.7553157806393755,-1.5454067468694848,-1.5472266018390655
2841_CsCuThBr,-1.3809526288817668,-1.5719732284593761,-1.372833561909485,-1.3797833681106568
2842_CsNaSmBr,-1.7521703088591838,-2.133577156071877,-1.8712001800669849,-1.8721826553344727
2843_CsKFeBr,-1.2835850203345562,-1.5317345142368737,-1.2828630209019853,-1.2929878234863281
2844_CsCrAmBr,,,,
2845_CsAgSmBr,-1.6134761894057537,-1.8533487319918778,-1.6112354278669847,-1.6146991968154907
2846_CsCdHgBr,-1.1438803935359263,-1.338947868354373,-1.1385193109544849,-1.1424813330173493
2847_CsEuPtBr,-1.349653514654472,-1.581315994279376,-1.3468080520694847,-1.3413665533065795
2848_CsVSrBr,-1.6327583635161662,-1.9587849616993764,-1.6342131614794844,-1.6331674695014953
2849_CsCdYbBr,-1.6586321407864832,-1.8086935043343773,-1.575566482549485,-1.6724444150924682
2850_CsMnSmBr,-1.491821155208966,-1.8399816513118765,-1.4822808101387088,-1.492887459952256
2851_CsMnTlBr,-1.226649078983685,-1.4910680770993736,-1.225376446501209,-1.2272808897084204
2852_CsLiThBr,-1.654946037561729,-1.8929160833390029,-1.6606733799071756,-1.6542134881019592
2853_CsTbHgBr,-1.5452722384840591,-1.7572616577243765,-1.5464623053961515,-1.547517329454422
2855_CsInFrF,,,,
2856_CsNaEuBr,-1.6049204910109782,-1.9942102432293751,-1.7399846077094847,-1.729935073852539
2857_CsScAuBr,-1.4280492389510417,-1.6408051490843747,-1.422281146059485,-1.4296574115753173
2859_CsCrTlBr,-1.2605646694014812,-1.5347293853793729,-1.263925409329485,-1.260937786102295
2860_CsCrBaBr,-1.5674905145476603,-1.8859760284493774,-1.5690575480544848,-1.569956088066101
2861_CsFeRbBr,-1.1631175124953532,-1.5305486679168752,-1.2719475388619852,-1.2821773886680603
2862_CsYbNpBr,-1.6598680162738109,-1.8835876464896102,-1.45244245529427,-1.6894381523132325
2863_CsCdEuBr,-1.6426475102017666,-1.8873132705793751,-1.640060806284485,-1.6425716876983643
2864_CsGaTlBr,-1.2502776944945597,-1.4291048050043742,-1.249326801316985,-1.250837779045105
2865_CsSrAgBr,-1.4296839559386516,-1.642625904089377,-1.433778667459485,-1.4297587037086488
2866_CsAgPmBr,-1.6125607216666484,-1.8542737960818756,-1.6102599144144847,-1.6143362283706666
2867_CsAgCmBr,,,,
2868_CsVEuBr,-1.6148421132872843,-1.940431404119377,-1.6088082313594847,-1.6118295431137084
2869_CsZnSmBr,-1.5521734142611767,-1.771825695046553,-1.5530741930068015,-1.5552178502082825
2870_CsKNiBr,-1.1847635233710552,-1.4111936092393733,-1.1901659727194847,-1.1868047714233398
2871_CsNFrBr,,,,
2872_CsKAsBr,-1.2933937990973736,-1.4371362209343743,-1.2946241140444852,-1.2955106735229491
2873_CsPRbBr,-0.9552313411544109,-1.3577124913679455,-1.198763193985426,-1.198535428160713
2874_CsMnAmBr,,,,
2875_CsTiNpBr,-1.3676653190762145,-1.758754730234608,-1.3669978141859365,-1.3672119855880738
2876_CsNaGdBr,-1.759672030241325,-2.127016639707932,-1.8761527061560668,-1.8795891761779786
2877_CsKCoBr,-1.2089862191985392,-1.430035448079377,-1.219543433199485,-1.213811206817627
2878_CsKScBr,-1.8305574143241192,-2.0661649227143726,-1.8316522359894847,-1.832105827331543
2880_CsAgAmBr,,,,
2881_CsCrPbBr,-1.239397486479118,-1.5219970703193753,-1.2399478435594848,-1.2373609781265258
2882_CsGdHgBr,-1.5507419103692317,-1.7470272064229306,-1.5474480867460667,-1.5501714050769806
2883_CsSbAuBr,-1.028077610761955,-1.1655324935943754,-1.026446795474485,-1.0294123649597169
2884_CsSrCdBr,-1.6576888317178036,-1.8982327461293749,-1.6570953369244847,-1.6586953043937682
2885_CsKAgBr,-1.1085459435294414,-1.280457544329377,-1.1148667097194849,-1.1104198932647704
2886_CsAgPbBr,-1.137584193975761,-1.312622642519375,-1.1369254589194848,-1.1419857740402222
2889_CsPdHgBr,-0.9895672643492961,-1.1456441879343742,-0.982289052019485,-0.9906478226184845
2888_CsAgInBr,-1.1906666362593914,-1.3992000579893755,-1.1857733488194846,-1.1904537677764893
2890_CsSbHgBr,-1.0902294063876414,-1.2319456100493766,-1.094290947914485,-1.0947155773639679
2891_CsCaCdBr,-1.6418070966313625,-1.8875411510493763,-1.641715526594485,-1.6428080797195435
2892_CsZnAmBr,,,,
2893_CsAsAuBr,-0.948987420828178,-1.0789578437843772,-0.9468165159344849,-0.9498587131500245
2894_CsNiAuBr,-0.8907961690734172,-1.0789002418493765,-0.8830600500194847,-0.8896355152130127
2895_CsGeSmBr,-1.4325630748580243,-1.6439603805568737,-1.4413521289919848,-1.4352839231491088
2896_CsMnRbBr,-1.254474267620465,-1.6486438751293746,-1.3640774204912092,-1.3679504620617835
2897_CsAgNdBr,-1.610255297453239,-1.8499532699568733,-1.6083145141719846,-1.6110606431961059
2898_CsCoAuBr,-0.8550032341788555,-1.0675998687793764,-0.8521883726194848,-0.8586545467376709
2899_CsCrRbBr,-1.3129494989226604,-1.7241411209193758,-1.4267325997494846,-1.4219274878501893
2900_CsCrSrBr,-1.5694961154769207,-1.8923598289593742,-1.5701498985394848,-1.5722145199775697
2901_CsEuHgBr,-1.5159012759040142,-1.7349040985143773,-1.5142379045494851,-1.5122410118579865
2902_CsNaTbBr,-1.7584501191288573,-2.1368452072193747,-1.8767383893461513,-1.878049945831299
2903_CsKSbBr,-1.377161809236839,-1.5313372135243752,-1.3782022237844846,-1.3782501697540284
2904_CsAgPrBr,-1.6081685746024394,-1.8420705795293741,-1.606046915069485,-1.6086314916610718
2905_CsVBaBr,-1.6334429347823405,-1.951545143129374,-1.6343338847244848,-1.6330723524093629
2906_CsGaRbBr,-1.2968185508559489,-1.6143478393643762,-1.408096325406985,-1.408378803730011
2907_CsNaAcBr,-1.7831343257735515,-2.155808830266878,-1.9035618782119847,-1.9024614334106444
2908_CsVTlBr,-1.288814410002067,-1.5265771865893754,-1.2909254550994849,-1.2885315895080567
2909_CsKPdBr,-1.188913937837913,-1.3621851444293753,-1.192910456669485,-1.1920584678649901
2910_CsCdPbBr,-1.306405603320434,-1.506879997259378,-1.306910943994485,-1.3075621604919434
2911_CsAgHgBr,-0.9795012781332278,-1.1479009628343733,-0.9742301225694849,-0.9796713650226593
2912_CsCaAgBr,-1.4178186500380778,-1.6333930492393733,-1.4213695526294847,-1.4174992561340332
2913_CsMgSmBr,-1.6384813273261334,-1.9403423309418741,-1.6449916482069853,-1.643838596343994
2914_CsPTlBr,-0.9202648485015178,-1.1922173818079442,-1.0531749748154262,-1.0549302555265883
2915_CsMnPbBr,-1.2927601667827573,-1.5814439773593763,-1.2890926673612089,-1.2942566024846045
2916_CsGeAmBr,,,,
2917_CsTeVacBr,-1.1320009236325097,-1.2798586244956027,-1.1357871514920204,-1.134583623320968
2918_CsCrPdF,-2.096382842392757,-2.606122922900002,-2.090424084675,-2.1327240228652955
2919_CsScHgBr,-1.482927324802711,-1.6884194374093766,-1.4806396722794848,-1.483152800798416
2920_CsCrEuBr,-1.5588697517226482,-1.8887096405093757,-1.559920597079485,-1.5679935216903687
2921_CsSmHgBr,-1.5401437962363507,-1.756904983526877,-1.5416445016869846,-1.5429785072803497
2922_CsNaDyBr,-1.7585012519667889,-2.133339881894378,-1.876212692269485,-1.8780285358428954
2923_CsAgPuBr,-1.4756053412268901,-1.7735692977881257,-1.4818451881551098,-1.4743467569351196
2924_CsTiNdBr,-1.5552271052509887,-1.8585128784268732,-1.5479763031086518,-1.555614161491394
2925_CsBaPtBr,-1.3460816705535197,-1.5671489715693752,-1.344597041614485,-1.3452566862106323
2926_CsBeRaBr,,,,
2927_CsMnSrBr,-1.6440535637325255,-1.9737214088493744,-1.6390067889912092,-1.6435270297116247
2928_CsTiDyBr,-1.545524041286145,-1.8831264495943743,-1.5386856079161515,-1.545651650428772
2929_CsMgAmBr,,,,
2930_CsZnPbBr,-1.2786445105384137,-1.4762778282240532,-1.2797106504593017,-1.2798122048377991
2932_CsMnPdF,-2.094109998900315,-2.53390021324,-2.084995086446724,-2.1340780365056005
2933_CsNaHoBr,-1.7577830318918175,-2.1381433486993755,-1.8758809089828183,-1.8773361523946126
2934_CsHgCmBr,,,,
2935_CsPmHgBr,-1.5375623846362376,-1.7545143127468776,-1.5400218248444848,-1.5424984276294709
2936_CsVRbBr,-1.3451272571395183,-1.718836212159377,-1.4540584206694849,-1.4531906485557555
2937_CsAgNpBr,-1.385498639375999,-1.759098625184609,-1.4072360038892704,-1.3932509660720824
2938_CsAgCeBr,-1.5931526029418255,-1.860981559759375,-1.5979339599694853,-1.5955082654953003
2939_CsCdAmBr,,,,
2940_CsGePbBr,-1.2362479293654705,-1.3827020645143762,-1.236570167554485,-1.2385104417800903
2941_CsNaYBr,-1.759174402983024,-2.143521881104374,-1.8828005790844844,-1.8780681610107421
2942_CsKCuBr,-1.1322367871115948,-1.322437524799375,-1.1346344947894849,-1.1354033946990967
2943_CsZnSrBr,-1.6283198082755352,-1.8672903061040529,-1.628191018119302,-1.6298167705535889
2944_CsMnEuBr,-1.6257336708492247,-1.9598020553693742,-1.6168092563312093,-1.623231660086533
2945_CsCuPbBr,-1.1241404378722453,-1.3083196640093775,-1.121477484719485,-1.1260612249374389
2947_CsRhTlBr,-1.1074576700042034,-1.2987403869693737,-1.109352636359485,-1.108864164352417
2949_CsAlKBr,-1.5591878378699566,-1.7681138992293768,-1.558149695409485,-1.5600621700286865
2950_CsFeSmBr,-1.4366722667525553,-1.7400413513193769,-1.4460106849794847,-1.4420306921005248
2951_CsDyNpBr,-1.4832591498206402,-1.8713520050096093,-1.4683286666992703,-1.4912503480911254
2952_CsInAuBr,-1.0926844203780437,-1.2741392135693759,-1.085280942919485,-1.0932533979415893
2953_CsNiRaBr,,,,
2954_CsTiTlBr,-1.4257479115635499,-1.6454227447593752,-1.4259867191461513,-1.4240042686462402
2955_CsCdSmBr,-1.5808228785107876,-1.8056322097818764,-1.583092021951985,-1.5846777439117432
2956_CsCaEuBr,-2.0030063474486615,-2.2717298030893773,-2.0049423217894846,-2.0072668552398683
2957_CsZnEuBr,-1.612416740686729,-1.8566836357240533,-1.611492180829302,-1.6137286305427552
2958_CsGeSrBr,-1.5760465705703044,-1.7590233802843755,-1.5760760784244847,-1.5769044041633606
2959_CsNaErBr,-1.7566199624846721,-2.1339231491093757,-1.8745882988061513,-1.8764001369476317
2961_CsCuSrBr,-1.4365657890151287,-1.666147327429374,-1.437014317529485,-1.4359199166297913
2962_CsAgSbBr,-1.119003781111076,-1.2756000518843762,-1.118261528024485,-1.1218598127365111
2963_CsTaHgBr,-1.168405495118136,-1.329540634164374,-1.1715411424694846,-1.1729054749011993
2964_CsMgPbBr,-1.485636338026359,-1.7029090881393756,-1.489220917239485,-1.4895921230316163
2965_CsNbHgBr,-1.1744296753714825,-1.345959908628663,-1.1788376092894848,-1.1762462913990022
2967_CsNdHgBr,-1.5352978194068219,-1.7496688842818742,-1.5371042490019846,-1.5396901428699494
2968_CsBeMnF,-2.486728267628571,-2.9349404811900017,-2.4883478715617238,-2.52981892700853
2969_CsRhVacF,-2.221121136712845,-2.4388598866000013,-2.2319910526388886,-2.2474095821380615
2970_CsLiPF,-2.2779046991775775,-2.5700823386481986,,-2.445508155936287
2971_CsAgUBr,-1.3635373199294354,-1.6730642318693754,-1.363277721419485,-1.3627585649490357
2972_CsFeRaBr,,,,
2973_CsAlAuBr,-1.1528016889403605,-1.3355733394593756,-1.1465515852094845,-1.1546794891357421
2974_CsNaTlBr,-1.1681044900725628,-1.4924974441593748,-1.284365129489485,-1.2876158952713013
2976_CsCoRaBr,,,,
2977_CsIrTlBr,-1.0372472369979167,-1.2188159942793733,-1.037740659719485,-1.040799045562744
2978_CsPrHgBr,-1.5336372846673274,-1.7436401367243746,-1.534782481199485,-1.5375181019306183
2979_CsKInBr,-1.4638657772849346,-1.6755960941393737,-1.462104654319485,-1.464475655555725
2980_CsCaSrBr,-2.0292631233046796,-2.2888062000393745,-2.0292730331494844,-2.030555236339569
2981_CsRuTlBr,-1.0343281829665447,-1.2241695404143769,-1.032423639309485,-1.0317627906799316
2982_CsAgBiBr,-1.1727948272536541,-1.342223167421875,-1.171372556699485,-1.1755655527114868
2983_CsNaTmBr,-1.7544772947142864,-2.1305440902743755,-1.8729328155644847,-1.8741973876953124
2984_CsNiAmBr,,,,
2985_CsGeEuBr,-1.5594655120681071,-1.7526571273843756,-1.5574426174244849,-1.5587670087814331
2986_CsMgSrBr,-1.8466603362868572,-2.104785823829374,-1.8485483765694848,-1.8503779768943787
2987_CsPtNpBr,-1.1629922592948223,-1.4855133056746126,-1.1579921722492699,-1.1651058912277221
2988_CsAgAgBr,-0.9474114501784587,-1.1236965179393734,-0.9472306251694846,-0.9479782819747925
2989_CsAgLaBr,-1.6508900249312664,-1.8772386550962097,-1.647798776635281,-1.6513703107833861
2990_CsRbRhBr,-1.1511336410353923,-1.4728368759293773,-1.2639357209394848,-1.2605257868766784
2991_CsScAgBr,-1.5483239019225383,-1.7809493064843764,-1.5446378707994846,-1.5480566263198852
2993_CsAgCdBr,-1.0886349314759518,-1.2775608062693748,-1.085632324234485,-1.090074062347412
2992_CsMgEuBr,-1.8222149694274212,-2.0893878936893744,-1.8243168473294848,-1.8280901908874512
2994_CsCuAcBr,-1.5926984393904948,-1.823790550236876,-1.5871651888019849,-1.5905465364456177
2995_CsTiTmBr,-1.5286885186344725,-1.8869529724143774,-1.5266387939511514,-1.5330283880233764
2996_CsVNpBr,-1.2997924530814438,-1.7143430709846086,-1.3010378837692698,-1.2936976194381713
2997_CsAgPaBr,-1.3602348172972942,-1.588096427919376,-1.3527836799794848,-1.3582763910293578
2998_CsEuYbBr,-2.0201680207560804,-2.1727436065743775,-1.8347073555044848,-2.030146598815918
3000_CsCaPbBr,-1.6671414220641398,-1.8866014003793736,-1.6675016880194846,-1.6681492805480957
3001_CsTiRbBr,-1.4845590754658324,-1.8376543045193756,-1.5915359139561513,-1.5911558508872985
3002_CsMoTlBr,-1.1543678307841563,-1.3845901489293737,-1.160910844815735,-1.1578940391540526
3003_CsNaYbBr,-1.5276716018031382,-2.095462608344377,-1.859538364414485,-1.6554929971694947
3004_CsCoPbBr,-1.10394847038491,-1.3687480926593765,-1.1143253803394846,-1.1106705904006957
3005_CsFePbBr,-1.1550180757354045,-1.3972385406568777,-1.159461259851985,-1.1573505640029906
3006_CsNaLuBr,-1.7505227887938761,-2.1308614730843742,-1.8682029724244849,-1.869746160507202
3007_CsMoHgBr,-1.0201621318171763,-1.2178813934343737,-1.0316418886257346,-1.0134331047534944
3008_CsNiPbBr,-1.1176117027114176,-1.3700921058693751,-1.126332426079485,-1.1239210367202759
3010_CsPoVacBr,,,,
3009_CsLiAcBr,-1.8923878634284281,-2.1474632024865,-1.8936394214696755,-1.8930142998695374
3011_CsTiYbBr,-1.6873017653137787,-1.8811790466443739,-1.528388309481152,-1.7056299209594727
3012_CsThVacBr,-1.8844767239701246,-2.1374901665659727,-1.8885844548660944,-1.888220442665948
3013_CsRbIrBr,-1.0876672351668621,-1.4014741897693768,-1.1974480271394854,-1.1982441306114198
3014_CsSrYbBr,-2.0451374316523814,-2.2021658897543746,-1.860345745094485,-2.0535341620445253
3015_CsHgNpBr,-1.386679550440147,-1.6956672668496082,-1.4096390962692698,-1.396868258714676
3016_CsRbRuBr,-1.0855269277404094,-1.4065103530943759,-1.1884704232294852,-1.1890735983848573
3017_CsMgRaBr,,,,
3018_CsEuTmBr,-1.800971850187614,-2.1431720733743758,-1.7951271057244846,-1.802648901939392
3019_CsSrHgBr,-1.514719250233009,-1.7310484886243755,-1.5115206956894847,-1.5137211501598358
3020_CsCeHgBr,-1.559857558638885,-1.7651115417543763,-1.5659891366994851,-1.5620753109455108
3021_CsCoSrBr,-1.453800674707725,-1.7596613884093757,-1.462569427499485,-1.4572219014167787
3022_CsFeSrBr,-1.5023236835311198,-1.7889224052468762,-1.5042404174919846,-1.505381214618683
3024_CsRuHgBr,-0.9096005255292201,-1.0823249816893763,-0.9088145494494846,-0.9066662132740021
3025_CsNaAuBr,-0.9573450649092937,-1.2603368759193756,-1.0808915853594852,-1.0783037900924684
3026_CsAgTaBr,-1.07310994667911,-1.2820390701293747,-1.066243076329485,-1.0761420488357545
3027_CsDyPtBr,-1.3487635457824017,-1.5793079376343768,-1.3489201545794849,-1.3503338098526
3028_CsNbAgBr,-1.14253946188195,-1.3639948436236637,-1.137122154239485,-1.1434721231460572
3029_CsNiSrBr,-1.4637862050841595,-1.7626121521093752,-1.4732596397494846,-1.4660545468330384
3030_CsIrHgBr,-0.9064942890713954,-1.0769317627043762,-0.9132114648794847,-0.903320723772049
3031_CsHgPbBr,-1.1766369858692431,-1.3507095336943735,-1.1731817007194851,-1.1750017940998077
3032_CsPdBaBr,-1.4290900314162518,-1.6636331558293733,-1.429601562034485,-1.4277606725692749
3033_CsGeRaBr,,,,
3035_CsCuRaBr,,,,
3036_CsRbMoBr,-1.2109695935557627,-1.575916862499375,-1.3262021660957344,-1.324334943294525
3037_CsTiBaBr,-1.6927305146366698,-1.9723331451493749,-1.6922955393911514,-1.689493441581726
3038_CsCaAmBr,,,,
3039_CsYbPbBr,-1.682170465023353,-1.8096824646043728,-1.539670133604485,-1.692456102371216
3040_CsCoEuBr,-1.4501965725730206,-1.7617042541593775,-1.4633066177494847,-1.461194109916687
3042_CsCrNpBr,-1.3160050118277815,-1.753040313724611,-1.3173182487592698,-1.3120152235031128
3045_CsFeEuBr,-1.490782412321403,-1.7782302856568748,-1.493222236641985,-1.4957250356674194
3046_CsHgUBr,-1.4120346510718609,-1.6696716308643773,-1.4194157838894845,-1.4173837006092072
3047_CsCaPdBr,-1.4079951608489298,-1.6482902050093742,-1.409422492989485,-1.40788836479187
3048_CsTiHgBr,-1.3360258772284133,-1.5206619262743744,-1.342759251596151,-1.3417488396167756
3049_CsNiEuBr,-1.4666163289855265,-1.7646901130793737,-1.4726197242794847,-1.4692638158798217
3051_CsCaTiBr,-1.674865214458142,-1.967166280749376,-1.6775146484461512,-1.6734514713287354
3052_CsCaSmBr,-1.831071504385307,-2.132828283311878,-1.820182704936985,-1.8258392810821533
3053_CsNbTlBr,-1.2473866069625164,-1.4587959834636592,-1.2508929729594847,-1.2519354820251465
3054_CsTmPbBr,-1.526128443510368,-1.7742103576743773,-1.520440149314485,-1.521150040626526
3055_CsTaTlBr,-1.1828796724786705,-1.3822631835993746,-1.1842493534194847,-1.189997100830078
3056_CsAuAuBr,-0.8748284900496746,-1.0184753417993733,-0.8672804355694848,-0.8757184267044067
3057_CsHgBiBr,-1.1347493851493144,-1.285978698736875,-1.1362506628094848,-1.1388189613819122
3058_CsZnRaBr,,,,
3059_CsLaHgBr,-1.5737830037186886,-1.77712516785121,-1.576630473145281,-1.5769514858722686
3060_CsBeZnF,-2.5098278442333486,-2.776637125014679,-2.506944370279817,-2.5461135506629944
3062_CsRhHgBr,-0.9760855162452007,-1.1622211456343734,-0.9770565271494849,-0.9789189159870147
3064_CsNaThBr,-1.5493816936324383,-1.9013608932493753,-1.6729304313794848,-1.6637956619262695
3065_CsKAuBr,-1.0952518904517436,-1.260813570019377,-1.1000722408294847,-1.0978922605514527
3066_CsYbAmBr,,,,
3067_CsMnRaBr,,,,
3068_CsHgPaBr,-1.4868516022275233,-1.6916191101143767,-1.4886878252094848,-1.4960916817188263
3069_CsLuAuBr,-1.4856065357039714,-1.700482177734375,-1.4782616376944848,-1.4868215560913085
3070_CsTlAcF,-3.0464799025963094,-3.2421609401774987,-3.0437035322275006,-3.0724205493927004
3071_CsYbAuBr,-1.3708141827891613,-1.6772674560543777,-1.4748109579144848,-1.3910509824752808
3072_CsMoAgBr,-1.0441674495051647,-1.2838380813593744,-1.0419558525157349,-1.043652558326721
3073_CsZnNpBr,-1.3403282249282147,-1.6612547874492862,-1.3565931558690871,-1.3443344235420227
3074_CsEuDyBr,-1.8175669038604045,-2.142472076424377,-1.809183502209485,-1.8177894830703736
3076_CsPFrBr,,,,
3077_CsRbTaBr,-1.2471072296609826,-1.5708097457993744,-1.350514948379485,-1.3575190901756287
3078_CsRbNbBr,-1.3088798606704022,-1.64368653979366,-1.4145771622694852,-1.419658124446869
3079_CsCdNdBr,-1.5755041086982036,-1.7972181320168772,-1.5791480064469847,-1.581176519393921
3080_CsSmYbBr,-1.8382328057597423,-2.0447978973468763,-1.6391368866019849,-1.8594409942626953
3081_CsKLuBr,-1.8929062807868267,-2.1327053546943744,-1.8929435491644853,-1.8945350170135498
3082_CsCrDyBr,-1.519481452734306,-1.8517742157043755,-1.5111671447794848,-1.5212402582168578
3083_CsScTlBr,-1.6493757808516765,-1.8673504829443772,-1.6500728130494848,-1.6500700950622558
3085_CsCrRaBr,,,,
3086_CsGeNpBr,-1.2517079794715191,-1.5162630081196113,-1.2477202892342703,-1.252365279197693
3087_CsRuAgBr,-0.9112592780898356,-1.1154127120943769,-0.9039944648894845,-0.9089863061904907
3088_CsVHgBr,-1.138338010938003,-1.3716283798243751,-1.1451899766894846,-1.1311430275440215
3089_CsAgIrBr,-0.9025049054930949,-1.093117332469376,-0.8985982894994848,-0.8983667612075805
3091_CsKYbBr,-1.6574473285983349,-2.0982815265743766,-1.8827130079344845,-1.6660904169082642
3090_CsTmPtBr,-1.340236529142692,-1.5782394409243778,-1.343607425694485,-1.3435779333114624
3092_CsSrDyBr,-1.824429281980827,-2.1534464836143767,-1.824137687689485,-1.8249550461769104
3094_CsTmAuBr,-1.4914215410064007,-1.7113067626943745,-1.4853348493644845,-1.492121934890747
3096_CsAuTlBr,-1.006685789854362,-1.1638774871893758,-1.0047101259294848,-1.0081413030624389
3098_CsTiAgBr,-1.3203241273075683,-1.5522665023793762,-1.3145253181561514,-1.3175520181655884
3099_CsYbPtBr,-1.341091420681312,-1.5620086670043747,-1.3411161422744846,-1.3539072036743165
3100_CsVTmBr,-1.4565691316436076,-1.827726554874377,-1.4548824310344848,-1.4619783163070679
3101_CsNaInBr,-1.31660054567559,-1.667305374149376,-1.4325854063094847,-1.4349266290664673
3102_CsMnDyBr,-1.4844174715465512,-1.852612113954376,-1.4770676448512092,-1.4868219482487646
3103_CsMgNpBr,-1.4731770003150249,-1.7958953857446118,-1.4759115815292698,-1.4796985626220702
3104_CsPKBr,-1.0741583788703228,-1.3572030862179445,-1.2081888460054262,-1.2074429012480237
3105_CsPtHgBr,-0.9742040926526332,-1.1182533264243744,-0.9683700799994849,-0.9784847557544708
3106_CsKTmBr,-1.8966271364997174,-2.131844758994373,-1.8968353033144847,-1.898259162902832
3107_CsSbTlBr,-1.2136458719085002,-1.3543275833243769,-1.2130984783344847,-1.215543508529663
3108_CsErAuBr,-1.4942597234557415,-1.7113700866693733,-1.4872825384161517,-1.494905662536621
3110_CsBeCuF,-2.241226295561626,-2.5125874996200013,-2.2432081222699995,-2.2839988470077515
3111_CsBeGeF,-2.48993173036082,-2.680822896955,-2.4861284494449998,-2.5267945528030396
3112_CsNNaF,-1.4197982171486163,-1.671807813640001,-1.5335456132986718,-1.579544973373413
3113_CsRhAgBr,-0.978447517187431,-1.1797754287793736,-0.9751991272094849,-0.9746321439743042
3114_CsScRbBr,-1.708737643987968,-2.0634562492443735,-1.8202622056094853,-1.8203386664390564
3115_CsKTlBr,-1.3128786528418803,-1.498189592369377,-1.310232186329485,-1.314358639717102
3116_CsCuPaBr,-1.3072829807112956,-1.540919303899375,-1.2941827058994846,-1.2961919069290162
3117_CsGaHgBr,-1.1292536133836055,-1.2951978683493734,-1.1241927862169847,-1.1306093275547027
3118_CsZnDyBr,-1.5553582632849956,-1.7730074882590514,-1.555844807629302,-1.5575019478797913
3119_CsVYbBr,-1.626721098453834,-1.8362638473543769,-1.4690915107744846,-1.643564224243164
3120_CsPdCdBr,-1.0767277831147457,-1.2651813507093777,-1.071313095104485,-1.0779229640960692
3121_CsPAuBr,-0.7357909524749064,-1.0037320454979466,-0.8682742380054261,-0.8676403976622084
3122_CsTiCdBr,-1.3127610340029343,-1.5568189620993735,-1.3155445099011511,-1.3121616840362549
3123_CsEuNpBr,-1.6506697142432478,-1.9852954864546093,-1.64573698044927,-1.645784068107605
3124_CsRbAgBr,-0.9864629590819621,-1.2805274963393771,-1.1044719338594848,-1.0997334361076354
3125_CsAgAcBr,-1.646845849783256,-1.8756628036468754,-1.644785404221985,-1.6464534997940063
3126_CsKErBr,-1.8984138691733623,-2.134344911579376,-1.8981863737161515,-1.9002013683319092
3127_CsYAuBr,-1.4963456952880168,-1.717669868474377,-1.4964950323144852,-1.4973270893096924
3128_CsVRaBr,,,,
3129_CsHoAuBr,-1.4955218080987875,-1.7140323638893733,-1.4886758566028182,-1.4960736115773519
3130_CsCrHgBr,-1.1136692160676265,-1.3839355468743775,-1.1154971361194845,-1.1181541740894319
3131_CsMnHgBr,-1.1339569884127585,-1.4154283523643756,-1.127849777001209,-1.1306806730812995
3132_CsCuLaBr,-1.5967480504821085,-1.8266771316562114,-1.5915823698152807,-1.5959314107894897
3134_CsGeDyBr,-1.4375018441985392,-1.6551244735793773,-1.442302370074485,-1.4392701387405396
3135_CsPaVacBr,-1.7478702691208814,-2.017316182454863,-1.7496296564883167,-1.7501055134667292
3136_CsCuBiBr,-1.1271956050704266,-1.3007940292418767,-1.1258508443994848,-1.1274647951126098
3137_CsPdAgBr,-0.9773174608062053,-1.1492168426593736,-0.9738846778994847,-0.9781903505325318
3138_CsCaPtBr,-1.3234339082549358,-1.5552728176193766,-1.3245377540694847,-1.3223223209381103
3139_CsBeBaBr,-1.5811611199687268,-1.8192876815893755,-1.5820514082994848,-1.5814571142196656
3140_CsPdThBr,-1.4752464855025553,-1.663666343689377,-1.456458377849485,-1.476633334159851
3142_CsRbPdBr,-1.0691117132018353,-1.3639289856093768,-1.1850976586494848,-1.1826159834861756
3143_CsPtRaBr,,,,
3144_CsRbSbBr,-1.2556361043761517,-1.5299346923943744,-1.3672594666544846,-1.3673659205436706
3145_CsSrNpBr,-1.6575785839865946,-1.976770687114609,-1.65809221268927,-1.6615697026252747
3147_CsKYBr,-1.9003684962104106,-2.1430449008943753,-1.9058295011644852,-1.9012746810913086
3148_CsKHoBr,-1.8992931012620873,-2.1382233142893767,-1.8991608381328184,-1.9007726987202962
3150_CsCuUBr,-1.3081688726256633,-1.6243993759193756,-1.305376744279485,-1.3049736261367797
3149_CsCrTmBr,-1.5117278659652018,-1.858246612554376,-1.5054046630944846,-1.5154700994491577
3151_CsFeNpBr,-1.2277335608313826,-1.63917045594211,-1.25269889832177,-1.2378287076950074
3152_CsDyAuBr,-1.496974309713676,-1.7109424591043734,-1.4895668745094848,-1.49714937210083
3153_CsLiLaBr,-1.8959580862830425,-2.1491275548958386,-1.8959924697929709,-1.8963422894477844
3155_CsMgDyBr,-1.6408420169661784,-1.9520923614543761,-1.6453498482794848,-1.6449950695037843
3156_CsBRbBr,-0.8799667402416809,-1.1712633768868757,-0.9916982929011517,-0.9889672319094341
3157_CsVAgBr,-1.1787297571013713,-1.4300411224293754,-1.174222660069485,-1.1774624109268188
3158_CsCaVBr,-1.6132751548598552,-1.9450706005093736,-1.6158546447794848,-1.613923692703247
3160_CsLiBiBr,-1.4005500281165386,-1.5918281316815013,-1.4010865211571755,-1.4013436913490296
3161_CsFeHgBr,-1.0186066025803828,-1.2320545196618753,-1.0081972360619846,-1.0208639442920684
3162_CsCaNdBr,-1.8289707506011272,-2.107521200186875,-1.8248202324019847,-1.8298194408416748
3163_CsAgBaBr,-1.4282982433150555,-1.6348794937193758,-1.429697501674485,-1.428619122505188
3164_CsPbNpBr,-1.3415419781516338,-1.6209983825746122,-1.3356744289492704,-1.3420741319656373
3166_CsCrYbBr,-1.570336320431068,-1.8338005065943777,-1.5006909370444845,-1.5914594650268554
3167_CsLiUBr,-1.605551835329368,-1.9444465398890003,-1.6076899051771754,-1.6050179123878479
3168_CsKDyBr,-1.89962193611367,-2.132768297194377,-1.8991634130494848,-1.9010656833648683
3169_CsTbAuBr,-1.4974515362888916,-1.7152107238793746,-1.4914460261761515,-1.4979623317718507
3170_CsFeVacF,-2.1321384221657937,-2.68929306666389,-2.120093054252778,-2.1505164305369058
3171_CsBeMgF,-2.8481502333591724,-3.124299573900001,-2.8439526915599997,-2.885951566696167
3172_CsAsPdF,-2.0331988671730303,-2.165741014485002,-2.0125734567799998,-2.061869263648987
3174_CsUVacBr,-1.6544047819586092,-1.980733235688193,-1.6646646923549833,-1.6590960555606418
3175_CsMnTmBr,-1.4687963577693908,-1.8538705825843749,-1.467892534986209,-1.475903474051377
3176_CsCuNpBr,-1.3325778210471415,-1.7097913742146118,-1.35052063465927,-1.3370617151260376
3177_CsNaSbBr,-1.2353838289092327,-1.5289791107243758,-1.3541334152344848,-1.353790521621704
3178_CsCuCeBr,-1.539862116606071,-1.8109998703093766,-1.5421509027594844,-1.5391320943832398
3179_CsNaPdBr,-1.045289191038444,-1.3547748565693751,-1.1656886100894848,-1.167971706390381
3180_CsCdBaBr,-1.6541654581139826,-1.8895799636893742,-1.6544250369194848,-1.6553813457489013
3181_CsInTlBr,-1.2948300445388103,-1.4886606216593776,-1.292133927359485,-1.2941197633743287
3182_CsKTbBr,-1.899475364318524,-2.135550355919378,-1.8991817553861516,-1.900594997406006
3183_CsBTlBr,-0.8426604553372009,-0.9981754938868761,-0.8413691679711516,-0.839495627085368
3185_CsZnTmBr,-1.5508739734004284,-1.7738509178190527,-1.5531691789743014,-1.5526034474372863
3184_CsMnYbBr,-1.644682458300015,-1.872713661204375,-1.486969549906209,-1.6557113515919653
3186_CsAsHgBr,-1.0159723663638378,-1.1538441658093774,-1.0195141077144847,-1.0212272942066192
3187_CsNiHgBr,-0.9664881655882145,-1.1845726966943744,-0.964205098159485,-0.9652736961841584
3188_CsNaAgBr,-0.9746587360213542,-1.2832355499293755,-1.0983714103794848,-1.094589853286743
3189_CsGaAgBr,-1.138113316328361,-1.3309818267843752,-1.1367864132069847,-1.1389842987060548
3190_CsLiNpBr,-1.629818662435844,-2.0255218267542348,-1.6519526004869605,-1.6341663956642152
3191_CsCuPuBr,-1.4258014166663433,-1.7219045639081259,-1.42682468892511,-1.4230353593826295
3192_CsLiCeBr,-1.8370495522330548,-2.1301742315390015,-1.8447310924571751,-1.837852680683136
3193_CsBaNdF,-3.209324035973384,-3.4623040676075005,-3.1960344433825,-3.2265715837478637
3194_CsRbAcF,-3.1322022298286702,-3.455194807057501,-3.2378282427875007,-3.272142398357391
3195_CsCoHgBr,-0.9388216162036205,-1.1808330535943754,-0.9433586359094847,-0.9442288696765899
3196_CsCoDyBr,-1.4528293812583233,-1.7665199279843762,-1.4563202858094848,-1.4575991868972777
3197_CsGdAuBr,-1.500116595060661,-1.7038852691679296,-1.492697501186067,-1.5036332607269287
3198_CsCaCrBr,-1.5534346902678753,-1.880534505849377,-1.5539840698294847,-1.5550062656402588
3200_CsFeDyBr,-1.4358617866347576,-1.739505004891876,-1.4422776222319846,-1.4405699014663695
3199_CsCrAgBr,-1.1464572513411784,-1.4306051254293777,-1.142883396159485,-1.1458547830581665
3201_CsNaScBr,-1.6867002332518841,-2.0619635582043743,-1.8054716110294844,-1.8055706024169922
3202_CsNdYbBr,-1.8333581233332896,-2.0232688903918756,-1.647360610966985,-1.8638976097106934
3204_CsNpAmBr,,,,
3203_CsHgAcBr,-1.569314112694099,-1.7743698120218767,-1.571676373491985,-1.571414405107498
3205_CsMnAgBr,-1.1342211100048032,-1.407025909429376,-1.126515372061209,-1.1322605239933936
3206_CsZnYbBr,-1.626911976368263,-1.7681227684090544,-1.5416584253343022,-1.6406592726707458
3207_CsZnHgBr,-1.1139745080779337,-1.3024207115190536,-1.1085560321893015,-1.1120084464550017
3208_CsCuPrBr,-1.552812978060081,-1.7921865463293756,-1.5490683317294849,-1.5525841474533082
3209_CsNiDyBr,-1.4700083577941203,-1.744759082794377,-1.4628467559894847,-1.4699318170547486
3210_CsLiPuBr,-1.716353496343925,-2.0343848943777516,-1.7249676227628004,-1.7143394112586976
3211_CsGeTmBr,-1.4311249816725993,-1.6574525833193747,-1.4363976001794854,-1.4369824171066283
3212_CsEuAuBr,-1.4082079255889202,-1.626544570929377,-1.4146825552094846,-1.4090622425079347
3213_CsKGdBr,-1.8996416056464458,-2.125581407547929,-1.8978129148560665,-1.9021361351013184
3214_CsRbInBr,-1.343651660711601,-1.6751274108993754,-1.4527093291394848,-1.454707968235016
3216_CsSmNpBr,-1.4947801792929911,-1.8605815887471095,-1.4803487777767703,-1.5038790464401246
3217_CsCuNdBr,-1.5539833629439617,-1.7990560531668762,-1.5505470514419852,-1.5544582605361938
3218_CsCaMnBr,-1.627648744244,-1.9624667644593756,-1.6233998134312095,-1.6272461282795874
3219_CsGeYbBr,-1.5788237119029307,-1.672189521799376,-1.4403527736694848,-1.5891688346862793
3220_CsCdPtBr,-1.0203674549172663,-1.1896383285593743,-1.0127066612344848,-1.0184486865997315
3221_CsGeHgBr,-1.0838089073012616,-1.2303369522193748,-1.083575034144485,-1.0837945282459258
3222_CsMgTmBr,-1.6358813608001017,-1.9482757568443758,-1.6412921547944843,-1.640561580657959
3223_CsLiPrBr,-1.8538530433486247,-2.1115989446690007,-1.854352378857175,-1.8543919682502747
3224_CsVVacF,-2.6795566456528004,-3.1901715066666676,-2.6823483838055555,-2.7158198091718884
3225_CsKEuBr,-1.7392516815970684,-1.9887131214193743,-1.756836771969485,-1.7470083236694336
3226_CsSmAuBr,-1.4928745115111615,-1.714057540891875,-1.4881310224569848,-1.4942205905914308
3227_CsCuAmBr,,,,
3228_CsLiNdBr,-1.8557953083823466,-2.119766974456502,-1.856565427789675,-1.8568794846534729
3229_CsMgHgBr,-1.3128053331683422,-1.5280586242743766,-1.313667953019485,-1.3138602793216705
3230_CsMgYbBr,-1.8471569323848034,-1.9982910156343763,-1.663885939124485,-1.8604539155960083
3231_CsCaZnBr,-1.6093598449538493,-1.8529808521340527,-1.609954190269302,-1.6110315203666687
3232_CsVCdBr,-1.2291690343926693,-1.536824417109378,-1.234204483034485,-1.2324118137359619
3233_CsAgPtBr,-0.9472831571410442,-1.1123716354393764,-0.9459619522194849,-0.9501089334487915
3234_CsCeVacBr,-1.7999633776159578,-2.040882534454861,-1.8062515258883163,-1.8023614088694255
3235_CsNaTaBr,-1.2200198511590905,-1.5669397354193735,-1.3330052375894847,-1.3369912147521972
3236_CsNpVacBr,-1.6186457435632573,-2.0075132581940114,-1.6472806930658552,-1.626491414176093
3237_CsBeNdBr,-1.3882396006892468,-1.637835884096873,-1.4055567264669846,-1.3998975515365601
3238_CsCuCmBr,,,,
3239_CsNaNbBr,-1.284466084272697,-1.6426531383036604,-1.4007841110294845,-1.4023311614990235
3240_CsCuPmBr,-1.5553658211539532,-1.8040006637618746,-1.5520167589344847,-1.557129979133606
3241_CsAlFrBr,,,,
3242_CsEuRaF,,,,
3243_CsAuFrF,,,,
3244_CsLiAmBr,,,,
3245_CsKSmBr,-1.8919171297858501,-2.1314064502718737,-1.8924136877169846,-1.8937469482421876
3246_CsCuFrBr,,,,
3247_CsAuCmBr,,,,
3248_CsPdRaBr,,,,
3249_CsTiRaBr,,,,
3250_CsPmAuBr,-1.4919310534308696,-1.7155685424818756,-1.4871883153944847,-1.4939663410186768
3251_CsAsAgBr,-1.0340400541137005,-1.1803751945543752,-1.032417488114485,-1.0373466730117797
3252_CsLiCmBr,,,,
3253_CsCuHgBr,-0.96766505333884,-1.141960716254377,-0.9612826824294849,-0.9677877247333526
3254_CsCaGeBr,-1.5626984203170085,-1.7479289531743745,-1.5618206501144847,-1.5632236003875732
3255_CsCaCuBr,-1.418902167112663,-1.651560163509376,-1.4209610223894846,-1.4187126159667969
3256_CsLiPmBr,-1.8581089580367351,-2.1236602544815044,-1.8590925693621756,-1.860097086429596
3257_CsCuSmBr,-1.5560024106810832,-1.8024225235018747,-1.552627968796985,-1.5569703340530396
3259_CsAuAmBr,,,,
3258_CsCoTmBr,-1.442595979006126,-1.7670429229743774,-1.448385715494485,-1.449551272392273
3261_CsAlHgBr,-1.234615876705482,-1.412873601914376,-1.2293779611694848,-1.2350293934345244
3262_CsCaBaBr,-2.020456393987968,-2.2745915889793737,-2.0209792971744855,-2.022571325302124
3263_CsKPmBr,-1.8904897535155558,-2.1315716266718736,-1.8913931608244845,-1.8927419662475586
3264_CsKCmBr,,,,
3265_CsSrEuBr,-2.0138285720656657,-2.2781229972893753,-2.0169203758294847,-2.017298138141632
3266_CsNiTmBr,-1.461535724432304,-1.745121860504375,-1.4569854736444845,-1.4631088018417358
3267_CsMgCaBr,-1.8290600383590008,-2.092229604729377,-1.831636393079485,-1.833098006248474
3268_CsPuVacBr,-1.6535070697809087,-1.9762268066423618,-1.6688886218723447,-1.652719047334459
3269_CsNdAuBr,-1.4898680293868327,-1.7105094909668737,-1.4854862928419852,-1.4910809993743896
3270_CsLiSmBr,-1.8587708914588237,-2.1229747533815044,-1.859601545344675,-1.860431444644928
3271_CsCoYbBr,-1.4512353563617015,-1.734592056284376,-1.4440053939844844,-1.4696675300598145
3272_CsCuEuBr,-1.481750568182304,-1.7289033889893743,-1.4874207735194844,-1.4837317705154418
3273_CsKAmBr,,,,
3274_CsFeYbBr,-1.4991364980052257,-1.7194377899218751,-1.4332887649569848,-1.5175079345703124
3275_CsCrCdBr,-1.208065306575134,-1.5079893112193758,-1.206698989874485,-1.2099709033966064
3276_CsBeCoF,-2.233469454378917,-2.671303129200001,-2.26150081159,-2.28514358997345
3277_CsAgThBr,-1.437777634889915,-1.6212087631193755,-1.443053340929485,-1.4530048608779906
3278_CsPrAuBr,-1.4880517208884503,-1.7036552429193734,-1.4835089921994846,-1.4889028549194336
3279_CsEuPbBr,-1.661979683668449,-1.883872604379377,-1.658692502989485,-1.6599478006362915
3281_CsLuTlBr,-1.7076810443709636,-1.930079269414378,-1.7080773830544849,-1.7091705799102783
3283_CsPdAcBr,-1.5244821393798138,-1.7526250839268755,-1.5248373985419845,-1.5245665311813354
3284_CsNaMoBr,-1.180289270908668,-1.562961769099377,-1.3023222923357352,-1.3007167816162108
3285_CsSrRaF,,,,
3286_CsKNdBr,-1.887589761049583,-2.126027345656874,-1.888127493861985,-1.8888190269470215
3287_CsCuGdBr,-1.5638841474364544,-1.7914140701379324,-1.5575202226760667,-1.5655235528945923
3288_CsBeFeF,-2.2779273072193407,-2.7264064311975007,-2.2918562650724996,-2.325853180885315
3289_CsLiEuBr,-1.7181729758094098,-1.9865482091990032,-1.731990098967175,-1.7240920662879944
3290_CsLuFrF,,,,
3291_CsYbTlBr,-1.5500430131266856,-1.895347213754374,-1.698596429834485,-1.563757634162903
3292_CsRbAuBr,-0.9745087230513836,-1.260859107979377,-1.090398061279485,-1.0887782216072082
3293_CsSrPbBr,-1.6784585798095013,-1.8946349144093744,-1.6796212673294852,-1.6798617005348206
3294_CsBaYbBr,-2.036143138439491,-2.1911525726443757,-1.862719047079485,-2.044556140899658
3295_CsBaHgBr,-1.5118436271260525,-1.7228076934843757,-1.508821403984485,-1.511299830675125
3296_CsKPrBr,-1.8847015226195598,-2.1163914203693763,-1.8849516153394852,-1.8855861186981202
3297_CsAuPuBr,-1.3658021653006815,-1.6396003723181252,-1.3639993429251103,-1.3621544361114502
3298_CsCmVacBr,,,,
3299_CsNaIrBr,-1.037845047743156,-1.3661924362293747,-1.1559148788494849,-1.1572114944458007
3300_CsMnCdBr,-1.2589381935781447,-1.5701232910193768,-1.2521870448762094,-1.2584699976033178
3301_CsAmVacBr,,,,
3303_CsNaRuBr,-1.0434340560744548,-1.3836050033643743,-1.1564835548494845,-1.1589757919311523
3304_CsLiGdBr,-1.8656026327918316,-2.1152225255975567,-1.8638758182637574,-1.8671311020851136
3305_CsCaCoBr,-1.4337900364707257,-1.7421811580693742,-1.442372989659485,-1.4378285884857178
3306_CsCaFeBr,-1.4839545333693767,-1.773882055286876,-1.4864274025019846,-1.487333345413208
3308_CsBeNiF,-2.128773216337993,-2.6496262073500008,-2.15103166104,-2.1741382837295533
3309_CsCuTbBr,-1.5593321725041016,-1.8018178939893743,-1.5547974189261513,-1.5596298456192017
3310_CsCoFrBr,,,,
3311_CsTmTlBr,-1.7123818242858195,-1.9307506561343728,-1.7122888088344848,-1.7130496025085449
3312_CsCeAuBr,-1.4760236823867108,-1.7195419311493765,-1.4765351057094847,-1.478024959564209
3313_CsNiFrBr,,,,
3314_CsKPuBr,-1.7475006664107586,-2.038370180138125,-1.7571717023951101,-1.744706153869629
3315_CsBaTmBr,-1.8138235414336468,-2.140690231334375,-1.8168582797094845,-1.8176581144332886
3316_CsAuNpBr,-1.273455067903831,-1.6255218505846074,-1.2892390966492697,-1.279989767074585
3317_CsAsFrBr,,,,
3318_CsEuAmBr,,,,
3320_CsNaTiBr,-1.4590952082783324,-1.8298398971593741,-1.5736149787961513,-1.5734527587890625
3319_CsZnCdBr,-1.2389277452538754,-1.4573369026240528,-1.236932683004302,-1.2407617449760437
3321_CsCaNiBr,-1.4404946887801433,-1.742840051659377,-1.4500999450794843,-1.4451723575592041
3322_CsRbLuBr,-1.7701620662520672,-2.129125404364376,-1.8808729767944847,-1.8825542330741882
3323_CsYbFrF,,,,
3324_CsAlAgBr,-1.2671231592009806,-1.472450590139374,-1.2618526458894852,-1.2665395498275758
3326_CsNaRhBr,-1.1057839954207682,-1.4427659988493757,-1.2248096466194844,-1.223926591873169
3328_CsLiTbBr,-1.8636796518475158,-2.125037360199002,-1.8638336022738422,-1.864988386631012
3329_CsCuDyBr,-1.5585532749007487,-1.7992525100743761,-1.5530372858194847,-1.5585506200790404
3330_CsPbRaF,,,,
3332_CsCuCdBr,-1.0751671785424495,-1.2766208648693749,-1.0722397089144848,-1.0771642684936524
3331_CsRbYbBr,-1.5293081069300913,-2.093628883374376,-1.8682941079244846,-1.648911726474762
3333_CsNRbBr,-0.5004004323790813,-0.7458265304693754,-0.6085887551431565,-0.6119730353355408
3334_CsGeCdBr,-1.2039882892678524,-1.3739295959543738,-1.206247186669485,-1.2062194347381592
3335_CsZnAgBr,-1.0594428146193766,-1.2427700996440536,-1.0562313318393017,-1.0586686730384827
3336_CsKNpBr,-1.6614710414717937,-2.02741665840461,-1.6832655668292698,-1.6653891563415528
3337_CsErTlBr,-1.713856943876579,-1.9330799102893734,-1.7136188984061516,-1.7148773670196533
3338_CsNdNpBr,-1.4985300267051005,-1.8393211364821098,-1.4853487014917701,-1.5073114156723022
3339_CsKCeBr,-1.8657261097739481,-2.1349194049893754,-1.873700690279485,-1.8681065082550048
3340_CsSrAmBr,,,,
3341_CsSmEuBr,-1.828653129370048,-2.129821777351876,-1.818793487556985,-1.8275487661361693
3342_CsAuUBr,-1.2558294976065898,-1.540505218509378,-1.2556319952094845,-1.2562798976898193
3343_CsLiDyBr,-1.8634327137778546,-2.1212970495240002,-1.8629653453871757,-1.8645061612129212
3344_CsFeFrBr,,,,
3346_CsBeSmBr,-1.3937739873240733,-1.6587896347118771,-1.4084204197019852,-1.4018877744674683
3345_CsCuHoBr,-1.556804967354769,-1.801211738589376,-1.551873898522818,-1.557113989194234
3347_CsCuAgBr,-0.937765439779594,-1.117557907109378,-0.9348119020594847,-0.9387573003768921
3348_CsMgCdBr,-1.4489963227818752,-1.6914739608793752,-1.451948511614485,-1.4535625219345092
3349_CsGeAgBr,-1.0669935071776653,-1.2172225952143747,-1.0657756328644847,-1.0737595796585082
3350_CsCuYBr,-1.5584678733657147,-1.8051528930743757,-1.560204243674485,-1.5590266466140748
3351_CsHgThBr,-1.6140240782807613,-1.8018188476543742,-1.6179154634594846,-1.620074301958084
3352_CsYTlBr,-1.7155896270583415,-1.9419630050743764,-1.7218292713344852,-1.7160494804382325
3353_CsSrSmBr,-1.8412766540358807,-2.1387850761518736,-1.8333799362269847,-1.8366888165473938
3354_CsPbAmBr,,,,
3355_CsAuBiBr,-1.0742879951308513,-1.2237556457518735,-1.071227097519485,-1.0768225193023682
3356_CsRbTmBr,-1.7742765271971965,-2.127910804754376,-1.8844530701744848,-1.8860124945640564
3357_CsHoTlBr,-1.714652038048739,-1.9358657836993758,-1.7144636631128178,-1.715454037984212
3358_CsLaAuBr,-1.5315557325194622,-1.7371814727762114,-1.5253672838252803,-1.5322222709655762
3359_CsKUBr,-1.6379662001441264,-1.9459965229093767,-1.6400049924894848,-1.6362673759460449
3360_CsRbTlBr,-1.1920902455161357,-1.4972646713393742,-1.300182831299485,-1.3044141411781311
3361_CsLiHoBr,-1.862442243527407,-2.125488638879003,-1.8622654438105084,-1.8634048422177631
3362_CsMgAgBr,-1.2459827030013346,-1.4496442794793751,-1.247773993029485,-1.2460242748260497
3363_CsPdPtBr,-0.9033395850966717,-1.0758543014693742,-0.8978992462294851,-0.9109663724899292
3364_CsNTlBr,-0.5024107778380656,-0.6267425537193759,-0.4984755039331567,-0.5108864784240723
3365_CsCuErBr,-1.5551002586196208,-1.7970159530693763,-1.5498931169661518,-1.5554558515548706
3366_CsNaVBr,-1.3168032014678264,-1.7101352691593774,-1.4336606025794847,-1.4315874099731445
3367_CsBeAmBr,,,,
3368_CsTiPtBr,-1.0921081706196412,-1.2958992004493752,-1.0850381851261517,-1.0902671575546266
3369_CsLiYBr,-1.863933607370689,-2.130725264554002,-1.8693354129921755,-1.864528238773346
3370_CsSmPbBr,-1.5277109468291545,-1.755128860481875,-1.523267602936985,-1.519961953163147
3371_CsRbErBr,-1.7757249439070963,-2.130284309399374,-1.8856824517361512,-1.8878768801689148
3372_CsAuPaBr,-1.3009163344214703,-1.5029312133793724,-1.301537108429485,-1.3100363254547118
3373_CsKBiBr,-1.4358677351783062,-1.604634523391877,-1.4370686769594847,-1.4372447967529296
3374_CsAlPdF,-2.6109149554680133,-2.86883478165,-2.586766839045,-2.6394574880599975
3375_CsTmFrF,,,,
3376_CsDyTlBr,-1.7150137746642375,-1.9307449340943748,-1.7145814418894847,-1.7157248973846435
3377_CsKLaBr,-1.9246303522895123,-2.153012132646211,-1.9244978189552806,-1.9266746997833253
3378_CsMnFrBr,,,,
3379_CsCuTlBr,-1.0509489381621624,-1.2298837661793756,-1.0459601163994847,-1.0523733615875244
3380_CsCrFrBr,,,,
3381_CsTiVBr,-1.2554648562580688,-1.6102926254293748,-1.2617936134361518,-1.2554242849349975
3382_CsBKBr,-0.9956027909428222,-1.1640904585568763,-0.9957320610711516,-0.9930721918741863
3383_CsLiErBr,-1.8608169520209574,-2.1211402654690006,-1.8606565952438416,-1.8620885014533997
3384_CsCuTmBr,-1.5520916784117962,-1.7980436325143756,-1.5476486444644848,-1.5522494554519652
3385_CsCoCdBr,-1.0587558025429988,-1.3404855728193752,-1.0641839027544848,-1.066122007369995
3386_CsGaFrBr,,,,
3387_CsAgRaBr,,,,
3389_CsRbYBr,-1.777371677191093,-2.1391887664943736,-1.893209993854485,-1.8887670874595641
3390_CsBaDyBr,-1.8332836473296428,-2.1427825927743753,-1.828851306444485,-1.8296172380447389
3391_CsRbHoBr,-1.7764404062738364,-2.1341215133793754,-1.886583673962818,-1.888336439927419
3392_CsLiTlBr,-1.2724054658721233,-1.478460288059003,-1.2709400177171752,-1.2743464350700378
3393_CsFeCdBr,-1.118358718783691,-1.3764177322368767,-1.1169783592269849,-1.1211458683013915
3394_CsTlFrF,,,,
3395_CsTbTlBr,-1.7150103493839843,-1.9347461700493767,-1.7146905740261515,-1.7153785705566407
3396_CsNaGaBr,-1.2644674623320842,-1.5981304168743775,-1.3823354244369848,-1.3822208166122436
3397_CsBAuBr,-0.6365426822811706,-0.7750404993668752,-0.6241878906911517,-0.6286124388376872
3398_CsNiCdBr,-1.0699560398171688,-1.3394400596693743,-1.074221992504485,-1.0753963947296143
3399_CsLiTmBr,-1.8583169663260724,-2.1175979375940015,-1.858601713192175,-1.8595401406288148
3400_CsBePbBr,-1.2256274485896372,-1.4262956619293732,-1.226183319104485,-1.2255723237991334
3401_CsCuYbBr,-1.4386539721797251,-1.766119194034377,-1.539237713824485,-1.4610326290130615
3403_CsCdRaBr,,,,
3402_CsCoAgBr,-0.9294791901419902,-1.1607042312593763,-0.9370134353694848,-0.9333522081375122
3404_CsSmAmBr,,,,
3405_CsFeAgBr,-1.0217321002791668,-1.2585550308268778,-1.012807655341985,-1.0250778436660766
3406_CsNaCrBr,-1.278906329901054,-1.704923820499377,-1.3979779243594848,-1.3954025268554688
3407_CsRbDyBr,-1.7767223680327677,-2.1284147262643756,-1.886518728739485,-1.8885126948356628
3408_CsNaMnBr,-1.2310052010005919,-1.6436080932593768,-1.3469747379012091,-1.3533208715504614
3409_CsErFrF,,,,
3411_CsCuLuBr,-1.5455126369307781,-1.786744499214376,-1.5401413202444847,-1.5461209058761596
3412_CsPdPaBr,-1.359119519026115,-1.5726758956993763,-1.339130306259485,-1.3631224393844605
3413_CsNiAgBr,-0.9530151689360882,-1.1684874534593745,-0.9515278816294849,-0.9514824151992798
3414_CsPHgBr,-0.8087674612115169,-1.0863454183029462,-0.947850110425426,-0.9459767140093305
3415_CsBeSrBr,-1.5784130120585704,-1.819337558759375,-1.577591466914485,-1.5778729557991027
3416_CsLiYbBr,-1.645275797874763,-2.0809463262640038,-1.8450466632921756,-1.6577199816703796
3417_CsGdTlBr,-1.7147243821929241,-1.9239715576279308,-1.7132519245260671,-1.7178764343261719
3418_CsGeBaI,-1.2675176719139363,-1.4224843978749988,-1.27175437215,-1.2842966318130493
3419_CsTiSmI,-1.2096353470594032,-1.4796306609925012,-1.200078368214167,-1.2194759607315064
3420_CsCuBaI,-1.1443385938118245,-1.3226610183600003,-1.1453673243849998,-1.1594610929489135
3421_CsNiTlI,-0.8104740479896808,-0.9722477912800003,-0.81431696418,-0.826549482345581
3422_CsErHgI,-1.219848925800159,-1.3988746642849947,-1.2203429222366666,-1.2394523918628693
3423_CsAsTlI,-0.882500253052547,-0.9917832374449972,-0.884415936505,-0.8996177196502686
3424_CsVNdI,-1.1466984847496295,-1.4161420821975015,-1.1328008413525001,-1.1559766054153442
3425_CsCoTlI,-0.7955654838989521,-0.9474250793299973,-0.7935071230200001,-0.8149265766143798
3426_CsAgGdI,-1.2889241555641437,-1.4742715835385525,-1.2867485761965824,-1.3073640584945678
3427_CsHgTlI,-0.8576324680755878,-0.9887676238849963,-0.8557676792400001,-0.8746683180332184
3428_CsDyYbI,-1.452240494818523,-1.6462230682200016,-1.2817281484850003,-1.489534854888916
3429_CsZnBaI,-1.2988698581169391,-1.4939501762246779,-1.301387774974817,-1.3154669404029846
3430_CsYHgI,-1.2266668626974369,-1.408435249309997,-1.2318074226650002,-1.2465668499469758
3431_CsNdPtI,-1.073180733055904,-1.2649459838774988,-1.0762476682924997,-1.0940177202224732
3432_CsTaAuI,-0.694993483554358,-0.8384868621599992,-0.7021583080500001,-0.7171756744384765
3433_CsNbAuI,-0.754779944748714,-0.9057209559642843,-0.7476292133500003,-0.7730471611022949
3434_CsAgTbI,-1.2818292319089515,-1.47924785612,-1.2806371768566667,-1.2983045339584351
3435_CsHoHgI,-1.221460418831343,-1.4036670684650006,-1.2225163460033335,-1.2418944497903186
3436_CsCaDyI,-1.4524254897545124,-1.7366445064350018,-1.4560383558500003,-1.4704976558685303
3437_CsBFrI,,,,
3439_CsKMoI,-1.011855641932323,-1.2224312305300002,-1.01771550180625,-1.0301487445831299
3440_CsTiAmI,,,,
3441_CsMgBaI,-1.4821060756157185,-1.698541641219998,-1.4871038675550001,-1.5023264408111572
3442_CsAgEuI,-1.201787124008968,-1.3968118667400007,-1.2106604338000004,-1.2238198041915893
3443_CsFeTlI,-0.8252504208992267,-1.012471008287497,-0.8347108126025002,-0.851758337020874
3444_CsCoRbI,-0.8169969538162494,-1.0993429183899992,-0.9302725196200001,-0.9474597811698914
3445_CsAsRbI,-0.9007246592949176,-1.1419814109750006,-1.0158178687350001,-1.0281050562858582
3446_CsCaNpI,-1.2998433569381977,-1.599620199185233,-1.3011237859997848,-1.3165826797485352
3447_CsKNbI,-1.098919556469753,-1.2794022628042854,-1.1007358074400002,-1.114664125442505
3448_CsKTaI,-1.029425549041266,-1.19924397467,-1.03134789469,-1.0462972164154052
3449_CsMnBaI,-1.3014576780384985,-1.5964536666699984,-1.3052096798767245,-1.3205988990849462
3450_CsNiRbI,-0.8034367898414875,-1.106932353960002,-0.9267066359800001,-0.9344784617424011
3452_CsAgDyI,-1.2793551305244708,-1.4762918472049988,-1.2782163381900002,-1.2961953401565551
3453_CsDyHgI,-1.2235175082395817,-1.4051624297899992,-1.2247280121100002,-1.2440314590930939
3454_CsKRuI,-0.9270316341827656,-1.0940433978849995,-0.9293222904500003,-0.9403124332427979
3456_CsKIrI,-0.9531702736328388,-1.1170345783100004,-0.9590480327800002,-0.9677637577056885
3457_CsCuRbI,-0.7653314450691486,-1.0234207153199975,-0.8765084863000002,-0.8935400366783142
3458_CsMoAuI,-0.6705760994861866,-0.8316707610900039,-0.6571887493362499,-0.684726619720459
3459_CsYbHgI,-1.204755094082191,-1.3836242675700021,-1.219513225575,-1.2328587591648101
3460_CsAgSmI,-1.2834498742531086,-1.488211250282498,-1.2837543249375003,-1.301038432121277
3461_CsCrNdI,-1.178617654175594,-1.4678901672174987,-1.1709935903825,-1.198832631111145
3462_CsAlRbI,-1.0727776149223591,-1.3621253490300007,-1.1873272300100002,-1.2010149359703064
3463_CsNaLaI,-1.4287801125953936,-1.7696153640568355,-1.5499462366357963,-1.5640576362609864
3464_CsMnTlI,-0.9338788616246191,-1.166502189619996,-0.9384173467517243,-0.9544383394307104
3465_CsAgHoI,-1.2762652654757445,-1.476322364790002,-1.2753912687633335,-1.2934826930363972
3466_CsLuHgI,-1.2084581950615192,-1.3841766357300003,-1.2105815887650002,-1.228077346086502
3467_CsTbHgI,-1.2261913686305628,-1.405054473864999,-1.2267107327966666,-1.2459018528461456
3468_CsIrAuI,-0.6248247483680988,-0.7418334960799996,-0.6195736408400002,-0.6321238517761231
3469_CsTiPbI,-1.0129491030484779,-1.2137077331400008,-1.0174159288666664,-1.0313008069992065
3471_CsYAgI,-1.2824253419349934,-1.4851463317650002,-1.286716532735,-1.2994393110275269
3472_CsNaBiI,-0.9955170014808917,-1.2772512435724992,-1.12022125724,-1.1307892322540283
3473_CsKTiI,-1.2492810546666724,-1.4454144000899987,-1.2524359226466664,-1.2637159824371338
3474_CsRuAuI,-0.6077700475166583,-0.731555938705003,-0.5977523327100002,-0.6215134620666504
3475_CsPdPbI,-0.881951198906734,-1.0229841232199988,-0.8857039690300003,-0.9009015798568726
3476_CsTmYbI,-1.4294753828953053,-1.6309883117600008,-1.2567239523200002,-1.468102502822876
3477_CsVFrBr,,,,
3478_CsScAuI,-1.1173150876472735,-1.2886651038949992,-1.11515278819,-1.1338500022888183
3480_CsCrBaI,-1.2381487945030476,-1.520895004260001,-1.2438433289750006,-1.257861065864563
3481_CsCrTlI,-0.9506341794441486,-1.1858455657799993,-0.9560919046700004,-0.969476842880249
3482_CsCoBaI,-1.1346875170181536,-1.3959053039400005,-1.152876246005,-1.1543438196182252
3483_CsFeRbI,-0.8513763764808917,-1.1754224777074995,-0.9673864722525,-0.9856535792350769
3484_CsTiCrBr,-1.258627740970288,-1.598846435549376,-1.2563221931561515,-1.2511707067489624
3485_CsKRhI,-1.0177194574783588,-1.1875168323399976,-1.0235024929300003,-1.0312867164611816
3486_CsNaUI,-1.1397182801674153,-1.5654684066599998,-1.2637985944999997,-1.2733275890350342
3487_CsFeBaI,-1.1673684457252764,-1.4169952392475011,-1.1812846780075001,-1.1918845415115356
3488_CsYbNpI,-1.2999383369396473,-1.5075157165402344,-1.1212929487447856,-1.3416150569915772
3489_CsAgPmI,-1.2843876102875018,-1.4890447616425007,-1.284654688865,-1.3025700330734253
3490_CsSrAgI,-1.1595256904075886,-1.3360135078299975,-1.1672936201400002,-1.1743340611457824
3491_CsAgCmI,,,,
3492_CsGaTlI,-0.9447678426216388,-1.0861124038549974,-0.9508713484075002,-0.9643658876419068
3493_CsCdEuI,-1.3147708365629458,-1.525294685350002,-1.3186181783950002,-1.3329562187194823
3494_CsTiAuI,-0.9097189127713783,-1.077099609359999,-0.911850309396667,-0.9248368263244628
3495_CsTiSrI,-1.3377327381879431,-1.5833334922700004,-1.340600657486667,-1.3500948548316956
3496_CsAuHgI,-0.7502825239609028,-0.8696838378749987,-0.7510640859800002,-0.7675754129886627
3497_CsSrPdI,-1.1488007644127154,-1.346117877949999,-1.1562359571800003,-1.1639550805091858
3498_CsAgErI,-1.2734023908088947,-1.4705808639299989,-1.2721188307066664,-1.2906309366226196
3499_CsMnNdI,-1.155037914473435,-1.4554224014075003,-1.1583544328542246,-1.1746129142827002
3500_CsNiBaI,-1.1546367505501056,-1.404825305929998,-1.171667921565,-1.1744755983352662
3502_CsAgAmI,,,,
3503_CsKScI,-1.4626126507232928,-1.6628011226450012,-1.4666556835400002,-1.479353380203247
3504_CsGdHgI,-1.2336019495437884,-1.4011859893635517,-1.232330608386582,-1.2519672214984894
3505_CsAlTlI,-1.0357916930626179,-1.1893090724800004,-1.04092018608,-1.0544060707092284
3506_CsAgTlI,-0.8321296552131916,-0.9723451614199974,-0.83544809821,-0.8520214080810546
3507_CsRhAuI,-0.710303364128902,-0.825801467880001,-0.6949186802200004,-0.716920804977417
3509_CsSbAuI,-0.8065755704353595,-0.9173109054450037,-0.8092524051950001,-0.8231498241424561
3510_CsKAgI,-0.894153998226955,-1.0281038760900003,-0.8991085529599999,-0.9088242530822754
3511_CsAgPbI,-0.8903436044166828,-1.0301527023099992,-0.8932017565100001,-0.9109814882278442
3512_CsSrCdI,-1.3283560762117648,-1.5343876838500023,-1.332813620595,-1.3457637190818788
3513_CsMnRbI,-0.9462175952977148,-1.30991325377,-1.0626310542017243,-1.0783972489422766
3514_CsAgNdI,-1.2846806148002887,-1.4897199630575018,-1.2853454351725002,-1.3023080587387086
3515_CsZnNdI,-1.2258082846115375,-1.414228725422177,-1.228996944452317,-1.2501330018043517
3516_CsTiEuI,-1.317996162107621,-1.571907424920002,-1.319045138386667,-1.3324121713638306
3517_CsNaNpI,-1.162929771275356,-1.6467222213552362,-1.3075539350797851,-1.3031062602996826
3518_CsAgTmI,-1.2687570908973957,-1.4704656600749986,-1.2689542532250002,-1.285629153251648
3519_CsCaTmI,-1.4296460488746905,-1.7211122035849997,-1.434916377095,-1.4489129066467286
3521_CsCrRbI,-0.9853177884529376,-1.3601129531700025,-1.10211976769,-1.1125126719474792
3520_CsNaCeI,-1.3666967967460895,-1.7465330123700027,-1.4968320608400003,-1.5049168586730957
3522_CsEuHgI,-1.2141386220167423,-1.4039234161250023,-1.21832857134,-1.2303904354572297
3523_CsKSbI,-1.0893755176971698,-1.2206903934350009,-1.094992208505,-1.1071578025817872
3524_CsNaAcI,-1.4278965094993854,-1.769763755777501,-1.5494166136025003,-1.5634865283966064
3525_CsGaRbI,-0.970055995316341,-1.247339630114999,-1.0849496722475003,-1.0988937973976136
3526_CsKPdI,-0.9645390251587177,-1.1101885318599982,-0.9718012333200001,-0.9826161861419678
3527_CsAgPrI,-1.2856254080246234,-1.4862012863000018,-1.28580744269,-1.3024542093276978
3528_CsCdPbI,-1.017015809745624,-1.1841268539300018,-1.024116539985,-1.0370711803436279
3529_CsVBaI,-1.2939126351784016,-1.5741289138599996,-1.2966772675749998,-1.3081313371658325
3530_CsVTlI,-0.9668094972084308,-1.1649415969699988,-0.9757690668400002,-0.9850955486297608
3531_CsPdLaBr,-1.5302298152755047,-1.7565660476762104,-1.530270051965281,-1.5309905290603638
3532_CsRbTbBr,-1.7765188857227905,-2.131228828439376,-1.8863211592161513,-1.887950837612152
3533_CsCdDyI,-1.2504806825826909,-1.4485918044849995,-1.2561974287350002,-1.27256121635437
3534_CsCaHgI,-1.1946599999378467,-1.376815175995,-1.19553565981,-1.2081819117069243
3535_CsSmPtI,-1.0706231931160235,-1.2641941070424991,-1.0723681211675,-1.0906021356582642
3536_CsGeNdI,-1.1180323937843586,-1.2940523147425012,-1.1324556589374999,-1.1402538537979126
3537_CsCaYbI,-1.649136165709331,-1.7825395107150002,-1.4830552816650002,-1.6756375551223754
3538_CsKVI,-1.123773811192348,-1.3340868472799996,-1.12925839426,-1.1376741886138917
3539_CsNaPuI,-1.2534192064712788,-1.6576848983587524,-1.3835612058956248,-1.3858923435211181
3540_CsAgYbI,-1.1591421881626391,-1.4349081039249996,-1.263475680375,-1.1942130088806153
3541_CsSmHgI,-1.2277810523222232,-1.4158092498675046,-1.2281764984374999,-1.248470765352249
3542_CsLiLuBr,-1.853476187021568,-2.1161193609340017,-1.8530929088721753,-1.8542195439338685
3543_CsBaPtI,-1.093644247383907,-1.2798007965000011,-1.0960176110550002,-1.1090161561965943
3544_CsAgPuI,-1.156174204678371,-1.415978813148746,-1.1644385099656254,-1.1707665205001831
3545_CsTiNdI,-1.2159697233945472,-1.4706352233774993,-1.2043954611091667,-1.225123906135559
3546_CsAgLuI,-1.259486518235042,-1.457185935954999,-1.2599048376350002,-1.27794668674469
3547_CsVSmI,-1.1413434127281452,-1.4229036331024987,-1.1291703939675,-1.151614212989807
3548_CsNaPrI,-1.3884510973404194,-1.7321355819499984,-1.5100281000400002,-1.5233970642089845
3549_CsVAuI,-0.786183605522945,-0.9668600082199987,-0.7843886852499999,-0.8018542289733886
3550_CsMgNdI,-1.298316858143642,-1.5149612426575003,-1.3105653167025,-1.3259668827056885
3551_CsPtAmI,,,,
3552_CsCuAuBr,-0.8969794357131267,-1.0601331710793773,-0.8888536453294847,-0.8970142364501953
3553_CsBeEuBr,-1.5554757857630992,-1.8067213058593778,-1.554956388484485,-1.5565766096115112
3554_CsPdBiBr,-1.0923331106017375,-1.2481222152818758,-1.0885837078194847,-1.0904402494430543
3555_CsCdAmI,,,,
3556_CsVRbI,-1.0071920016716267,-1.3342025756699996,-1.12070993188,-1.1319823145866394
3558_CsAgCeI,-1.2660292008827472,-1.4998723983600002,-1.27501695159,-1.2868792772293092
3557_CsPmHgI,-1.2265886286209369,-1.412800598127501,-1.2281947136150002,-1.2496271908283234
3559_CsAgNpI,-1.060232804150417,-1.404036521895233,-1.0860970258997853,-1.0859517812728883
3560_CsHgCmI,,,,
3561_CsNaNdI,-1.3881856540153765,-1.7369771957175004,-1.5101793051025,-1.523747968673706
3562_CsAgAuI,-0.7356947282264972,-0.8574544906399979,-0.7347285747800001,-0.7511874675750733
3563_CsKGaI,-1.086357996792629,-1.2397211551449998,-1.0898407936375,-1.1034549951553345
3564_CsVAmI,,,,
3565_CsRhTlI,-0.8765656093071247,-1.0329467773299996,-0.8776187181800001,-0.8952058792114258
3567_CsEuTlBr,-1.584316691191032,-1.8169219970793733,-1.5999601841094848,-1.5895419120788574
3568_CsNaFeBr,-1.1379129970382,-1.5230760574368758,-1.2548898697019844,-1.2645956039428712
3569_CsNaAmI,,,,
3570_CsKCrI,-1.100653169483974,-1.3542248248900024,-1.1077711582400003,-1.1174477100372315
3571_CsCaEuI,-1.638340745301082,-1.8785253047799984,-1.6431459188699997,-1.6586987495422363
3572_CsInAuI,-0.8535181621025348,-0.9907583236600033,-0.8505933046599999,-0.8709149599075318
3573_CsCdSmI,-1.2539761045883442,-1.4555154800224983,-1.2603813886925,-1.2778664588928224
3574_CsNiRaI,,,,
3575_CsTiTlI,-1.0895596205503089,-1.2746807098299997,-1.0954111337966665,-1.1073625087738037
3576_CsDyNpI,-1.1507588604400898,-1.4975536346302363,-1.1397174596997854,-1.1672225713729858
3577_CsKMnI,-1.064195321757218,-1.3064543247000018,-1.0700887039017242,-1.0859720575398413
3578_CsTeVacI,-0.8678461996836072,-0.9958628901629633,-0.8784974504703705,-0.8890337325908519
3579_CsCrVacF,-2.433382177718298,-3.007550292544446,-2.445851988272222,-2.4803302817874484
3580_CsThVacI,-1.4864465505227276,-1.7030190361666655,-1.490818103188889,-1.5060880713992648
3581_CsPoVacI,,,,
3582_CsZrVacCl,-1.995135179196281,-2.2425609164833324,-2.016278346388889,-2.0030338764190674
3583_CsPbVacBr,-1.1562883946973246,-1.342495388465971,-1.1570565435772053,-1.1562816037072077
3584_CsHfVacCl,-2.033646349477585,-2.264827728277778,-2.039320071555555,-2.0431825055016413
3585_CsPaVacI,-1.3418259200465177,-1.5781877305555554,-1.3484669526777777,-1.3662696679433186
3586_CsUVacI,-1.2617137541716126,-1.557653639033333,-1.2757586108555559,-1.2817409568362765
3587_CsTbVacBr,-1.650236015442383,-1.8821699354437493,-1.6519896542735015,-1.6459675629933674
3588_CsMnVacF,-2.423846760015378,-2.9868731498666676,-2.4285905708408047,-2.456314840536008
3589_CsCoVacF,-2.0297653652242316,-2.532024966344445,-2.0776019891166664,-2.075411081314087
3590_CsGeVacF,-2.7597309328130377,-2.9740311834499997,-2.7505984571333335,-2.794850058025784
3591_CsCeVacI,-1.434623570277773,-1.6397569444333315,-1.4425550832,-1.4554730256398518
3592_CsNpVacI,-1.2359383613213726,-1.592258029494701,-1.265817933644206,-1.2623754342397053
3593_CsSnVacCl,-1.5259842916009982,-1.7067487504777779,-1.529048946183333,-1.532281796137492
3594_CsPuVacI,-1.285920988554242,-1.5677668253430537,-1.3024167749951394,-1.3030230469173856
3595_CsPrVacI,-1.324825099144859,-1.5298809475222237,-1.3321228292555556,-1.3436575730641682
3596_CsAmVacI,,,,
3597_CsCmVacI,,,,
3598_CsNbVacCl,-1.6599806458100506,-1.860181657093651,-1.660781621944444,-1.6648524867163763
3599_CsTaVacCl,-1.6730954973024734,-1.8680441114666704,-1.674470769044444,-1.6790114773644342
3601_CsZrVacBr,-1.7049656272277065,-1.9643838670604181,-1.7178762224105393,-1.7060663170284696
3603_CsWVacCl,-1.4195146339149767,-1.6073493957466605,-1.4180616537806416,-1.4283149772220187
3604_CsHfVacBr,-1.7254050135955044,-1.9700406392437502,-1.7261118359216496,-1.7273487250010173
3606_CsMoVacCl,-1.45403973033145,-1.6712854173444467,-1.4660655922513888,-1.4609721766577826
3605_CsSeVacF,-2.283777542198184,-2.3996205329902787,-2.279186593173785,-2.31608329878913
3607_CsTcVacCl,-1.3938160780745905,-1.631044175894445,-1.4061165650777778,-1.4005198213789198
3609_CsPbVacI,-0.8828973879759339,-1.036016676144445,-0.8903466595888889,-0.9000751442379422
3608_CsSnVacBr,-1.2879874269510136,-1.479161368488197,-1.2901904318160942,-1.2897455162472196
3610_CsTaVacBr,-1.383778424208953,-1.5893346998437512,-1.378942383666094,-1.3821553919050429
3611_CsNbVacBr,-1.3882599764742614,-1.6037534683485148,-1.3863379160660942,-1.385394811630249
3612_CsOsVacCl,-1.2122109774428766,-1.3884497748500009,-1.2108194298333328,-1.220025724834866
3613_CsReVacCl,-1.3424632592676242,-1.5552215576202286,-1.3439742989153645,-1.351182222366333
3614_CsTbVacI,-1.3357450100349437,-1.530889723022224,-1.3398558387296295,-1.3525023195478652
3615_CsPtVacCl,-1.2619674778989447,-1.4275631374888904,-1.2760766082444444,-1.2664993339114718
3616_CsIrVacCl,-1.2288441701410373,-1.3918092515777782,-1.2328815195333336,-1.2341089513566759
3617_CsNiVacF,-1.8018565022625685,-2.4622309472777775,-1.8306956026388888,-1.8358490467071533
3618_CsRuVacCl,-1.255972893073641,-1.4359842936166685,-1.2606939474888885,-1.263630469640096
3619_CsPdVacCl,-1.1972174687860568,-1.367061826922223,-1.2145142820333332,-1.2019848558637831
3620_CsWVacBr,-1.1439588427886196,-1.3473235236348526,-1.1423493491356251,-1.1472411420610216
3621_CsTiVacCl,-1.8448602490193693,-2.0626212226000007,-1.8482387065962962,-1.8517073790232341
3622_CsMoVacBr,-1.1975256098983844,-1.4268404642770822,-1.2023225360508165,-1.196264664332072
3623_CsRhVacCl,-1.232928041982468,-1.4118300543888895,-1.2450336615444444,-1.2381644513871934
3624_CsTcVacBr,-1.1530279411552509,-1.3910827636826406,-1.1560602188216498,-1.1533582210540771
3625_CsZrVacI,-1.3074695643794034,-1.5233463711055544,-1.3218915462777778,-1.3278762234581842
3626_CsHfVacI,-1.30813035471686,-1.5109553866777787,-1.3128645950222224,-1.328051487604777
3627_CsReVacBr,-1.0869865245631827,-1.311398824063976,-1.0849195056592364,-1.0874317751990423
3628_CsOsVacBr,-0.9814196785633591,-1.1689902411604167,-0.9791030883883166,-0.9812443786197238
3629_CsFeVacCl,-1.2881555865550862,-1.4834285312194453,-1.2926802900249998,-1.290134138531155
3630_CsIrVacBr,-1.0263412886538268,-1.2064751519215298,-1.0295348697327609,-1.0244740115271673
3631_CsPtVacBr,-1.0859511521470044,-1.2671127319437498,-1.0936645931772055,-1.086785184012519
3632_CsVVacCl,-1.5869713402799261,-1.8122971852555563,-1.5934622817666662,-1.5918410884009466
3633_CsRuVacBr,-1.044487803546405,-1.2356084187826406,-1.0426403681549832,-1.0418514410654705
3634_CsSnVacI,-0.9643987924203105,-1.1140651702777784,-0.9716477129500001,-0.9822131527794732
3635_CsPdVacBr,-1.043324294389436,-1.221773571443748,-1.0495286517772051,-1.0417699548933241
3636_CsNbVacI,-1.0236931751514302,-1.2022362360714283,-1.0245229668333333,-1.0400706662072077
3637_CsTaVacI,-1.0004770883046197,-1.171249813488891,-1.002506123677778,-1.0196426444583468
3638_CsTiVacBr,-1.5591185274290094,-1.7889149983770822,-1.5581301583290572,-1.559281004799737
3639_CsRhVacBr,-1.0504536456874503,-1.2418386671326371,-1.05889680652165,-1.0473079946306016
3640_CsWVacI,-0.7941750530082147,-0.9641066657022148,-0.7970694171361978,-0.8133227295345731
3641_CsCrVacCl,-1.4475267771560114,-1.7074652777777777,-1.4611355198888885,-1.4549657238854303
3642_CsFeVacBr,-1.0678520030788077,-1.2778205871631958,-1.068961461391094,-1.065354002846612
3643_CsMoVacI,-0.8622677369592746,-1.0573429531333336,-0.8721538914847223,-0.8780628045399984
3644_CsTcVacI,-0.8387746125802226,-1.0398686726722228,-0.8462760448777777,-0.8579822381337484
3645_CsVVacBr,-1.319141264790776,-1.5521721310104164,-1.3203011618772054,-1.3152872456444635
3646_CsCoVacCl,-1.1795160681351848,-1.391644371877779,-1.202979379244444,-1.188333961698744
3647_CsMnVacCl,-1.4585860092977911,-1.7117472754555554,-1.4668351891463602,-1.4660637232535645
3648_CsGeVacCl,-1.4118555165341986,-1.5756838056722227,-1.4160183005944442,-1.4172323279910617
3649_CsOsVacI,-0.6935918970583042,-0.841137356205555,-0.6933712164888889,-0.7122834788428413
3650_CsReVacI,-0.760970153114348,-0.9573211669757818,-0.7652633190486979,-0.7792846096886529
3651_CsIrVacI,-0.7804700378257196,-0.9317296345888875,-0.7955536047888891,-0.7936259640587701
3652_CsPtVacI,-0.869946384795324,-1.020962185322225,-0.8800404601888892,-0.8887214925554063
3654_CsPdVacI,-0.8385937588424974,-0.9870857662444463,-0.8481857247111111,-0.8574173450469971
3656_CsSiVacF,-3.1434954381993903,-3.3865156703499997,-3.132996797577778,-3.1760124365488687
3657_CsTiVacI,-1.1760296224786555,-1.3656183878444463,-1.182099103951852,-1.1940943664974637
3658_CsRhVacI,-0.830544323756777,-0.9800241258222242,-0.8428202470444445,-0.8428659174177382
3659_CsSeVacCl,-1.1665762072978576,-1.280982865223611,-1.171961122101562,-1.1730067200130887
3660_CsBCsF,-2.530862282610488,-2.7728159109774992,-2.5311054031166664,-2.5648269216219584
3661_CsBCsCl,-1.230980413055968,-1.4025204340675017,-1.2391957561316667,-1.2401063481966657
3662_CsBCsBr,-0.9853066895371196,-1.161812273666874,-0.9891091863411514,-0.9870338479677837
3663_CsNCsF,-1.5386069088146606,-1.6629765987400007,-1.5413376927486717,-1.579279601573944
3664_CsNCsCl,-0.7158648460075774,-0.8192893981999987,-0.7075213074836718,-0.7300410151481629
3665_CsNCsBr,-0.6074535145327964,-0.7374450683693766,-0.607517135153157,-0.6106391310691833
3666_CsAlCsF,-3.124999597565881,-3.3888449668899994,-3.116444408915,-3.157586133480072
3667_CsAlCsCl,-1.8162193029091278,-2.0208032131199998,-1.82030845882,-1.8246593832969666
3668_CsAlCsBr,-1.5409838928744712,-1.7532289028293746,-1.542952907099485,-1.5448389887809753
3669_CsPCsF,-2.280264142052881,-2.5657851060285735,-2.407786049740941,-2.444026694411323
3670_CsPCsCl,-1.2458026139900604,-1.517450078328571,-1.3837543629659408,-1.386088500136421
3671_CsPCsBr,-1.0573211445376791,-1.3423028310179461,-1.1915138625054262,-1.1916267253103712
3672_CsPCsI,-0.7934113769695678,-1.0583421071285728,-0.9339037083759412,-0.9466144896688917
3673_CsScCsF,-3.266220167176477,-3.5057054996549994,-3.2616769909950003,-3.3003064036369323
3674_CsScCsCl,-2.065914842383615,-2.287527942655001,-2.07244488002,-2.0748610377311705
3675_CsScCsBr,-1.805208279089681,-2.0417401313843753,-1.8088184237594844,-1.8093316435813904
3676_CsTiCsF,-3.004373751974654,-3.2690026760100013,-2.9982388615716666,-3.0403698801994326
3677_CsTiCsCl,-1.83679812440927,-2.0695766449000006,-1.8414961457366665,-1.8418169856071471
3678_CsTiCsBr,-1.5828135106926677,-1.8175708770893748,-1.5815871119661515,-1.5810441374778748
3679_CsVCsF,-2.6672245054409425,-3.1265899181300014,-2.684390366085,-2.7162787318229675
3680_CsVCsCl,-1.6934133737251678,-1.9432466506900012,-1.6990778565500002,-1.6986550211906433
3681_CsVCsBr,-1.442238904433004,-1.6968118667593757,-1.4438624262894848,-1.444515550136566
3682_CsCrCsF,-2.5973627119228757,-3.1027505397799997,-2.604923355595,-2.632955253124237
3683_CsCrCsCl,-1.6538926808998504,-1.9413326263400024,-1.6664534211299997,-1.6616629481315612
3684_CsCrCsBr,-1.4129428638980308,-1.7070362091093756,-1.4197951197794847,-1.4149537444114686
3685_CsMnCsF,-2.486598733786879,-2.9433497905799997,-2.4924051239667238,-2.522982286173722
3686_CsMnCsCl,-1.5781183220189194,-1.83814220429,-1.5815547421217242,-1.5864601838177648
3687_CsMnCsBr,-1.3533579133194071,-1.6309194564893743,-1.3563140585612092,-1.359797595698258
3688_CsFeCsF,-2.4181232004330075,-2.8662930965475013,-2.4131422162174996,-2.4497084498405455
3689_CsFeCsCl,-1.4743188350365082,-1.7276168823275015,-1.4790305733824998,-1.4924012064933776
3690_CsFeCsBr,-1.259421063856832,-1.5102165222268753,-1.2614608645519847,-1.2727328658103942
3691_CsCoCsF,-2.264738550679437,-2.72045645714,-2.305153477205,-2.321148669719696
3692_CsCoCsCl,-1.4088657467529693,-1.634506988530002,-1.42851406337,-1.4219167590141297
3693_CsCoCsBr,-1.2006322516963401,-1.4258316040093746,-1.2117236971994845,-1.206462323665619
3694_CsNiCsF,-2.043795540826074,-2.6014971256300017,-2.074493515505,-2.0956398844718933
3695_CsNiCsCl,-1.359494706885568,-1.5890934944200013,-1.3709944367600002,-1.3716269373893737
3696_CsNiCsBr,-1.170264388518087,-1.3971875190793752,-1.1770233988894847,-1.1754231810569764
3697_CsCuCsF,-2.2545007496044556,-2.5154860973400006,-2.261823403855,-2.2934677481651304
3698_CsCuCsCl,-1.2958259313270966,-1.4864351272600005,-1.3015719294699999,-1.3025972723960877
3699_CsCuCsBr,-1.1175647034213463,-1.3116586685293754,-1.1199729085094847,-1.1201319575309754
3700_CsGaCsF,-2.7705370454952636,-3.003311872485,-2.7594483971724997,-2.8041882157325744
3701_CsGaCsCl,-1.6318974702522673,-1.824010658265,-1.6366568684774996,-1.6407206177711486
3702_CsGaCsBr,-1.397448851065389,-1.598579597484374,-1.4014573454969848,-1.4017197728157043
3703_CsAsCsF,-2.498772957818262,-2.631562662124999,-2.49228879215,-2.5290968775749207
3704_CsAsCsCl,-1.4650002687141814,-1.5931672096249998,-1.4712546944749996,-1.4734902262687684
3705_CsAsCsBr,-1.2744455112979332,-1.4209237098743757,-1.277031123654485,-1.2781072020530702
3706_CsYCsF,-3.274780490891687,-3.5177890300749994,-3.2864668965500003,-3.306632697582245
3707_CsNbCsF,-2.704774930970422,-2.9381406852242846,-2.698214161405,-2.7438145518302917
3708_CsNbCsCl,-1.6471498935387054,-1.8535675593842853,-1.6467250466499999,-1.6573443293571473
3709_CsNbCsBr,-1.4055904402301231,-1.6233086177336589,-1.4048957705594844,-1.4098683714866638
3710_CsMoCsF,-2.352310821311227,-2.848775243760001,-2.35147887470125,-2.385047996044159
3711_CsMoCsCl,-1.5491609959766783,-1.7802162170400009,-1.55884329081625,-1.5572115778923035
3712_CsMoCsBr,-1.3094937517211356,-1.5582153320393757,-1.3188729167157351,-1.316595208644867
3713_CsRuCsF,-2.323270562188379,-2.584153890615002,-2.331817734255,-2.3576044917106627
3714_CsRuCsCl,-1.396992131964914,-1.5878787994449994,-1.3971571564799994,-1.3975441813468934
3715_CsRuCsBr,-1.1892968906924644,-1.393996810924375,-1.184678542629485,-1.1841624617576598
3716_CsRhCsF,-2.3376189022228635,-2.579209661490002,-2.345691311375,-2.366917169094086
3717_CsRhCsCl,-1.4496811597511687,-1.6385406494200025,-1.4565183282099998,-1.453232514858246
3718_CsRhCsBr,-1.2569412483737388,-1.4635978698793763,-1.2623769641094849,-1.2577421069145203
3719_CsPdCsF,-2.1919352798626344,-2.39706873894,-2.2009814381750004,-2.221115291118622
3720_CsPdCsCl,-1.3364846437141815,-1.502050971990002,-1.3475510239800002,-1.3429000735282899
3721_CsPdCsBr,-1.173324872450582,-1.3512704849393742,-1.1808039546194848,-1.1771681189537049
3722_CsAgCsF,-2.0869667201206603,-2.26949763298,-2.087649643435,-2.1233867049217223
3723_CsAgCsCl,-1.2370102613136686,-1.4036592483499988,-1.24985033275,-1.2467587828636169
3724_CsAgCsBr,-1.0907531513736166,-1.2680643081693745,-1.098845756069485,-1.0934747576713562
3725_CsInCsF,-2.70548398782467,-2.9261855602300018,-2.6943892359849997,-2.7368491291999817
3726_CsInCsCl,-1.6604624717399994,-1.8640199661299988,-1.6650986075499994,-1.6684579014778138
3727_CsSbCsF,-2.587606027619592,-2.7318778514949997,-2.5853986859499996,-2.6198268294334413
3728_CsSbCsCl,-1.5496534078285613,-1.6900934219449995,-1.5567264199450002,-1.5575909972190858
3729_CsSbCsBr,-1.3553915276095787,-1.5123811721943752,-1.358228671564485,-1.3583682894706726
3730_CsCsCeF,-3.195392611520044,-3.447038412100002,-3.1973724484550003,-3.2267375349998475
3731_CsCsPrF,-3.2047056346104066,-3.42166380883,-3.2006464600649998,-3.2344980597496034
3732_CsCsNdF,-3.21909539987301,-3.4380548000375013,-3.2159458279775004,-3.2493711352348327
3733_CsCsPmF,-3.2337498336002746,-3.4528428554624995,-3.23096152545,-3.265787971019745
3734_CsCsSmF,-3.2413165836498656,-3.455785894392501,-3.2384163022125003,-3.2735175013542177
3735_CsCsEuF,-3.0140973596737304,-3.2914754390800027,-3.038558304325,-3.050946128368378
3736_CsCsGdF,-3.242738702790491,-3.4552541255985547,-3.240334999571582,-3.2730478167533876
3737_CsCsTbF,-3.276910697317672,-3.5095223903700004,-3.274080701681666,-3.311024272441864
3738_CsCsDyF,-3.2851521043941894,-3.505580663685001,-3.282692348965,-3.3197217345237733
3739_CsCsHoF,-3.292149395641239,-3.51875510216,-3.289780914798333,-3.326790352662404
3740_CsCsErF,-3.297933557526819,-3.5304208278699973,-3.2971892476216667,-3.3337602972984315
3742_CsCsYbF,-2.8290970056221405,-3.5238420009650016,-3.30324908496,-2.877461922168732
3743_CsCsLuF,-3.3228116064236084,-3.5626573085850026,-3.31712342502,-3.3552732825279237
3744_CsCsTaF,-2.6476585432852824,-2.8692098140700013,-2.637956345095,-2.686589229106903
3745_CsCsTaCl,-1.5940703853930551,-1.7882743835500008,-1.5921614289399997,-1.605195987224579
3746_CsCsTaBr,-1.3449596673215942,-1.5486343383893768,-1.3426447749294852,-1.3488893866539002
3747_CsCsIrF,-2.245228317277185,-2.4696725368600028,-2.243591511255,-2.2751448512077332
3748_CsCsIrCl,-1.39549219300007,-1.5792736053500023,-1.39951854945,-1.4014843821525573
3749_CsCsIrBr,-1.194679738478414,-1.3937732696693756,-1.1963638186494847,-1.1969081282615661
3750_CsCsAuF,-2.0404515533611693,-2.2127717494999986,-2.039045894155,-2.0775292992591856
3751_CsCsAuCl,-1.224210593001596,-1.3835666656499996,-1.2345652938,-1.236033022403717
3752_CsCsTlF,-2.4172183423206723,-2.5953626155899996,-2.4067057252049997,-2.4510269284248354
3754_CsCsNpF,-2.972743764416925,-3.3206605434452343,-2.987407982364785,-3.0154687762260437
3756_CsCsAmF,,,,
