,chemsys,nsites,structure_dict
mp-1214068,Cd-Cr-F,10,"{'@module': 'pymatgen.core.structure', '@class': 'Structure', 'charge': 0.0, 'lattice': {'matrix': [[-3.50091, -5.314742, 0.435376], [-4.028936, 5.596584, -0.473865], [0.257199, 0.881196, -15.332469]], 'pbc': (True, True, True), 'a': 6.379059931999385, 'b': 6.912208460353102, 'c': 15.359923937050533, 'alpha': 83.96577076328717, 'beta': 97.18748335598538, 'gamma': 111.06140599128479, 'volume': 625.7350487152654}, 'properties': {}, 'sites': [{'species': [{'element': 'Cr', 'occu': 1}], 'abc': [6.938893903907228e-18, -1.0408340855860843e-17, 0.5], 'properties': {}, 'label': 'Cr', 'xyz': [0.12859950000000003, 0.4405979999999999, -7.6662345]}, {'species': [{'element': 'Cr', 'occu': 1}], 'abc': [0.5000000000000001, 0.5, -5.204170427930421e-18], 'properties': {}, 'label': 'Cr', 'xyz': [-3.7649230000000005, 0.14092099999999963, -0.019244499999999862]}, {'species': [{'element': 'Cr', 'occu': 1}], 'abc': [1.7564075194265172e-17, 0.49999999999999994, 0.0], 'properties': {}, 'label': 'Cr', 'xyz': [-2.0144679999999995, 2.7982919999999996, -0.23693249999999996]}, {'species': [{'element': 'Cd', 'occu': 1}], 'abc': [0.0, 0.0, 0.0], 'properties': {}, 'label': 'Cd', 'xyz': [0.0, 0.0, 0.0]}, {'species': [{'element': 'F', 'occu': 1}], 'abc': [0.972765, 0.27990199999999993, 0.923359], 'properties': {}, 'label': 'F', 'xyz': [-4.2957829489809995, -2.7898396894980007, -13.866490469960999]}, {'species': [{'element': 'F', 'occu': 1}], 'abc': [0.027235000000000075, 0.7200979999999999, 0.07664099999999999], 'properties': {}, 'label': 'F', 'xyz': [-2.9768640510189996, 3.952877689497999, -1.5044675300389996]}, {'species': [{'element': 'F', 'occu': 1}], 'abc': [0.9157000000000001, 0.9487149999999999, 0.611906], 'properties': {}, 'label': 'F', 'xyz': [-6.8707136929459995, 0.982063059735999, -9.432918806188999]}, {'species': [{'element': 'F', 'occu': 1}], 'abc': [0.08430000000000001, 0.05128499999999998, 0.388094], 'properties': {}, 'label': 'F', 'xyz': [-0.401933307054, 0.1809749402639998, -5.938039193811]}, {'species': [{'element': 'F', 'occu': 1}], 'abc': [0.6652750000000001, 0.786368, 0.953999], 'properties': {}, 'label': 'F', 'xyz': [-5.251926655897001, 1.7058696856659998, -14.710147597451]}, {'species': [{'element': 'F', 'occu': 1}], 'abc': [0.334725, 0.21363199999999993, 0.046001], 'properties': {}, 'label': 'F', 'xyz': [-2.0207203441029997, -0.5428316856660004, -0.660810402549]}]}"
mp-1212233,F-Mn-Pt,10,"{'@module': 'pymatgen.core.structure', '@class': 'Structure', 'charge': 0.0, 'lattice': {'matrix': [[-3.230642, -5.912154, 0.990462], [-2.373036, 5.163119, 0.282642], [2.943054, 0.601865, -10.956196]], 'pbc': (True, True, True), 'a': 6.809671623898175, 'b': 5.689374672635034, 'c': 11.360547483090638, 'alpha': 96.19347197113507, 'beta': 108.00928262706013, 'gamma': 125.646794363502, 'volume': 315.630790165583}, 'properties': {}, 'sites': [{'species': [{'element': 'Mn', 'occu': 1}], 'abc': [-5.551115123125783e-17, 0.0, 0.49999999999999994], 'properties': {}, 'label': 'Mn', 'xyz': [1.471527, 0.30093250000000027, -5.478097999999999]}, {'species': [{'element': 'Mn', 'occu': 1}], 'abc': [0.5000000000000001, 0.5000000000000001, 0.0], 'properties': {}, 'label': 'Mn', 'xyz': [-2.8018390000000006, -0.37451750000000006, 0.6365520000000001]}, {'species': [{'element': 'Mn', 'occu': 1}], 'abc': [7.025630077706069e-17, 0.5, 0.0], 'properties': {}, 'label': 'Mn', 'xyz': [-1.1865180000000002, 2.5815594999999996, 0.14132100000000009]}, {'species': [{'element': 'Pt', 'occu': 1}], 'abc': [0.0, 0.0, 0.0], 'properties': {}, 'label': 'Pt', 'xyz': [0.0, 0.0, 0.0]}, {'species': [{'element': 'F', 'occu': 1}], 'abc': [0.17594399999999988, 0.47966799999999993, 0.8909779999999998], 'properties': {}, 'label': 'F', 'xyz': [0.9155148587160002, 1.9726234150860003, -9.451889430703998]}, {'species': [{'element': 'F', 'occu': 1}], 'abc': [0.8240560000000003, 0.5203320000000001, 0.109022], 'properties': {}, 'label': 'F', 'xyz': [-3.5761388587160017, -2.1197934150860016, -0.2312025692959997]}, {'species': [{'element': 'F', 'occu': 1}], 'abc': [0.8750370000000001, 0.8417260000000001, 0.617157], 'properties': {}, 'label': 'F', 'xyz': [-3.0080510064120007, -0.4559767984990004, -5.657095037585999]}, {'species': [{'element': 'F', 'occu': 1}], 'abc': [0.12496299999999999, 0.15827400000000003, 0.382843], 'properties': {}, 'label': 'F', 'xyz': [0.347427006412, 0.30880679849900017, -4.025996962414]}, {'species': [{'element': 'F', 'occu': 1}], 'abc': [0.6945680000000002, 0.967295, 0.008800000000000002], 'properties': {}, 'label': 'F', 'xyz': [-4.5134275350760005, 0.8931626256329991, 0.8649268790060002]}, {'species': [{'element': 'F', 'occu': 1}], 'abc': [0.3054319999999998, 0.032704999999999984, 0.9911999999999999], 'properties': {}, 'label': 'F', 'xyz': [1.8528035350760006, -1.0403326256329994, -10.548018879005998]}]}"
1006_CsPtAmCl,Am-Cl-Cs-Pt,10,"{'@module': 'pymatgen.core.structure', '@class': 'Structure', 'charge': 0.0, 'lattice': {'matrix': [[0.0, 5.221172245333971, 5.221172245333971], [5.221172245333971, 0.0, 5.221172245333971], [5.221172245333971, 5.221172245333971, 0.0]], 'pbc': (True, True, True), 'a': 7.383852600837287, 'b': 7.383852600837287, 'c': 7.383852600837287, 'alpha': 60.00000000000001, 'beta': 60.00000000000001, 'gamma': 60.00000000000001, 'volume': 284.66498990043453}, 'properties': {}, 'sites': [{'species': [{'element': 'Pt', 'occu': 1}], 'abc': [0.0, 0.0, 0.0], 'properties': {}, 'label': 'Pt', 'xyz': [0.0, 0.0, 0.0]}, {'species': [{'element': 'Am', 'occu': 1}], 'abc': [0.5, 0.5, 0.5], 'properties': {}, 'label': 'Am', 'xyz': [5.221172245333971, 5.221172245333971, 5.221172245333971]}, {'species': [{'element': 'Cs', 'occu': 1}], 'abc': [0.25, 0.25, 0.25], 'properties': {}, 'label': 'Cs', 'xyz': [2.6105861226669855, 2.6105861226669855, 2.6105861226669855]}, {'species': [{'element': 'Cs', 'occu': 1}], 'abc': [0.75, 0.75, 0.75], 'properties': {}, 'label': 'Cs', 'xyz': [7.831758368000957, 7.831758368000957, 7.831758368000957]}, {'species': [{'element': 'Cl', 'occu': 1}], 'abc': [0.7562432560894337, 0.2437567439105663, 0.2437567439105663], 'properties': {}, 'label': 'Cl', 'xyz': [2.5453918918376583, 5.221172245333971, 5.221172245333971]}, {'species': [{'element': 'Cl', 'occu': 1}], 'abc': [0.2437567439105663, 0.7562432560894337, 0.7562432560894337], 'properties': {}, 'label': 'Cl', 'xyz': [7.896952598830283, 5.221172245333971, 5.221172245333971]}, {'species': [{'element': 'Cl', 'occu': 1}], 'abc': [0.2437567439105663, 0.7562432560894337, 0.2437567439105663], 'properties': {}, 'label': 'Cl', 'xyz': [5.221172245333971, 2.5453918918376583, 5.221172245333971]}, {'species': [{'element': 'Cl', 'occu': 1}], 'abc': [0.7562432560894337, 0.2437567439105663, 0.7562432560894337], 'properties': {}, 'label': 'Cl', 'xyz': [5.221172245333971, 7.896952598830283, 5.221172245333971]}, {'species': [{'element': 'Cl', 'occu': 1}], 'abc': [0.2437567439105663, 0.2437567439105663, 0.7562432560894337], 'properties': {}, 'label': 'Cl', 'xyz': [5.221172245333971, 5.221172245333971, 2.5453918918376583]}, {'species': [{'element': 'Cl', 'occu': 1}], 'abc': [0.7562432560894337, 0.7562432560894337, 0.2437567439105663], 'properties': {}, 'label': 'Cl', 'xyz': [5.221172245333971, 5.221172245333971, 7.896952598830283]}]}"
1019_CsVAmCl,Am-Cl-Cs-V,10,"{'@module': 'pymatgen.core.structure', '@class': 'Structure', 'charge': 0.0, 'lattice': {'matrix': [[0.0, 5.188022947516429, 5.188022947516429], [5.188022947516429, 0.0, 5.188022947516429], [5.188022947516429, 5.188022947516429, 0.0]], 'pbc': (True, True, True), 'a': 7.336972414280574, 'b': 7.336972414280574, 'c': 7.336972414280574, 'alpha': 59.99999999999999, 'beta': 59.99999999999999, 'gamma': 59.99999999999999, 'volume': 279.2773152021835}, 'properties': {}, 'sites': [{'species': [{'element': 'V', 'occu': 1}], 'abc': [0.0, 0.0, 0.0], 'properties': {}, 'label': 'V', 'xyz': [0.0, 0.0, 0.0]}, {'species': [{'element': 'Am', 'occu': 1}], 'abc': [0.5, 0.5, 0.5], 'properties': {}, 'label': 'Am', 'xyz': [5.188022947516429, 5.188022947516429, 5.188022947516429]}, {'species': [{'element': 'Cs', 'occu': 1}], 'abc': [0.25, 0.25, 0.25], 'properties': {}, 'label': 'Cs', 'xyz': [2.5940114737582145, 2.5940114737582145, 2.5940114737582145]}, {'species': [{'element': 'Cs', 'occu': 1}], 'abc': [0.75, 0.75, 0.75], 'properties': {}, 'label': 'Cs', 'xyz': [7.782034421274643, 7.782034421274643, 7.782034421274643]}, {'species': [{'element': 'Cl', 'occu': 1}], 'abc': [0.7646489330296617, 0.2353510669703383, 0.2353510669703383], 'properties': {}, 'label': 'Cl', 'xyz': [2.442013472329182, 5.18802294751643, 5.18802294751643]}, {'species': [{'element': 'Cl', 'occu': 1}], 'abc': [0.2353510669703383, 0.7646489330296617, 0.7646489330296617], 'properties': {}, 'label': 'Cl', 'xyz': [7.934032422703677, 5.18802294751643, 5.18802294751643]}, {'species': [{'element': 'Cl', 'occu': 1}], 'abc': [0.2353510669703383, 0.7646489330296617, 0.2353510669703383], 'properties': {}, 'label': 'Cl', 'xyz': [5.18802294751643, 2.442013472329182, 5.18802294751643]}, {'species': [{'element': 'Cl', 'occu': 1}], 'abc': [0.7646489330296617, 0.2353510669703383, 0.7646489330296617], 'properties': {}, 'label': 'Cl', 'xyz': [5.18802294751643, 7.934032422703677, 5.18802294751643]}, {'species': [{'element': 'Cl', 'occu': 1}], 'abc': [0.2353510669703383, 0.2353510669703383, 0.7646489330296617], 'properties': {}, 'label': 'Cl', 'xyz': [5.18802294751643, 5.18802294751643, 2.442013472329182]}, {'species': [{'element': 'Cl', 'occu': 1}], 'abc': [0.7646489330296617, 0.7646489330296617, 0.2353510669703383], 'properties': {}, 'label': 'Cl', 'xyz': [5.18802294751643, 5.18802294751643, 7.934032422703677]}]}"
1027_CsNaAmCl,Am-Cl-Cs-Na,10,"{'@module': 'pymatgen.core.structure', '@class': 'Structure', 'charge': 0.0, 'lattice': {'matrix': [[0.0, 5.372533149376689, 5.372533149376688], [5.372533149376689, 0.0, 5.372533149376688], [5.372533149376689, 5.372533149376689, 0.0]], 'pbc': (True, True, True), 'a': 7.59790924414755, 'b': 7.59790924414755, 'c': 7.59790924414755, 'alpha': 59.99999999999999, 'beta': 59.99999999999999, 'gamma': 60.00000000000001, 'volume': 310.1468018348439}, 'properties': {}, 'sites': [{'species': [{'element': 'Na', 'occu': 1}], 'abc': [0.0, 0.0, 0.0], 'properties': {}, 'label': 'Na', 'xyz': [0.0, 0.0, 0.0]}, {'species': [{'element': 'Am', 'occu': 1}], 'abc': [0.5, 0.5, 0.5], 'properties': {}, 'label': 'Am', 'xyz': [5.372533149376689, 5.372533149376689, 5.372533149376688]}, {'species': [{'element': 'Cs', 'occu': 1}], 'abc': [0.25, 0.25, 0.25], 'properties': {}, 'label': 'Cs', 'xyz': [2.6862665746883443, 2.6862665746883443, 2.686266574688344]}, {'species': [{'element': 'Cs', 'occu': 1}], 'abc': [0.75, 0.75, 0.75], 'properties': {}, 'label': 'Cs', 'xyz': [8.058799724065032, 8.058799724065032, 8.058799724065032]}, {'species': [{'element': 'Cl', 'occu': 1}], 'abc': [0.7473556697316255, 0.2526443302683745, 0.2526443302683745], 'properties': {}, 'label': 'Cl', 'xyz': [2.7146800787378287, 5.372533149376689, 5.372533149376688]}, {'species': [{'element': 'Cl', 'occu': 1}], 'abc': [0.2526443302683745, 0.7473556697316255, 0.7473556697316255], 'properties': {}, 'label': 'Cl', 'xyz': [8.030386220015549, 5.372533149376689, 5.372533149376688]}, {'species': [{'element': 'Cl', 'occu': 1}], 'abc': [0.2526443302683745, 0.7473556697316255, 0.2526443302683745], 'properties': {}, 'label': 'Cl', 'xyz': [5.372533149376689, 2.7146800787378287, 5.372533149376688]}, {'species': [{'element': 'Cl', 'occu': 1}], 'abc': [0.7473556697316255, 0.2526443302683745, 0.7473556697316255], 'properties': {}, 'label': 'Cl', 'xyz': [5.372533149376689, 8.030386220015549, 5.372533149376688]}, {'species': [{'element': 'Cl', 'occu': 1}], 'abc': [0.2526443302683745, 0.2526443302683745, 0.7473556697316255], 'properties': {}, 'label': 'Cl', 'xyz': [5.372533149376689, 5.372533149376689, 2.7146800787378282]}, {'species': [{'element': 'Cl', 'occu': 1}], 'abc': [0.7473556697316255, 0.7473556697316255, 0.2526443302683745], 'properties': {}, 'label': 'Cl', 'xyz': [5.372533149376689, 5.372533149376689, 8.030386220015547]}]}"
1035_CsNaCmCl,Cl-Cm-Cs-Na,10,"{'@module': 'pymatgen.core.structure', '@class': 'Structure', 'charge': 0.0, 'lattice': {'matrix': [[0.0, 5.377349978775304, 5.377349978775304], [5.377349978775304, 0.0, 5.377349978775304], [5.377349978775304, 5.377349978775304, 0.0]], 'pbc': (True, True, True), 'a': 7.60472126961071, 'b': 7.60472126961071, 'c': 7.60472126961071, 'alpha': 60.00000000000001, 'beta': 60.00000000000001, 'gamma': 60.00000000000001, 'volume': 310.98175100669454}, 'properties': {}, 'sites': [{'species': [{'element': 'Na', 'occu': 1}], 'abc': [0.0, 0.0, 0.0], 'properties': {}, 'label': 'Na', 'xyz': [0.0, 0.0, 0.0]}, {'species': [{'element': 'Cm', 'occu': 1}], 'abc': [0.5, 0.5, 0.5], 'properties': {}, 'label': 'Cm', 'xyz': [5.377349978775304, 5.377349978775304, 5.377349978775304]}, {'species': [{'element': 'Cs', 'occu': 1}], 'abc': [0.25, 0.25, 0.25], 'properties': {}, 'label': 'Cs', 'xyz': [2.688674989387652, 2.688674989387652, 2.688674989387652]}, {'species': [{'element': 'Cs', 'occu': 1}], 'abc': [0.75, 0.75, 0.75], 'properties': {}, 'label': 'Cs', 'xyz': [8.066024968162957, 8.066024968162957, 8.066024968162957]}, {'species': [{'element': 'Cl', 'occu': 1}], 'abc': [0.7471237217851439, 0.2528762782148561, 0.2528762782148561], 'properties': {}, 'label': 'Cl', 'xyz': [2.7196084985828684, 5.377349978775304, 5.377349978775304]}, {'species': [{'element': 'Cl', 'occu': 1}], 'abc': [0.2528762782148561, 0.7471237217851439, 0.7471237217851439], 'properties': {}, 'label': 'Cl', 'xyz': [8.03509145896774, 5.377349978775304, 5.377349978775304]}, {'species': [{'element': 'Cl', 'occu': 1}], 'abc': [0.2528762782148561, 0.7471237217851439, 0.2528762782148561], 'properties': {}, 'label': 'Cl', 'xyz': [5.377349978775304, 2.7196084985828684, 5.377349978775304]}, {'species': [{'element': 'Cl', 'occu': 1}], 'abc': [0.7471237217851439, 0.2528762782148561, 0.7471237217851439], 'properties': {}, 'label': 'Cl', 'xyz': [5.377349978775304, 8.03509145896774, 5.377349978775304]}, {'species': [{'element': 'Cl', 'occu': 1}], 'abc': [0.2528762782148561, 0.2528762782148561, 0.7471237217851439], 'properties': {}, 'label': 'Cl', 'xyz': [5.377349978775304, 5.377349978775304, 2.7196084985828684]}, {'species': [{'element': 'Cl', 'occu': 1}], 'abc': [0.7471237217851439, 0.7471237217851439, 0.2528762782148561], 'properties': {}, 'label': 'Cl', 'xyz': [5.377349978775304, 5.377349978775304, 8.03509145896774]}]}"
1077_CsCrAmCl,Am-Cl-Cr-Cs,10,"{'@module': 'pymatgen.core.structure', '@class': 'Structure', 'charge': 0.0, 'lattice': {'matrix': [[0.0, 5.236947828446889, 5.236947828446889], [5.236947828446889, 0.0, 5.236947828446889], [5.236947828446889, 5.236947828446889, 0.0]], 'pbc': (True, True, True), 'a': 7.4061626444299185, 'b': 7.4061626444299185, 'c': 7.4061626444299185, 'alpha': 60.00000000000001, 'beta': 60.00000000000001, 'gamma': 60.00000000000001, 'volume': 287.2531089965306}, 'properties': {}, 'sites': [{'species': [{'element': 'Cr', 'occu': 1}], 'abc': [0.0, 0.0, 0.0], 'properties': {}, 'label': 'Cr', 'xyz': [0.0, 0.0, 0.0]}, {'species': [{'element': 'Am', 'occu': 1}], 'abc': [0.5, 0.5, 0.5], 'properties': {}, 'label': 'Am', 'xyz': [5.236947828446889, 5.236947828446889, 5.236947828446889]}, {'species': [{'element': 'Cs', 'occu': 1}], 'abc': [0.25, 0.25, 0.25], 'properties': {}, 'label': 'Cs', 'xyz': [2.6184739142234443, 2.6184739142234443, 2.6184739142234443]}, {'species': [{'element': 'Cs', 'occu': 1}], 'abc': [0.75, 0.75, 0.75], 'properties': {}, 'label': 'Cs', 'xyz': [7.855421742670333, 7.855421742670333, 7.855421742670333]}, {'species': [{'element': 'Cl', 'occu': 1}], 'abc': [0.7604268262284819, 0.2395731737715181, 0.2395731737715181], 'properties': {}, 'label': 'Cl', 'xyz': [2.509264424273762, 5.236947828446889, 5.236947828446889]}, {'species': [{'element': 'Cl', 'occu': 1}], 'abc': [0.2395731737715181, 0.7604268262284819, 0.7604268262284819], 'properties': {}, 'label': 'Cl', 'xyz': [7.9646312326200155, 5.236947828446889, 5.236947828446889]}, {'species': [{'element': 'Cl', 'occu': 1}], 'abc': [0.2395731737715181, 0.7604268262284819, 0.2395731737715181], 'properties': {}, 'label': 'Cl', 'xyz': [5.236947828446889, 2.509264424273762, 5.236947828446889]}, {'species': [{'element': 'Cl', 'occu': 1}], 'abc': [0.7604268262284819, 0.2395731737715181, 0.7604268262284819], 'properties': {}, 'label': 'Cl', 'xyz': [5.236947828446889, 7.9646312326200155, 5.236947828446889]}, {'species': [{'element': 'Cl', 'occu': 1}], 'abc': [0.2395731737715181, 0.2395731737715181, 0.7604268262284819], 'properties': {}, 'label': 'Cl', 'xyz': [5.236947828446889, 5.236947828446889, 2.509264424273762]}, {'species': [{'element': 'Cl', 'occu': 1}], 'abc': [0.7604268262284819, 0.7604268262284819, 0.2395731737715181], 'properties': {}, 'label': 'Cl', 'xyz': [5.236947828446889, 5.236947828446889, 7.9646312326200155]}]}"
1100_CsFrNCl,Cl-Cs-Fr-N,10,"{'@module': 'pymatgen.core.structure', '@class': 'Structure', 'charge': 0.0, 'lattice': {'matrix': [[0.0, 5.376601973655006, 5.376601973655006], [5.376601973655006, 0.0, 5.376601973655006], [5.376601973655006, 5.376601973655006, 0.0]], 'pbc': (True, True, True), 'a': 7.60366343062486, 'b': 7.60366343062486, 'c': 7.60366343062486, 'alpha': 60.00000000000001, 'beta': 60.00000000000001, 'gamma': 60.00000000000001, 'volume': 310.8519936427892}, 'properties': {}, 'sites': [{'species': [{'element': 'Fr', 'occu': 1}], 'abc': [0.0, 0.0, 0.0], 'properties': {}, 'label': 'Fr', 'xyz': [0.0, 0.0, 0.0]}, {'species': [{'element': 'N', 'occu': 1}], 'abc': [0.5, 0.5, 0.5], 'properties': {}, 'label': 'N', 'xyz': [5.376601973655006, 5.376601973655006, 5.376601973655006]}, {'species': [{'element': 'Cs', 'occu': 1}], 'abc': [0.25, 0.25, 0.25], 'properties': {}, 'label': 'Cs', 'xyz': [2.688300986827503, 2.688300986827503, 2.688300986827503]}, {'species': [{'element': 'Cs', 'occu': 1}], 'abc': [0.75, 0.75, 0.75], 'properties': {}, 'label': 'Cs', 'xyz': [8.06490296048251, 8.06490296048251, 8.06490296048251]}, {'species': [{'element': 'Cl', 'occu': 1}], 'abc': [0.7057841632284578, 0.2942158367715422, 0.2942158367715422], 'properties': {}, 'label': 'Cl', 'xyz': [3.1637628973328664, 5.376601973655006, 5.376601973655006]}, {'species': [{'element': 'Cl', 'occu': 1}], 'abc': [0.2942158367715422, 0.7057841632284578, 0.7057841632284578], 'properties': {}, 'label': 'Cl', 'xyz': [7.589441049977147, 5.376601973655006, 5.376601973655006]}, {'species': [{'element': 'Cl', 'occu': 1}], 'abc': [0.2942158367715422, 0.7057841632284578, 0.2942158367715422], 'properties': {}, 'label': 'Cl', 'xyz': [5.376601973655006, 3.1637628973328664, 5.376601973655006]}, {'species': [{'element': 'Cl', 'occu': 1}], 'abc': [0.7057841632284578, 0.2942158367715422, 0.7057841632284578], 'properties': {}, 'label': 'Cl', 'xyz': [5.376601973655006, 7.589441049977147, 5.376601973655006]}, {'species': [{'element': 'Cl', 'occu': 1}], 'abc': [0.2942158367715422, 0.2942158367715422, 0.7057841632284578], 'properties': {}, 'label': 'Cl', 'xyz': [5.376601973655006, 5.376601973655006, 3.1637628973328664]}, {'species': [{'element': 'Cl', 'occu': 1}], 'abc': [0.7057841632284578, 0.7057841632284578, 0.2942158367715422], 'properties': {}, 'label': 'Cl', 'xyz': [5.376601973655006, 5.376601973655006, 7.589441049977147]}]}"
1106_CsTiAmCl,Am-Cl-Cs-Ti,10,"{'@module': 'pymatgen.core.structure', '@class': 'Structure', 'charge': 0.0, 'lattice': {'matrix': [[0.0, 5.2245257686385225, 5.2245257686385225], [5.2245257686385225, 0.0, 5.2245257686385225], [5.2245257686385225, 5.2245257686385225, 0.0]], 'pbc': (True, True, True), 'a': 7.388595198976318, 'b': 7.388595198976318, 'c': 7.388595198976318, 'alpha': 60.00000000000001, 'beta': 60.00000000000001, 'gamma': 60.00000000000001, 'volume': 285.21385742487934}, 'properties': {}, 'sites': [{'species': [{'element': 'Ti', 'occu': 1}], 'abc': [0.0, 0.0, 0.0], 'properties': {}, 'label': 'Ti', 'xyz': [0.0, 0.0, 0.0]}, {'species': [{'element': 'Am', 'occu': 1}], 'abc': [0.5, 0.5, 0.5], 'properties': {}, 'label': 'Am', 'xyz': [5.2245257686385225, 5.2245257686385225, 5.2245257686385225]}, {'species': [{'element': 'Cs', 'occu': 1}], 'abc': [0.25, 0.25, 0.25], 'properties': {}, 'label': 'Cs', 'xyz': [2.6122628843192612, 2.6122628843192612, 2.6122628843192612]}, {'species': [{'element': 'Cs', 'occu': 1}], 'abc': [0.75, 0.75, 0.75], 'properties': {}, 'label': 'Cs', 'xyz': [7.836788652957784, 7.836788652957784, 7.836788652957784]}, {'species': [{'element': 'Cl', 'occu': 1}], 'abc': [0.7621504497571365, 0.2378495502428635, 0.2378495502428635], 'properties': {}, 'label': 'Cl', 'xyz': [2.4853022086058467, 5.2245257686385225, 5.2245257686385225]}, {'species': [{'element': 'Cl', 'occu': 1}], 'abc': [0.2378495502428635, 0.7621504497571365, 0.7621504497571365], 'properties': {}, 'label': 'Cl', 'xyz': [7.963749328671199, 5.2245257686385225, 5.2245257686385225]}, {'species': [{'element': 'Cl', 'occu': 1}], 'abc': [0.2378495502428635, 0.7621504497571365, 0.2378495502428635], 'properties': {}, 'label': 'Cl', 'xyz': [5.2245257686385225, 2.4853022086058467, 5.2245257686385225]}, {'species': [{'element': 'Cl', 'occu': 1}], 'abc': [0.7621504497571365, 0.2378495502428635, 0.7621504497571365], 'properties': {}, 'label': 'Cl', 'xyz': [5.2245257686385225, 7.963749328671199, 5.2245257686385225]}, {'species': [{'element': 'Cl', 'occu': 1}], 'abc': [0.2378495502428635, 0.2378495502428635, 0.7621504497571365], 'properties': {}, 'label': 'Cl', 'xyz': [5.2245257686385225, 5.2245257686385225, 2.4853022086058467]}, {'species': [{'element': 'Cl', 'occu': 1}], 'abc': [0.7621504497571365, 0.7621504497571365, 0.2378495502428635], 'properties': {}, 'label': 'Cl', 'xyz': [5.2245257686385225, 5.2245257686385225, 7.963749328671199]}]}"
1109_CsFrBCl,B-Cl-Cs-Fr,10,"{'@module': 'pymatgen.core.structure', '@class': 'Structure', 'charge': 0.0, 'lattice': {'matrix': [[0.0, 5.348969957792575, 5.348969957792575], [5.348969957792575, 0.0, 5.348969957792575], [5.348969957792575, 5.348969957792575, 0.0]], 'pbc': (True, True, True), 'a': 7.564585859036502, 'b': 7.564585859036502, 'c': 7.564585859036502, 'alpha': 59.99999999999999, 'beta': 59.99999999999999, 'gamma': 59.99999999999999, 'volume': 306.0838897570033}, 'properties': {}, 'sites': [{'species': [{'element': 'Fr', 'occu': 1}], 'abc': [0.0, 0.0, 0.0], 'properties': {}, 'label': 'Fr', 'xyz': [0.0, 0.0, 0.0]}, {'species': [{'element': 'B', 'occu': 1}], 'abc': [0.5, 0.5, 0.5], 'properties': {}, 'label': 'B', 'xyz': [5.348969957792575, 5.348969957792575, 5.348969957792575]}, {'species': [{'element': 'Cs', 'occu': 1}], 'abc': [0.25, 0.25, 0.25], 'properties': {}, 'label': 'Cs', 'xyz': [2.6744849788962877, 2.6744849788962877, 2.6744849788962877]}, {'species': [{'element': 'Cs', 'occu': 1}], 'abc': [0.75, 0.75, 0.75], 'properties': {}, 'label': 'Cs', 'xyz': [8.023454936688863, 8.023454936688863, 8.023454936688863]}, {'species': [{'element': 'Cl', 'occu': 1}], 'abc': [0.6994973173075891, 0.3005026826924109, 0.3005026826924109], 'properties': {}, 'label': 'Cl', 'xyz': [3.2147596439155617, 5.348969957792575, 5.348969957792575]}, {'species': [{'element': 'Cl', 'occu': 1}], 'abc': [0.3005026826924109, 0.6994973173075891, 0.6994973173075891], 'properties': {}, 'label': 'Cl', 'xyz': [7.483180271669589, 5.348969957792575, 5.348969957792575]}, {'species': [{'element': 'Cl', 'occu': 1}], 'abc': [0.3005026826924109, 0.6994973173075891, 0.3005026826924109], 'properties': {}, 'label': 'Cl', 'xyz': [5.348969957792575, 3.2147596439155617, 5.348969957792575]}, {'species': [{'element': 'Cl', 'occu': 1}], 'abc': [0.6994973173075891, 0.3005026826924109, 0.6994973173075891], 'properties': {}, 'label': 'Cl', 'xyz': [5.348969957792575, 7.483180271669589, 5.348969957792575]}, {'species': [{'element': 'Cl', 'occu': 1}], 'abc': [0.3005026826924109, 0.3005026826924109, 0.6994973173075891], 'properties': {}, 'label': 'Cl', 'xyz': [5.348969957792575, 5.348969957792575, 3.2147596439155617]}, {'species': [{'element': 'Cl', 'occu': 1}], 'abc': [0.6994973173075891, 0.6994973173075891, 0.3005026826924109], 'properties': {}, 'label': 'Cl', 'xyz': [5.348969957792575, 5.348969957792575, 7.483180271669589]}]}"
1111_CsPdAmCl,Am-Cl-Cs-Pd,10,"{'@module': 'pymatgen.core.structure', '@class': 'Structure', 'charge': 0.0, 'lattice': {'matrix': [[0.0, 5.227896446745041, 5.227896446745041], [5.227896446745041, 0.0, 5.227896446745041], [5.227896446745041, 5.227896446745041, 0.0]], 'pbc': (True, True, True), 'a': 7.39336205766895, 'b': 7.39336205766895, 'c': 7.39336205766895, 'alpha': 59.99999999999999, 'beta': 59.99999999999999, 'gamma': 59.99999999999999, 'volume': 285.7662431449195}, 'properties': {}, 'sites': [{'species': [{'element': 'Pd', 'occu': 1}], 'abc': [0.0, 0.0, 0.0], 'properties': {}, 'label': 'Pd', 'xyz': [0.0, 0.0, 0.0]}, {'species': [{'element': 'Am', 'occu': 1}], 'abc': [0.5, 0.5, 0.5], 'properties': {}, 'label': 'Am', 'xyz': [5.227896446745041, 5.227896446745041, 5.227896446745041]}, {'species': [{'element': 'Cs', 'occu': 1}], 'abc': [0.25, 0.25, 0.25], 'properties': {}, 'label': 'Cs', 'xyz': [2.6139482233725206, 2.6139482233725206, 2.6139482233725206]}, {'species': [{'element': 'Cs', 'occu': 1}], 'abc': [0.75, 0.75, 0.75], 'properties': {}, 'label': 'Cs', 'xyz': [7.8418446701175615, 7.8418446701175615, 7.8418446701175615]}, {'species': [{'element': 'Cl', 'occu': 1}], 'abc': [0.7540619745312966, 0.2459380254687034, 0.2459380254687034], 'properties': {}, 'label': 'Cl', 'xyz': [2.5714770589346516, 5.227896446745041, 5.227896446745041]}, {'species': [{'element': 'Cl', 'occu': 1}], 'abc': [0.2459380254687034, 0.7540619745312966, 0.7540619745312966], 'properties': {}, 'label': 'Cl', 'xyz': [7.884315834555431, 5.227896446745041, 5.227896446745041]}, {'species': [{'element': 'Cl', 'occu': 1}], 'abc': [0.2459380254687034, 0.7540619745312966, 0.2459380254687034], 'properties': {}, 'label': 'Cl', 'xyz': [5.227896446745041, 2.5714770589346516, 5.227896446745041]}, {'species': [{'element': 'Cl', 'occu': 1}], 'abc': [0.7540619745312966, 0.2459380254687034, 0.7540619745312966], 'properties': {}, 'label': 'Cl', 'xyz': [5.227896446745041, 7.884315834555431, 5.227896446745041]}, {'species': [{'element': 'Cl', 'occu': 1}], 'abc': [0.2459380254687034, 0.2459380254687034, 0.7540619745312966], 'properties': {}, 'label': 'Cl', 'xyz': [5.227896446745041, 5.227896446745041, 2.5714770589346516]}, {'species': [{'element': 'Cl', 'occu': 1}], 'abc': [0.7540619745312966, 0.7540619745312966, 0.2459380254687034], 'properties': {}, 'label': 'Cl', 'xyz': [5.227896446745041, 5.227896446745041, 7.884315834555431]}]}"
1116_CsZnAmCl,Am-Cl-Cs-Zn,10,"{'@module': 'pymatgen.core.structure', '@class': 'Structure', 'charge': 0.0, 'lattice': {'matrix': [[0.0, 5.227472295345526, 5.227472295345526], [5.227472295345526, 0.0, 5.227472295345526], [5.227472295345526, 5.227472295345526, 0.0]], 'pbc': (True, True, True), 'a': 7.392762217007257, 'b': 7.392762217007257, 'c': 7.392762217007257, 'alpha': 60.00000000000001, 'beta': 60.00000000000001, 'gamma': 60.00000000000001, 'volume': 285.69669414778537}, 'properties': {}, 'sites': [{'species': [{'element': 'Zn', 'occu': 1}], 'abc': [0.0, 0.0, 0.0], 'properties': {}, 'label': 'Zn', 'xyz': [0.0, 0.0, 0.0]}, {'species': [{'element': 'Am', 'occu': 1}], 'abc': [0.5, 0.5, 0.5], 'properties': {}, 'label': 'Am', 'xyz': [5.227472295345526, 5.227472295345526, 5.227472295345526]}, {'species': [{'element': 'Cs', 'occu': 1}], 'abc': [0.25, 0.25, 0.25], 'properties': {}, 'label': 'Cs', 'xyz': [2.613736147672763, 2.613736147672763, 2.613736147672763]}, {'species': [{'element': 'Cs', 'occu': 1}], 'abc': [0.75, 0.75, 0.75], 'properties': {}, 'label': 'Cs', 'xyz': [7.84120844301829, 7.84120844301829, 7.84120844301829]}, {'species': [{'element': 'Cl', 'occu': 1}], 'abc': [0.7630035932460686, 0.2369964067539314, 0.2369964067539314], 'properties': {}, 'label': 'Cl', 'xyz': [2.4777843008052316, 5.227472295345526, 5.227472295345526]}, {'species': [{'element': 'Cl', 'occu': 1}], 'abc': [0.2369964067539314, 0.7630035932460686, 0.7630035932460686], 'properties': {}, 'label': 'Cl', 'xyz': [7.977160289885821, 5.227472295345526, 5.227472295345526]}, {'species': [{'element': 'Cl', 'occu': 1}], 'abc': [0.2369964067539314, 0.7630035932460686, 0.2369964067539314], 'properties': {}, 'label': 'Cl', 'xyz': [5.227472295345526, 2.4777843008052316, 5.227472295345526]}, {'species': [{'element': 'Cl', 'occu': 1}], 'abc': [0.7630035932460686, 0.2369964067539314, 0.7630035932460686], 'properties': {}, 'label': 'Cl', 'xyz': [5.227472295345526, 7.977160289885821, 5.227472295345526]}, {'species': [{'element': 'Cl', 'occu': 1}], 'abc': [0.2369964067539314, 0.2369964067539314, 0.7630035932460686], 'properties': {}, 'label': 'Cl', 'xyz': [5.227472295345526, 5.227472295345526, 2.4777843008052316]}, {'species': [{'element': 'Cl', 'occu': 1}], 'abc': [0.7630035932460686, 0.7630035932460686, 0.2369964067539314], 'properties': {}, 'label': 'Cl', 'xyz': [5.227472295345526, 5.227472295345526, 7.977160289885821]}]}"
1137_CsGeAmCl,Am-Cl-Cs-Ge,10,"{'@module': 'pymatgen.core.structure', '@class': 'Structure', 'charge': 0.0, 'lattice': {'matrix': [[0.0, 5.3837708995811715, 5.3837708995811715], [5.3837708995811715, 0.0, 5.3837708995811715], [5.3837708995811715, 5.3837708995811715, 0.0]], 'pbc': (True, True, True), 'a': 7.613801822897291, 'b': 7.613801822897291, 'c': 7.613801822897291, 'alpha': 60.00000000000001, 'beta': 60.00000000000001, 'gamma': 60.00000000000001, 'volume': 312.0970816736538}, 'properties': {}, 'sites': [{'species': [{'element': 'Ge', 'occu': 1}], 'abc': [0.0, 0.0, 0.0], 'properties': {}, 'label': 'Ge', 'xyz': [0.0, 0.0, 0.0]}, {'species': [{'element': 'Am', 'occu': 1}], 'abc': [0.5, 0.5, 0.5], 'properties': {}, 'label': 'Am', 'xyz': [5.3837708995811715, 5.3837708995811715, 5.3837708995811715]}, {'species': [{'element': 'Cs', 'occu': 1}], 'abc': [0.25, 0.25, 0.25], 'properties': {}, 'label': 'Cs', 'xyz': [2.6918854497905857, 2.6918854497905857, 2.6918854497905857]}, {'species': [{'element': 'Cs', 'occu': 1}], 'abc': [0.75, 0.75, 0.75], 'properties': {}, 'label': 'Cs', 'xyz': [8.075656349371757, 8.075656349371757, 8.075656349371757]}, {'species': [{'element': 'Cl', 'occu': 1}], 'abc': [0.754198695872077, 0.245801304127923, 0.245801304127923], 'properties': {}, 'label': 'Cl', 'xyz': [2.6466758164860265, 5.383770899581172, 5.383770899581172]}, {'species': [{'element': 'Cl', 'occu': 1}], 'abc': [0.245801304127923, 0.754198695872077, 0.754198695872077], 'properties': {}, 'label': 'Cl', 'xyz': [8.120865982676317, 5.383770899581172, 5.383770899581172]}, {'species': [{'element': 'Cl', 'occu': 1}], 'abc': [0.245801304127923, 0.754198695872077, 0.245801304127923], 'properties': {}, 'label': 'Cl', 'xyz': [5.383770899581172, 2.6466758164860265, 5.383770899581172]}, {'species': [{'element': 'Cl', 'occu': 1}], 'abc': [0.754198695872077, 0.245801304127923, 0.754198695872077], 'properties': {}, 'label': 'Cl', 'xyz': [5.383770899581172, 8.120865982676317, 5.383770899581172]}, {'species': [{'element': 'Cl', 'occu': 1}], 'abc': [0.245801304127923, 0.245801304127923, 0.754198695872077], 'properties': {}, 'label': 'Cl', 'xyz': [5.383770899581172, 5.383770899581172, 2.6466758164860265]}, {'species': [{'element': 'Cl', 'occu': 1}], 'abc': [0.754198695872077, 0.754198695872077, 0.245801304127923], 'properties': {}, 'label': 'Cl', 'xyz': [5.383770899581172, 5.383770899581172, 8.120865982676317]}]}"
1138_CsCuAmCl,Am-Cl-Cs-Cu,10,"{'@module': 'pymatgen.core.structure', '@class': 'Structure', 'charge': 0.0, 'lattice': {'matrix': [[0.0, 5.165413916840433, 5.165413916840433], [5.165413916840433, 0.0, 5.165413916840433], [5.165413916840433, 5.165413916840433, 0.0]], 'pbc': (True, True, True), 'a': 7.3049984164664705, 'b': 7.3049984164664705, 'c': 7.3049984164664705, 'alpha': 59.99999999999999, 'beta': 59.99999999999999, 'gamma': 59.99999999999999, 'volume': 275.6419924756714}, 'properties': {}, 'sites': [{'species': [{'element': 'Cu', 'occu': 1}], 'abc': [0.0, 0.0, 0.0], 'properties': {}, 'label': 'Cu', 'xyz': [0.0, 0.0, 0.0]}, {'species': [{'element': 'Am', 'occu': 1}], 'abc': [0.5, 0.5, 0.5], 'properties': {}, 'label': 'Am', 'xyz': [5.165413916840433, 5.165413916840433, 5.165413916840433]}, {'species': [{'element': 'Cs', 'occu': 1}], 'abc': [0.25, 0.25, 0.25], 'properties': {}, 'label': 'Cs', 'xyz': [2.5827069584202165, 2.5827069584202165, 2.5827069584202165]}, {'species': [{'element': 'Cs', 'occu': 1}], 'abc': [0.75, 0.75, 0.75], 'properties': {}, 'label': 'Cs', 'xyz': [7.74812087526065, 7.74812087526065, 7.74812087526065]}, {'species': [{'element': 'Cl', 'occu': 1}], 'abc': [0.7598012579481832, 0.2401987420518097, 0.2401987420518097], 'properties': {}, 'label': 'Cl', 'xyz': [2.481451850003966, 5.1654139168403965, 5.1654139168403965]}, {'species': [{'element': 'Cl', 'occu': 1}], 'abc': [0.2401987420518097, 0.7598012579481832, 0.7598012579481832], 'properties': {}, 'label': 'Cl', 'xyz': [7.849375983676826, 5.1654139168403965, 5.1654139168403965]}, {'species': [{'element': 'Cl', 'occu': 1}], 'abc': [0.2401987420518097, 0.7598012579481832, 0.2401987420518097], 'properties': {}, 'label': 'Cl', 'xyz': [5.1654139168403965, 2.481451850003966, 5.1654139168403965]}, {'species': [{'element': 'Cl', 'occu': 1}], 'abc': [0.7598012579481832, 0.2401987420518097, 0.7598012579481832], 'properties': {}, 'label': 'Cl', 'xyz': [5.1654139168403965, 7.849375983676826, 5.1654139168403965]}, {'species': [{'element': 'Cl', 'occu': 1}], 'abc': [0.2401987420518097, 0.2401987420518097, 0.7598012579481832], 'properties': {}, 'label': 'Cl', 'xyz': [5.1654139168403965, 5.1654139168403965, 2.481451850003966]}, {'species': [{'element': 'Cl', 'occu': 1}], 'abc': [0.7598012579481832, 0.7598012579481832, 0.2401987420518097], 'properties': {}, 'label': 'Cl', 'xyz': [5.1654139168403965, 5.1654139168403965, 7.849375983676826]}]}"
1158_CsBeRaCl,Be-Cl-Cs-Ra,10,"{'@module': 'pymatgen.core.structure', '@class': 'Structure', 'charge': 0.0, 'lattice': {'matrix': [[0.0, 5.302480737244001, 5.302480737244001], [5.302480737244, 0.0, 5.302480737244001], [5.302480737244, 5.302480737244001, 0.0]], 'pbc': (True, True, True), 'a': 7.498840172832554, 'b': 7.498840172832553, 'c': 7.498840172832553, 'alpha': 60.00000000000001, 'beta': 59.99999999999999, 'gamma': 59.99999999999999, 'volume': 298.1722991846584}, 'properties': {}, 'sites': [{'species': [{'element': 'Be', 'occu': 1}], 'abc': [0.0, 0.0, 0.0], 'properties': {}, 'label': 'Be', 'xyz': [0.0, 0.0, 0.0]}, {'species': [{'element': 'Ra', 'occu': 1}], 'abc': [0.5, 0.5, 0.5], 'properties': {}, 'label': 'Ra', 'xyz': [5.302480737244, 5.302480737244001, 5.302480737244001]}, {'species': [{'element': 'Cs', 'occu': 1}], 'abc': [0.25, 0.25, 0.25], 'properties': {}, 'label': 'Cs', 'xyz': [2.651240368622, 2.6512403686220005, 2.6512403686220005]}, {'species': [{'element': 'Cs', 'occu': 1}], 'abc': [0.75, 0.75, 0.75], 'properties': {}, 'label': 'Cs', 'xyz': [7.953721105866, 7.953721105866002, 7.953721105866002]}, {'species': [{'element': 'Cl', 'occu': 1}], 'abc': [0.7843895015601987, 0.2156104984398013, 0.2156104984398013], 'properties': {}, 'label': 'Cl', 'xyz': [2.2865410294492476, 5.302480737244001, 5.302480737244001]}, {'species': [{'element': 'Cl', 'occu': 1}], 'abc': [0.2156104984398013, 0.7843895015601987, 0.7843895015601987], 'properties': {}, 'label': 'Cl', 'xyz': [8.318420445038752, 5.302480737244001, 5.302480737244001]}, {'species': [{'element': 'Cl', 'occu': 1}], 'abc': [0.2156104984398013, 0.7843895015601987, 0.2156104984398013], 'properties': {}, 'label': 'Cl', 'xyz': [5.302480737244, 2.286541029449248, 5.302480737244001]}, {'species': [{'element': 'Cl', 'occu': 1}], 'abc': [0.7843895015601987, 0.2156104984398013, 0.7843895015601987], 'properties': {}, 'label': 'Cl', 'xyz': [5.302480737244, 8.318420445038754, 5.302480737244001]}, {'species': [{'element': 'Cl', 'occu': 1}], 'abc': [0.2156104984398013, 0.2156104984398013, 0.7843895015601987], 'properties': {}, 'label': 'Cl', 'xyz': [5.302480737244, 5.302480737244001, 2.286541029449248]}, {'species': [{'element': 'Cl', 'occu': 1}], 'abc': [0.7843895015601987, 0.7843895015601987, 0.2156104984398013], 'properties': {}, 'label': 'Cl', 'xyz': [5.302480737244, 5.302480737244001, 8.318420445038754]}]}"
1162_CsMgAmCl,Am-Cl-Cs-Mg,10,"{'@module': 'pymatgen.core.structure', '@class': 'Structure', 'charge': 0.0, 'lattice': {'matrix': [[0.0, 5.2587011464998605, 5.25870114649986], [5.2587011464998605, 0.0, 5.25870114649986], [5.25870114649986, 5.25870114649986, 0.0]], 'pbc': (True, True, True), 'a': 7.436926481847046, 'b': 7.436926481847046, 'c': 7.4369264818470455, 'alpha': 60.00000000000001, 'beta': 60.00000000000001, 'gamma': 60.00000000000001, 'volume': 290.847588283379}, 'properties': {}, 'sites': [{'species': [{'element': 'Mg', 'occu': 1}], 'abc': [0.0, 0.0, 0.0], 'properties': {}, 'label': 'Mg', 'xyz': [0.0, 0.0, 0.0]}, {'species': [{'element': 'Am', 'occu': 1}], 'abc': [0.5, 0.5, 0.5], 'properties': {}, 'label': 'Am', 'xyz': [5.25870114649986, 5.25870114649986, 5.25870114649986]}, {'species': [{'element': 'Cs', 'occu': 1}], 'abc': [0.25, 0.25, 0.25], 'properties': {}, 'label': 'Cs', 'xyz': [2.62935057324993, 2.62935057324993, 2.62935057324993]}, {'species': [{'element': 'Cs', 'occu': 1}], 'abc': [0.75, 0.75, 0.75], 'properties': {}, 'label': 'Cs', 'xyz': [7.88805171974979, 7.88805171974979, 7.8880517197497895]}, {'species': [{'element': 'Cl', 'occu': 1}], 'abc': [0.7628905302528395, 0.2371094697471605, 0.2371094697471605], 'properties': {}, 'label': 'Cl', 'xyz': [2.4937756808107334, 5.2587011464998605, 5.25870114649986]}, {'species': [{'element': 'Cl', 'occu': 1}], 'abc': [0.2371094697471605, 0.7628905302528395, 0.7628905302528395], 'properties': {}, 'label': 'Cl', 'xyz': [8.023626612188988, 5.25870114649986, 5.25870114649986]}, {'species': [{'element': 'Cl', 'occu': 1}], 'abc': [0.2371094697471605, 0.7628905302528395, 0.2371094697471605], 'properties': {}, 'label': 'Cl', 'xyz': [5.2587011464998605, 2.4937756808107334, 5.25870114649986]}, {'species': [{'element': 'Cl', 'occu': 1}], 'abc': [0.7628905302528395, 0.2371094697471605, 0.7628905302528395], 'properties': {}, 'label': 'Cl', 'xyz': [5.25870114649986, 8.023626612188988, 5.25870114649986]}, {'species': [{'element': 'Cl', 'occu': 1}], 'abc': [0.2371094697471605, 0.2371094697471605, 0.7628905302528395], 'properties': {}, 'label': 'Cl', 'xyz': [5.25870114649986, 5.25870114649986, 2.4937756808107334]}, {'species': [{'element': 'Cl', 'occu': 1}], 'abc': [0.7628905302528395, 0.7628905302528395, 0.2371094697471605], 'properties': {}, 'label': 'Cl', 'xyz': [5.2587011464998605, 5.2587011464998605, 8.023626612188986]}]}"
1202_CsCoAmCl,Am-Cl-Co-Cs,10,"{'@module': 'pymatgen.core.structure', '@class': 'Structure', 'charge': 0.0, 'lattice': {'matrix': [[0.0, 5.136027328925493, 5.136027328925493], [5.136027328925493, 0.0, 5.136027328925493], [5.136027328925493, 5.136027328925493, 0.0]], 'pbc': (True, True, True), 'a': 7.2634395052852945, 'b': 7.2634395052852945, 'c': 7.2634395052852945, 'alpha': 60.00000000000001, 'beta': 60.00000000000001, 'gamma': 60.00000000000001, 'volume': 270.96423631072645}, 'properties': {}, 'sites': [{'species': [{'element': 'Co', 'occu': 1}], 'abc': [0.0, 0.0, 0.0], 'properties': {}, 'label': 'Co', 'xyz': [0.0, 0.0, 0.0]}, {'species': [{'element': 'Am', 'occu': 1}], 'abc': [0.5, 0.5, 0.5], 'properties': {}, 'label': 'Am', 'xyz': [5.136027328925493, 5.136027328925493, 5.136027328925493]}, {'species': [{'element': 'Cs', 'occu': 1}], 'abc': [0.25, 0.25, 0.25], 'properties': {}, 'label': 'Cs', 'xyz': [2.5680136644627467, 2.5680136644627467, 2.5680136644627467]}, {'species': [{'element': 'Cs', 'occu': 1}], 'abc': [0.75, 0.75, 0.75], 'properties': {}, 'label': 'Cs', 'xyz': [7.70404099338824, 7.70404099338824, 7.70404099338824]}, {'species': [{'element': 'Cl', 'occu': 1}], 'abc': [0.7632933045185268, 0.2367066954814732, 0.2367066954814732], 'properties': {}, 'label': 'Cl', 'xyz': [2.431464113864982, 5.136027328925493, 5.136027328925493]}, {'species': [{'element': 'Cl', 'occu': 1}], 'abc': [0.2367066954814732, 0.7632933045185268, 0.7632933045185268], 'properties': {}, 'label': 'Cl', 'xyz': [7.840590543986005, 5.136027328925493, 5.136027328925493]}, {'species': [{'element': 'Cl', 'occu': 1}], 'abc': [0.2367066954814732, 0.7632933045185268, 0.2367066954814732], 'properties': {}, 'label': 'Cl', 'xyz': [5.136027328925493, 2.431464113864982, 5.136027328925493]}, {'species': [{'element': 'Cl', 'occu': 1}], 'abc': [0.7632933045185268, 0.2367066954814732, 0.7632933045185268], 'properties': {}, 'label': 'Cl', 'xyz': [5.136027328925493, 7.840590543986005, 5.136027328925493]}, {'species': [{'element': 'Cl', 'occu': 1}], 'abc': [0.2367066954814732, 0.2367066954814732, 0.7632933045185268], 'properties': {}, 'label': 'Cl', 'xyz': [5.136027328925493, 5.136027328925493, 2.431464113864982]}, {'species': [{'element': 'Cl', 'occu': 1}], 'abc': [0.7632933045185268, 0.7632933045185268, 0.2367066954814732], 'properties': {}, 'label': 'Cl', 'xyz': [5.136027328925493, 5.136027328925493, 7.840590543986005]}]}"
1210_CsAgCmCl,Ag-Cl-Cm-Cs,10,"{'@module': 'pymatgen.core.structure', '@class': 'Structure', 'charge': 0.0, 'lattice': {'matrix': [[0.0, 5.331164196213712, 5.331164196213712], [5.331164196213712, 0.0, 5.331164196213712], [5.331164196213712, 5.331164196213712, 0.0]], 'pbc': (True, True, True), 'a': 7.539404709523292, 'b': 7.539404709523292, 'c': 7.539404709523292, 'alpha': 60.00000000000001, 'beta': 60.00000000000001, 'gamma': 60.00000000000001, 'volume': 303.0373585502335}, 'properties': {}, 'sites': [{'species': [{'element': 'Ag', 'occu': 1}], 'abc': [0.0, 0.0, 0.0], 'properties': {}, 'label': 'Ag', 'xyz': [0.0, 0.0, 0.0]}, {'species': [{'element': 'Cm', 'occu': 1}], 'abc': [0.5, 0.5, 0.5], 'properties': {}, 'label': 'Cm', 'xyz': [5.331164196213712, 5.331164196213712, 5.331164196213712]}, {'species': [{'element': 'Cs', 'occu': 1}], 'abc': [0.25, 0.25, 0.25], 'properties': {}, 'label': 'Cs', 'xyz': [2.665582098106856, 2.665582098106856, 2.665582098106856]}, {'species': [{'element': 'Cs', 'occu': 1}], 'abc': [0.75, 0.75, 0.75], 'properties': {}, 'label': 'Cs', 'xyz': [7.996746294320568, 7.996746294320568, 7.996746294320568]}, {'species': [{'element': 'Cl', 'occu': 1}], 'abc': [0.7492889798237741, 0.2507110201762259, 0.2507110201762259], 'properties': {}, 'label': 'Cl', 'xyz': [2.673163228719418, 5.331164196213712, 5.331164196213712]}, {'species': [{'element': 'Cl', 'occu': 1}], 'abc': [0.2507110201762259, 0.7492889798237741, 0.7492889798237741], 'properties': {}, 'label': 'Cl', 'xyz': [7.989165163708006, 5.331164196213712, 5.331164196213712]}, {'species': [{'element': 'Cl', 'occu': 1}], 'abc': [0.2507110201762259, 0.7492889798237741, 0.2507110201762259], 'properties': {}, 'label': 'Cl', 'xyz': [5.331164196213712, 2.673163228719418, 5.331164196213712]}, {'species': [{'element': 'Cl', 'occu': 1}], 'abc': [0.7492889798237741, 0.2507110201762259, 0.7492889798237741], 'properties': {}, 'label': 'Cl', 'xyz': [5.331164196213712, 7.989165163708006, 5.331164196213712]}, {'species': [{'element': 'Cl', 'occu': 1}], 'abc': [0.2507110201762259, 0.2507110201762259, 0.7492889798237741], 'properties': {}, 'label': 'Cl', 'xyz': [5.331164196213712, 5.331164196213712, 2.673163228719418]}, {'species': [{'element': 'Cl', 'occu': 1}], 'abc': [0.7492889798237741, 0.7492889798237741, 0.2507110201762259], 'properties': {}, 'label': 'Cl', 'xyz': [5.331164196213712, 5.331164196213712, 7.989165163708006]}]}"
1215_CsAgAmCl,Ag-Am-Cl-Cs,10,"{'@module': 'pymatgen.core.structure', '@class': 'Structure', 'charge': 0.0, 'lattice': {'matrix': [[0.0, 5.318210500093719, 5.318210500093719], [5.318210500093719, 0.0, 5.318210500093719], [5.318210500093719, 5.318210500093719, 0.0]], 'pbc': (True, True, True), 'a': 7.521085416787538, 'b': 7.521085416787538, 'c': 7.521085416787538, 'alpha': 60.00000000000001, 'beta': 60.00000000000001, 'gamma': 60.00000000000001, 'volume': 300.83375535338627}, 'properties': {}, 'sites': [{'species': [{'element': 'Ag', 'occu': 1}], 'abc': [0.0, 0.0, 0.0], 'properties': {}, 'label': 'Ag', 'xyz': [0.0, 0.0, 0.0]}, {'species': [{'element': 'Am', 'occu': 1}], 'abc': [0.5, 0.5, 0.5], 'properties': {}, 'label': 'Am', 'xyz': [5.318210500093719, 5.318210500093719, 5.318210500093719]}, {'species': [{'element': 'Cs', 'occu': 1}], 'abc': [0.25, 0.25, 0.25], 'properties': {}, 'label': 'Cs', 'xyz': [2.6591052500468595, 2.6591052500468595, 2.6591052500468595]}, {'species': [{'element': 'Cs', 'occu': 1}], 'abc': [0.75, 0.75, 0.75], 'properties': {}, 'label': 'Cs', 'xyz': [7.977315750140578, 7.977315750140578, 7.977315750140578]}, {'species': [{'element': 'Cl', 'occu': 1}], 'abc': [0.7502251659107628, 0.2497748340892372, 0.2497748340892372], 'properties': {}, 'label': 'Cl', 'xyz': [2.656710290625096, 5.31821050009372, 5.31821050009372]}, {'species': [{'element': 'Cl', 'occu': 1}], 'abc': [0.2497748340892372, 0.7502251659107628, 0.7502251659107628], 'properties': {}, 'label': 'Cl', 'xyz': [7.979710709562343, 5.31821050009372, 5.31821050009372]}, {'species': [{'element': 'Cl', 'occu': 1}], 'abc': [0.2497748340892372, 0.7502251659107628, 0.2497748340892372], 'properties': {}, 'label': 'Cl', 'xyz': [5.31821050009372, 2.656710290625096, 5.31821050009372]}, {'species': [{'element': 'Cl', 'occu': 1}], 'abc': [0.7502251659107628, 0.2497748340892372, 0.7502251659107628], 'properties': {}, 'label': 'Cl', 'xyz': [5.31821050009372, 7.979710709562343, 5.31821050009372]}, {'species': [{'element': 'Cl', 'occu': 1}], 'abc': [0.2497748340892372, 0.2497748340892372, 0.7502251659107628], 'properties': {}, 'label': 'Cl', 'xyz': [5.31821050009372, 5.31821050009372, 2.656710290625096]}, {'species': [{'element': 'Cl', 'occu': 1}], 'abc': [0.7502251659107628, 0.7502251659107628, 0.2497748340892372], 'properties': {}, 'label': 'Cl', 'xyz': [5.31821050009372, 5.31821050009372, 7.979710709562343]}]}"
1220_CsNiAmCl,Am-Cl-Cs-Ni,10,"{'@module': 'pymatgen.core.structure', '@class': 'Structure', 'charge': 0.0, 'lattice': {'matrix': [[0.0, 5.130215614489252, 5.130215614489252], [5.130215614489252, 0.0, 5.130215614489252], [5.130215614489252, 5.130215614489252, 0.0]], 'pbc': (True, True, True), 'a': 7.255220499908922, 'b': 7.255220499908922, 'c': 7.255220499908922, 'alpha': 59.99999999999999, 'beta': 59.99999999999999, 'gamma': 59.99999999999999, 'volume': 270.0454412606834}, 'properties': {}, 'sites': [{'species': [{'element': 'Ni', 'occu': 1}], 'abc': [0.0, 0.0, 0.0], 'properties': {}, 'label': 'Ni', 'xyz': [0.0, 0.0, 0.0]}, {'species': [{'element': 'Am', 'occu': 1}], 'abc': [0.5, 0.5, 0.5], 'properties': {}, 'label': 'Am', 'xyz': [5.130215614489252, 5.130215614489252, 5.130215614489252]}, {'species': [{'element': 'Cs', 'occu': 1}], 'abc': [0.25, 0.25, 0.25], 'properties': {}, 'label': 'Cs', 'xyz': [2.565107807244626, 2.565107807244626, 2.565107807244626]}, {'species': [{'element': 'Cs', 'occu': 1}], 'abc': [0.75, 0.75, 0.75], 'properties': {}, 'label': 'Cs', 'xyz': [7.695323421733878, 7.695323421733878, 7.695323421733878]}, {'species': [{'element': 'Cl', 'occu': 1}], 'abc': [0.7630567835620639, 0.2369432164379361, 0.2369432164379361], 'properties': {}, 'label': 'Cl', 'xyz': [2.4311395774344122, 5.130215614489252, 5.130215614489252]}, {'species': [{'element': 'Cl', 'occu': 1}], 'abc': [0.2369432164379361, 0.7630567835620639, 0.7630567835620639], 'properties': {}, 'label': 'Cl', 'xyz': [7.829291651544091, 5.130215614489252, 5.130215614489252]}, {'species': [{'element': 'Cl', 'occu': 1}], 'abc': [0.2369432164379361, 0.7630567835620639, 0.2369432164379361], 'properties': {}, 'label': 'Cl', 'xyz': [5.130215614489252, 2.4311395774344122, 5.130215614489252]}, {'species': [{'element': 'Cl', 'occu': 1}], 'abc': [0.7630567835620639, 0.2369432164379361, 0.7630567835620639], 'properties': {}, 'label': 'Cl', 'xyz': [5.130215614489252, 7.829291651544091, 5.130215614489252]}, {'species': [{'element': 'Cl', 'occu': 1}], 'abc': [0.2369432164379361, 0.2369432164379361, 0.7630567835620639], 'properties': {}, 'label': 'Cl', 'xyz': [5.130215614489252, 5.130215614489252, 2.4311395774344122]}, {'species': [{'element': 'Cl', 'occu': 1}], 'abc': [0.7630567835620639, 0.7630567835620639, 0.2369432164379361], 'properties': {}, 'label': 'Cl', 'xyz': [5.130215614489252, 5.130215614489252, 7.829291651544091]}]}"
1253_CsPoVacCl,Cl-Cs-Po,9,"{'@module': 'pymatgen.core.structure', '@class': 'Structure', 'charge': 0.0, 'lattice': {'matrix': [[0.0, 5.255555119367799, 5.255555119367799], [5.2555551193677985, 0.0, 5.2555551193677985], [5.2555551193677985, 5.255555119367799, 0.0]], 'pbc': (True, True, True), 'a': 7.432477327609292, 'b': 7.432477327609291, 'c': 7.432477327609292, 'alpha': 60.00000000000001, 'beta': 60.00000000000001, 'gamma': 60.00000000000001, 'volume': 290.32590027786705}, 'properties': {}, 'sites': [{'species': [{'element': 'Po', 'occu': 1}], 'abc': [0.0, 0.0, 0.0], 'properties': {}, 'label': 'Po', 'xyz': [0.0, 0.0, 0.0]}, {'species': [{'element': 'Cs', 'occu': 1}], 'abc': [0.25, 0.25, 0.25], 'properties': {}, 'label': 'Cs', 'xyz': [2.6277775596838993, 2.6277775596838997, 2.6277775596838993]}, {'species': [{'element': 'Cs', 'occu': 1}], 'abc': [0.75, 0.75, 0.75], 'properties': {}, 'label': 'Cs', 'xyz': [7.883332679051698, 7.8833326790516995, 7.883332679051699]}, {'species': [{'element': 'Cl', 'occu': 1}], 'abc': [0.7526007917535154, 0.2473992082464846, 0.2473992082464846], 'properties': {}, 'label': 'Cl', 'xyz': [2.6004403508547043, 5.255555119367799, 5.2555551193677985]}, {'species': [{'element': 'Cl', 'occu': 1}], 'abc': [0.2473992082464846, 0.7526007917535154, 0.7526007917535154], 'properties': {}, 'label': 'Cl', 'xyz': [7.910669887880892, 5.255555119367799, 5.2555551193677985]}, {'species': [{'element': 'Cl', 'occu': 1}], 'abc': [0.2473992082464846, 0.7526007917535154, 0.2473992082464846], 'properties': {}, 'label': 'Cl', 'xyz': [5.2555551193677985, 2.6004403508547047, 5.2555551193677985]}, {'species': [{'element': 'Cl', 'occu': 1}], 'abc': [0.7526007917535154, 0.2473992082464846, 0.7526007917535154], 'properties': {}, 'label': 'Cl', 'xyz': [5.2555551193677985, 7.910669887880894, 5.2555551193677985]}, {'species': [{'element': 'Cl', 'occu': 1}], 'abc': [0.2473992082464846, 0.2473992082464846, 0.7526007917535154], 'properties': {}, 'label': 'Cl', 'xyz': [5.2555551193677985, 5.255555119367799, 2.6004403508547043]}, {'species': [{'element': 'Cl', 'occu': 1}], 'abc': [0.7526007917535154, 0.7526007917535154, 0.2473992082464846], 'properties': {}, 'label': 'Cl', 'xyz': [5.2555551193677985, 5.255555119367799, 7.910669887880893]}]}"
1277_CsHgCmCl,Cl-Cm-Cs-Hg,10,"{'@module': 'pymatgen.core.structure', '@class': 'Structure', 'charge': 0.0, 'lattice': {'matrix': [[0.0, 5.518643864980305, 5.518643864980305], [5.518643864980305, 0.0, 5.518643864980305], [5.518643864980305, 5.518643864980305, 0.0]], 'pbc': (True, True, True), 'a': 7.804540999762223, 'b': 7.804540999762223, 'c': 7.804540999762223, 'alpha': 59.99999999999999, 'beta': 59.99999999999999, 'gamma': 59.99999999999999, 'volume': 336.14534504705176}, 'properties': {}, 'sites': [{'species': [{'element': 'Hg', 'occu': 1}], 'abc': [0.0, 0.0, 0.0], 'properties': {}, 'label': 'Hg', 'xyz': [0.0, 0.0, 0.0]}, {'species': [{'element': 'Cm', 'occu': 1}], 'abc': [0.5, 0.5, 0.5], 'properties': {}, 'label': 'Cm', 'xyz': [5.518643864980305, 5.518643864980305, 5.518643864980305]}, {'species': [{'element': 'Cs', 'occu': 1}], 'abc': [0.25, 0.25, 0.25], 'properties': {}, 'label': 'Cs', 'xyz': [2.7593219324901526, 2.7593219324901526, 2.7593219324901526]}, {'species': [{'element': 'Cs', 'occu': 1}], 'abc': [0.75, 0.75, 0.75], 'properties': {}, 'label': 'Cs', 'xyz': [8.277965797470458, 8.277965797470458, 8.277965797470458]}, {'species': [{'element': 'Cl', 'occu': 1}], 'abc': [0.739550215266128, 0.260449784733872, 0.260449784733872], 'properties': {}, 'label': 'Cl', 'xyz': [2.8746592133140476, 5.518643864980305, 5.518643864980305]}, {'species': [{'element': 'Cl', 'occu': 1}], 'abc': [0.260449784733872, 0.739550215266128, 0.739550215266128], 'properties': {}, 'label': 'Cl', 'xyz': [8.162628516646562, 5.518643864980305, 5.518643864980305]}, {'species': [{'element': 'Cl', 'occu': 1}], 'abc': [0.260449784733872, 0.739550215266128, 0.260449784733872], 'properties': {}, 'label': 'Cl', 'xyz': [5.518643864980305, 2.8746592133140476, 5.518643864980305]}, {'species': [{'element': 'Cl', 'occu': 1}], 'abc': [0.739550215266128, 0.260449784733872, 0.739550215266128], 'properties': {}, 'label': 'Cl', 'xyz': [5.518643864980305, 8.162628516646562, 5.518643864980305]}, {'species': [{'element': 'Cl', 'occu': 1}], 'abc': [0.260449784733872, 0.260449784733872, 0.739550215266128], 'properties': {}, 'label': 'Cl', 'xyz': [5.518643864980305, 5.518643864980305, 2.8746592133140476]}, {'species': [{'element': 'Cl', 'occu': 1}], 'abc': [0.739550215266128, 0.739550215266128, 0.260449784733872], 'properties': {}, 'label': 'Cl', 'xyz': [5.518643864980305, 5.518643864980305, 8.162628516646562]}]}"
1281_CsCdAmCl,Am-Cd-Cl-Cs,10,"{'@module': 'pymatgen.core.structure', '@class': 'Structure', 'charge': 0.0, 'lattice': {'matrix': [[0.0, 5.376259101479667, 5.376259101479667], [5.376259101479667, 0.0, 5.376259101479667], [5.376259101479667, 5.376259101479667, 0.0]], 'pbc': (True, True, True), 'a': 7.603178536144335, 'b': 7.603178536144335, 'c': 7.603178536144335, 'alpha': 60.00000000000001, 'beta': 60.00000000000001, 'gamma': 60.00000000000001, 'volume': 310.79252725321146}, 'properties': {}, 'sites': [{'species': [{'element': 'Cd', 'occu': 1}], 'abc': [0.0, 0.0, 0.0], 'properties': {}, 'label': 'Cd', 'xyz': [0.0, 0.0, 0.0]}, {'species': [{'element': 'Am', 'occu': 1}], 'abc': [0.5, 0.5, 0.5], 'properties': {}, 'label': 'Am', 'xyz': [5.376259101479667, 5.376259101479667, 5.376259101479667]}, {'species': [{'element': 'Cs', 'occu': 1}], 'abc': [0.25, 0.25, 0.25], 'properties': {}, 'label': 'Cs', 'xyz': [2.6881295507398333, 2.6881295507398333, 2.6881295507398333]}, {'species': [{'element': 'Cs', 'occu': 1}], 'abc': [0.75, 0.75, 0.75], 'properties': {}, 'label': 'Cs', 'xyz': [8.064388652219499, 8.064388652219499, 8.064388652219499]}, {'species': [{'element': 'Cl', 'occu': 1}], 'abc': [0.7545462472994444, 0.2454537527005556, 0.2454537527005556], 'properties': {}, 'label': 'Cl', 'xyz': [2.6392459438974027, 5.376259101479667, 5.376259101479667]}, {'species': [{'element': 'Cl', 'occu': 1}], 'abc': [0.2454537527005556, 0.7545462472994444, 0.7545462472994444], 'properties': {}, 'label': 'Cl', 'xyz': [8.113272259061931, 5.376259101479667, 5.376259101479667]}, {'species': [{'element': 'Cl', 'occu': 1}], 'abc': [0.2454537527005556, 0.7545462472994444, 0.2454537527005556], 'properties': {}, 'label': 'Cl', 'xyz': [5.376259101479667, 2.6392459438974027, 5.376259101479667]}, {'species': [{'element': 'Cl', 'occu': 1}], 'abc': [0.7545462472994444, 0.2454537527005556, 0.7545462472994444], 'properties': {}, 'label': 'Cl', 'xyz': [5.376259101479667, 8.113272259061931, 5.376259101479667]}, {'species': [{'element': 'Cl', 'occu': 1}], 'abc': [0.2454537527005556, 0.2454537527005556, 0.7545462472994444], 'properties': {}, 'label': 'Cl', 'xyz': [5.376259101479667, 5.376259101479667, 2.6392459438974027]}, {'species': [{'element': 'Cl', 'occu': 1}], 'abc': [0.7545462472994444, 0.7545462472994444, 0.2454537527005556], 'properties': {}, 'label': 'Cl', 'xyz': [5.376259101479667, 5.376259101479667, 8.113272259061931]}]}"
1295_CsNiRaCl,Cl-Cs-Ni-Ra,10,"{'@module': 'pymatgen.core.structure', '@class': 'Structure', 'charge': 0.0, 'lattice': {'matrix': [[0.0, 5.375449569502758, 5.375449569502758], [5.375449569502758, 0.0, 5.375449569502758], [5.375449569502758, 5.375449569502758, 0.0]], 'pbc': (True, True, True), 'a': 7.602033685043416, 'b': 7.602033685043416, 'c': 7.602033685043416, 'alpha': 60.00000000000001, 'beta': 60.00000000000001, 'gamma': 60.00000000000001, 'volume': 310.6521553318113}, 'properties': {}, 'sites': [{'species': [{'element': 'Ni', 'occu': 1}], 'abc': [0.0, 0.0, 0.0], 'properties': {}, 'label': 'Ni', 'xyz': [0.0, 0.0, 0.0]}, {'species': [{'element': 'Ra', 'occu': 1}], 'abc': [0.5, 0.5, 0.5], 'properties': {}, 'label': 'Ra', 'xyz': [5.375449569502758, 5.375449569502758, 5.375449569502758]}, {'species': [{'element': 'Cs', 'occu': 1}], 'abc': [0.25, 0.25, 0.25], 'properties': {}, 'label': 'Cs', 'xyz': [2.687724784751379, 2.687724784751379, 2.687724784751379]}, {'species': [{'element': 'Cs', 'occu': 1}], 'abc': [0.75, 0.75, 0.75], 'properties': {}, 'label': 'Cs', 'xyz': [8.063174354254137, 8.063174354254137, 8.063174354254137]}, {'species': [{'element': 'Cl', 'occu': 1}], 'abc': [0.7796740401792448, 0.2203259598207552, 0.2203259598207552], 'properties': {}, 'label': 'Cl', 'xyz': [2.3687021717375214, 5.375449569502758, 5.375449569502758]}, {'species': [{'element': 'Cl', 'occu': 1}], 'abc': [0.2203259598207552, 0.7796740401792448, 0.7796740401792448], 'properties': {}, 'label': 'Cl', 'xyz': [8.382196967267996, 5.375449569502758, 5.375449569502758]}, {'species': [{'element': 'Cl', 'occu': 1}], 'abc': [0.2203259598207552, 0.7796740401792448, 0.2203259598207552], 'properties': {}, 'label': 'Cl', 'xyz': [5.375449569502758, 2.3687021717375214, 5.375449569502758]}, {'species': [{'element': 'Cl', 'occu': 1}], 'abc': [0.7796740401792448, 0.2203259598207552, 0.7796740401792448], 'properties': {}, 'label': 'Cl', 'xyz': [5.375449569502758, 8.382196967267996, 5.375449569502758]}, {'species': [{'element': 'Cl', 'occu': 1}], 'abc': [0.2203259598207552, 0.2203259598207552, 0.7796740401792448], 'properties': {}, 'label': 'Cl', 'xyz': [5.375449569502758, 5.375449569502758, 2.3687021717375214]}, {'species': [{'element': 'Cl', 'occu': 1}], 'abc': [0.7796740401792448, 0.7796740401792448, 0.2203259598207552], 'properties': {}, 'label': 'Cl', 'xyz': [5.375449569502758, 5.375449569502758, 8.382196967267996]}]}"
1301_CsFeRaCl,Cl-Cs-Fe-Ra,10,"{'@module': 'pymatgen.core.structure', '@class': 'Structure', 'charge': 0.0, 'lattice': {'matrix': [[0.0, 5.441757745536696, 5.441757745536696], [5.441757745536696, 0.0, 5.441757745536696], [5.441757745536696, 5.441757745536696, 0.0]], 'pbc': (True, True, True), 'a': 7.6958076068868335, 'b': 7.6958076068868335, 'c': 7.6958076068868335, 'alpha': 59.99999999999999, 'beta': 59.99999999999999, 'gamma': 59.99999999999999, 'volume': 322.29057696755865}, 'properties': {}, 'sites': [{'species': [{'element': 'Fe', 'occu': 1}], 'abc': [0.0, 0.0, 0.0], 'properties': {}, 'label': 'Fe', 'xyz': [0.0, 0.0, 0.0]}, {'species': [{'element': 'Ra', 'occu': 1}], 'abc': [0.5, 0.5, 0.5], 'properties': {}, 'label': 'Ra', 'xyz': [5.441757745536696, 5.441757745536696, 5.441757745536696]}, {'species': [{'element': 'Cs', 'occu': 1}], 'abc': [0.25, 0.25, 0.25], 'properties': {}, 'label': 'Cs', 'xyz': [2.720878872768348, 2.720878872768348, 2.720878872768348]}, {'species': [{'element': 'Cs', 'occu': 1}], 'abc': [0.75, 0.75, 0.75], 'properties': {}, 'label': 'Cs', 'xyz': [8.162636618305044, 8.162636618305044, 8.162636618305044]}, {'species': [{'element': 'Cl', 'occu': 1}], 'abc': [0.7767263257613877, 0.2232736742386123, 0.2232736742386123], 'properties': {}, 'label': 'Cl', 'xyz': [2.430002492324811, 5.441757745536696, 5.441757745536696]}, {'species': [{'element': 'Cl', 'occu': 1}], 'abc': [0.2232736742386123, 0.7767263257613877, 0.7767263257613877], 'properties': {}, 'label': 'Cl', 'xyz': [8.45351299874858, 5.441757745536696, 5.441757745536696]}, {'species': [{'element': 'Cl', 'occu': 1}], 'abc': [0.2232736742386123, 0.7767263257613877, 0.2232736742386123], 'properties': {}, 'label': 'Cl', 'xyz': [5.441757745536696, 2.430002492324811, 5.441757745536696]}, {'species': [{'element': 'Cl', 'occu': 1}], 'abc': [0.7767263257613877, 0.2232736742386123, 0.7767263257613877], 'properties': {}, 'label': 'Cl', 'xyz': [5.441757745536696, 8.45351299874858, 5.441757745536696]}, {'species': [{'element': 'Cl', 'occu': 1}], 'abc': [0.2232736742386123, 0.2232736742386123, 0.7767263257613877], 'properties': {}, 'label': 'Cl', 'xyz': [5.441757745536696, 5.441757745536696, 2.430002492324811]}, {'species': [{'element': 'Cl', 'occu': 1}], 'abc': [0.7767263257613877, 0.7767263257613877, 0.2232736742386123], 'properties': {}, 'label': 'Cl', 'xyz': [5.441757745536696, 5.441757745536696, 8.45351299874858]}]}"
1302_CsCoRaCl,Cl-Co-Cs-Ra,10,"{'@module': 'pymatgen.core.structure', '@class': 'Structure', 'charge': 0.0, 'lattice': {'matrix': [[0.0, 5.401085231672493, 5.401085231672493], [5.401085231672493, 0.0, 5.401085231672493], [5.401085231672493, 5.401085231672493, 0.0]], 'pbc': (True, True, True), 'a': 7.638287986164269, 'b': 7.638287986164269, 'c': 7.638287986164269, 'alpha': 59.99999999999999, 'beta': 59.99999999999999, 'gamma': 59.99999999999999, 'volume': 315.11791029435574}, 'properties': {}, 'sites': [{'species': [{'element': 'Co', 'occu': 1}], 'abc': [0.0, 0.0, 0.0], 'properties': {}, 'label': 'Co', 'xyz': [0.0, 0.0, 0.0]}, {'species': [{'element': 'Ra', 'occu': 1}], 'abc': [0.5, 0.5, 0.5], 'properties': {}, 'label': 'Ra', 'xyz': [5.401085231672493, 5.401085231672493, 5.401085231672493]}, {'species': [{'element': 'Cs', 'occu': 1}], 'abc': [0.25, 0.25, 0.25], 'properties': {}, 'label': 'Cs', 'xyz': [2.7005426158362464, 2.7005426158362464, 2.7005426158362464]}, {'species': [{'element': 'Cs', 'occu': 1}], 'abc': [0.75, 0.75, 0.75], 'properties': {}, 'label': 'Cs', 'xyz': [8.10162784750874, 8.10162784750874, 8.10162784750874]}, {'species': [{'element': 'Cl', 'occu': 1}], 'abc': [0.7785584211097714, 0.2214415788902286, 0.2214415788902286], 'properties': {}, 'label': 'Cl', 'xyz': [2.392049682844506, 5.401085231672493, 5.401085231672493]}, {'species': [{'element': 'Cl', 'occu': 1}], 'abc': [0.2214415788902286, 0.7785584211097714, 0.7785584211097714], 'properties': {}, 'label': 'Cl', 'xyz': [8.41012078050048, 5.401085231672493, 5.401085231672493]}, {'species': [{'element': 'Cl', 'occu': 1}], 'abc': [0.2214415788902286, 0.7785584211097714, 0.2214415788902286], 'properties': {}, 'label': 'Cl', 'xyz': [5.401085231672493, 2.392049682844506, 5.401085231672493]}, {'species': [{'element': 'Cl', 'occu': 1}], 'abc': [0.7785584211097714, 0.2214415788902286, 0.7785584211097714], 'properties': {}, 'label': 'Cl', 'xyz': [5.401085231672493, 8.41012078050048, 5.401085231672493]}, {'species': [{'element': 'Cl', 'occu': 1}], 'abc': [0.2214415788902286, 0.2214415788902286, 0.7785584211097714], 'properties': {}, 'label': 'Cl', 'xyz': [5.401085231672493, 5.401085231672493, 2.392049682844506]}, {'species': [{'element': 'Cl', 'occu': 1}], 'abc': [0.7785584211097714, 0.7785584211097714, 0.2214415788902286], 'properties': {}, 'label': 'Cl', 'xyz': [5.401085231672493, 5.401085231672493, 8.41012078050048]}]}"
1327_CsMgRaCl,Cl-Cs-Mg-Ra,10,"{'@module': 'pymatgen.core.structure', '@class': 'Structure', 'charge': 0.0, 'lattice': {'matrix': [[0.0, 5.499097628155323, 5.499097628155323], [5.499097628155323, 0.0, 5.499097628155323], [5.499097628155323, 5.499097628155323, 0.0]], 'pbc': (True, True, True), 'a': 7.776898446550977, 'b': 7.776898446550977, 'c': 7.776898446550977, 'alpha': 59.99999999999999, 'beta': 59.99999999999999, 'gamma': 59.99999999999999, 'volume': 332.58624637979483}, 'properties': {}, 'sites': [{'species': [{'element': 'Mg', 'occu': 1}], 'abc': [0.0, 0.0, 0.0], 'properties': {}, 'label': 'Mg', 'xyz': [0.0, 0.0, 0.0]}, {'species': [{'element': 'Ra', 'occu': 1}], 'abc': [0.5, 0.5, 0.5], 'properties': {}, 'label': 'Ra', 'xyz': [5.499097628155323, 5.499097628155323, 5.499097628155323]}, {'species': [{'element': 'Cs', 'occu': 1}], 'abc': [0.25, 0.25, 0.25], 'properties': {}, 'label': 'Cs', 'xyz': [2.7495488140776616, 2.7495488140776616, 2.7495488140776616]}, {'species': [{'element': 'Cs', 'occu': 1}], 'abc': [0.75, 0.75, 0.75], 'properties': {}, 'label': 'Cs', 'xyz': [8.248646442232985, 8.248646442232985, 8.248646442232985]}, {'species': [{'element': 'Cl', 'occu': 1}], 'abc': [0.7740988431851292, 0.2259011568148708, 0.2259011568148708], 'properties': {}, 'label': 'Cl', 'xyz': [2.4845050312763997, 5.499097628155324, 5.499097628155324]}, {'species': [{'element': 'Cl', 'occu': 1}], 'abc': [0.2259011568148708, 0.7740988431851292, 0.7740988431851292], 'properties': {}, 'label': 'Cl', 'xyz': [8.513690225034248, 5.499097628155324, 5.499097628155324]}, {'species': [{'element': 'Cl', 'occu': 1}], 'abc': [0.2259011568148708, 0.7740988431851292, 0.2259011568148708], 'properties': {}, 'label': 'Cl', 'xyz': [5.499097628155324, 2.4845050312763997, 5.499097628155324]}, {'species': [{'element': 'Cl', 'occu': 1}], 'abc': [0.7740988431851292, 0.2259011568148708, 0.7740988431851292], 'properties': {}, 'label': 'Cl', 'xyz': [5.499097628155324, 8.513690225034248, 5.499097628155324]}, {'species': [{'element': 'Cl', 'occu': 1}], 'abc': [0.2259011568148708, 0.2259011568148708, 0.7740988431851292], 'properties': {}, 'label': 'Cl', 'xyz': [5.499097628155324, 5.499097628155324, 2.4845050312763997]}, {'species': [{'element': 'Cl', 'occu': 1}], 'abc': [0.7740988431851292, 0.7740988431851292, 0.2259011568148708], 'properties': {}, 'label': 'Cl', 'xyz': [5.499097628155324, 5.499097628155324, 8.513690225034248]}]}"
1344_CsCaAmCl,Am-Ca-Cl-Cs,10,"{'@module': 'pymatgen.core.structure', '@class': 'Structure', 'charge': 0.0, 'lattice': {'matrix': [[0.0, 5.433135976089189, 5.433135976089189], [5.433135976089189, 0.0, 5.433135976089189], [5.433135976089189, 5.433135976089189, 0.0]], 'pbc': (True, True, True), 'a': 7.683614583602515, 'b': 7.683614583602515, 'c': 7.683614583602515, 'alpha': 60.00000000000001, 'beta': 60.00000000000001, 'gamma': 60.00000000000001, 'volume': 320.76111811302707}, 'properties': {}, 'sites': [{'species': [{'element': 'Ca', 'occu': 1}], 'abc': [0.0, 0.0, 0.0], 'properties': {}, 'label': 'Ca', 'xyz': [0.0, 0.0, 0.0]}, {'species': [{'element': 'Am', 'occu': 1}], 'abc': [0.5, 0.5, 0.5], 'properties': {}, 'label': 'Am', 'xyz': [5.433135976089189, 5.433135976089189, 5.433135976089189]}, {'species': [{'element': 'Cs', 'occu': 1}], 'abc': [0.25, 0.25, 0.25], 'properties': {}, 'label': 'Cs', 'xyz': [2.7165679880445945, 2.7165679880445945, 2.7165679880445945]}, {'species': [{'element': 'Cs', 'occu': 1}], 'abc': [0.75, 0.75, 0.75], 'properties': {}, 'label': 'Cs', 'xyz': [8.149703964133783, 8.149703964133783, 8.149703964133783]}, {'species': [{'element': 'Cl', 'occu': 1}], 'abc': [0.7536918374412735, 0.2463081625587265, 0.2463081625587265], 'properties': {}, 'label': 'Cl', 'xyz': [2.6764514784044824, 5.433135976089189, 5.433135976089189]}, {'species': [{'element': 'Cl', 'occu': 1}], 'abc': [0.2463081625587265, 0.7536918374412735, 0.7536918374412735], 'properties': {}, 'label': 'Cl', 'xyz': [8.189820473773896, 5.433135976089189, 5.433135976089189]}, {'species': [{'element': 'Cl', 'occu': 1}], 'abc': [0.2463081625587265, 0.7536918374412735, 0.2463081625587265], 'properties': {}, 'label': 'Cl', 'xyz': [5.433135976089189, 2.6764514784044824, 5.433135976089189]}, {'species': [{'element': 'Cl', 'occu': 1}], 'abc': [0.7536918374412735, 0.2463081625587265, 0.7536918374412735], 'properties': {}, 'label': 'Cl', 'xyz': [5.433135976089189, 8.189820473773896, 5.433135976089189]}, {'species': [{'element': 'Cl', 'occu': 1}], 'abc': [0.2463081625587265, 0.2463081625587265, 0.7536918374412735], 'properties': {}, 'label': 'Cl', 'xyz': [5.433135976089189, 5.433135976089189, 2.6764514784044824]}, {'species': [{'element': 'Cl', 'occu': 1}], 'abc': [0.7536918374412735, 0.7536918374412735, 0.2463081625587265], 'properties': {}, 'label': 'Cl', 'xyz': [5.433135976089189, 5.433135976089189, 8.189820473773896]}]}"
1346_CsGeRaCl,Cl-Cs-Ge-Ra,10,"{'@module': 'pymatgen.core.structure', '@class': 'Structure', 'charge': 0.0, 'lattice': {'matrix': [[0.0, 5.636825512066754, 5.636825512066754], [5.636825512066754, 0.0, 5.636825512066754], [5.636825512066754, 5.636825512066754, 0.0]], 'pbc': (True, True, True), 'a': 7.971675087895471, 'b': 7.971675087895471, 'c': 7.971675087895471, 'alpha': 60.00000000000001, 'beta': 60.00000000000001, 'gamma': 60.00000000000001, 'volume': 358.2067538061747}, 'properties': {}, 'sites': [{'species': [{'element': 'Ge', 'occu': 1}], 'abc': [0.0, 0.0, 0.0], 'properties': {}, 'label': 'Ge', 'xyz': [0.0, 0.0, 0.0]}, {'species': [{'element': 'Ra', 'occu': 1}], 'abc': [0.5, 0.5, 0.5], 'properties': {}, 'label': 'Ra', 'xyz': [5.636825512066754, 5.636825512066754, 5.636825512066754]}, {'species': [{'element': 'Cs', 'occu': 1}], 'abc': [0.25, 0.25, 0.25], 'properties': {}, 'label': 'Cs', 'xyz': [2.818412756033377, 2.818412756033377, 2.818412756033377]}, {'species': [{'element': 'Cs', 'occu': 1}], 'abc': [0.75, 0.75, 0.75], 'properties': {}, 'label': 'Cs', 'xyz': [8.455238268100132, 8.455238268100132, 8.455238268100132]}, {'species': [{'element': 'Cl', 'occu': 1}], 'abc': [0.7673984076790461, 0.2326015923209539, 0.2326015923209539], 'properties': {}, 'label': 'Cl', 'xyz': [2.622269179484207, 5.636825512066754, 5.636825512066754]}, {'species': [{'element': 'Cl', 'occu': 1}], 'abc': [0.2326015923209539, 0.7673984076790461, 0.7673984076790461], 'properties': {}, 'label': 'Cl', 'xyz': [8.651381844649302, 5.636825512066754, 5.636825512066754]}, {'species': [{'element': 'Cl', 'occu': 1}], 'abc': [0.2326015923209539, 0.7673984076790461, 0.2326015923209539], 'properties': {}, 'label': 'Cl', 'xyz': [5.636825512066754, 2.622269179484207, 5.636825512066754]}, {'species': [{'element': 'Cl', 'occu': 1}], 'abc': [0.7673984076790461, 0.2326015923209539, 0.7673984076790461], 'properties': {}, 'label': 'Cl', 'xyz': [5.636825512066754, 8.651381844649302, 5.636825512066754]}, {'species': [{'element': 'Cl', 'occu': 1}], 'abc': [0.2326015923209539, 0.2326015923209539, 0.7673984076790461], 'properties': {}, 'label': 'Cl', 'xyz': [5.636825512066754, 5.636825512066754, 2.622269179484207]}, {'species': [{'element': 'Cl', 'occu': 1}], 'abc': [0.7673984076790461, 0.7673984076790461, 0.2326015923209539], 'properties': {}, 'label': 'Cl', 'xyz': [5.636825512066754, 5.636825512066754, 8.651381844649302]}]}"
1348_CsCuRaCl,Cl-Cs-Cu-Ra,10,"{'@module': 'pymatgen.core.structure', '@class': 'Structure', 'charge': 0.0, 'lattice': {'matrix': [[0.0, 5.406857230149237, 5.406857230149237], [5.406857230149236, 0.0, 5.406857230149236], [5.406857230149236, 5.406857230149237, 0.0]], 'pbc': (True, True, True), 'a': 7.646450824692078, 'b': 7.646450824692076, 'c': 7.646450824692077, 'alpha': 60.00000000000001, 'beta': 59.99999999999999, 'gamma': 59.99999999999999, 'volume': 316.1292651317988}, 'properties': {}, 'sites': [{'species': [{'element': 'Cu', 'occu': 1}], 'abc': [0.0, 0.0, 0.0], 'properties': {}, 'label': 'Cu', 'xyz': [0.0, 0.0, 0.0]}, {'species': [{'element': 'Ra', 'occu': 1}], 'abc': [0.5, 0.5, 0.5], 'properties': {}, 'label': 'Ra', 'xyz': [5.406857230149236, 5.406857230149237, 5.406857230149237]}, {'species': [{'element': 'Cs', 'occu': 1}], 'abc': [0.25, 0.25, 0.25], 'properties': {}, 'label': 'Cs', 'xyz': [2.703428615074618, 2.7034286150746185, 2.7034286150746185]}, {'species': [{'element': 'Cs', 'occu': 1}], 'abc': [0.75, 0.75, 0.75], 'properties': {}, 'label': 'Cs', 'xyz': [8.110285845223855, 8.110285845223856, 8.110285845223856]}, {'species': [{'element': 'Cl', 'occu': 1}], 'abc': [0.7775778960794071, 0.2224221039205929, 0.2224221039205929], 'properties': {}, 'label': 'Cl', 'xyz': [2.405209121456125, 5.406857230149237, 5.406857230149236]}, {'species': [{'element': 'Cl', 'occu': 1}], 'abc': [0.2224221039205929, 0.7775778960794071, 0.7775778960794071], 'properties': {}, 'label': 'Cl', 'xyz': [8.408505338842348, 5.406857230149237, 5.406857230149237]}, {'species': [{'element': 'Cl', 'occu': 1}], 'abc': [0.2224221039205929, 0.7775778960794071, 0.2224221039205929], 'properties': {}, 'label': 'Cl', 'xyz': [5.406857230149236, 2.4052091214561253, 5.406857230149237]}, {'species': [{'element': 'Cl', 'occu': 1}], 'abc': [0.7775778960794071, 0.2224221039205929, 0.7775778960794071], 'properties': {}, 'label': 'Cl', 'xyz': [5.406857230149236, 8.408505338842348, 5.406857230149236]}, {'species': [{'element': 'Cl', 'occu': 1}], 'abc': [0.2224221039205929, 0.2224221039205929, 0.7775778960794071], 'properties': {}, 'label': 'Cl', 'xyz': [5.406857230149236, 5.406857230149237, 2.4052091214561253]}, {'species': [{'element': 'Cl', 'occu': 1}], 'abc': [0.7775778960794071, 0.7775778960794071, 0.2224221039205929], 'properties': {}, 'label': 'Cl', 'xyz': [5.406857230149236, 5.406857230149237, 8.408505338842348]}]}"
1365_CsZnRaCl,Cl-Cs-Ra-Zn,10,"{'@module': 'pymatgen.core.structure', '@class': 'Structure', 'charge': 0.0, 'lattice': {'matrix': [[0.0, 5.4544986607762445, 5.4544986607762445], [5.4544986607762445, 0.0, 5.4544986607762445], [5.4544986607762445, 5.4544986607762445, 0.0]], 'pbc': (True, True, True), 'a': 7.713825982015649, 'b': 7.713825982015649, 'c': 7.713825982015649, 'alpha': 60.00000000000001, 'beta': 60.00000000000001, 'gamma': 60.00000000000001, 'volume': 324.5596407932508}, 'properties': {}, 'sites': [{'species': [{'element': 'Zn', 'occu': 1}], 'abc': [0.0, 0.0, 0.0], 'properties': {}, 'label': 'Zn', 'xyz': [0.0, 0.0, 0.0]}, {'species': [{'element': 'Ra', 'occu': 1}], 'abc': [0.5, 0.5, 0.5], 'properties': {}, 'label': 'Ra', 'xyz': [5.4544986607762445, 5.4544986607762445, 5.4544986607762445]}, {'species': [{'element': 'Cs', 'occu': 1}], 'abc': [0.25, 0.25, 0.25], 'properties': {}, 'label': 'Cs', 'xyz': [2.7272493303881222, 2.7272493303881222, 2.7272493303881222]}, {'species': [{'element': 'Cs', 'occu': 1}], 'abc': [0.75, 0.75, 0.75], 'properties': {}, 'label': 'Cs', 'xyz': [8.181747991164366, 8.181747991164366, 8.181747991164366]}, {'species': [{'element': 'Cl', 'occu': 1}], 'abc': [0.7760490684028696, 0.2239509315971304, 0.2239509315971304], 'properties': {}, 'label': 'Cl', 'xyz': [2.44308011295228, 5.4544986607762445, 5.4544986607762445]}, {'species': [{'element': 'Cl', 'occu': 1}], 'abc': [0.2239509315971304, 0.7760490684028696, 0.7760490684028696], 'properties': {}, 'label': 'Cl', 'xyz': [8.465917208600208, 5.4544986607762445, 5.4544986607762445]}, {'species': [{'element': 'Cl', 'occu': 1}], 'abc': [0.2239509315971304, 0.7760490684028696, 0.2239509315971304], 'properties': {}, 'label': 'Cl', 'xyz': [5.4544986607762445, 2.44308011295228, 5.4544986607762445]}, {'species': [{'element': 'Cl', 'occu': 1}], 'abc': [0.7760490684028696, 0.2239509315971304, 0.7760490684028696], 'properties': {}, 'label': 'Cl', 'xyz': [5.4544986607762445, 8.465917208600208, 5.4544986607762445]}, {'species': [{'element': 'Cl', 'occu': 1}], 'abc': [0.2239509315971304, 0.2239509315971304, 0.7760490684028696], 'properties': {}, 'label': 'Cl', 'xyz': [5.4544986607762445, 5.4544986607762445, 2.44308011295228]}, {'species': [{'element': 'Cl', 'occu': 1}], 'abc': [0.7760490684028696, 0.7760490684028696, 0.2239509315971304], 'properties': {}, 'label': 'Cl', 'xyz': [5.4544986607762445, 5.4544986607762445, 8.465917208600208]}]}"
1387_CsYbAmCl,Am-Cl-Cs-Yb,10,"{'@module': 'pymatgen.core.structure', '@class': 'Structure', 'charge': 0.0, 'lattice': {'matrix': [[0.0, 5.333206514880459, 5.333206514880459], [5.333206514880459, 0.0, 5.333206514880459], [5.333206514880459, 5.333206514880459, 0.0]], 'pbc': (True, True, True), 'a': 7.542292984280492, 'b': 7.542292984280492, 'c': 7.542292984280492, 'alpha': 59.99999999999999, 'beta': 59.99999999999999, 'gamma': 59.99999999999999, 'volume': 303.3857642394329}, 'properties': {}, 'sites': [{'species': [{'element': 'Yb', 'occu': 1}], 'abc': [0.0, 0.0, 0.0], 'properties': {}, 'label': 'Yb', 'xyz': [0.0, 0.0, 0.0]}, {'species': [{'element': 'Am', 'occu': 1}], 'abc': [0.5, 0.5, 0.5], 'properties': {}, 'label': 'Am', 'xyz': [5.333206514880459, 5.333206514880459, 5.333206514880459]}, {'species': [{'element': 'Cs', 'occu': 1}], 'abc': [0.25, 0.25, 0.25], 'properties': {}, 'label': 'Cs', 'xyz': [2.6666032574402294, 2.6666032574402294, 2.6666032574402294]}, {'species': [{'element': 'Cs', 'occu': 1}], 'abc': [0.75, 0.75, 0.75], 'properties': {}, 'label': 'Cs', 'xyz': [7.999809772320688, 7.999809772320688, 7.999809772320688]}, {'species': [{'element': 'Cl', 'occu': 1}], 'abc': [0.7584075780259951, 0.2415924219740049, 0.2415924219740049], 'properties': {}, 'label': 'Cl', 'xyz': [2.576924557635024, 5.33320651488046, 5.33320651488046]}, {'species': [{'element': 'Cl', 'occu': 1}], 'abc': [0.2415924219740049, 0.7584075780259951, 0.7584075780259951], 'properties': {}, 'label': 'Cl', 'xyz': [8.089488472125895, 5.33320651488046, 5.33320651488046]}, {'species': [{'element': 'Cl', 'occu': 1}], 'abc': [0.2415924219740049, 0.7584075780259951, 0.2415924219740049], 'properties': {}, 'label': 'Cl', 'xyz': [5.33320651488046, 2.576924557635024, 5.33320651488046]}, {'species': [{'element': 'Cl', 'occu': 1}], 'abc': [0.7584075780259951, 0.2415924219740049, 0.7584075780259951], 'properties': {}, 'label': 'Cl', 'xyz': [5.33320651488046, 8.089488472125895, 5.33320651488046]}, {'species': [{'element': 'Cl', 'occu': 1}], 'abc': [0.2415924219740049, 0.2415924219740049, 0.7584075780259951], 'properties': {}, 'label': 'Cl', 'xyz': [5.33320651488046, 5.33320651488046, 2.576924557635024]}, {'species': [{'element': 'Cl', 'occu': 1}], 'abc': [0.7584075780259951, 0.7584075780259951, 0.2415924219740049], 'properties': {}, 'label': 'Cl', 'xyz': [5.33320651488046, 5.33320651488046, 8.089488472125895]}]}"
1388_CsMnRaCl,Cl-Cs-Mn-Ra,10,"{'@module': 'pymatgen.core.structure', '@class': 'Structure', 'charge': 0.0, 'lattice': {'matrix': [[0.0, 5.504252055584056, 5.504252055584056], [5.504252055584056, 0.0, 5.504252055584056], [5.504252055584056, 5.504252055584056, 0.0]], 'pbc': (True, True, True), 'a': 7.784187907726959, 'b': 7.784187907726959, 'c': 7.784187907726959, 'alpha': 60.00000000000001, 'beta': 60.00000000000001, 'gamma': 60.00000000000001, 'volume': 333.522344881491}, 'properties': {}, 'sites': [{'species': [{'element': 'Mn', 'occu': 1}], 'abc': [0.0, 0.0, 0.0], 'properties': {}, 'label': 'Mn', 'xyz': [0.0, 0.0, 0.0]}, {'species': [{'element': 'Ra', 'occu': 1}], 'abc': [0.5, 0.5, 0.5], 'properties': {}, 'label': 'Ra', 'xyz': [5.504252055584056, 5.504252055584056, 5.504252055584056]}, {'species': [{'element': 'Cs', 'occu': 1}], 'abc': [0.25, 0.25, 0.25], 'properties': {}, 'label': 'Cs', 'xyz': [2.752126027792028, 2.752126027792028, 2.752126027792028]}, {'species': [{'element': 'Cs', 'occu': 1}], 'abc': [0.75, 0.75, 0.75], 'properties': {}, 'label': 'Cs', 'xyz': [8.256378083376084, 8.256378083376084, 8.256378083376084]}, {'species': [{'element': 'Cl', 'occu': 1}], 'abc': [0.7739637205768446, 0.2260362794231554, 0.2260362794231554], 'properties': {}, 'label': 'Cl', 'xyz': [2.48832131130295, 5.504252055584056, 5.504252055584056]}, {'species': [{'element': 'Cl', 'occu': 1}], 'abc': [0.2260362794231554, 0.7739637205768446, 0.7739637205768446], 'properties': {}, 'label': 'Cl', 'xyz': [8.520182799865161, 5.504252055584056, 5.504252055584056]}, {'species': [{'element': 'Cl', 'occu': 1}], 'abc': [0.2260362794231554, 0.7739637205768446, 0.2260362794231554], 'properties': {}, 'label': 'Cl', 'xyz': [5.504252055584056, 2.48832131130295, 5.504252055584056]}, {'species': [{'element': 'Cl', 'occu': 1}], 'abc': [0.7739637205768446, 0.2260362794231554, 0.7739637205768446], 'properties': {}, 'label': 'Cl', 'xyz': [5.504252055584056, 8.520182799865161, 5.504252055584056]}, {'species': [{'element': 'Cl', 'occu': 1}], 'abc': [0.2260362794231554, 0.2260362794231554, 0.7739637205768446], 'properties': {}, 'label': 'Cl', 'xyz': [5.504252055584056, 5.504252055584056, 2.48832131130295]}, {'species': [{'element': 'Cl', 'occu': 1}], 'abc': [0.7739637205768446, 0.7739637205768446, 0.2260362794231554], 'properties': {}, 'label': 'Cl', 'xyz': [5.504252055584056, 5.504252055584056, 8.520182799865161]}]}"
1404_CsFrPCl,Cl-Cs-Fr-P,10,"{'@module': 'pymatgen.core.structure', '@class': 'Structure', 'charge': 0.0, 'lattice': {'matrix': [[0.0, 5.615190320541908, 5.615190320541908], [5.615190320541908, 0.0, 5.615190320541908], [5.615190320541908, 5.615190320541908, 0.0]], 'pbc': (True, True, True), 'a': 7.941078306616493, 'b': 7.941078306616493, 'c': 7.941078306616493, 'alpha': 60.00000000000001, 'beta': 60.00000000000001, 'gamma': 60.00000000000001, 'volume': 354.0979707835342}, 'properties': {}, 'sites': [{'species': [{'element': 'Fr', 'occu': 1}], 'abc': [0.0, 0.0, 0.0], 'properties': {}, 'label': 'Fr', 'xyz': [0.0, 0.0, 0.0]}, {'species': [{'element': 'P', 'occu': 1}], 'abc': [0.5, 0.5, 0.5], 'properties': {}, 'label': 'P', 'xyz': [5.615190320541908, 5.615190320541908, 5.615190320541908]}, {'species': [{'element': 'Cs', 'occu': 1}], 'abc': [0.25, 0.25, 0.25], 'properties': {}, 'label': 'Cs', 'xyz': [2.807595160270954, 2.807595160270954, 2.807595160270954]}, {'species': [{'element': 'Cs', 'occu': 1}], 'abc': [0.75, 0.75, 0.75], 'properties': {}, 'label': 'Cs', 'xyz': [8.422785480812863, 8.422785480812863, 8.422785480812863]}, {'species': [{'element': 'Cl', 'occu': 1}], 'abc': [0.7133976635464165, 0.2866023364535835, 0.2866023364535835], 'properties': {}, 'label': 'Cl', 'xyz': [3.218653330997715, 5.615190320541908, 5.615190320541908]}, {'species': [{'element': 'Cl', 'occu': 1}], 'abc': [0.2866023364535835, 0.7133976635464165, 0.7133976635464165], 'properties': {}, 'label': 'Cl', 'xyz': [8.011727310086101, 5.615190320541908, 5.615190320541908]}, {'species': [{'element': 'Cl', 'occu': 1}], 'abc': [0.2866023364535835, 0.7133976635464165, 0.2866023364535835], 'properties': {}, 'label': 'Cl', 'xyz': [5.615190320541908, 3.218653330997715, 5.615190320541908]}, {'species': [{'element': 'Cl', 'occu': 1}], 'abc': [0.7133976635464165, 0.2866023364535835, 0.7133976635464165], 'properties': {}, 'label': 'Cl', 'xyz': [5.615190320541908, 8.011727310086101, 5.615190320541908]}, {'species': [{'element': 'Cl', 'occu': 1}], 'abc': [0.2866023364535835, 0.2866023364535835, 0.7133976635464165], 'properties': {}, 'label': 'Cl', 'xyz': [5.615190320541908, 5.615190320541908, 3.218653330997715]}, {'species': [{'element': 'Cl', 'occu': 1}], 'abc': [0.7133976635464165, 0.7133976635464165, 0.2866023364535835], 'properties': {}, 'label': 'Cl', 'xyz': [5.615190320541908, 5.615190320541908, 8.011727310086101]}]}"
1418_CsCrRaCl,Cl-Cr-Cs-Ra,10,"{'@module': 'pymatgen.core.structure', '@class': 'Structure', 'charge': 0.0, 'lattice': {'matrix': [[0.0, 5.467135748916507, 5.467135748916507], [5.467135748916507, 0.0, 5.467135748916507], [5.467135748916507, 5.467135748916507, 0.0]], 'pbc': (True, True, True), 'a': 7.731697523452513, 'b': 7.731697523452513, 'c': 7.731697523452513, 'alpha': 60.00000000000001, 'beta': 60.00000000000001, 'gamma': 60.00000000000001, 'volume': 326.820709384662}, 'properties': {}, 'sites': [{'species': [{'element': 'Cr', 'occu': 1}], 'abc': [0.0, 0.0, 0.0], 'properties': {}, 'label': 'Cr', 'xyz': [0.0, 0.0, 0.0]}, {'species': [{'element': 'Ra', 'occu': 1}], 'abc': [0.5, 0.5, 0.5], 'properties': {}, 'label': 'Ra', 'xyz': [5.467135748916507, 5.467135748916507, 5.467135748916507]}, {'species': [{'element': 'Cs', 'occu': 1}], 'abc': [0.25, 0.25, 0.25], 'properties': {}, 'label': 'Cs', 'xyz': [2.7335678744582537, 2.7335678744582537, 2.7335678744582537]}, {'species': [{'element': 'Cs', 'occu': 1}], 'abc': [0.75, 0.75, 0.75], 'properties': {}, 'label': 'Cs', 'xyz': [8.20070362337476, 8.20070362337476, 8.20070362337476]}, {'species': [{'element': 'Cl', 'occu': 1}], 'abc': [0.7755724424873023, 0.2244275575126977, 0.2244275575126977], 'properties': {}, 'label': 'Cl', 'xyz': [2.45395184543937, 5.467135748916507, 5.467135748916507]}, {'species': [{'element': 'Cl', 'occu': 1}], 'abc': [0.2244275575126977, 0.7755724424873023, 0.7755724424873023], 'properties': {}, 'label': 'Cl', 'xyz': [8.480319652393645, 5.467135748916507, 5.467135748916507]}, {'species': [{'element': 'Cl', 'occu': 1}], 'abc': [0.2244275575126977, 0.7755724424873023, 0.2244275575126977], 'properties': {}, 'label': 'Cl', 'xyz': [5.467135748916507, 2.45395184543937, 5.467135748916507]}, {'species': [{'element': 'Cl', 'occu': 1}], 'abc': [0.7755724424873023, 0.2244275575126977, 0.7755724424873023], 'properties': {}, 'label': 'Cl', 'xyz': [5.467135748916507, 8.480319652393645, 5.467135748916507]}, {'species': [{'element': 'Cl', 'occu': 1}], 'abc': [0.2244275575126977, 0.2244275575126977, 0.7755724424873023], 'properties': {}, 'label': 'Cl', 'xyz': [5.467135748916507, 5.467135748916507, 2.45395184543937]}, {'species': [{'element': 'Cl', 'occu': 1}], 'abc': [0.7755724424873023, 0.7755724424873023, 0.2244275575126977], 'properties': {}, 'label': 'Cl', 'xyz': [5.467135748916507, 5.467135748916507, 8.480319652393645]}]}"
1460_CsVRaCl,Cl-Cs-Ra-V,10,"{'@module': 'pymatgen.core.structure', '@class': 'Structure', 'charge': 0.0, 'lattice': {'matrix': [[0.0, 5.440169614732132, 5.440169614732132], [5.440169614732132, 0.0, 5.440169614732132], [5.440169614732132, 5.440169614732132, 0.0]], 'pbc': (True, True, True), 'a': 7.693561650764196, 'b': 7.693561650764196, 'c': 7.693561650764196, 'alpha': 60.00000000000001, 'beta': 60.00000000000001, 'gamma': 60.00000000000001, 'volume': 322.00848600225595}, 'properties': {}, 'sites': [{'species': [{'element': 'V', 'occu': 1}], 'abc': [0.0, 0.0, 0.0], 'properties': {}, 'label': 'V', 'xyz': [0.0, 0.0, 0.0]}, {'species': [{'element': 'Ra', 'occu': 1}], 'abc': [0.5, 0.5, 0.5], 'properties': {}, 'label': 'Ra', 'xyz': [5.440169614732132, 5.440169614732132, 5.440169614732132]}, {'species': [{'element': 'Cs', 'occu': 1}], 'abc': [0.25, 0.25, 0.25], 'properties': {}, 'label': 'Cs', 'xyz': [2.720084807366066, 2.720084807366066, 2.720084807366066]}, {'species': [{'element': 'Cs', 'occu': 1}], 'abc': [0.75, 0.75, 0.75], 'properties': {}, 'label': 'Cs', 'xyz': [8.160254422098198, 8.160254422098198, 8.160254422098198]}, {'species': [{'element': 'Cl', 'occu': 1}], 'abc': [0.7764070227272413, 0.2235929772727587, 0.2235929772727587], 'properties': {}, 'label': 'Cl', 'xyz': [2.432767442053508, 5.440169614732132, 5.440169614732132]}, {'species': [{'element': 'Cl', 'occu': 1}], 'abc': [0.2235929772727587, 0.7764070227272413, 0.7764070227272413], 'properties': {}, 'label': 'Cl', 'xyz': [8.447571787410755, 5.440169614732132, 5.440169614732132]}, {'species': [{'element': 'Cl', 'occu': 1}], 'abc': [0.2235929772727587, 0.7764070227272413, 0.2235929772727587], 'properties': {}, 'label': 'Cl', 'xyz': [5.440169614732132, 2.432767442053508, 5.440169614732132]}, {'species': [{'element': 'Cl', 'occu': 1}], 'abc': [0.7764070227272413, 0.2235929772727587, 0.7764070227272413], 'properties': {}, 'label': 'Cl', 'xyz': [5.440169614732132, 8.447571787410755, 5.440169614732132]}, {'species': [{'element': 'Cl', 'occu': 1}], 'abc': [0.2235929772727587, 0.2235929772727587, 0.7764070227272413], 'properties': {}, 'label': 'Cl', 'xyz': [5.440169614732132, 5.440169614732132, 2.432767442053508]}, {'species': [{'element': 'Cl', 'occu': 1}], 'abc': [0.7764070227272413, 0.7764070227272413, 0.2235929772727587], 'properties': {}, 'label': 'Cl', 'xyz': [5.440169614732132, 5.440169614732132, 8.447571787410755]}]}"
1477_CsPtRaCl,Cl-Cs-Pt-Ra,10,"{'@module': 'pymatgen.core.structure', '@class': 'Structure', 'charge': 0.0, 'lattice': {'matrix': [[0.0, 5.493121957092791, 5.493121957092791], [5.493121957092791, 0.0, 5.493121957092791], [5.493121957092791, 5.493121957092791, 0.0]], 'pbc': (True, True, True), 'a': 7.768447571490064, 'b': 7.768447571490064, 'c': 7.768447571490064, 'alpha': 60.00000000000001, 'beta': 60.00000000000001, 'gamma': 60.00000000000001, 'volume': 331.50319570822563}, 'properties': {}, 'sites': [{'species': [{'element': 'Pt', 'occu': 1}], 'abc': [0.0, 0.0, 0.0], 'properties': {}, 'label': 'Pt', 'xyz': [0.0, 0.0, 0.0]}, {'species': [{'element': 'Ra', 'occu': 1}], 'abc': [0.5, 0.5, 0.5], 'properties': {}, 'label': 'Ra', 'xyz': [5.493121957092791, 5.493121957092791, 5.493121957092791]}, {'species': [{'element': 'Cs', 'occu': 1}], 'abc': [0.25, 0.25, 0.25], 'properties': {}, 'label': 'Cs', 'xyz': [2.7465609785463956, 2.7465609785463956, 2.7465609785463956]}, {'species': [{'element': 'Cs', 'occu': 1}], 'abc': [0.75, 0.75, 0.75], 'properties': {}, 'label': 'Cs', 'xyz': [8.239682935639188, 8.239682935639188, 8.239682935639188]}, {'species': [{'element': 'Cl', 'occu': 1}], 'abc': [0.7733741975990114, 0.2266258024009815, 0.2266258024009815], 'properties': {}, 'label': 'Cl', 'xyz': [2.4897663424252077, 5.493121957092752, 5.493121957092752]}, {'species': [{'element': 'Cl', 'occu': 1}], 'abc': [0.2266258024009815, 0.7733741975990114, 0.7733741975990114], 'properties': {}, 'label': 'Cl', 'xyz': [8.496477571760296, 5.493121957092752, 5.493121957092752]}, {'species': [{'element': 'Cl', 'occu': 1}], 'abc': [0.2266258024009815, 0.7733741975990114, 0.2266258024009815], 'properties': {}, 'label': 'Cl', 'xyz': [5.493121957092752, 2.4897663424252077, 5.493121957092752]}, {'species': [{'element': 'Cl', 'occu': 1}], 'abc': [0.7733741975990114, 0.2266258024009815, 0.7733741975990114], 'properties': {}, 'label': 'Cl', 'xyz': [5.493121957092752, 8.496477571760296, 5.493121957092752]}, {'species': [{'element': 'Cl', 'occu': 1}], 'abc': [0.2266258024009815, 0.2266258024009815, 0.7733741975990114], 'properties': {}, 'label': 'Cl', 'xyz': [5.493121957092752, 5.493121957092752, 2.4897663424252077]}, {'species': [{'element': 'Cl', 'occu': 1}], 'abc': [0.7733741975990114, 0.7733741975990114, 0.2266258024009815], 'properties': {}, 'label': 'Cl', 'xyz': [5.493121957092752, 5.493121957092752, 8.496477571760296]}]}"
1483_CsCuCmCl,Cl-Cm-Cs-Cu,10,"{'@module': 'pymatgen.core.structure', '@class': 'Structure', 'charge': 0.0, 'lattice': {'matrix': [[0.0, 5.172227172166931, 5.172227172166931], [5.172227172166931, 0.0, 5.172227172166931], [5.172227172166931, 5.172227172166931, 0.0]], 'pbc': (True, True, True), 'a': 7.314633814553115, 'b': 7.314633814553115, 'c': 7.314633814553115, 'alpha': 60.00000000000001, 'beta': 60.00000000000001, 'gamma': 60.00000000000001, 'volume': 276.7341590632685}, 'properties': {}, 'sites': [{'species': [{'element': 'Cu', 'occu': 1}], 'abc': [0.0, 0.0, 0.0], 'properties': {}, 'label': 'Cu', 'xyz': [0.0, 0.0, 0.0]}, {'species': [{'element': 'Cm', 'occu': 1}], 'abc': [0.5, 0.5, 0.5], 'properties': {}, 'label': 'Cm', 'xyz': [5.172227172166931, 5.172227172166931, 5.172227172166931]}, {'species': [{'element': 'Cs', 'occu': 1}], 'abc': [0.25, 0.25, 0.25], 'properties': {}, 'label': 'Cs', 'xyz': [2.5861135860834654, 2.5861135860834654, 2.5861135860834654]}, {'species': [{'element': 'Cs', 'occu': 1}], 'abc': [0.75, 0.75, 0.75], 'properties': {}, 'label': 'Cs', 'xyz': [7.758340758250396, 7.758340758250396, 7.758340758250396]}, {'species': [{'element': 'Cl', 'occu': 1}], 'abc': [0.758013699251137, 0.241986300748863, 0.241986300748863], 'properties': {}, 'label': 'Cl', 'xyz': [2.503216240050856, 5.172227172166931, 5.172227172166931]}, {'species': [{'element': 'Cl', 'occu': 1}], 'abc': [0.241986300748863, 0.758013699251137, 0.758013699251137], 'properties': {}, 'label': 'Cl', 'xyz': [7.841238104283006, 5.172227172166931, 5.172227172166931]}, {'species': [{'element': 'Cl', 'occu': 1}], 'abc': [0.241986300748863, 0.758013699251137, 0.241986300748863], 'properties': {}, 'label': 'Cl', 'xyz': [5.172227172166931, 2.503216240050856, 5.172227172166931]}, {'species': [{'element': 'Cl', 'occu': 1}], 'abc': [0.758013699251137, 0.241986300748863, 0.758013699251137], 'properties': {}, 'label': 'Cl', 'xyz': [5.172227172166931, 7.841238104283006, 5.172227172166931]}, {'species': [{'element': 'Cl', 'occu': 1}], 'abc': [0.241986300748863, 0.241986300748863, 0.758013699251137], 'properties': {}, 'label': 'Cl', 'xyz': [5.172227172166931, 5.172227172166931, 2.503216240050856]}, {'species': [{'element': 'Cl', 'occu': 1}], 'abc': [0.758013699251137, 0.758013699251137, 0.241986300748863], 'properties': {}, 'label': 'Cl', 'xyz': [5.172227172166931, 5.172227172166931, 7.841238104283006]}]}"
1495_CsLiAmCl,Am-Cl-Cs-Li,10,"{'@module': 'pymatgen.core.structure', '@class': 'Structure', 'charge': 0.0, 'lattice': {'matrix': [[0.0, 5.216752883494076, 5.216752883494076], [5.216752883494076, 0.0, 5.216752883494076], [5.216752883494076, 5.216752883494076, 0.0]], 'pbc': (True, True, True), 'a': 7.377602679386272, 'b': 7.377602679386272, 'c': 7.377602679386272, 'alpha': 59.99999999999999, 'beta': 59.99999999999999, 'gamma': 59.99999999999999, 'volume': 283.94275378586485}, 'properties': {}, 'sites': [{'species': [{'element': 'Li', 'occu': 1}], 'abc': [0.0, 0.0, 0.0], 'properties': {}, 'label': 'Li', 'xyz': [0.0, 0.0, 0.0]}, {'species': [{'element': 'Am', 'occu': 1}], 'abc': [0.5, 0.5, 0.5], 'properties': {}, 'label': 'Am', 'xyz': [5.216752883494076, 5.216752883494076, 5.216752883494076]}, {'species': [{'element': 'Cs', 'occu': 1}], 'abc': [0.25, 0.25, 0.25], 'properties': {}, 'label': 'Cs', 'xyz': [2.608376441747038, 2.608376441747038, 2.608376441747038]}, {'species': [{'element': 'Cs', 'occu': 1}], 'abc': [0.75, 0.75, 0.75], 'properties': {}, 'label': 'Cs', 'xyz': [7.825129325241114, 7.825129325241114, 7.825129325241114]}, {'species': [{'element': 'Cl', 'occu': 1}], 'abc': [0.7552475027915619, 0.2447524972084381, 0.2447524972084381], 'properties': {}, 'label': 'Cl', 'xyz': [2.5536265911089906, 5.216752883494076, 5.216752883494076]}, {'species': [{'element': 'Cl', 'occu': 1}], 'abc': [0.2447524972084381, 0.7552475027915619, 0.7552475027915619], 'properties': {}, 'label': 'Cl', 'xyz': [7.879879175879162, 5.216752883494076, 5.216752883494076]}, {'species': [{'element': 'Cl', 'occu': 1}], 'abc': [0.2447524972084381, 0.7552475027915619, 0.2447524972084381], 'properties': {}, 'label': 'Cl', 'xyz': [5.216752883494076, 2.5536265911089906, 5.216752883494076]}, {'species': [{'element': 'Cl', 'occu': 1}], 'abc': [0.7552475027915619, 0.2447524972084381, 0.7552475027915619], 'properties': {}, 'label': 'Cl', 'xyz': [5.216752883494076, 7.879879175879162, 5.216752883494076]}, {'species': [{'element': 'Cl', 'occu': 1}], 'abc': [0.2447524972084381, 0.2447524972084381, 0.7552475027915619], 'properties': {}, 'label': 'Cl', 'xyz': [5.216752883494076, 5.216752883494076, 2.5536265911089906]}, {'species': [{'element': 'Cl', 'occu': 1}], 'abc': [0.7552475027915619, 0.7552475027915619, 0.2447524972084381], 'properties': {}, 'label': 'Cl', 'xyz': [5.216752883494076, 5.216752883494076, 7.879879175879162]}]}"
1502_CsLiCmCl,Cl-Cm-Cs-Li,10,"{'@module': 'pymatgen.core.structure', '@class': 'Structure', 'charge': 0.0, 'lattice': {'matrix': [[0.0, 5.223295719951759, 5.223295719951759], [5.223295719951759, 0.0, 5.223295719951759], [5.223295719951759, 5.223295719951759, 0.0]], 'pbc': (True, True, True), 'a': 7.386855647441117, 'b': 7.386855647441117, 'c': 7.386855647441117, 'alpha': 60.00000000000001, 'beta': 60.00000000000001, 'gamma': 60.00000000000001, 'volume': 285.01245483543215}, 'properties': {}, 'sites': [{'species': [{'element': 'Li', 'occu': 1}], 'abc': [0.0, 0.0, 0.0], 'properties': {}, 'label': 'Li', 'xyz': [0.0, 0.0, 0.0]}, {'species': [{'element': 'Cm', 'occu': 1}], 'abc': [0.5, 0.5, 0.5], 'properties': {}, 'label': 'Cm', 'xyz': [5.223295719951759, 5.223295719951759, 5.223295719951759]}, {'species': [{'element': 'Cs', 'occu': 1}], 'abc': [0.25, 0.25, 0.25], 'properties': {}, 'label': 'Cs', 'xyz': [2.6116478599758794, 2.6116478599758794, 2.6116478599758794]}, {'species': [{'element': 'Cs', 'occu': 1}], 'abc': [0.75, 0.75, 0.75], 'properties': {}, 'label': 'Cs', 'xyz': [7.834943579927638, 7.834943579927638, 7.834943579927638]}, {'species': [{'element': 'Cl', 'occu': 1}], 'abc': [0.7548913259749384, 0.2451086740250616, 0.2451086740250616], 'properties': {}, 'label': 'Cl', 'xyz': [2.56055017591631, 5.223295719951759, 5.223295719951759]}, {'species': [{'element': 'Cl', 'occu': 1}], 'abc': [0.2451086740250616, 0.7548913259749384, 0.7548913259749384], 'properties': {}, 'label': 'Cl', 'xyz': [7.886041263987207, 5.223295719951759, 5.223295719951759]}, {'species': [{'element': 'Cl', 'occu': 1}], 'abc': [0.2451086740250616, 0.7548913259749384, 0.2451086740250616], 'properties': {}, 'label': 'Cl', 'xyz': [5.223295719951759, 2.56055017591631, 5.223295719951759]}, {'species': [{'element': 'Cl', 'occu': 1}], 'abc': [0.7548913259749384, 0.2451086740250616, 0.7548913259749384], 'properties': {}, 'label': 'Cl', 'xyz': [5.223295719951759, 7.886041263987207, 5.223295719951759]}, {'species': [{'element': 'Cl', 'occu': 1}], 'abc': [0.2451086740250616, 0.2451086740250616, 0.7548913259749384], 'properties': {}, 'label': 'Cl', 'xyz': [5.223295719951759, 5.223295719951759, 2.56055017591631]}, {'species': [{'element': 'Cl', 'occu': 1}], 'abc': [0.7548913259749384, 0.7548913259749384, 0.2451086740250616], 'properties': {}, 'label': 'Cl', 'xyz': [5.223295719951759, 5.223295719951759, 7.886041263987207]}]}"
1533_CsNpAmCl,Am-Cl-Cs-Np,10,"{'@module': 'pymatgen.core.structure', '@class': 'Structure', 'charge': 0.0, 'lattice': {'matrix': [[0.0, 5.443418465915055, 5.443418465915055], [5.443418465915055, 0.0, 5.443418465915055], [5.443418465915055, 5.443418465915055, 0.0]], 'pbc': (True, True, True), 'a': 7.698156220169219, 'b': 7.698156220169219, 'c': 7.698156220169219, 'alpha': 60.00000000000001, 'beta': 60.00000000000001, 'gamma': 60.00000000000001, 'volume': 322.58573778539517}, 'properties': {}, 'sites': [{'species': [{'element': 'Np', 'occu': 1}], 'abc': [0.0, 0.0, 0.0], 'properties': {}, 'label': 'Np', 'xyz': [0.0, 0.0, 0.0]}, {'species': [{'element': 'Am', 'occu': 1}], 'abc': [0.5, 0.5, 0.5], 'properties': {}, 'label': 'Am', 'xyz': [5.443418465915055, 5.443418465915055, 5.443418465915055]}, {'species': [{'element': 'Cs', 'occu': 1}], 'abc': [0.25, 0.25, 0.25], 'properties': {}, 'label': 'Cs', 'xyz': [2.7217092329575276, 2.7217092329575276, 2.7217092329575276]}, {'species': [{'element': 'Cs', 'occu': 1}], 'abc': [0.75, 0.75, 0.75], 'properties': {}, 'label': 'Cs', 'xyz': [8.165127698872583, 8.165127698872583, 8.165127698872583]}, {'species': [{'element': 'Cl', 'occu': 1}], 'abc': [0.7512004321641541, 0.2487995678358459, 0.2487995678358459], 'properties': {}, 'label': 'Cl', 'xyz': [2.708640323738658, 5.443418465915055, 5.443418465915055]}, {'species': [{'element': 'Cl', 'occu': 1}], 'abc': [0.2487995678358459, 0.7512004321641541, 0.7512004321641541], 'properties': {}, 'label': 'Cl', 'xyz': [8.178196608091453, 5.443418465915055, 5.443418465915055]}, {'species': [{'element': 'Cl', 'occu': 1}], 'abc': [0.2487995678358459, 0.7512004321641541, 0.2487995678358459], 'properties': {}, 'label': 'Cl', 'xyz': [5.443418465915055, 2.708640323738658, 5.443418465915055]}, {'species': [{'element': 'Cl', 'occu': 1}], 'abc': [0.7512004321641541, 0.2487995678358459, 0.7512004321641541], 'properties': {}, 'label': 'Cl', 'xyz': [5.443418465915055, 8.178196608091453, 5.443418465915055]}, {'species': [{'element': 'Cl', 'occu': 1}], 'abc': [0.2487995678358459, 0.2487995678358459, 0.7512004321641541], 'properties': {}, 'label': 'Cl', 'xyz': [5.443418465915055, 5.443418465915055, 2.708640323738658]}, {'species': [{'element': 'Cl', 'occu': 1}], 'abc': [0.7512004321641541, 0.7512004321641541, 0.2487995678358459], 'properties': {}, 'label': 'Cl', 'xyz': [5.443418465915055, 5.443418465915055, 8.178196608091453]}]}"
1542_CsAmVacCl,Am-Cl-Cs,9,"{'@module': 'pymatgen.core.structure', '@class': 'Structure', 'charge': 0.0, 'lattice': {'matrix': [[0.0, 5.215875030384358, 5.215875030384358], [5.215875030384358, 0.0, 5.215875030384358], [5.215875030384358, 5.215875030384358, 0.0]], 'pbc': (True, True, True), 'a': 7.376361207612738, 'b': 7.376361207612738, 'c': 7.376361207612738, 'alpha': 59.99999999999999, 'beta': 59.99999999999999, 'gamma': 59.99999999999999, 'volume': 283.79943584869903}, 'properties': {}, 'sites': [{'species': [{'element': 'Am', 'occu': 1}], 'abc': [0.0, 0.0, 0.0], 'properties': {}, 'label': 'Am', 'xyz': [0.0, 0.0, 0.0]}, {'species': [{'element': 'Cs', 'occu': 1}], 'abc': [0.25, 0.25, 0.25], 'properties': {}, 'label': 'Cs', 'xyz': [2.607937515192179, 2.607937515192179, 2.607937515192179]}, {'species': [{'element': 'Cs', 'occu': 1}], 'abc': [0.75, 0.75, 0.75], 'properties': {}, 'label': 'Cs', 'xyz': [7.823812545576537, 7.823812545576537, 7.823812545576537]}, {'species': [{'element': 'Cl', 'occu': 1}], 'abc': [0.7537403796170068, 0.2462596203829932, 0.2462596203829932], 'properties': {}, 'label': 'Cl', 'xyz': [2.56891880989517, 5.215875030384358, 5.215875030384358]}, {'species': [{'element': 'Cl', 'occu': 1}], 'abc': [0.2462596203829932, 0.7537403796170068, 0.7537403796170068], 'properties': {}, 'label': 'Cl', 'xyz': [7.862831250873545, 5.215875030384358, 5.215875030384358]}, {'species': [{'element': 'Cl', 'occu': 1}], 'abc': [0.2462596203829932, 0.7537403796170068, 0.2462596203829932], 'properties': {}, 'label': 'Cl', 'xyz': [5.215875030384358, 2.56891880989517, 5.215875030384358]}, {'species': [{'element': 'Cl', 'occu': 1}], 'abc': [0.7537403796170068, 0.2462596203829932, 0.7537403796170068], 'properties': {}, 'label': 'Cl', 'xyz': [5.215875030384358, 7.862831250873545, 5.215875030384358]}, {'species': [{'element': 'Cl', 'occu': 1}], 'abc': [0.2462596203829932, 0.2462596203829932, 0.7537403796170068], 'properties': {}, 'label': 'Cl', 'xyz': [5.215875030384358, 5.215875030384358, 2.56891880989517]}, {'species': [{'element': 'Cl', 'occu': 1}], 'abc': [0.7537403796170068, 0.7537403796170068, 0.2462596203829932], 'properties': {}, 'label': 'Cl', 'xyz': [5.215875030384358, 5.215875030384358, 7.862831250873545]}]}"
1543_CsCmVacCl,Cl-Cm-Cs,9,"{'@module': 'pymatgen.core.structure', '@class': 'Structure', 'charge': 0.0, 'lattice': {'matrix': [[0.0, 5.208765532184434, 5.208765532184434], [5.208765532184434, 0.0, 5.208765532184434], [5.208765532184434, 5.208765532184434, 0.0]], 'pbc': (True, True, True), 'a': 7.366306858836738, 'b': 7.366306858836738, 'c': 7.366306858836738, 'alpha': 59.99999999999999, 'beta': 59.99999999999999, 'gamma': 59.99999999999999, 'volume': 282.64051852669377}, 'properties': {}, 'sites': [{'species': [{'element': 'Cm', 'occu': 1}], 'abc': [0.0, 0.0, 0.0], 'properties': {}, 'label': 'Cm', 'xyz': [0.0, 0.0, 0.0]}, {'species': [{'element': 'Cs', 'occu': 1}], 'abc': [0.25, 0.25, 0.25], 'properties': {}, 'label': 'Cs', 'xyz': [2.604382766092217, 2.604382766092217, 2.604382766092217]}, {'species': [{'element': 'Cs', 'occu': 1}], 'abc': [0.75, 0.75, 0.75], 'properties': {}, 'label': 'Cs', 'xyz': [7.813148298276651, 7.813148298276651, 7.813148298276651]}, {'species': [{'element': 'Cl', 'occu': 1}], 'abc': [0.7521277669059288, 0.2478722330940712, 0.2478722330940712], 'properties': {}, 'label': 'Cl', 'xyz': [2.5822166882519677, 5.208765532184434, 5.208765532184434]}, {'species': [{'element': 'Cl', 'occu': 1}], 'abc': [0.2478722330940712, 0.7521277669059288, 0.7521277669059288], 'properties': {}, 'label': 'Cl', 'xyz': [7.8353143761169, 5.208765532184434, 5.208765532184434]}, {'species': [{'element': 'Cl', 'occu': 1}], 'abc': [0.2478722330940712, 0.7521277669059288, 0.2478722330940712], 'properties': {}, 'label': 'Cl', 'xyz': [5.208765532184434, 2.5822166882519677, 5.208765532184434]}, {'species': [{'element': 'Cl', 'occu': 1}], 'abc': [0.7521277669059288, 0.2478722330940712, 0.7521277669059288], 'properties': {}, 'label': 'Cl', 'xyz': [5.208765532184434, 7.8353143761169, 5.208765532184434]}, {'species': [{'element': 'Cl', 'occu': 1}], 'abc': [0.2478722330940712, 0.2478722330940712, 0.7521277669059288], 'properties': {}, 'label': 'Cl', 'xyz': [5.208765532184434, 5.208765532184434, 2.5822166882519677]}, {'species': [{'element': 'Cl', 'occu': 1}], 'abc': [0.7521277669059288, 0.7521277669059288, 0.2478722330940712], 'properties': {}, 'label': 'Cl', 'xyz': [5.208765532184434, 5.208765532184434, 7.8353143761169]}]}"
1564_CsFrAlCl,Al-Cl-Cs-Fr,10,"{'@module': 'pymatgen.core.structure', '@class': 'Structure', 'charge': 0.0, 'lattice': {'matrix': [[0.0, 5.553334681685877, 5.553334681685877], [5.553334681685877, 0.0, 5.553334681685877], [5.553334681685877, 5.553334681685877, 0.0]], 'pbc': (True, True, True), 'a': 7.853601223237042, 'b': 7.853601223237042, 'c': 7.853601223237042, 'alpha': 59.99999999999999, 'beta': 59.99999999999999, 'gamma': 59.99999999999999, 'volume': 342.52441956933416}, 'properties': {}, 'sites': [{'species': [{'element': 'Fr', 'occu': 1}], 'abc': [0.0, 0.0, 0.0], 'properties': {}, 'label': 'Fr', 'xyz': [0.0, 0.0, 0.0]}, {'species': [{'element': 'Al', 'occu': 1}], 'abc': [0.5, 0.5, 0.5], 'properties': {}, 'label': 'Al', 'xyz': [5.553334681685877, 5.553334681685877, 5.553334681685877]}, {'species': [{'element': 'Cs', 'occu': 1}], 'abc': [0.25, 0.25, 0.25], 'properties': {}, 'label': 'Cs', 'xyz': [2.7766673408429385, 2.7766673408429385, 2.7766673408429385]}, {'species': [{'element': 'Cs', 'occu': 1}], 'abc': [0.75, 0.75, 0.75], 'properties': {}, 'label': 'Cs', 'xyz': [8.330002022528816, 8.330002022528816, 8.330002022528816]}, {'species': [{'element': 'Cl', 'occu': 1}], 'abc': [0.7091415776267596, 0.2908584223732404, 0.2908584223732404], 'properties': {}, 'label': 'Cl', 'xyz': [3.2304683288515106, 5.553334681685877, 5.553334681685877]}, {'species': [{'element': 'Cl', 'occu': 1}], 'abc': [0.2908584223732404, 0.7091415776267596, 0.7091415776267596], 'properties': {}, 'label': 'Cl', 'xyz': [7.876201034520243, 5.553334681685877, 5.553334681685877]}, {'species': [{'element': 'Cl', 'occu': 1}], 'abc': [0.2908584223732404, 0.7091415776267596, 0.2908584223732404], 'properties': {}, 'label': 'Cl', 'xyz': [5.553334681685877, 3.2304683288515106, 5.553334681685877]}, {'species': [{'element': 'Cl', 'occu': 1}], 'abc': [0.7091415776267596, 0.2908584223732404, 0.7091415776267596], 'properties': {}, 'label': 'Cl', 'xyz': [5.553334681685877, 7.876201034520243, 5.553334681685877]}, {'species': [{'element': 'Cl', 'occu': 1}], 'abc': [0.2908584223732404, 0.2908584223732404, 0.7091415776267596], 'properties': {}, 'label': 'Cl', 'xyz': [5.553334681685877, 5.553334681685877, 3.2304683288515106]}, {'species': [{'element': 'Cl', 'occu': 1}], 'abc': [0.7091415776267596, 0.7091415776267596, 0.2908584223732404], 'properties': {}, 'label': 'Cl', 'xyz': [5.553334681685877, 5.553334681685877, 7.876201034520243]}]}"
1570_CsTiRaCl,Cl-Cs-Ra-Ti,10,"{'@module': 'pymatgen.core.structure', '@class': 'Structure', 'charge': 0.0, 'lattice': {'matrix': [[0.0, 5.479193446463961, 5.479193446463961], [5.479193446463961, 0.0, 5.479193446463961], [5.479193446463961, 5.479193446463961, 0.0]], 'pbc': (True, True, True), 'a': 7.748749682855115, 'b': 7.748749682855115, 'c': 7.748749682855115, 'alpha': 60.00000000000001, 'beta': 60.00000000000001, 'gamma': 60.00000000000001, 'volume': 328.98787863647925}, 'properties': {}, 'sites': [{'species': [{'element': 'Ti', 'occu': 1}], 'abc': [0.0, 0.0, 0.0], 'properties': {}, 'label': 'Ti', 'xyz': [0.0, 0.0, 0.0]}, {'species': [{'element': 'Ra', 'occu': 1}], 'abc': [0.5, 0.5, 0.5], 'properties': {}, 'label': 'Ra', 'xyz': [5.479193446463961, 5.479193446463961, 5.479193446463961]}, {'species': [{'element': 'Cs', 'occu': 1}], 'abc': [0.25, 0.25, 0.25], 'properties': {}, 'label': 'Cs', 'xyz': [2.7395967232319807, 2.7395967232319807, 2.7395967232319807]}, {'species': [{'element': 'Cs', 'occu': 1}], 'abc': [0.75, 0.75, 0.75], 'properties': {}, 'label': 'Cs', 'xyz': [8.218790169695943, 8.218790169695943, 8.218790169695943]}, {'species': [{'element': 'Cl', 'occu': 1}], 'abc': [0.7746518563854039, 0.2253481436145961, 0.2253481436145961], 'properties': {}, 'label': 'Cl', 'xyz': [2.469452143331829, 5.479193446463961, 5.479193446463961]}, {'species': [{'element': 'Cl', 'occu': 1}], 'abc': [0.2253481436145961, 0.7746518563854039, 0.7746518563854039], 'properties': {}, 'label': 'Cl', 'xyz': [8.488934749596094, 5.479193446463961, 5.479193446463961]}, {'species': [{'element': 'Cl', 'occu': 1}], 'abc': [0.2253481436145961, 0.7746518563854039, 0.2253481436145961], 'properties': {}, 'label': 'Cl', 'xyz': [5.479193446463961, 2.469452143331829, 5.479193446463961]}, {'species': [{'element': 'Cl', 'occu': 1}], 'abc': [0.7746518563854039, 0.2253481436145961, 0.7746518563854039], 'properties': {}, 'label': 'Cl', 'xyz': [5.479193446463961, 8.488934749596094, 5.479193446463961]}, {'species': [{'element': 'Cl', 'occu': 1}], 'abc': [0.2253481436145961, 0.2253481436145961, 0.7746518563854039], 'properties': {}, 'label': 'Cl', 'xyz': [5.479193446463961, 5.479193446463961, 2.469452143331829]}, {'species': [{'element': 'Cl', 'occu': 1}], 'abc': [0.7746518563854039, 0.7746518563854039, 0.2253481436145961], 'properties': {}, 'label': 'Cl', 'xyz': [5.479193446463961, 5.479193446463961, 8.488934749596094]}]}"
1571_CsAuCmCl,Au-Cl-Cm-Cs,10,"{'@module': 'pymatgen.core.structure', '@class': 'Structure', 'charge': 0.0, 'lattice': {'matrix': [[0.0, 5.336833698446143, 5.336833698446143], [5.336833698446143, 0.0, 5.336833698446143], [5.336833698446143, 5.336833698446143, 0.0]], 'pbc': (True, True, True), 'a': 7.5474225964723, 'b': 7.5474225964723, 'c': 7.5474225964723, 'alpha': 60.00000000000001, 'beta': 60.00000000000001, 'gamma': 60.00000000000001, 'volume': 304.0051952208933}, 'properties': {}, 'sites': [{'species': [{'element': 'Au', 'occu': 1}], 'abc': [0.0, 0.0, 0.0], 'properties': {}, 'label': 'Au', 'xyz': [0.0, 0.0, 0.0]}, {'species': [{'element': 'Cm', 'occu': 1}], 'abc': [0.5, 0.5, 0.5], 'properties': {}, 'label': 'Cm', 'xyz': [5.336833698446143, 5.336833698446143, 5.336833698446143]}, {'species': [{'element': 'Cs', 'occu': 1}], 'abc': [0.25, 0.25, 0.25], 'properties': {}, 'label': 'Cs', 'xyz': [2.6684168492230715, 2.6684168492230715, 2.6684168492230715]}, {'species': [{'element': 'Cs', 'occu': 1}], 'abc': [0.75, 0.75, 0.75], 'properties': {}, 'label': 'Cs', 'xyz': [8.005250547669215, 8.005250547669215, 8.005250547669215]}, {'species': [{'element': 'Cl', 'occu': 1}], 'abc': [0.7489200351004115, 0.2510799648995885, 0.2510799648995885], 'properties': {}, 'label': 'Cl', 'xyz': [2.6799440353615975, 5.336833698446143, 5.336833698446143]}, {'species': [{'element': 'Cl', 'occu': 1}], 'abc': [0.2510799648995885, 0.7489200351004115, 0.7489200351004115], 'properties': {}, 'label': 'Cl', 'xyz': [7.993723361530689, 5.336833698446143, 5.336833698446143]}, {'species': [{'element': 'Cl', 'occu': 1}], 'abc': [0.2510799648995885, 0.7489200351004115, 0.2510799648995885], 'properties': {}, 'label': 'Cl', 'xyz': [5.336833698446143, 2.6799440353615975, 5.336833698446143]}, {'species': [{'element': 'Cl', 'occu': 1}], 'abc': [0.7489200351004115, 0.2510799648995885, 0.7489200351004115], 'properties': {}, 'label': 'Cl', 'xyz': [5.336833698446143, 7.993723361530689, 5.336833698446143]}, {'species': [{'element': 'Cl', 'occu': 1}], 'abc': [0.2510799648995885, 0.2510799648995885, 0.7489200351004115], 'properties': {}, 'label': 'Cl', 'xyz': [5.336833698446143, 5.336833698446143, 2.6799440353615975]}, {'species': [{'element': 'Cl', 'occu': 1}], 'abc': [0.7489200351004115, 0.7489200351004115, 0.2510799648995885], 'properties': {}, 'label': 'Cl', 'xyz': [5.336833698446143, 5.336833698446143, 7.993723361530689]}]}"
1573_CsFrCuCl,Cl-Cs-Cu-Fr,10,"{'@module': 'pymatgen.core.structure', '@class': 'Structure', 'charge': 0.0, 'lattice': {'matrix': [[0.0, 5.5132219178209265, 5.5132219178209265], [5.5132219178209265, 0.0, 5.5132219178209265], [5.5132219178209265, 5.5132219178209265, 0.0]], 'pbc': (True, True, True), 'a': 7.79687320855496, 'b': 7.79687320855496, 'c': 7.79687320855496, 'alpha': 60.00000000000001, 'beta': 60.00000000000001, 'gamma': 60.00000000000001, 'volume': 335.1555517380445}, 'properties': {}, 'sites': [{'species': [{'element': 'Fr', 'occu': 1}], 'abc': [0.0, 0.0, 0.0], 'properties': {}, 'label': 'Fr', 'xyz': [0.0, 0.0, 0.0]}, {'species': [{'element': 'Cu', 'occu': 1}], 'abc': [0.5, 0.5, 0.5], 'properties': {}, 'label': 'Cu', 'xyz': [5.5132219178209265, 5.5132219178209265, 5.5132219178209265]}, {'species': [{'element': 'Cs', 'occu': 1}], 'abc': [0.25, 0.25, 0.25], 'properties': {}, 'label': 'Cs', 'xyz': [2.7566109589104633, 2.7566109589104633, 2.7566109589104633]}, {'species': [{'element': 'Cs', 'occu': 1}], 'abc': [0.75, 0.75, 0.75], 'properties': {}, 'label': 'Cs', 'xyz': [8.269832876731389, 8.269832876731389, 8.269832876731389]}, {'species': [{'element': 'Cl', 'occu': 1}], 'abc': [0.711236566874824, 0.288763433125176, 0.288763433125176], 'properties': {}, 'label': 'Cl', 'xyz': [3.184033777141875, 5.5132219178209265, 5.5132219178209265]}, {'species': [{'element': 'Cl', 'occu': 1}], 'abc': [0.288763433125176, 0.711236566874824, 0.711236566874824], 'properties': {}, 'label': 'Cl', 'xyz': [7.842410058499977, 5.5132219178209265, 5.5132219178209265]}, {'species': [{'element': 'Cl', 'occu': 1}], 'abc': [0.288763433125176, 0.711236566874824, 0.288763433125176], 'properties': {}, 'label': 'Cl', 'xyz': [5.5132219178209265, 3.184033777141875, 5.5132219178209265]}, {'species': [{'element': 'Cl', 'occu': 1}], 'abc': [0.711236566874824, 0.288763433125176, 0.711236566874824], 'properties': {}, 'label': 'Cl', 'xyz': [5.5132219178209265, 7.842410058499977, 5.5132219178209265]}, {'species': [{'element': 'Cl', 'occu': 1}], 'abc': [0.288763433125176, 0.288763433125176, 0.711236566874824], 'properties': {}, 'label': 'Cl', 'xyz': [5.5132219178209265, 5.5132219178209265, 3.184033777141875]}, {'species': [{'element': 'Cl', 'occu': 1}], 'abc': [0.711236566874824, 0.711236566874824, 0.288763433125176], 'properties': {}, 'label': 'Cl', 'xyz': [5.5132219178209265, 5.5132219178209265, 7.842410058499977]}]}"
1574_CsPdRaCl,Cl-Cs-Pd-Ra,10,"{'@module': 'pymatgen.core.structure', '@class': 'Structure', 'charge': 0.0, 'lattice': {'matrix': [[0.0, 5.482363897211455, 5.482363897211455], [5.482363897211455, 0.0, 5.482363897211455], [5.482363897211455, 5.482363897211455, 0.0]], 'pbc': (True, True, True), 'a': 7.753233377301056, 'b': 7.753233377301056, 'c': 7.753233377301056, 'alpha': 60.00000000000001, 'beta': 60.00000000000001, 'gamma': 60.00000000000001, 'volume': 329.55930043310184}, 'properties': {}, 'sites': [{'species': [{'element': 'Pd', 'occu': 1}], 'abc': [0.0, 0.0, 0.0], 'properties': {}, 'label': 'Pd', 'xyz': [0.0, 0.0, 0.0]}, {'species': [{'element': 'Ra', 'occu': 1}], 'abc': [0.5, 0.5, 0.5], 'properties': {}, 'label': 'Ra', 'xyz': [5.482363897211455, 5.482363897211455, 5.482363897211455]}, {'species': [{'element': 'Cs', 'occu': 1}], 'abc': [0.25, 0.25, 0.25], 'properties': {}, 'label': 'Cs', 'xyz': [2.7411819486057274, 2.7411819486057274, 2.7411819486057274]}, {'species': [{'element': 'Cs', 'occu': 1}], 'abc': [0.75, 0.75, 0.75], 'properties': {}, 'label': 'Cs', 'xyz': [8.223545845817181, 8.223545845817181, 8.223545845817181]}, {'species': [{'element': 'Cl', 'occu': 1}], 'abc': [0.7737587572972515, 0.2262412427027485, 0.2262412427027485], 'properties': {}, 'label': 'Cl', 'xyz': [2.4806736421076057, 5.482363897211455, 5.482363897211455]}, {'species': [{'element': 'Cl', 'occu': 1}], 'abc': [0.2262412427027485, 0.7737587572972515, 0.7737587572972515], 'properties': {}, 'label': 'Cl', 'xyz': [8.484054152315304, 5.482363897211455, 5.482363897211455]}, {'species': [{'element': 'Cl', 'occu': 1}], 'abc': [0.2262412427027485, 0.7737587572972515, 0.2262412427027485], 'properties': {}, 'label': 'Cl', 'xyz': [5.482363897211455, 2.4806736421076057, 5.482363897211455]}, {'species': [{'element': 'Cl', 'occu': 1}], 'abc': [0.7737587572972515, 0.2262412427027485, 0.7737587572972515], 'properties': {}, 'label': 'Cl', 'xyz': [5.482363897211455, 8.484054152315304, 5.482363897211455]}, {'species': [{'element': 'Cl', 'occu': 1}], 'abc': [0.2262412427027485, 0.2262412427027485, 0.7737587572972515], 'properties': {}, 'label': 'Cl', 'xyz': [5.482363897211455, 5.482363897211455, 2.4806736421076057]}, {'species': [{'element': 'Cl', 'occu': 1}], 'abc': [0.7737587572972515, 0.7737587572972515, 0.2262412427027485], 'properties': {}, 'label': 'Cl', 'xyz': [5.482363897211455, 5.482363897211455, 8.484054152315304]}]}"
1575_CsAuAmCl,Am-Au-Cl-Cs,10,"{'@module': 'pymatgen.core.structure', '@class': 'Structure', 'charge': 0.0, 'lattice': {'matrix': [[0.0, 5.321526444640709, 5.321526444640708], [5.321526444640708, 0.0, 5.321526444640708], [5.321526444640708, 5.321526444640709, 0.0]], 'pbc': (True, True, True), 'a': 7.525774870537967, 'b': 7.525774870537966, 'c': 7.525774870537967, 'alpha': 60.00000000000001, 'beta': 60.00000000000001, 'gamma': 60.00000000000001, 'volume': 301.39682266256943}, 'properties': {}, 'sites': [{'species': [{'element': 'Au', 'occu': 1}], 'abc': [0.0, 0.0, 0.0], 'properties': {}, 'label': 'Au', 'xyz': [0.0, 0.0, 0.0]}, {'species': [{'element': 'Am', 'occu': 1}], 'abc': [0.5, 0.5, 0.5], 'properties': {}, 'label': 'Am', 'xyz': [5.321526444640708, 5.321526444640709, 5.321526444640708]}, {'species': [{'element': 'Cs', 'occu': 1}], 'abc': [0.25, 0.25, 0.25], 'properties': {}, 'label': 'Cs', 'xyz': [2.660763222320354, 2.6607632223203543, 2.660763222320354]}, {'species': [{'element': 'Cs', 'occu': 1}], 'abc': [0.75, 0.75, 0.75], 'properties': {}, 'label': 'Cs', 'xyz': [7.982289666961062, 7.982289666961063, 7.982289666961062]}, {'species': [{'element': 'Cl', 'occu': 1}], 'abc': [0.7501728320241483, 0.2498271679758517, 0.2498271679758517], 'properties': {}, 'label': 'Cl', 'xyz': [2.6589237619463817, 5.321526444640709, 5.321526444640708]}, {'species': [{'element': 'Cl', 'occu': 1}], 'abc': [0.2498271679758517, 0.7501728320241483, 0.7501728320241483], 'properties': {}, 'label': 'Cl', 'xyz': [7.984129127335033, 5.321526444640709, 5.321526444640708]}, {'species': [{'element': 'Cl', 'occu': 1}], 'abc': [0.2498271679758517, 0.7501728320241483, 0.2498271679758517], 'properties': {}, 'label': 'Cl', 'xyz': [5.321526444640708, 2.658923761946382, 5.321526444640708]}, {'species': [{'element': 'Cl', 'occu': 1}], 'abc': [0.7501728320241483, 0.2498271679758517, 0.7501728320241483], 'properties': {}, 'label': 'Cl', 'xyz': [5.321526444640708, 7.984129127335035, 5.321526444640708]}, {'species': [{'element': 'Cl', 'occu': 1}], 'abc': [0.2498271679758517, 0.2498271679758517, 0.7501728320241483], 'properties': {}, 'label': 'Cl', 'xyz': [5.321526444640708, 5.321526444640709, 2.6589237619463817]}, {'species': [{'element': 'Cl', 'occu': 1}], 'abc': [0.7501728320241483, 0.7501728320241483, 0.2498271679758517], 'properties': {}, 'label': 'Cl', 'xyz': [5.321526444640708, 5.321526444640709, 7.984129127335033]}]}"
1584_CsKCmCl,Cl-Cm-Cs-K,10,"{'@module': 'pymatgen.core.structure', '@class': 'Structure', 'charge': 0.0, 'lattice': {'matrix': [[0.0, 5.5971997007582175, 5.5971997007582175], [5.5971997007582175, 0.0, 5.5971997007582175], [5.5971997007582175, 5.5971997007582175, 0.0]], 'pbc': (True, True, True), 'a': 7.915635728122901, 'b': 7.915635728122901, 'c': 7.915635728122901, 'alpha': 60.00000000000001, 'beta': 60.00000000000001, 'gamma': 60.00000000000001, 'volume': 350.70535913105647}, 'properties': {}, 'sites': [{'species': [{'element': 'K', 'occu': 1}], 'abc': [0.0, 0.0, 0.0], 'properties': {}, 'label': 'K', 'xyz': [0.0, 0.0, 0.0]}, {'species': [{'element': 'Cm', 'occu': 1}], 'abc': [0.5, 0.5, 0.5], 'properties': {}, 'label': 'Cm', 'xyz': [5.5971997007582175, 5.5971997007582175, 5.5971997007582175]}, {'species': [{'element': 'Cs', 'occu': 1}], 'abc': [0.25, 0.25, 0.25], 'properties': {}, 'label': 'Cs', 'xyz': [2.7985998503791087, 2.7985998503791087, 2.7985998503791087]}, {'species': [{'element': 'Cs', 'occu': 1}], 'abc': [0.75, 0.75, 0.75], 'properties': {}, 'label': 'Cs', 'xyz': [8.395799551137326, 8.395799551137326, 8.395799551137326]}, {'species': [{'element': 'Cl', 'occu': 1}], 'abc': [0.7373152545398511, 0.2626847454601489, 0.2626847454601489], 'properties': {}, 'label': 'Cl', 'xyz': [2.940597957366588, 5.5971997007582175, 5.5971997007582175]}, {'species': [{'element': 'Cl', 'occu': 1}], 'abc': [0.2626847454601489, 0.7373152545398511, 0.7373152545398511], 'properties': {}, 'label': 'Cl', 'xyz': [8.253801444149847, 5.5971997007582175, 5.5971997007582175]}, {'species': [{'element': 'Cl', 'occu': 1}], 'abc': [0.2626847454601489, 0.7373152545398511, 0.2626847454601489], 'properties': {}, 'label': 'Cl', 'xyz': [5.5971997007582175, 2.940597957366588, 5.5971997007582175]}, {'species': [{'element': 'Cl', 'occu': 1}], 'abc': [0.7373152545398511, 0.2626847454601489, 0.7373152545398511], 'properties': {}, 'label': 'Cl', 'xyz': [5.5971997007582175, 8.253801444149847, 5.5971997007582175]}, {'species': [{'element': 'Cl', 'occu': 1}], 'abc': [0.2626847454601489, 0.2626847454601489, 0.7373152545398511], 'properties': {}, 'label': 'Cl', 'xyz': [5.5971997007582175, 5.5971997007582175, 2.940597957366588]}, {'species': [{'element': 'Cl', 'occu': 1}], 'abc': [0.7373152545398511, 0.7373152545398511, 0.2626847454601489], 'properties': {}, 'label': 'Cl', 'xyz': [5.5971997007582175, 5.5971997007582175, 8.253801444149847]}]}"
1589_CsKAmCl,Am-Cl-Cs-K,10,"{'@module': 'pymatgen.core.structure', '@class': 'Structure', 'charge': 0.0, 'lattice': {'matrix': [[0.0, 5.595434729640555, 5.595434729640555], [5.595434729640556, 0.0, 5.595434729640555], [5.595434729640556, 5.595434729640555, 0.0]], 'pbc': (True, True, True), 'a': 7.9131396820311055, 'b': 7.9131396820311055, 'c': 7.9131396820311055, 'alpha': 59.999999999999986, 'beta': 60.00000000000001, 'gamma': 60.00000000000001, 'volume': 350.37369881977105}, 'properties': {}, 'sites': [{'species': [{'element': 'K', 'occu': 1}], 'abc': [0.0, 0.0, 0.0], 'properties': {}, 'label': 'K', 'xyz': [0.0, 0.0, 0.0]}, {'species': [{'element': 'Am', 'occu': 1}], 'abc': [0.5, 0.5, 0.5], 'properties': {}, 'label': 'Am', 'xyz': [5.595434729640556, 5.595434729640555, 5.595434729640555]}, {'species': [{'element': 'Cs', 'occu': 1}], 'abc': [0.25, 0.25, 0.25], 'properties': {}, 'label': 'Cs', 'xyz': [2.797717364820278, 2.7977173648202776, 2.7977173648202776]}, {'species': [{'element': 'Cs', 'occu': 1}], 'abc': [0.75, 0.75, 0.75], 'properties': {}, 'label': 'Cs', 'xyz': [8.393152094460834, 8.393152094460833, 8.393152094460833]}, {'species': [{'element': 'Cl', 'occu': 1}], 'abc': [0.7374563153287923, 0.2625436846712077, 0.2625436846712077], 'properties': {}, 'label': 'Cl', 'xyz': [2.938092102514149, 5.595434729640555, 5.595434729640555]}, {'species': [{'element': 'Cl', 'occu': 1}], 'abc': [0.2625436846712077, 0.7374563153287923, 0.7374563153287923], 'properties': {}, 'label': 'Cl', 'xyz': [8.252777356766963, 5.595434729640555, 5.595434729640555]}, {'species': [{'element': 'Cl', 'occu': 1}], 'abc': [0.2625436846712077, 0.7374563153287923, 0.2625436846712077], 'properties': {}, 'label': 'Cl', 'xyz': [5.595434729640556, 2.9380921025141484, 5.595434729640555]}, {'species': [{'element': 'Cl', 'occu': 1}], 'abc': [0.7374563153287923, 0.2625436846712077, 0.7374563153287923], 'properties': {}, 'label': 'Cl', 'xyz': [5.595434729640556, 8.252777356766963, 5.595434729640555]}, {'species': [{'element': 'Cl', 'occu': 1}], 'abc': [0.2625436846712077, 0.2625436846712077, 0.7374563153287923], 'properties': {}, 'label': 'Cl', 'xyz': [5.595434729640556, 5.595434729640555, 2.9380921025141484]}, {'species': [{'element': 'Cl', 'occu': 1}], 'abc': [0.7374563153287923, 0.7374563153287923, 0.2625436846712077], 'properties': {}, 'label': 'Cl', 'xyz': [5.595434729640556, 5.595434729640555, 8.252777356766963]}]}"
1596_CsBeAmCl,Am-Be-Cl-Cs,10,"{'@module': 'pymatgen.core.structure', '@class': 'Structure', 'charge': 0.0, 'lattice': {'matrix': [[0.0, 5.081160421684855, 5.081160421684855], [5.081160421684855, 0.0, 5.081160421684855], [5.081160421684855, 5.081160421684855, 0.0]], 'pbc': (True, True, True), 'a': 7.185845980940116, 'b': 7.185845980940116, 'c': 7.185845980940116, 'alpha': 60.00000000000001, 'beta': 60.00000000000001, 'gamma': 60.00000000000001, 'volume': 262.37274288384566}, 'properties': {}, 'sites': [{'species': [{'element': 'Be', 'occu': 1}], 'abc': [0.0, 0.0, 0.0], 'properties': {}, 'label': 'Be', 'xyz': [0.0, 0.0, 0.0]}, {'species': [{'element': 'Am', 'occu': 1}], 'abc': [0.5, 0.5, 0.5], 'properties': {}, 'label': 'Am', 'xyz': [5.081160421684855, 5.081160421684855, 5.081160421684855]}, {'species': [{'element': 'Cs', 'occu': 1}], 'abc': [0.25, 0.25, 0.25], 'properties': {}, 'label': 'Cs', 'xyz': [2.5405802108424274, 2.5405802108424274, 2.5405802108424274]}, {'species': [{'element': 'Cs', 'occu': 1}], 'abc': [0.75, 0.75, 0.75], 'properties': {}, 'label': 'Cs', 'xyz': [7.621740632527282, 7.621740632527282, 7.621740632527282]}, {'species': [{'element': 'Cl', 'occu': 1}], 'abc': [0.7731432167829624, 0.2268567832170376, 0.2268567832170376], 'properties': {}, 'label': 'Cl', 'xyz': [2.3053914165463048, 5.081160421684855, 5.081160421684855]}, {'species': [{'element': 'Cl', 'occu': 1}], 'abc': [0.2268567832170376, 0.7731432167829624, 0.7731432167829624], 'properties': {}, 'label': 'Cl', 'xyz': [7.856929426823404, 5.081160421684855, 5.081160421684855]}, {'species': [{'element': 'Cl', 'occu': 1}], 'abc': [0.2268567832170376, 0.7731432167829624, 0.2268567832170376], 'properties': {}, 'label': 'Cl', 'xyz': [5.081160421684855, 2.3053914165463048, 5.081160421684855]}, {'species': [{'element': 'Cl', 'occu': 1}], 'abc': [0.7731432167829624, 0.2268567832170376, 0.7731432167829624], 'properties': {}, 'label': 'Cl', 'xyz': [5.081160421684855, 7.856929426823404, 5.081160421684855]}, {'species': [{'element': 'Cl', 'occu': 1}], 'abc': [0.2268567832170376, 0.2268567832170376, 0.7731432167829624], 'properties': {}, 'label': 'Cl', 'xyz': [5.081160421684855, 5.081160421684855, 2.3053914165463048]}, {'species': [{'element': 'Cl', 'occu': 1}], 'abc': [0.7731432167829624, 0.7731432167829624, 0.2268567832170376], 'properties': {}, 'label': 'Cl', 'xyz': [5.081160421684855, 5.081160421684855, 7.856929426823404]}]}"
1625_CsFrCoCl,Cl-Co-Cs-Fr,10,"{'@module': 'pymatgen.core.structure', '@class': 'Structure', 'charge': 0.0, 'lattice': {'matrix': [[0.0, 5.416260987035861, 5.416260987035861], [5.416260987035861, 0.0, 5.416260987035861], [5.416260987035861, 5.416260987035861, 0.0]], 'pbc': (True, True, True), 'a': 7.659749745218401, 'b': 7.659749745218401, 'c': 7.659749745218401, 'alpha': 60.00000000000001, 'beta': 60.00000000000001, 'gamma': 60.00000000000001, 'volume': 317.7815980895048}, 'properties': {}, 'sites': [{'species': [{'element': 'Fr', 'occu': 1}], 'abc': [0.0, 0.0, 0.0], 'properties': {}, 'label': 'Fr', 'xyz': [0.0, 0.0, 0.0]}, {'species': [{'element': 'Co', 'occu': 1}], 'abc': [0.5, 0.5, 0.5], 'properties': {}, 'label': 'Co', 'xyz': [5.416260987035861, 5.416260987035861, 5.416260987035861]}, {'species': [{'element': 'Cs', 'occu': 1}], 'abc': [0.25, 0.25, 0.25], 'properties': {}, 'label': 'Cs', 'xyz': [2.7081304935179307, 2.7081304935179307, 2.7081304935179307]}, {'species': [{'element': 'Cs', 'occu': 1}], 'abc': [0.75, 0.75, 0.75], 'properties': {}, 'label': 'Cs', 'xyz': [8.124391480553792, 8.124391480553792, 8.124391480553792]}, {'species': [{'element': 'Cl', 'occu': 1}], 'abc': [0.7055690981307592, 0.2944309018692408, 0.2944309018692408], 'properties': {}, 'label': 'Cl', 'xyz': [3.1894292143443064, 5.416260987035861, 5.416260987035861]}, {'species': [{'element': 'Cl', 'occu': 1}], 'abc': [0.2944309018692408, 0.7055690981307592, 0.7055690981307592], 'properties': {}, 'label': 'Cl', 'xyz': [7.643092759727416, 5.416260987035861, 5.416260987035861]}, {'species': [{'element': 'Cl', 'occu': 1}], 'abc': [0.2944309018692408, 0.7055690981307592, 0.2944309018692408], 'properties': {}, 'label': 'Cl', 'xyz': [5.416260987035861, 3.1894292143443064, 5.416260987035861]}, {'species': [{'element': 'Cl', 'occu': 1}], 'abc': [0.7055690981307592, 0.2944309018692408, 0.7055690981307592], 'properties': {}, 'label': 'Cl', 'xyz': [5.416260987035861, 7.643092759727416, 5.416260987035861]}, {'species': [{'element': 'Cl', 'occu': 1}], 'abc': [0.2944309018692408, 0.2944309018692408, 0.7055690981307592], 'properties': {}, 'label': 'Cl', 'xyz': [5.416260987035861, 5.416260987035861, 3.1894292143443064]}, {'species': [{'element': 'Cl', 'occu': 1}], 'abc': [0.7055690981307592, 0.7055690981307592, 0.2944309018692408], 'properties': {}, 'label': 'Cl', 'xyz': [5.416260987035861, 5.416260987035861, 7.643092759727416]}]}"
1629_CsEuAmCl,Am-Cl-Cs-Eu,10,"{'@module': 'pymatgen.core.structure', '@class': 'Structure', 'charge': 0.0, 'lattice': {'matrix': [[0.0, 5.422055498702832, 5.422055498702833], [5.422055498702833, 0.0, 5.422055498702833], [5.422055498702833, 5.422055498702832, 0.0]], 'pbc': (True, True, True), 'a': 7.667944422205161, 'b': 7.667944422205163, 'c': 7.667944422205161, 'alpha': 59.99999999999999, 'beta': 60.00000000000001, 'gamma': 59.99999999999999, 'volume': 318.80261232936897}, 'properties': {}, 'sites': [{'species': [{'element': 'Eu', 'occu': 1}], 'abc': [0.0, 0.0, 0.0], 'properties': {}, 'label': 'Eu', 'xyz': [0.0, 0.0, 0.0]}, {'species': [{'element': 'Am', 'occu': 1}], 'abc': [0.5, 0.5, 0.5], 'properties': {}, 'label': 'Am', 'xyz': [5.422055498702833, 5.422055498702832, 5.422055498702833]}, {'species': [{'element': 'Cs', 'occu': 1}], 'abc': [0.25, 0.25, 0.25], 'properties': {}, 'label': 'Cs', 'xyz': [2.7110277493514165, 2.711027749351416, 2.7110277493514165]}, {'species': [{'element': 'Cs', 'occu': 1}], 'abc': [0.75, 0.75, 0.75], 'properties': {}, 'label': 'Cs', 'xyz': [8.13308324805425, 8.133083248054248, 8.13308324805425]}, {'species': [{'element': 'Cl', 'occu': 1}], 'abc': [0.7531019500234777, 0.2468980499765223, 0.2468980499765223], 'properties': {}, 'label': 'Cl', 'xyz': [2.6773898589884193, 5.422055498702832, 5.422055498702833]}, {'species': [{'element': 'Cl', 'occu': 1}], 'abc': [0.2468980499765223, 0.7531019500234777, 0.7531019500234777], 'properties': {}, 'label': 'Cl', 'xyz': [8.166721138417246, 5.422055498702832, 5.422055498702833]}, {'species': [{'element': 'Cl', 'occu': 1}], 'abc': [0.2468980499765223, 0.7531019500234777, 0.2468980499765223], 'properties': {}, 'label': 'Cl', 'xyz': [5.422055498702833, 2.677389858988419, 5.422055498702833]}, {'species': [{'element': 'Cl', 'occu': 1}], 'abc': [0.7531019500234777, 0.2468980499765223, 0.7531019500234777], 'properties': {}, 'label': 'Cl', 'xyz': [5.422055498702833, 8.166721138417245, 5.422055498702833]}, {'species': [{'element': 'Cl', 'occu': 1}], 'abc': [0.2468980499765223, 0.2468980499765223, 0.7531019500234777], 'properties': {}, 'label': 'Cl', 'xyz': [5.422055498702833, 5.422055498702832, 2.6773898589884193]}, {'species': [{'element': 'Cl', 'occu': 1}], 'abc': [0.7531019500234777, 0.7531019500234777, 0.2468980499765223], 'properties': {}, 'label': 'Cl', 'xyz': [5.422055498702833, 5.422055498702832, 8.166721138417246]}]}"
1630_CsFrAsCl,As-Cl-Cs-Fr,10,"{'@module': 'pymatgen.core.structure', '@class': 'Structure', 'charge': 0.0, 'lattice': {'matrix': [[0.0, 5.703237396104782, 5.703237396104782], [5.703237396104782, 0.0, 5.703237396104782], [5.703237396104782, 5.703237396104782, 0.0]], 'pbc': (True, True, True), 'a': 8.065595675004799, 'b': 8.065595675004799, 'c': 8.065595675004799, 'alpha': 60.00000000000001, 'beta': 60.00000000000001, 'gamma': 60.00000000000001, 'volume': 371.0174565056139}, 'properties': {}, 'sites': [{'species': [{'element': 'Fr', 'occu': 1}], 'abc': [0.0, 0.0, 0.0], 'properties': {}, 'label': 'Fr', 'xyz': [0.0, 0.0, 0.0]}, {'species': [{'element': 'As', 'occu': 1}], 'abc': [0.5, 0.5, 0.5], 'properties': {}, 'label': 'As', 'xyz': [5.703237396104782, 5.703237396104782, 5.703237396104782]}, {'species': [{'element': 'Cs', 'occu': 1}], 'abc': [0.25, 0.25, 0.25], 'properties': {}, 'label': 'Cs', 'xyz': [2.851618698052391, 2.851618698052391, 2.851618698052391]}, {'species': [{'element': 'Cs', 'occu': 1}], 'abc': [0.75, 0.75, 0.75], 'properties': {}, 'label': 'Cs', 'xyz': [8.554856094157174, 8.554856094157174, 8.554856094157174]}, {'species': [{'element': 'Cl', 'occu': 1}], 'abc': [0.7174275048555501, 0.2825724951444499, 0.2825724951444499], 'properties': {}, 'label': 'Cl', 'xyz': [3.2231560428369272, 5.703237396104782, 5.703237396104782]}, {'species': [{'element': 'Cl', 'occu': 1}], 'abc': [0.2825724951444499, 0.7174275048555501, 0.7174275048555501], 'properties': {}, 'label': 'Cl', 'xyz': [8.183318749372637, 5.703237396104782, 5.703237396104782]}, {'species': [{'element': 'Cl', 'occu': 1}], 'abc': [0.2825724951444499, 0.7174275048555501, 0.2825724951444499], 'properties': {}, 'label': 'Cl', 'xyz': [5.703237396104782, 3.2231560428369272, 5.703237396104782]}, {'species': [{'element': 'Cl', 'occu': 1}], 'abc': [0.7174275048555501, 0.2825724951444499, 0.7174275048555501], 'properties': {}, 'label': 'Cl', 'xyz': [5.703237396104782, 8.183318749372637, 5.703237396104782]}, {'species': [{'element': 'Cl', 'occu': 1}], 'abc': [0.2825724951444499, 0.2825724951444499, 0.7174275048555501], 'properties': {}, 'label': 'Cl', 'xyz': [5.703237396104782, 5.703237396104782, 3.2231560428369272]}, {'species': [{'element': 'Cl', 'occu': 1}], 'abc': [0.7174275048555501, 0.7174275048555501, 0.2825724951444499], 'properties': {}, 'label': 'Cl', 'xyz': [5.703237396104782, 5.703237396104782, 8.183318749372637]}]}"
1631_CsFrNiCl,Cl-Cs-Fr-Ni,10,"{'@module': 'pymatgen.core.structure', '@class': 'Structure', 'charge': 0.0, 'lattice': {'matrix': [[0.0, 5.44995593640094, 5.44995593640094], [5.44995593640094, 0.0, 5.44995593640094], [5.44995593640094, 5.44995593640094, 0.0]], 'pbc': (True, True, True), 'a': 7.707401599593971, 'b': 7.707401599593971, 'c': 7.707401599593971, 'alpha': 60.00000000000001, 'beta': 60.00000000000001, 'gamma': 60.00000000000001, 'volume': 323.7493972691837}, 'properties': {}, 'sites': [{'species': [{'element': 'Fr', 'occu': 1}], 'abc': [0.0, 0.0, 0.0], 'properties': {}, 'label': 'Fr', 'xyz': [0.0, 0.0, 0.0]}, {'species': [{'element': 'Ni', 'occu': 1}], 'abc': [0.5, 0.5, 0.5], 'properties': {}, 'label': 'Ni', 'xyz': [5.44995593640094, 5.44995593640094, 5.44995593640094]}, {'species': [{'element': 'Cs', 'occu': 1}], 'abc': [0.25, 0.25, 0.25], 'properties': {}, 'label': 'Cs', 'xyz': [2.72497796820047, 2.72497796820047, 2.72497796820047]}, {'species': [{'element': 'Cs', 'occu': 1}], 'abc': [0.75, 0.75, 0.75], 'properties': {}, 'label': 'Cs', 'xyz': [8.17493390460141, 8.17493390460141, 8.17493390460141]}, {'species': [{'element': 'Cl', 'occu': 1}], 'abc': [0.7086452765754174, 0.2913547234245826, 0.2913547234245826], 'properties': {}, 'label': 'Cl', 'xyz': [3.1757408090525154, 5.44995593640094, 5.44995593640094]}, {'species': [{'element': 'Cl', 'occu': 1}], 'abc': [0.2913547234245826, 0.7086452765754174, 0.7086452765754174], 'properties': {}, 'label': 'Cl', 'xyz': [7.724171063749364, 5.44995593640094, 5.44995593640094]}, {'species': [{'element': 'Cl', 'occu': 1}], 'abc': [0.2913547234245826, 0.7086452765754174, 0.2913547234245826], 'properties': {}, 'label': 'Cl', 'xyz': [5.44995593640094, 3.1757408090525154, 5.44995593640094]}, {'species': [{'element': 'Cl', 'occu': 1}], 'abc': [0.7086452765754174, 0.2913547234245826, 0.7086452765754174], 'properties': {}, 'label': 'Cl', 'xyz': [5.44995593640094, 7.724171063749364, 5.44995593640094]}, {'species': [{'element': 'Cl', 'occu': 1}], 'abc': [0.2913547234245826, 0.2913547234245826, 0.7086452765754174], 'properties': {}, 'label': 'Cl', 'xyz': [5.44995593640094, 5.44995593640094, 3.1757408090525154]}, {'species': [{'element': 'Cl', 'occu': 1}], 'abc': [0.7086452765754174, 0.7086452765754174, 0.2913547234245826], 'properties': {}, 'label': 'Cl', 'xyz': [5.44995593640094, 5.44995593640094, 7.724171063749364]}]}"
1650_CsSrAmCl,Am-Cl-Cs-Sr,10,"{'@module': 'pymatgen.core.structure', '@class': 'Structure', 'charge': 0.0, 'lattice': {'matrix': [[0.0, 5.56469956260586, 5.56469956260586], [5.56469956260586, 0.0, 5.56469956260586], [5.56469956260586, 5.56469956260586, 0.0]], 'pbc': (True, True, True), 'a': 7.869673591968836, 'b': 7.869673591968836, 'c': 7.869673591968836, 'alpha': 59.99999999999999, 'beta': 59.99999999999999, 'gamma': 59.99999999999999, 'volume': 344.6316513842696}, 'properties': {}, 'sites': [{'species': [{'element': 'Sr', 'occu': 1}], 'abc': [0.0, 0.0, 0.0], 'properties': {}, 'label': 'Sr', 'xyz': [0.0, 0.0, 0.0]}, {'species': [{'element': 'Am', 'occu': 1}], 'abc': [0.5, 0.5, 0.5], 'properties': {}, 'label': 'Am', 'xyz': [5.56469956260586, 5.56469956260586, 5.56469956260586]}, {'species': [{'element': 'Cs', 'occu': 1}], 'abc': [0.25, 0.25, 0.25], 'properties': {}, 'label': 'Cs', 'xyz': [2.78234978130293, 2.78234978130293, 2.78234978130293]}, {'species': [{'element': 'Cs', 'occu': 1}], 'abc': [0.75, 0.75, 0.75], 'properties': {}, 'label': 'Cs', 'xyz': [8.34704934390879, 8.34704934390879, 8.34704934390879]}, {'species': [{'element': 'Cl', 'occu': 1}], 'abc': [0.7477757935959133, 0.2522242064040867, 0.2522242064040867], 'properties': {}, 'label': 'Cl', 'xyz': [2.807103862110863, 5.56469956260586, 5.56469956260586]}, {'species': [{'element': 'Cl', 'occu': 1}], 'abc': [0.2522242064040867, 0.7477757935959133, 0.7477757935959133], 'properties': {}, 'label': 'Cl', 'xyz': [8.322295263100857, 5.56469956260586, 5.56469956260586]}, {'species': [{'element': 'Cl', 'occu': 1}], 'abc': [0.2522242064040867, 0.7477757935959133, 0.2522242064040867], 'properties': {}, 'label': 'Cl', 'xyz': [5.56469956260586, 2.807103862110863, 5.56469956260586]}, {'species': [{'element': 'Cl', 'occu': 1}], 'abc': [0.7477757935959133, 0.2522242064040867, 0.7477757935959133], 'properties': {}, 'label': 'Cl', 'xyz': [5.56469956260586, 8.322295263100857, 5.56469956260586]}, {'species': [{'element': 'Cl', 'occu': 1}], 'abc': [0.2522242064040867, 0.2522242064040867, 0.7477757935959133], 'properties': {}, 'label': 'Cl', 'xyz': [5.56469956260586, 5.56469956260586, 2.807103862110863]}, {'species': [{'element': 'Cl', 'occu': 1}], 'abc': [0.7477757935959133, 0.7477757935959133, 0.2522242064040867], 'properties': {}, 'label': 'Cl', 'xyz': [5.56469956260586, 5.56469956260586, 8.322295263100857]}]}"
1662_CsFrFeCl,Cl-Cs-Fe-Fr,10,"{'@module': 'pymatgen.core.structure', '@class': 'Structure', 'charge': 0.0, 'lattice': {'matrix': [[0.0, 5.444797152844338, 5.4447971528443375], [5.444797152844338, 0.0, 5.4447971528443375], [5.444797152844338, 5.444797152844338, 0.0]], 'pbc': (True, True, True), 'a': 7.700105977922877, 'b': 7.700105977922877, 'c': 7.700105977922877, 'alpha': 59.99999999999999, 'beta': 59.99999999999999, 'gamma': 60.00000000000001, 'volume': 322.83090948900133}, 'properties': {}, 'sites': [{'species': [{'element': 'Fr', 'occu': 1}], 'abc': [0.0, 0.0, 0.0], 'properties': {}, 'label': 'Fr', 'xyz': [0.0, 0.0, 0.0]}, {'species': [{'element': 'Fe', 'occu': 1}], 'abc': [0.5, 0.5, 0.5], 'properties': {}, 'label': 'Fe', 'xyz': [5.444797152844338, 5.444797152844338, 5.4447971528443375]}, {'species': [{'element': 'Cs', 'occu': 1}], 'abc': [0.25, 0.25, 0.25], 'properties': {}, 'label': 'Cs', 'xyz': [2.722398576422169, 2.722398576422169, 2.7223985764221688]}, {'species': [{'element': 'Cs', 'occu': 1}], 'abc': [0.75, 0.75, 0.75], 'properties': {}, 'label': 'Cs', 'xyz': [8.167195729266508, 8.167195729266508, 8.167195729266506]}, {'species': [{'element': 'Cl', 'occu': 1}], 'abc': [0.7064754856227751, 0.2935245143772249, 0.2935245143772249], 'properties': {}, 'label': 'Cl', 'xyz': [3.1963628803422623, 5.444797152844338, 5.4447971528443375]}, {'species': [{'element': 'Cl', 'occu': 1}], 'abc': [0.2935245143772249, 0.7064754856227751, 0.7064754856227751], 'properties': {}, 'label': 'Cl', 'xyz': [7.693231425346414, 5.444797152844338, 5.4447971528443375]}, {'species': [{'element': 'Cl', 'occu': 1}], 'abc': [0.2935245143772249, 0.7064754856227751, 0.2935245143772249], 'properties': {}, 'label': 'Cl', 'xyz': [5.444797152844338, 3.1963628803422623, 5.4447971528443375]}, {'species': [{'element': 'Cl', 'occu': 1}], 'abc': [0.7064754856227751, 0.2935245143772249, 0.7064754856227751], 'properties': {}, 'label': 'Cl', 'xyz': [5.444797152844338, 7.693231425346414, 5.4447971528443375]}, {'species': [{'element': 'Cl', 'occu': 1}], 'abc': [0.2935245143772249, 0.2935245143772249, 0.7064754856227751], 'properties': {}, 'label': 'Cl', 'xyz': [5.444797152844338, 5.444797152844338, 3.1963628803422615]}, {'species': [{'element': 'Cl', 'occu': 1}], 'abc': [0.7064754856227751, 0.7064754856227751, 0.2935245143772249], 'properties': {}, 'label': 'Cl', 'xyz': [5.444797152844338, 5.444797152844338, 7.693231425346413]}]}"
1667_CsPbAmCl,Am-Cl-Cs-Pb,10,"{'@module': 'pymatgen.core.structure', '@class': 'Structure', 'charge': 0.0, 'lattice': {'matrix': [[0.0, 5.575564777880122, 5.575564777880122], [5.575564777880122, 0.0, 5.575564777880122], [5.575564777880122, 5.575564777880122, 0.0]], 'pbc': (True, True, True), 'a': 7.885039326767802, 'b': 7.885039326767802, 'c': 7.885039326767802, 'alpha': 60.00000000000001, 'beta': 60.00000000000001, 'gamma': 60.00000000000001, 'volume': 346.6543013170446}, 'properties': {}, 'sites': [{'species': [{'element': 'Pb', 'occu': 1}], 'abc': [0.0, 0.0, 0.0], 'properties': {}, 'label': 'Pb', 'xyz': [0.0, 0.0, 0.0]}, {'species': [{'element': 'Am', 'occu': 1}], 'abc': [0.5, 0.5, 0.5], 'properties': {}, 'label': 'Am', 'xyz': [5.575564777880122, 5.575564777880122, 5.575564777880122]}, {'species': [{'element': 'Cs', 'occu': 1}], 'abc': [0.25, 0.25, 0.25], 'properties': {}, 'label': 'Cs', 'xyz': [2.787782388940061, 2.787782388940061, 2.787782388940061]}, {'species': [{'element': 'Cs', 'occu': 1}], 'abc': [0.75, 0.75, 0.75], 'properties': {}, 'label': 'Cs', 'xyz': [8.363347166820184, 8.363347166820184, 8.363347166820184]}, {'species': [{'element': 'Cl', 'occu': 1}], 'abc': [0.7454830470573484, 0.2545169529426516, 0.2545169529426516], 'properties': {}, 'label': 'Cl', 'xyz': [2.8381515164008415, 5.575564777880122, 5.575564777880122]}, {'species': [{'element': 'Cl', 'occu': 1}], 'abc': [0.2545169529426516, 0.7454830470573484, 0.7454830470573484], 'properties': {}, 'label': 'Cl', 'xyz': [8.312978039359402, 5.575564777880122, 5.575564777880122]}, {'species': [{'element': 'Cl', 'occu': 1}], 'abc': [0.2545169529426516, 0.7454830470573484, 0.2545169529426516], 'properties': {}, 'label': 'Cl', 'xyz': [5.575564777880122, 2.8381515164008415, 5.575564777880122]}, {'species': [{'element': 'Cl', 'occu': 1}], 'abc': [0.7454830470573484, 0.2545169529426516, 0.7454830470573484], 'properties': {}, 'label': 'Cl', 'xyz': [5.575564777880122, 8.312978039359402, 5.575564777880122]}, {'species': [{'element': 'Cl', 'occu': 1}], 'abc': [0.2545169529426516, 0.2545169529426516, 0.7454830470573484], 'properties': {}, 'label': 'Cl', 'xyz': [5.575564777880122, 5.575564777880122, 2.8381515164008415]}, {'species': [{'element': 'Cl', 'occu': 1}], 'abc': [0.7454830470573484, 0.7454830470573484, 0.2545169529426516], 'properties': {}, 'label': 'Cl', 'xyz': [5.575564777880122, 5.575564777880122, 8.312978039359402]}]}"
1683_CsFrMnCl,Cl-Cs-Fr-Mn,10,"{'@module': 'pymatgen.core.structure', '@class': 'Structure', 'charge': 0.0, 'lattice': {'matrix': [[0.0, 5.561676890303931, 5.561676890303931], [5.561676890303931, 0.0, 5.561676890303931], [5.561676890303931, 5.561676890303931, 0.0]], 'pbc': (True, True, True), 'a': 7.86539888780484, 'b': 7.86539888780484, 'c': 7.86539888780484, 'alpha': 60.00000000000001, 'beta': 60.00000000000001, 'gamma': 60.00000000000001, 'volume': 344.07035811305036}, 'properties': {}, 'sites': [{'species': [{'element': 'Fr', 'occu': 1}], 'abc': [0.0, 0.0, 0.0], 'properties': {}, 'label': 'Fr', 'xyz': [0.0, 0.0, 0.0]}, {'species': [{'element': 'Mn', 'occu': 1}], 'abc': [0.5, 0.5, 0.5], 'properties': {}, 'label': 'Mn', 'xyz': [5.561676890303931, 5.561676890303931, 5.561676890303931]}, {'species': [{'element': 'Cs', 'occu': 1}], 'abc': [0.25, 0.25, 0.25], 'properties': {}, 'label': 'Cs', 'xyz': [2.7808384451519657, 2.7808384451519657, 2.7808384451519657]}, {'species': [{'element': 'Cs', 'occu': 1}], 'abc': [0.75, 0.75, 0.75], 'properties': {}, 'label': 'Cs', 'xyz': [8.342515335455897, 8.342515335455897, 8.342515335455897]}, {'species': [{'element': 'Cl', 'occu': 1}], 'abc': [0.7116214323437049, 0.2883785676562951, 0.2883785676562951], 'properties': {}, 'label': 'Cl', 'xyz': [3.2077368307859304, 5.561676890303931, 5.561676890303931]}, {'species': [{'element': 'Cl', 'occu': 1}], 'abc': [0.2883785676562951, 0.7116214323437049, 0.7116214323437049], 'properties': {}, 'label': 'Cl', 'xyz': [7.915616949821932, 5.561676890303931, 5.561676890303931]}, {'species': [{'element': 'Cl', 'occu': 1}], 'abc': [0.2883785676562951, 0.7116214323437049, 0.2883785676562951], 'properties': {}, 'label': 'Cl', 'xyz': [5.561676890303931, 3.2077368307859304, 5.561676890303931]}, {'species': [{'element': 'Cl', 'occu': 1}], 'abc': [0.7116214323437049, 0.2883785676562951, 0.7116214323437049], 'properties': {}, 'label': 'Cl', 'xyz': [5.561676890303931, 7.915616949821932, 5.561676890303931]}, {'species': [{'element': 'Cl', 'occu': 1}], 'abc': [0.2883785676562951, 0.2883785676562951, 0.7116214323437049], 'properties': {}, 'label': 'Cl', 'xyz': [5.561676890303931, 5.561676890303931, 3.2077368307859304]}, {'species': [{'element': 'Cl', 'occu': 1}], 'abc': [0.7116214323437049, 0.7116214323437049, 0.2883785676562951], 'properties': {}, 'label': 'Cl', 'xyz': [5.561676890303931, 5.561676890303931, 7.915616949821932]}]}"
1689_CsFrCrCl,Cl-Cr-Cs-Fr,10,"{'@module': 'pymatgen.core.structure', '@class': 'Structure', 'charge': 0.0, 'lattice': {'matrix': [[0.0, 5.539639723134136, 5.539639723134137], [5.539639723134136, 0.0, 5.539639723134137], [5.539639723134136, 5.539639723134136, 0.0]], 'pbc': (True, True, True), 'a': 7.834233627117033, 'b': 7.834233627117033, 'c': 7.834233627117032, 'alpha': 60.00000000000001, 'beta': 60.00000000000001, 'gamma': 59.99999999999999, 'volume': 339.99658747370114}, 'properties': {}, 'sites': [{'species': [{'element': 'Fr', 'occu': 1}], 'abc': [0.0, 0.0, 0.0], 'properties': {}, 'label': 'Fr', 'xyz': [0.0, 0.0, 0.0]}, {'species': [{'element': 'Cr', 'occu': 1}], 'abc': [0.5, 0.5, 0.5], 'properties': {}, 'label': 'Cr', 'xyz': [5.539639723134136, 5.539639723134136, 5.539639723134137]}, {'species': [{'element': 'Cs', 'occu': 1}], 'abc': [0.25, 0.25, 0.25], 'properties': {}, 'label': 'Cs', 'xyz': [2.769819861567068, 2.769819861567068, 2.7698198615670684]}, {'species': [{'element': 'Cs', 'occu': 1}], 'abc': [0.75, 0.75, 0.75], 'properties': {}, 'label': 'Cs', 'xyz': [8.309459584701203, 8.309459584701203, 8.309459584701205]}, {'species': [{'element': 'Cl', 'occu': 1}], 'abc': [0.7097971379679606, 0.2902028620320394, 0.2902028620320394], 'properties': {}, 'label': 'Cl', 'xyz': [3.2152386045598007, 5.539639723134136, 5.539639723134137]}, {'species': [{'element': 'Cl', 'occu': 1}], 'abc': [0.2902028620320394, 0.7097971379679606, 0.7097971379679606], 'properties': {}, 'label': 'Cl', 'xyz': [7.864040841708471, 5.539639723134136, 5.539639723134137]}, {'species': [{'element': 'Cl', 'occu': 1}], 'abc': [0.2902028620320394, 0.7097971379679606, 0.2902028620320394], 'properties': {}, 'label': 'Cl', 'xyz': [5.539639723134136, 3.2152386045598007, 5.539639723134137]}, {'species': [{'element': 'Cl', 'occu': 1}], 'abc': [0.7097971379679606, 0.2902028620320394, 0.7097971379679606], 'properties': {}, 'label': 'Cl', 'xyz': [5.539639723134136, 7.864040841708471, 5.539639723134137]}, {'species': [{'element': 'Cl', 'occu': 1}], 'abc': [0.2902028620320394, 0.2902028620320394, 0.7097971379679606], 'properties': {}, 'label': 'Cl', 'xyz': [5.539639723134136, 5.539639723134136, 3.2152386045598016]}, {'species': [{'element': 'Cl', 'occu': 1}], 'abc': [0.7097971379679606, 0.7097971379679606, 0.2902028620320394], 'properties': {}, 'label': 'Cl', 'xyz': [5.539639723134136, 5.539639723134136, 7.864040841708472]}]}"
1692_CsAgRaCl,Ag-Cl-Cs-Ra,10,"{'@module': 'pymatgen.core.structure', '@class': 'Structure', 'charge': 0.0, 'lattice': {'matrix': [[0.0, 5.539900188569696, 5.539900188569696], [5.539900188569696, 0.0, 5.539900188569696], [5.539900188569696, 5.539900188569696, 0.0]], 'pbc': (True, True, True), 'a': 7.834601980868531, 'b': 7.834601980868531, 'c': 7.834601980868531, 'alpha': 60.00000000000001, 'beta': 60.00000000000001, 'gamma': 60.00000000000001, 'volume': 340.0445480961797}, 'properties': {}, 'sites': [{'species': [{'element': 'Ag', 'occu': 1}], 'abc': [0.0, 0.0, 0.0], 'properties': {}, 'label': 'Ag', 'xyz': [0.0, 0.0, 0.0]}, {'species': [{'element': 'Ra', 'occu': 1}], 'abc': [0.5, 0.5, 0.5], 'properties': {}, 'label': 'Ra', 'xyz': [5.539900188569696, 5.539900188569696, 5.539900188569696]}, {'species': [{'element': 'Cs', 'occu': 1}], 'abc': [0.25, 0.25, 0.25], 'properties': {}, 'label': 'Cs', 'xyz': [2.769950094284848, 2.769950094284848, 2.769950094284848]}, {'species': [{'element': 'Cs', 'occu': 1}], 'abc': [0.75, 0.75, 0.75], 'properties': {}, 'label': 'Cs', 'xyz': [8.309850282854544, 8.309850282854544, 8.309850282854544]}, {'species': [{'element': 'Cl', 'occu': 1}], 'abc': [0.7696514216661114, 0.2303485783338886, 0.2303485783338886], 'properties': {}, 'label': 'Cl', 'xyz': [2.552216265097342, 5.539900188569696, 5.539900188569696]}, {'species': [{'element': 'Cl', 'occu': 1}], 'abc': [0.2303485783338886, 0.7696514216661114, 0.7696514216661114], 'properties': {}, 'label': 'Cl', 'xyz': [8.527584112042051, 5.539900188569696, 5.539900188569696]}, {'species': [{'element': 'Cl', 'occu': 1}], 'abc': [0.2303485783338886, 0.7696514216661114, 0.2303485783338886], 'properties': {}, 'label': 'Cl', 'xyz': [5.539900188569696, 2.552216265097342, 5.539900188569696]}, {'species': [{'element': 'Cl', 'occu': 1}], 'abc': [0.7696514216661114, 0.2303485783338886, 0.7696514216661114], 'properties': {}, 'label': 'Cl', 'xyz': [5.539900188569696, 8.527584112042051, 5.539900188569696]}, {'species': [{'element': 'Cl', 'occu': 1}], 'abc': [0.2303485783338886, 0.2303485783338886, 0.7696514216661114], 'properties': {}, 'label': 'Cl', 'xyz': [5.539900188569696, 5.539900188569696, 2.552216265097342]}, {'species': [{'element': 'Cl', 'occu': 1}], 'abc': [0.7696514216661114, 0.7696514216661114, 0.2303485783338886], 'properties': {}, 'label': 'Cl', 'xyz': [5.539900188569696, 5.539900188569696, 8.527584112042051]}]}"
1695_CsFrGaCl,Cl-Cs-Fr-Ga,10,"{'@module': 'pymatgen.core.structure', '@class': 'Structure', 'charge': 0.0, 'lattice': {'matrix': [[0.0, 5.584762335439953, 5.584762335439953], [5.584762335439953, 0.0, 5.584762335439953], [5.584762335439953, 5.584762335439953, 0.0]], 'pbc': (True, True, True), 'a': 7.898046637409622, 'b': 7.898046637409622, 'c': 7.898046637409622, 'alpha': 60.00000000000001, 'beta': 60.00000000000001, 'gamma': 60.00000000000001, 'volume': 348.3726754241777}, 'properties': {}, 'sites': [{'species': [{'element': 'Fr', 'occu': 1}], 'abc': [0.0, 0.0, 0.0], 'properties': {}, 'label': 'Fr', 'xyz': [0.0, 0.0, 0.0]}, {'species': [{'element': 'Ga', 'occu': 1}], 'abc': [0.5, 0.5, 0.5], 'properties': {}, 'label': 'Ga', 'xyz': [5.584762335439953, 5.584762335439953, 5.584762335439953]}, {'species': [{'element': 'Cs', 'occu': 1}], 'abc': [0.25, 0.25, 0.25], 'properties': {}, 'label': 'Cs', 'xyz': [2.7923811677199764, 2.7923811677199764, 2.7923811677199764]}, {'species': [{'element': 'Cs', 'occu': 1}], 'abc': [0.75, 0.75, 0.75], 'properties': {}, 'label': 'Cs', 'xyz': [8.377143503159928, 8.377143503159928, 8.377143503159928]}, {'species': [{'element': 'Cl', 'occu': 1}], 'abc': [0.7116141935306501, 0.2883858064693499, 0.2883858064693499], 'properties': {}, 'label': 'Cl', 'xyz': [3.2211323800910017, 5.584762335439953, 5.584762335439953]}, {'species': [{'element': 'Cl', 'occu': 1}], 'abc': [0.2883858064693499, 0.7116141935306501, 0.7116141935306501], 'properties': {}, 'label': 'Cl', 'xyz': [7.948392290788904, 5.584762335439953, 5.584762335439953]}, {'species': [{'element': 'Cl', 'occu': 1}], 'abc': [0.2883858064693499, 0.7116141935306501, 0.2883858064693499], 'properties': {}, 'label': 'Cl', 'xyz': [5.584762335439953, 3.2211323800910017, 5.584762335439953]}, {'species': [{'element': 'Cl', 'occu': 1}], 'abc': [0.7116141935306501, 0.2883858064693499, 0.7116141935306501], 'properties': {}, 'label': 'Cl', 'xyz': [5.584762335439953, 7.948392290788904, 5.584762335439953]}, {'species': [{'element': 'Cl', 'occu': 1}], 'abc': [0.2883858064693499, 0.2883858064693499, 0.7116141935306501], 'properties': {}, 'label': 'Cl', 'xyz': [5.584762335439953, 5.584762335439953, 3.2211323800910017]}, {'species': [{'element': 'Cl', 'occu': 1}], 'abc': [0.7116141935306501, 0.7116141935306501, 0.2883858064693499], 'properties': {}, 'label': 'Cl', 'xyz': [5.584762335439953, 5.584762335439953, 7.948392290788904]}]}"
1705_CsCdRaCl,Cd-Cl-Cs-Ra,10,"{'@module': 'pymatgen.core.structure', '@class': 'Structure', 'charge': 0.0, 'lattice': {'matrix': [[0.0, 5.609464442797828, 5.609464442797828], [5.609464442797828, 0.0, 5.609464442797828], [5.609464442797828, 5.609464442797828, 0.0]], 'pbc': (True, True, True), 'a': 7.932980692654325, 'b': 7.932980692654325, 'c': 7.932980692654325, 'alpha': 60.00000000000001, 'beta': 60.00000000000001, 'gamma': 60.00000000000001, 'volume': 353.0158409951701}, 'properties': {}, 'sites': [{'species': [{'element': 'Cd', 'occu': 1}], 'abc': [0.0, 0.0, 0.0], 'properties': {}, 'label': 'Cd', 'xyz': [0.0, 0.0, 0.0]}, {'species': [{'element': 'Ra', 'occu': 1}], 'abc': [0.5, 0.5, 0.5], 'properties': {}, 'label': 'Ra', 'xyz': [5.609464442797828, 5.609464442797828, 5.609464442797828]}, {'species': [{'element': 'Cs', 'occu': 1}], 'abc': [0.25, 0.25, 0.25], 'properties': {}, 'label': 'Cs', 'xyz': [2.804732221398914, 2.804732221398914, 2.804732221398914]}, {'species': [{'element': 'Cs', 'occu': 1}], 'abc': [0.75, 0.75, 0.75], 'properties': {}, 'label': 'Cs', 'xyz': [8.41419666419674, 8.41419666419674, 8.41419666419674]}, {'species': [{'element': 'Cl', 'occu': 1}], 'abc': [0.7683143010817588, 0.2316856989182412, 0.2316856989182412], 'properties': {}, 'label': 'Cl', 'xyz': [2.599265379973274, 5.609464442797828, 5.609464442797828]}, {'species': [{'element': 'Cl', 'occu': 1}], 'abc': [0.2316856989182412, 0.7683143010817588, 0.7683143010817588], 'properties': {}, 'label': 'Cl', 'xyz': [8.61966350562238, 5.609464442797828, 5.609464442797828]}, {'species': [{'element': 'Cl', 'occu': 1}], 'abc': [0.2316856989182412, 0.7683143010817588, 0.2316856989182412], 'properties': {}, 'label': 'Cl', 'xyz': [5.609464442797828, 2.599265379973274, 5.609464442797828]}, {'species': [{'element': 'Cl', 'occu': 1}], 'abc': [0.7683143010817588, 0.2316856989182412, 0.7683143010817588], 'properties': {}, 'label': 'Cl', 'xyz': [5.609464442797828, 8.61966350562238, 5.609464442797828]}, {'species': [{'element': 'Cl', 'occu': 1}], 'abc': [0.2316856989182412, 0.2316856989182412, 0.7683143010817588], 'properties': {}, 'label': 'Cl', 'xyz': [5.609464442797828, 5.609464442797828, 2.599265379973274]}, {'species': [{'element': 'Cl', 'occu': 1}], 'abc': [0.7683143010817588, 0.7683143010817588, 0.2316856989182412], 'properties': {}, 'label': 'Cl', 'xyz': [5.609464442797828, 5.609464442797828, 8.61966350562238]}]}"
1706_CsSmAmCl,Am-Cl-Cs-Sm,10,"{'@module': 'pymatgen.core.structure', '@class': 'Structure', 'charge': 0.0, 'lattice': {'matrix': [[0.0, 5.438597232579826, 5.438597232579826], [5.438597232579826, 0.0, 5.438597232579826], [5.438597232579826, 5.438597232579826, 0.0]], 'pbc': (True, True, True), 'a': 7.691337966599172, 'b': 7.691337966599172, 'c': 7.691337966599172, 'alpha': 60.00000000000001, 'beta': 60.00000000000001, 'gamma': 60.00000000000001, 'volume': 321.7293545944955}, 'properties': {}, 'sites': [{'species': [{'element': 'Sm', 'occu': 1}], 'abc': [0.0, 0.0, 0.0], 'properties': {}, 'label': 'Sm', 'xyz': [0.0, 0.0, 0.0]}, {'species': [{'element': 'Am', 'occu': 1}], 'abc': [0.5, 0.5, 0.5], 'properties': {}, 'label': 'Am', 'xyz': [5.438597232579826, 5.438597232579826, 5.438597232579826]}, {'species': [{'element': 'Cs', 'occu': 1}], 'abc': [0.25, 0.25, 0.25], 'properties': {}, 'label': 'Cs', 'xyz': [2.719298616289913, 2.719298616289913, 2.719298616289913]}, {'species': [{'element': 'Cs', 'occu': 1}], 'abc': [0.75, 0.75, 0.75], 'properties': {}, 'label': 'Cs', 'xyz': [8.157895848869739, 8.157895848869739, 8.157895848869739]}, {'species': [{'element': 'Cl', 'occu': 1}], 'abc': [0.7521768916530078, 0.2478231083469922, 0.2478231083469922], 'properties': {}, 'label': 'Cl', 'xyz': [2.6956201424505646, 5.438597232579827, 5.438597232579827]}, {'species': [{'element': 'Cl', 'occu': 1}], 'abc': [0.2478231083469922, 0.7521768916530078, 0.7521768916530078], 'properties': {}, 'label': 'Cl', 'xyz': [8.18157432270909, 5.438597232579827, 5.438597232579827]}, {'species': [{'element': 'Cl', 'occu': 1}], 'abc': [0.2478231083469922, 0.7521768916530078, 0.2478231083469922], 'properties': {}, 'label': 'Cl', 'xyz': [5.438597232579827, 2.6956201424505646, 5.438597232579827]}, {'species': [{'element': 'Cl', 'occu': 1}], 'abc': [0.7521768916530078, 0.2478231083469922, 0.7521768916530078], 'properties': {}, 'label': 'Cl', 'xyz': [5.438597232579827, 8.18157432270909, 5.438597232579827]}, {'species': [{'element': 'Cl', 'occu': 1}], 'abc': [0.2478231083469922, 0.2478231083469922, 0.7521768916530078], 'properties': {}, 'label': 'Cl', 'xyz': [5.438597232579827, 5.438597232579827, 2.6956201424505646]}, {'species': [{'element': 'Cl', 'occu': 1}], 'abc': [0.7521768916530078, 0.7521768916530078, 0.2478231083469922], 'properties': {}, 'label': 'Cl', 'xyz': [5.438597232579827, 5.438597232579827, 8.18157432270909]}]}"
1712_CsFrVCl,Cl-Cs-Fr-V,10,"{'@module': 'pymatgen.core.structure', '@class': 'Structure', 'charge': 0.0, 'lattice': {'matrix': [[0.0, 5.574818002599882, 5.574818002599882], [5.574818002599882, 0.0, 5.574818002599882], [5.574818002599882, 5.574818002599882, 0.0]], 'pbc': (True, True, True), 'a': 7.883983227038441, 'b': 7.883983227038441, 'c': 7.883983227038441, 'alpha': 60.00000000000001, 'beta': 60.00000000000001, 'gamma': 60.00000000000001, 'volume': 346.51503030028977}, 'properties': {}, 'sites': [{'species': [{'element': 'Fr', 'occu': 1}], 'abc': [0.0, 0.0, 0.0], 'properties': {}, 'label': 'Fr', 'xyz': [0.0, 0.0, 0.0]}, {'species': [{'element': 'V', 'occu': 1}], 'abc': [0.5, 0.5, 0.5], 'properties': {}, 'label': 'V', 'xyz': [5.574818002599882, 5.574818002599882, 5.574818002599882]}, {'species': [{'element': 'Cs', 'occu': 1}], 'abc': [0.25, 0.25, 0.25], 'properties': {}, 'label': 'Cs', 'xyz': [2.787409001299941, 2.787409001299941, 2.787409001299941]}, {'species': [{'element': 'Cs', 'occu': 1}], 'abc': [0.75, 0.75, 0.75], 'properties': {}, 'label': 'Cs', 'xyz': [8.362227003899822, 8.362227003899822, 8.362227003899822]}, {'species': [{'element': 'Cl', 'occu': 1}], 'abc': [0.7110642930917237, 0.2889357069082763, 0.2889357069082763], 'properties': {}, 'label': 'Cl', 'xyz': [3.2215279609323635, 5.574818002599882, 5.574818002599882]}, {'species': [{'element': 'Cl', 'occu': 1}], 'abc': [0.2889357069082763, 0.7110642930917237, 0.7110642930917237], 'properties': {}, 'label': 'Cl', 'xyz': [7.9281080442674, 5.574818002599882, 5.574818002599882]}, {'species': [{'element': 'Cl', 'occu': 1}], 'abc': [0.2889357069082763, 0.7110642930917237, 0.2889357069082763], 'properties': {}, 'label': 'Cl', 'xyz': [5.574818002599882, 3.2215279609323635, 5.574818002599882]}, {'species': [{'element': 'Cl', 'occu': 1}], 'abc': [0.7110642930917237, 0.2889357069082763, 0.7110642930917237], 'properties': {}, 'label': 'Cl', 'xyz': [5.574818002599882, 7.9281080442674, 5.574818002599882]}, {'species': [{'element': 'Cl', 'occu': 1}], 'abc': [0.2889357069082763, 0.2889357069082763, 0.7110642930917237], 'properties': {}, 'label': 'Cl', 'xyz': [5.574818002599882, 5.574818002599882, 3.2215279609323635]}, {'species': [{'element': 'Cl', 'occu': 1}], 'abc': [0.7110642930917237, 0.7110642930917237, 0.2889357069082763], 'properties': {}, 'label': 'Cl', 'xyz': [5.574818002599882, 5.574818002599882, 7.9281080442674]}]}"
1720_CsPdCmCl,Cl-Cm-Cs-Pd,10,"{'@module': 'pymatgen.core.structure', '@class': 'Structure', 'charge': 0.0, 'lattice': {'matrix': [[0.0, 5.240613864163054, 5.240613864163054], [5.240613864163053, 0.0, 5.240613864163054], [5.240613864163053, 5.240613864163054, 0.0]], 'pbc': (True, True, True), 'a': 7.411347201859864, 'b': 7.411347201859862, 'c': 7.411347201859862, 'alpha': 60.00000000000001, 'beta': 59.99999999999999, 'gamma': 59.99999999999999, 'volume': 287.8567912678337}, 'properties': {}, 'sites': [{'species': [{'element': 'Pd', 'occu': 1}], 'abc': [0.0, 0.0, 0.0], 'properties': {}, 'label': 'Pd', 'xyz': [0.0, 0.0, 0.0]}, {'species': [{'element': 'Cm', 'occu': 1}], 'abc': [0.5, 0.5, 0.5], 'properties': {}, 'label': 'Cm', 'xyz': [5.240613864163053, 5.240613864163054, 5.240613864163054]}, {'species': [{'element': 'Cs', 'occu': 1}], 'abc': [0.25, 0.25, 0.25], 'properties': {}, 'label': 'Cs', 'xyz': [2.6203069320815264, 2.620306932081527, 2.620306932081527]}, {'species': [{'element': 'Cs', 'occu': 1}], 'abc': [0.75, 0.75, 0.75], 'properties': {}, 'label': 'Cs', 'xyz': [7.86092079624458, 7.860920796244581, 7.860920796244581]}, {'species': [{'element': 'Cl', 'occu': 1}], 'abc': [0.7531800882157853, 0.2468199117842147, 0.2468199117842147], 'properties': {}, 'label': 'Cl', 'xyz': [2.5869757032957144, 5.240613864163054, 5.240613864163054]}, {'species': [{'element': 'Cl', 'occu': 1}], 'abc': [0.2468199117842147, 0.7531800882157853, 0.7531800882157853], 'properties': {}, 'label': 'Cl', 'xyz': [7.894252025030391, 5.240613864163054, 5.240613864163054]}, {'species': [{'element': 'Cl', 'occu': 1}], 'abc': [0.2468199117842147, 0.7531800882157853, 0.2468199117842147], 'properties': {}, 'label': 'Cl', 'xyz': [5.240613864163053, 2.586975703295715, 5.240613864163054]}, {'species': [{'element': 'Cl', 'occu': 1}], 'abc': [0.7531800882157853, 0.2468199117842147, 0.7531800882157853], 'properties': {}, 'label': 'Cl', 'xyz': [5.240613864163053, 7.894252025030393, 5.240613864163054]}, {'species': [{'element': 'Cl', 'occu': 1}], 'abc': [0.2468199117842147, 0.2468199117842147, 0.7531800882157853], 'properties': {}, 'label': 'Cl', 'xyz': [5.240613864163053, 5.240613864163054, 2.586975703295715]}, {'species': [{'element': 'Cl', 'occu': 1}], 'abc': [0.7531800882157853, 0.7531800882157853, 0.2468199117842147], 'properties': {}, 'label': 'Cl', 'xyz': [5.240613864163053, 5.240613864163054, 7.894252025030393]}]}"
1736_CsFrRhCl,Cl-Cs-Fr-Rh,10,"{'@module': 'pymatgen.core.structure', '@class': 'Structure', 'charge': 0.0, 'lattice': {'matrix': [[0.0, 5.5076164817858455, 5.5076164817858455], [5.5076164817858455, 0.0, 5.5076164817858455], [5.5076164817858455, 5.5076164817858455, 0.0]], 'pbc': (True, True, True), 'a': 7.7889459248911335, 'b': 7.7889459248911335, 'c': 7.7889459248911335, 'alpha': 60.00000000000001, 'beta': 60.00000000000001, 'gamma': 60.00000000000001, 'volume': 334.1343066840355}, 'properties': {}, 'sites': [{'species': [{'element': 'Fr', 'occu': 1}], 'abc': [0.0, 0.0, 0.0], 'properties': {}, 'label': 'Fr', 'xyz': [0.0, 0.0, 0.0]}, {'species': [{'element': 'Rh', 'occu': 1}], 'abc': [0.5, 0.5, 0.5], 'properties': {}, 'label': 'Rh', 'xyz': [5.5076164817858455, 5.5076164817858455, 5.5076164817858455]}, {'species': [{'element': 'Cs', 'occu': 1}], 'abc': [0.25, 0.25, 0.25], 'properties': {}, 'label': 'Cs', 'xyz': [2.7538082408929228, 2.7538082408929228, 2.7538082408929228]}, {'species': [{'element': 'Cs', 'occu': 1}], 'abc': [0.75, 0.75, 0.75], 'properties': {}, 'label': 'Cs', 'xyz': [8.261424722678768, 8.261424722678768, 8.261424722678768]}, {'species': [{'element': 'Cl', 'occu': 1}], 'abc': [0.7106026868220852, 0.2893973131779148, 0.2893973131779148], 'properties': {}, 'label': 'Cl', 'xyz': [3.1877788236864473, 5.5076164817858455, 5.5076164817858455]}, {'species': [{'element': 'Cl', 'occu': 1}], 'abc': [0.2893973131779148, 0.7106026868220852, 0.7106026868220852], 'properties': {}, 'label': 'Cl', 'xyz': [7.827454139885243, 5.5076164817858455, 5.5076164817858455]}, {'species': [{'element': 'Cl', 'occu': 1}], 'abc': [0.2893973131779148, 0.7106026868220852, 0.2893973131779148], 'properties': {}, 'label': 'Cl', 'xyz': [5.5076164817858455, 3.1877788236864473, 5.5076164817858455]}, {'species': [{'element': 'Cl', 'occu': 1}], 'abc': [0.7106026868220852, 0.2893973131779148, 0.7106026868220852], 'properties': {}, 'label': 'Cl', 'xyz': [5.5076164817858455, 7.827454139885243, 5.5076164817858455]}, {'species': [{'element': 'Cl', 'occu': 1}], 'abc': [0.2893973131779148, 0.2893973131779148, 0.7106026868220852], 'properties': {}, 'label': 'Cl', 'xyz': [5.5076164817858455, 5.5076164817858455, 3.1877788236864473]}, {'species': [{'element': 'Cl', 'occu': 1}], 'abc': [0.7106026868220852, 0.7106026868220852, 0.2893973131779148], 'properties': {}, 'label': 'Cl', 'xyz': [5.5076164817858455, 5.5076164817858455, 7.827454139885243]}]}"
1742_CsTlCmCl,Cl-Cm-Cs-Tl,10,"{'@module': 'pymatgen.core.structure', '@class': 'Structure', 'charge': 0.0, 'lattice': {'matrix': [[0.0, 5.660884909302546, 5.660884909302546], [5.660884909302546, 0.0, 5.660884909302546], [5.660884909302546, 5.660884909302546, 0.0]], 'pbc': (True, True, True), 'a': 8.005700213768849, 'b': 8.005700213768849, 'c': 8.005700213768849, 'alpha': 60.00000000000001, 'beta': 60.00000000000001, 'gamma': 60.00000000000001, 'volume': 362.8131101969713}, 'properties': {}, 'sites': [{'species': [{'element': 'Tl', 'occu': 1}], 'abc': [0.0, 0.0, 0.0], 'properties': {}, 'label': 'Tl', 'xyz': [0.0, 0.0, 0.0]}, {'species': [{'element': 'Cm', 'occu': 1}], 'abc': [0.5, 0.5, 0.5], 'properties': {}, 'label': 'Cm', 'xyz': [5.660884909302546, 5.660884909302546, 5.660884909302546]}, {'species': [{'element': 'Cs', 'occu': 1}], 'abc': [0.25, 0.25, 0.25], 'properties': {}, 'label': 'Cs', 'xyz': [2.830442454651273, 2.830442454651273, 2.830442454651273]}, {'species': [{'element': 'Cs', 'occu': 1}], 'abc': [0.75, 0.75, 0.75], 'properties': {}, 'label': 'Cs', 'xyz': [8.49132736395382, 8.49132736395382, 8.49132736395382]}, {'species': [{'element': 'Cl', 'occu': 1}], 'abc': [0.7346285768586469, 0.2653714231413531, 0.2653714231413531], 'properties': {}, 'label': 'Cl', 'xyz': [3.0044741692420525, 5.6608849093025455, 5.6608849093025455]}, {'species': [{'element': 'Cl', 'occu': 1}], 'abc': [0.2653714231413531, 0.7346285768586469, 0.7346285768586469], 'properties': {}, 'label': 'Cl', 'xyz': [8.31729564936304, 5.6608849093025455, 5.6608849093025455]}, {'species': [{'element': 'Cl', 'occu': 1}], 'abc': [0.2653714231413531, 0.7346285768586469, 0.2653714231413531], 'properties': {}, 'label': 'Cl', 'xyz': [5.6608849093025455, 3.0044741692420525, 5.6608849093025455]}, {'species': [{'element': 'Cl', 'occu': 1}], 'abc': [0.7346285768586469, 0.2653714231413531, 0.7346285768586469], 'properties': {}, 'label': 'Cl', 'xyz': [5.6608849093025455, 8.31729564936304, 5.6608849093025455]}, {'species': [{'element': 'Cl', 'occu': 1}], 'abc': [0.2653714231413531, 0.2653714231413531, 0.7346285768586469], 'properties': {}, 'label': 'Cl', 'xyz': [5.6608849093025455, 5.6608849093025455, 3.0044741692420525]}, {'species': [{'element': 'Cl', 'occu': 1}], 'abc': [0.7346285768586469, 0.7346285768586469, 0.2653714231413531], 'properties': {}, 'label': 'Cl', 'xyz': [5.6608849093025455, 5.6608849093025455, 8.31729564936304]}]}"
1743_CsFrTiCl,Cl-Cs-Fr-Ti,10,"{'@module': 'pymatgen.core.structure', '@class': 'Structure', 'charge': 0.0, 'lattice': {'matrix': [[0.0, 5.626505020500713, 5.626505020500713], [5.626505020500713, 0.0, 5.626505020500713], [5.626505020500713, 5.626505020500713, 0.0]], 'pbc': (True, True, True), 'a': 7.957079708752418, 'b': 7.957079708752418, 'c': 7.957079708752418, 'alpha': 60.00000000000001, 'beta': 60.00000000000001, 'gamma': 60.00000000000001, 'volume': 356.2428264391766}, 'properties': {}, 'sites': [{'species': [{'element': 'Fr', 'occu': 1}], 'abc': [0.0, 0.0, 0.0], 'properties': {}, 'label': 'Fr', 'xyz': [0.0, 0.0, 0.0]}, {'species': [{'element': 'Ti', 'occu': 1}], 'abc': [0.5, 0.5, 0.5], 'properties': {}, 'label': 'Ti', 'xyz': [5.626505020500713, 5.626505020500713, 5.626505020500713]}, {'species': [{'element': 'Cs', 'occu': 1}], 'abc': [0.25, 0.25, 0.25], 'properties': {}, 'label': 'Cs', 'xyz': [2.8132525102503565, 2.8132525102503565, 2.8132525102503565]}, {'species': [{'element': 'Cs', 'occu': 1}], 'abc': [0.75, 0.75, 0.75], 'properties': {}, 'label': 'Cs', 'xyz': [8.43975753075107, 8.43975753075107, 8.43975753075107]}, {'species': [{'element': 'Cl', 'occu': 1}], 'abc': [0.7129746196306641, 0.2870253803693359, 0.2870253803693359], 'properties': {}, 'label': 'Cl', 'xyz': [3.22989948731839, 5.626505020500713, 5.626505020500713]}, {'species': [{'element': 'Cl', 'occu': 1}], 'abc': [0.2870253803693359, 0.7129746196306641, 0.7129746196306641], 'properties': {}, 'label': 'Cl', 'xyz': [8.023110553683036, 5.626505020500713, 5.626505020500713]}, {'species': [{'element': 'Cl', 'occu': 1}], 'abc': [0.2870253803693359, 0.7129746196306641, 0.2870253803693359], 'properties': {}, 'label': 'Cl', 'xyz': [5.626505020500713, 3.22989948731839, 5.626505020500713]}, {'species': [{'element': 'Cl', 'occu': 1}], 'abc': [0.7129746196306641, 0.2870253803693359, 0.7129746196306641], 'properties': {}, 'label': 'Cl', 'xyz': [5.626505020500713, 8.023110553683036, 5.626505020500713]}, {'species': [{'element': 'Cl', 'occu': 1}], 'abc': [0.2870253803693359, 0.2870253803693359, 0.7129746196306641], 'properties': {}, 'label': 'Cl', 'xyz': [5.626505020500713, 5.626505020500713, 3.22989948731839]}, {'species': [{'element': 'Cl', 'occu': 1}], 'abc': [0.7129746196306641, 0.7129746196306641, 0.2870253803693359], 'properties': {}, 'label': 'Cl', 'xyz': [5.626505020500713, 5.626505020500713, 8.023110553683036]}]}"
1745_CsTlAmCl,Am-Cl-Cs-Tl,10,"{'@module': 'pymatgen.core.structure', '@class': 'Structure', 'charge': 0.0, 'lattice': {'matrix': [[0.0, 5.63786142305288, 5.63786142305288], [5.63786142305288, 0.0, 5.63786142305288], [5.63786142305288, 5.63786142305288, 0.0]], 'pbc': (True, True, True), 'a': 7.97314008726146, 'b': 7.97314008726146, 'c': 7.97314008726146, 'alpha': 60.00000000000001, 'beta': 60.00000000000001, 'gamma': 60.00000000000001, 'volume': 358.4042790845201}, 'properties': {}, 'sites': [{'species': [{'element': 'Tl', 'occu': 1}], 'abc': [0.0, 0.0, 0.0], 'properties': {}, 'label': 'Tl', 'xyz': [0.0, 0.0, 0.0]}, {'species': [{'element': 'Am', 'occu': 1}], 'abc': [0.5, 0.5, 0.5], 'properties': {}, 'label': 'Am', 'xyz': [5.63786142305288, 5.63786142305288, 5.63786142305288]}, {'species': [{'element': 'Cs', 'occu': 1}], 'abc': [0.25, 0.25, 0.25], 'properties': {}, 'label': 'Cs', 'xyz': [2.81893071152644, 2.81893071152644, 2.81893071152644]}, {'species': [{'element': 'Cs', 'occu': 1}], 'abc': [0.75, 0.75, 0.75], 'properties': {}, 'label': 'Cs', 'xyz': [8.45679213457932, 8.45679213457932, 8.45679213457932]}, {'species': [{'element': 'Cl', 'occu': 1}], 'abc': [0.7359286872182409, 0.2640713127817591, 0.2640713127817591], 'properties': {}, 'label': 'Cl', 'xyz': [2.9775949345344213, 5.63786142305288, 5.63786142305288]}, {'species': [{'element': 'Cl', 'occu': 1}], 'abc': [0.2640713127817591, 0.7359286872182409, 0.7359286872182409], 'properties': {}, 'label': 'Cl', 'xyz': [8.298127911571338, 5.63786142305288, 5.63786142305288]}, {'species': [{'element': 'Cl', 'occu': 1}], 'abc': [0.2640713127817591, 0.7359286872182409, 0.2640713127817591], 'properties': {}, 'label': 'Cl', 'xyz': [5.63786142305288, 2.9775949345344213, 5.63786142305288]}, {'species': [{'element': 'Cl', 'occu': 1}], 'abc': [0.7359286872182409, 0.2640713127817591, 0.7359286872182409], 'properties': {}, 'label': 'Cl', 'xyz': [5.63786142305288, 8.298127911571338, 5.63786142305288]}, {'species': [{'element': 'Cl', 'occu': 1}], 'abc': [0.2640713127817591, 0.2640713127817591, 0.7359286872182409], 'properties': {}, 'label': 'Cl', 'xyz': [5.63786142305288, 5.63786142305288, 2.9775949345344213]}, {'species': [{'element': 'Cl', 'occu': 1}], 'abc': [0.7359286872182409, 0.7359286872182409, 0.2640713127817591], 'properties': {}, 'label': 'Cl', 'xyz': [5.63786142305288, 5.63786142305288, 8.298127911571338]}]}"
1753_CsCaRaCl,Ca-Cl-Cs-Ra,10,"{'@module': 'pymatgen.core.structure', '@class': 'Structure', 'charge': 0.0, 'lattice': {'matrix': [[0.0, 5.697617345757957, 5.697617345757957], [5.697617345757957, 0.0, 5.697617345757957], [5.697617345757957, 5.697617345757957, 0.0]], 'pbc': (True, True, True), 'a': 8.057647723583099, 'b': 8.057647723583099, 'c': 8.057647723583099, 'alpha': 60.00000000000001, 'beta': 60.00000000000001, 'gamma': 60.00000000000001, 'volume': 369.9217195098135}, 'properties': {}, 'sites': [{'species': [{'element': 'Ca', 'occu': 1}], 'abc': [0.0, 0.0, 0.0], 'properties': {}, 'label': 'Ca', 'xyz': [0.0, 0.0, 0.0]}, {'species': [{'element': 'Ra', 'occu': 1}], 'abc': [0.5, 0.5, 0.5], 'properties': {}, 'label': 'Ra', 'xyz': [5.697617345757957, 5.697617345757957, 5.697617345757957]}, {'species': [{'element': 'Cs', 'occu': 1}], 'abc': [0.25, 0.25, 0.25], 'properties': {}, 'label': 'Cs', 'xyz': [2.8488086728789783, 2.8488086728789783, 2.8488086728789783]}, {'species': [{'element': 'Cs', 'occu': 1}], 'abc': [0.75, 0.75, 0.75], 'properties': {}, 'label': 'Cs', 'xyz': [8.546426018636936, 8.546426018636936, 8.546426018636936]}, {'species': [{'element': 'Cl', 'occu': 1}], 'abc': [0.7649881083733163, 0.2350118916266837, 0.2350118916266837], 'properties': {}, 'label': 'Cl', 'xyz': [2.6780156603831644, 5.697617345757957, 5.697617345757957]}, {'species': [{'element': 'Cl', 'occu': 1}], 'abc': [0.2350118916266837, 0.7649881083733163, 0.7649881083733163], 'properties': {}, 'label': 'Cl', 'xyz': [8.71721903113275, 5.697617345757957, 5.697617345757957]}, {'species': [{'element': 'Cl', 'occu': 1}], 'abc': [0.2350118916266837, 0.7649881083733163, 0.2350118916266837], 'properties': {}, 'label': 'Cl', 'xyz': [5.697617345757957, 2.6780156603831644, 5.697617345757957]}, {'species': [{'element': 'Cl', 'occu': 1}], 'abc': [0.7649881083733163, 0.2350118916266837, 0.7649881083733163], 'properties': {}, 'label': 'Cl', 'xyz': [5.697617345757957, 8.71721903113275, 5.697617345757957]}, {'species': [{'element': 'Cl', 'occu': 1}], 'abc': [0.2350118916266837, 0.2350118916266837, 0.7649881083733163], 'properties': {}, 'label': 'Cl', 'xyz': [5.697617345757957, 5.697617345757957, 2.6780156603831644]}, {'species': [{'element': 'Cl', 'occu': 1}], 'abc': [0.7649881083733163, 0.7649881083733163, 0.2350118916266837], 'properties': {}, 'label': 'Cl', 'xyz': [5.697617345757957, 5.697617345757957, 8.71721903113275]}]}"
1754_CsFrRuCl,Cl-Cs-Fr-Ru,10,"{'@module': 'pymatgen.core.structure', '@class': 'Structure', 'charge': 0.0, 'lattice': {'matrix': [[0.0, 5.531535524954608, 5.531535524954608], [5.531535524954608, 0.0, 5.531535524954608], [5.531535524954608, 5.531535524954608, 0.0]], 'pbc': (True, True, True), 'a': 7.822772560139384, 'b': 7.822772560139384, 'c': 7.822772560139384, 'alpha': 60.00000000000001, 'beta': 60.00000000000001, 'gamma': 60.00000000000001, 'volume': 338.5065786507751}, 'properties': {}, 'sites': [{'species': [{'element': 'Fr', 'occu': 1}], 'abc': [0.0, 0.0, 0.0], 'properties': {}, 'label': 'Fr', 'xyz': [0.0, 0.0, 0.0]}, {'species': [{'element': 'Ru', 'occu': 1}], 'abc': [0.5, 0.5, 0.5], 'properties': {}, 'label': 'Ru', 'xyz': [5.531535524954608, 5.531535524954608, 5.531535524954608]}, {'species': [{'element': 'Cs', 'occu': 1}], 'abc': [0.25, 0.25, 0.25], 'properties': {}, 'label': 'Cs', 'xyz': [2.765767762477304, 2.765767762477304, 2.765767762477304]}, {'species': [{'element': 'Cs', 'occu': 1}], 'abc': [0.75, 0.75, 0.75], 'properties': {}, 'label': 'Cs', 'xyz': [8.297303287431912, 8.297303287431912, 8.297303287431912]}, {'species': [{'element': 'Cl', 'occu': 1}], 'abc': [0.7110560638744303, 0.2889439361255697, 0.2889439361255697], 'properties': {}, 'label': 'Cl', 'xyz': [3.1966072947976074, 5.531535524954608, 5.531535524954608]}, {'species': [{'element': 'Cl', 'occu': 1}], 'abc': [0.2889439361255697, 0.7110560638744303, 0.7110560638744303], 'properties': {}, 'label': 'Cl', 'xyz': [7.866463755111608, 5.531535524954608, 5.531535524954608]}, {'species': [{'element': 'Cl', 'occu': 1}], 'abc': [0.2889439361255697, 0.7110560638744303, 0.2889439361255697], 'properties': {}, 'label': 'Cl', 'xyz': [5.531535524954608, 3.1966072947976074, 5.531535524954608]}, {'species': [{'element': 'Cl', 'occu': 1}], 'abc': [0.7110560638744303, 0.2889439361255697, 0.7110560638744303], 'properties': {}, 'label': 'Cl', 'xyz': [5.531535524954608, 7.866463755111608, 5.531535524954608]}, {'species': [{'element': 'Cl', 'occu': 1}], 'abc': [0.2889439361255697, 0.2889439361255697, 0.7110560638744303], 'properties': {}, 'label': 'Cl', 'xyz': [5.531535524954608, 5.531535524954608, 3.1966072947976074]}, {'species': [{'element': 'Cl', 'occu': 1}], 'abc': [0.7110560638744303, 0.7110560638744303, 0.2889439361255697], 'properties': {}, 'label': 'Cl', 'xyz': [5.531535524954608, 5.531535524954608, 7.866463755111608]}]}"
1756_CsFrIrCl,Cl-Cs-Fr-Ir,10,"{'@module': 'pymatgen.core.structure', '@class': 'Structure', 'charge': 0.0, 'lattice': {'matrix': [[0.0, 5.521563238213068, 5.521563238213068], [5.521563238213068, 0.0, 5.521563238213068], [5.521563238213068, 5.521563238213068, 0.0]], 'pbc': (True, True, True), 'a': 7.808669616981626, 'b': 7.808669616981626, 'c': 7.808669616981626, 'alpha': 60.00000000000001, 'beta': 60.00000000000001, 'gamma': 60.00000000000001, 'volume': 336.67909190532316}, 'properties': {}, 'sites': [{'species': [{'element': 'Fr', 'occu': 1}], 'abc': [0.0, 0.0, 0.0], 'properties': {}, 'label': 'Fr', 'xyz': [0.0, 0.0, 0.0]}, {'species': [{'element': 'Ir', 'occu': 1}], 'abc': [0.5, 0.5, 0.5], 'properties': {}, 'label': 'Ir', 'xyz': [5.521563238213068, 5.521563238213068, 5.521563238213068]}, {'species': [{'element': 'Cs', 'occu': 1}], 'abc': [0.25, 0.25, 0.25], 'properties': {}, 'label': 'Cs', 'xyz': [2.760781619106534, 2.760781619106534, 2.760781619106534]}, {'species': [{'element': 'Cs', 'occu': 1}], 'abc': [0.75, 0.75, 0.75], 'properties': {}, 'label': 'Cs', 'xyz': [8.282344857319602, 8.282344857319602, 8.282344857319602]}, {'species': [{'element': 'Cl', 'occu': 1}], 'abc': [0.7111262683594362, 0.2888737316405638, 0.2888737316405638], 'properties': {}, 'label': 'Cl', 'xyz': [3.1900691542239286, 5.521563238213068, 5.521563238213068]}, {'species': [{'element': 'Cl', 'occu': 1}], 'abc': [0.2888737316405638, 0.7111262683594362, 0.7111262683594362], 'properties': {}, 'label': 'Cl', 'xyz': [7.853057322202208, 5.521563238213068, 5.521563238213068]}, {'species': [{'element': 'Cl', 'occu': 1}], 'abc': [0.2888737316405638, 0.7111262683594362, 0.2888737316405638], 'properties': {}, 'label': 'Cl', 'xyz': [5.521563238213068, 3.1900691542239286, 5.521563238213068]}, {'species': [{'element': 'Cl', 'occu': 1}], 'abc': [0.7111262683594362, 0.2888737316405638, 0.7111262683594362], 'properties': {}, 'label': 'Cl', 'xyz': [5.521563238213068, 7.853057322202208, 5.521563238213068]}, {'species': [{'element': 'Cl', 'occu': 1}], 'abc': [0.2888737316405638, 0.2888737316405638, 0.7111262683594362], 'properties': {}, 'label': 'Cl', 'xyz': [5.521563238213068, 5.521563238213068, 3.1900691542239286]}, {'species': [{'element': 'Cl', 'occu': 1}], 'abc': [0.7111262683594362, 0.7111262683594362, 0.2888737316405638], 'properties': {}, 'label': 'Cl', 'xyz': [5.521563238213068, 5.521563238213068, 7.853057322202208]}]}"
1768_CsRbCmCl,Cl-Cm-Cs-Rb,10,"{'@module': 'pymatgen.core.structure', '@class': 'Structure', 'charge': 0.0, 'lattice': {'matrix': [[0.0, 5.712997196970254, 5.712997196970254], [5.712997196970254, 0.0, 5.712997196970254], [5.712997196970254, 5.712997196970254, 0.0]], 'pbc': (True, True, True), 'a': 8.07939811775481, 'b': 8.07939811775481, 'c': 8.07939811775481, 'alpha': 60.00000000000001, 'beta': 60.00000000000001, 'gamma': 60.00000000000001, 'volume': 372.92545527635434}, 'properties': {}, 'sites': [{'species': [{'element': 'Rb', 'occu': 1}], 'abc': [0.0, 0.0, 0.0], 'properties': {}, 'label': 'Rb', 'xyz': [0.0, 0.0, 0.0]}, {'species': [{'element': 'Cm', 'occu': 1}], 'abc': [0.5, 0.5, 0.5], 'properties': {}, 'label': 'Cm', 'xyz': [5.712997196970254, 5.712997196970254, 5.712997196970254]}, {'species': [{'element': 'Cs', 'occu': 1}], 'abc': [0.25, 0.25, 0.25], 'properties': {}, 'label': 'Cs', 'xyz': [2.856498598485127, 2.856498598485127, 2.856498598485127]}, {'species': [{'element': 'Cs', 'occu': 1}], 'abc': [0.75, 0.75, 0.75], 'properties': {}, 'label': 'Cs', 'xyz': [8.569495795455381, 8.569495795455381, 8.569495795455381]}, {'species': [{'element': 'Cl', 'occu': 1}], 'abc': [0.7326039570695713, 0.2673960429304287, 0.2673960429304287], 'properties': {}, 'label': 'Cl', 'xyz': [3.0552656874849533, 5.712997196970253, 5.712997196970253]}, {'species': [{'element': 'Cl', 'occu': 1}], 'abc': [0.2673960429304287, 0.7326039570695713, 0.7326039570695713], 'properties': {}, 'label': 'Cl', 'xyz': [8.370728706455553, 5.712997196970253, 5.712997196970253]}, {'species': [{'element': 'Cl', 'occu': 1}], 'abc': [0.2673960429304287, 0.7326039570695713, 0.2673960429304287], 'properties': {}, 'label': 'Cl', 'xyz': [5.712997196970253, 3.0552656874849533, 5.712997196970253]}, {'species': [{'element': 'Cl', 'occu': 1}], 'abc': [0.7326039570695713, 0.2673960429304287, 0.7326039570695713], 'properties': {}, 'label': 'Cl', 'xyz': [5.712997196970253, 8.370728706455553, 5.712997196970253]}, {'species': [{'element': 'Cl', 'occu': 1}], 'abc': [0.2673960429304287, 0.2673960429304287, 0.7326039570695713], 'properties': {}, 'label': 'Cl', 'xyz': [5.712997196970253, 5.712997196970253, 3.0552656874849533]}, {'species': [{'element': 'Cl', 'occu': 1}], 'abc': [0.7326039570695713, 0.7326039570695713, 0.2673960429304287], 'properties': {}, 'label': 'Cl', 'xyz': [5.712997196970253, 5.712997196970253, 8.370728706455553]}]}"
1769_CsFrMoCl,Cl-Cs-Fr-Mo,10,"{'@module': 'pymatgen.core.structure', '@class': 'Structure', 'charge': 0.0, 'lattice': {'matrix': [[0.0, 5.640489579827551, 5.640489579827551], [5.64048957982755, 0.0, 5.640489579827551], [5.64048957982755, 5.640489579827551, 0.0]], 'pbc': (True, True, True), 'a': 7.976856862216243, 'b': 7.976856862216242, 'c': 7.976856862216242, 'alpha': 60.00000000000001, 'beta': 60.00000000000001, 'gamma': 60.00000000000001, 'volume': 358.9057361421851}, 'properties': {}, 'sites': [{'species': [{'element': 'Fr', 'occu': 1}], 'abc': [0.0, 0.0, 0.0], 'properties': {}, 'label': 'Fr', 'xyz': [0.0, 0.0, 0.0]}, {'species': [{'element': 'Mo', 'occu': 1}], 'abc': [0.5, 0.5, 0.5], 'properties': {}, 'label': 'Mo', 'xyz': [5.64048957982755, 5.640489579827551, 5.640489579827551]}, {'species': [{'element': 'Cs', 'occu': 1}], 'abc': [0.25, 0.25, 0.25], 'properties': {}, 'label': 'Cs', 'xyz': [2.820244789913775, 2.8202447899137755, 2.8202447899137755]}, {'species': [{'element': 'Cs', 'occu': 1}], 'abc': [0.75, 0.75, 0.75], 'properties': {}, 'label': 'Cs', 'xyz': [8.460734369741324, 8.460734369741326, 8.460734369741326]}, {'species': [{'element': 'Cl', 'occu': 1}], 'abc': [0.714327901236409, 0.285672098763591, 0.285672098763591], 'properties': {}, 'label': 'Cl', 'xyz': [3.2226609926470036, 5.640489579827551, 5.640489579827551]}, {'species': [{'element': 'Cl', 'occu': 1}], 'abc': [0.285672098763591, 0.714327901236409, 0.714327901236409], 'properties': {}, 'label': 'Cl', 'xyz': [8.058318167008096, 5.640489579827551, 5.640489579827551]}, {'species': [{'element': 'Cl', 'occu': 1}], 'abc': [0.285672098763591, 0.714327901236409, 0.285672098763591], 'properties': {}, 'label': 'Cl', 'xyz': [5.64048957982755, 3.222660992647004, 5.640489579827551]}, {'species': [{'element': 'Cl', 'occu': 1}], 'abc': [0.714327901236409, 0.285672098763591, 0.714327901236409], 'properties': {}, 'label': 'Cl', 'xyz': [5.64048957982755, 8.058318167008098, 5.640489579827551]}, {'species': [{'element': 'Cl', 'occu': 1}], 'abc': [0.285672098763591, 0.285672098763591, 0.714327901236409], 'properties': {}, 'label': 'Cl', 'xyz': [5.64048957982755, 5.640489579827551, 3.222660992647004]}, {'species': [{'element': 'Cl', 'occu': 1}], 'abc': [0.714327901236409, 0.714327901236409, 0.285672098763591], 'properties': {}, 'label': 'Cl', 'xyz': [5.64048957982755, 5.640489579827551, 8.058318167008098]}]}"
1773_CsRbAmCl,Am-Cl-Cs-Rb,10,"{'@module': 'pymatgen.core.structure', '@class': 'Structure', 'charge': 0.0, 'lattice': {'matrix': [[0.0, 5.711043742911132, 5.711043742911132], [5.711043742911132, 0.0, 5.711043742911132], [5.711043742911132, 5.711043742911132, 0.0]], 'pbc': (True, True, True), 'a': 8.076635516530926, 'b': 8.076635516530926, 'c': 8.076635516530926, 'alpha': 60.00000000000001, 'beta': 60.00000000000001, 'gamma': 60.00000000000001, 'volume': 372.54304111458595}, 'properties': {}, 'sites': [{'species': [{'element': 'Rb', 'occu': 1}], 'abc': [0.0, 0.0, 0.0], 'properties': {}, 'label': 'Rb', 'xyz': [0.0, 0.0, 0.0]}, {'species': [{'element': 'Am', 'occu': 1}], 'abc': [0.5, 0.5, 0.5], 'properties': {}, 'label': 'Am', 'xyz': [5.711043742911132, 5.711043742911132, 5.711043742911132]}, {'species': [{'element': 'Cs', 'occu': 1}], 'abc': [0.25, 0.25, 0.25], 'properties': {}, 'label': 'Cs', 'xyz': [2.855521871455566, 2.855521871455566, 2.855521871455566]}, {'species': [{'element': 'Cs', 'occu': 1}], 'abc': [0.75, 0.75, 0.75], 'properties': {}, 'label': 'Cs', 'xyz': [8.566565614366699, 8.566565614366699, 8.566565614366699]}, {'species': [{'element': 'Cl', 'occu': 1}], 'abc': [0.7327522208596235, 0.2672477791403765, 0.2672477791403765], 'properties': {}, 'label': 'Cl', 'xyz': [3.0525275137330867, 5.711043742911132, 5.711043742911132]}, {'species': [{'element': 'Cl', 'occu': 1}], 'abc': [0.2672477791403765, 0.7327522208596235, 0.7327522208596235], 'properties': {}, 'label': 'Cl', 'xyz': [8.369559972089178, 5.711043742911132, 5.711043742911132]}, {'species': [{'element': 'Cl', 'occu': 1}], 'abc': [0.2672477791403765, 0.7327522208596235, 0.2672477791403765], 'properties': {}, 'label': 'Cl', 'xyz': [5.711043742911132, 3.0525275137330867, 5.711043742911132]}, {'species': [{'element': 'Cl', 'occu': 1}], 'abc': [0.7327522208596235, 0.2672477791403765, 0.7327522208596235], 'properties': {}, 'label': 'Cl', 'xyz': [5.711043742911132, 8.369559972089178, 5.711043742911132]}, {'species': [{'element': 'Cl', 'occu': 1}], 'abc': [0.2672477791403765, 0.2672477791403765, 0.7327522208596235], 'properties': {}, 'label': 'Cl', 'xyz': [5.711043742911132, 5.711043742911132, 3.0525275137330867]}, {'species': [{'element': 'Cl', 'occu': 1}], 'abc': [0.7327522208596235, 0.7327522208596235, 0.2672477791403765], 'properties': {}, 'label': 'Cl', 'xyz': [5.711043742911132, 5.711043742911132, 8.369559972089178]}]}"
1777_CsYbRaCl,Cl-Cs-Ra-Yb,10,"{'@module': 'pymatgen.core.structure', '@class': 'Structure', 'charge': 0.0, 'lattice': {'matrix': [[0.0, 5.653850211557497, 5.653850211557497], [5.653850211557497, 0.0, 5.653850211557497], [5.653850211557497, 5.653850211557497, 0.0]], 'pbc': (True, True, True), 'a': 7.9957516488106055, 'b': 7.9957516488106055, 'c': 7.9957516488106055, 'alpha': 60.00000000000001, 'beta': 60.00000000000001, 'gamma': 60.00000000000001, 'volume': 361.4622029227917}, 'properties': {}, 'sites': [{'species': [{'element': 'Yb', 'occu': 1}], 'abc': [0.0, 0.0, 0.0], 'properties': {}, 'label': 'Yb', 'xyz': [0.0, 0.0, 0.0]}, {'species': [{'element': 'Ra', 'occu': 1}], 'abc': [0.5, 0.5, 0.5], 'properties': {}, 'label': 'Ra', 'xyz': [5.653850211557497, 5.653850211557497, 5.653850211557497]}, {'species': [{'element': 'Cs', 'occu': 1}], 'abc': [0.25, 0.25, 0.25], 'properties': {}, 'label': 'Cs', 'xyz': [2.8269251057787486, 2.8269251057787486, 2.8269251057787486]}, {'species': [{'element': 'Cs', 'occu': 1}], 'abc': [0.75, 0.75, 0.75], 'properties': {}, 'label': 'Cs', 'xyz': [8.480775317336246, 8.480775317336246, 8.480775317336246]}, {'species': [{'element': 'Cl', 'occu': 1}], 'abc': [0.7715267214287991, 0.2284732785712009, 0.2284732785712009], 'properties': {}, 'label': 'Cl', 'xyz': [2.5835073887700384, 5.653850211557497, 5.653850211557497]}, {'species': [{'element': 'Cl', 'occu': 1}], 'abc': [0.2284732785712009, 0.7715267214287991, 0.7715267214287991], 'properties': {}, 'label': 'Cl', 'xyz': [8.724193034344955, 5.653850211557497, 5.653850211557497]}, {'species': [{'element': 'Cl', 'occu': 1}], 'abc': [0.2284732785712009, 0.7715267214287991, 0.2284732785712009], 'properties': {}, 'label': 'Cl', 'xyz': [5.653850211557497, 2.5835073887700384, 5.653850211557497]}, {'species': [{'element': 'Cl', 'occu': 1}], 'abc': [0.7715267214287991, 0.2284732785712009, 0.7715267214287991], 'properties': {}, 'label': 'Cl', 'xyz': [5.653850211557497, 8.724193034344955, 5.653850211557497]}, {'species': [{'element': 'Cl', 'occu': 1}], 'abc': [0.2284732785712009, 0.2284732785712009, 0.7715267214287991], 'properties': {}, 'label': 'Cl', 'xyz': [5.653850211557497, 5.653850211557497, 2.5835073887700384]}, {'species': [{'element': 'Cl', 'occu': 1}], 'abc': [0.7715267214287991, 0.7715267214287991, 0.2284732785712009], 'properties': {}, 'label': 'Cl', 'xyz': [5.653850211557497, 5.653850211557497, 8.724193034344955]}]}"
1778_CsNdAmCl,Am-Cl-Cs-Nd,10,"{'@module': 'pymatgen.core.structure', '@class': 'Structure', 'charge': 0.0, 'lattice': {'matrix': [[0.0, 5.475785453123081, 5.475785453123081], [5.475785453123081, 0.0, 5.475785453123081], [5.475785453123081, 5.475785453123081, 0.0]], 'pbc': (True, True, True), 'a': 7.743930052451965, 'b': 7.743930052451965, 'c': 7.743930052451965, 'alpha': 60.00000000000001, 'beta': 60.00000000000001, 'gamma': 60.00000000000001, 'volume': 328.37438070697215}, 'properties': {}, 'sites': [{'species': [{'element': 'Nd', 'occu': 1}], 'abc': [0.0, 0.0, 0.0], 'properties': {}, 'label': 'Nd', 'xyz': [0.0, 0.0, 0.0]}, {'species': [{'element': 'Am', 'occu': 1}], 'abc': [0.5, 0.5, 0.5], 'properties': {}, 'label': 'Am', 'xyz': [5.475785453123081, 5.475785453123081, 5.475785453123081]}, {'species': [{'element': 'Cs', 'occu': 1}], 'abc': [0.25, 0.25, 0.25], 'properties': {}, 'label': 'Cs', 'xyz': [2.7378927265615407, 2.7378927265615407, 2.7378927265615407]}, {'species': [{'element': 'Cs', 'occu': 1}], 'abc': [0.75, 0.75, 0.75], 'properties': {}, 'label': 'Cs', 'xyz': [8.213678179684623, 8.213678179684623, 8.213678179684623]}, {'species': [{'element': 'Cl', 'occu': 1}], 'abc': [0.7501918053461196, 0.2498081946538804, 0.2498081946538804], 'properties': {}, 'label': 'Cl', 'xyz': [2.7357921567133148, 5.475785453123081, 5.475785453123081]}, {'species': [{'element': 'Cl', 'occu': 1}], 'abc': [0.2498081946538804, 0.7501918053461196, 0.7501918053461196], 'properties': {}, 'label': 'Cl', 'xyz': [8.215778749532848, 5.475785453123081, 5.475785453123081]}, {'species': [{'element': 'Cl', 'occu': 1}], 'abc': [0.2498081946538804, 0.7501918053461196, 0.2498081946538804], 'properties': {}, 'label': 'Cl', 'xyz': [5.475785453123081, 2.7357921567133148, 5.475785453123081]}, {'species': [{'element': 'Cl', 'occu': 1}], 'abc': [0.7501918053461196, 0.2498081946538804, 0.7501918053461196], 'properties': {}, 'label': 'Cl', 'xyz': [5.475785453123081, 8.215778749532848, 5.475785453123081]}, {'species': [{'element': 'Cl', 'occu': 1}], 'abc': [0.2498081946538804, 0.2498081946538804, 0.7501918053461196], 'properties': {}, 'label': 'Cl', 'xyz': [5.475785453123081, 5.475785453123081, 2.7357921567133148]}, {'species': [{'element': 'Cl', 'occu': 1}], 'abc': [0.7501918053461196, 0.7501918053461196, 0.2498081946538804], 'properties': {}, 'label': 'Cl', 'xyz': [5.475785453123081, 5.475785453123081, 8.215778749532848]}]}"
1779_CsHgRaCl,Cl-Cs-Hg-Ra,10,"{'@module': 'pymatgen.core.structure', '@class': 'Structure', 'charge': 0.0, 'lattice': {'matrix': [[0.0, 5.647517594339453, 5.647517594339453], [5.647517594339453, 0.0, 5.647517594339453], [5.647517594339453, 5.647517594339453, 0.0]], 'pbc': (True, True, True), 'a': 7.98679597565553, 'b': 7.98679597565553, 'c': 7.98679597565553, 'alpha': 60.00000000000001, 'beta': 60.00000000000001, 'gamma': 60.00000000000001, 'volume': 360.24899130446585}, 'properties': {}, 'sites': [{'species': [{'element': 'Hg', 'occu': 1}], 'abc': [0.0, 0.0, 0.0], 'properties': {}, 'label': 'Hg', 'xyz': [0.0, 0.0, 0.0]}, {'species': [{'element': 'Ra', 'occu': 1}], 'abc': [0.5, 0.5, 0.5], 'properties': {}, 'label': 'Ra', 'xyz': [5.647517594339453, 5.647517594339453, 5.647517594339453]}, {'species': [{'element': 'Cs', 'occu': 1}], 'abc': [0.25, 0.25, 0.25], 'properties': {}, 'label': 'Cs', 'xyz': [2.8237587971697264, 2.8237587971697264, 2.8237587971697264]}, {'species': [{'element': 'Cs', 'occu': 1}], 'abc': [0.75, 0.75, 0.75], 'properties': {}, 'label': 'Cs', 'xyz': [8.471276391509178, 8.471276391509178, 8.471276391509178]}, {'species': [{'element': 'Cl', 'occu': 1}], 'abc': [0.7661612943782572, 0.2338387056217428, 0.2338387056217428], 'properties': {}, 'label': 'Cl', 'xyz': [2.641216408472713, 5.647517594339453, 5.647517594339453]}, {'species': [{'element': 'Cl', 'occu': 1}], 'abc': [0.2338387056217428, 0.7661612943782572, 0.7661612943782572], 'properties': {}, 'label': 'Cl', 'xyz': [8.653818780206192, 5.647517594339453, 5.647517594339453]}, {'species': [{'element': 'Cl', 'occu': 1}], 'abc': [0.2338387056217428, 0.7661612943782572, 0.2338387056217428], 'properties': {}, 'label': 'Cl', 'xyz': [5.647517594339453, 2.641216408472713, 5.647517594339453]}, {'species': [{'element': 'Cl', 'occu': 1}], 'abc': [0.7661612943782572, 0.2338387056217428, 0.7661612943782572], 'properties': {}, 'label': 'Cl', 'xyz': [5.647517594339453, 8.653818780206192, 5.647517594339453]}, {'species': [{'element': 'Cl', 'occu': 1}], 'abc': [0.2338387056217428, 0.2338387056217428, 0.7661612943782572], 'properties': {}, 'label': 'Cl', 'xyz': [5.647517594339453, 5.647517594339453, 2.641216408472713]}, {'species': [{'element': 'Cl', 'occu': 1}], 'abc': [0.7661612943782572, 0.7661612943782572, 0.2338387056217428], 'properties': {}, 'label': 'Cl', 'xyz': [5.647517594339453, 5.647517594339453, 8.653818780206192]}]}"
1788_CsTmRaCl,Cl-Cs-Ra-Tm,10,"{'@module': 'pymatgen.core.structure', '@class': 'Structure', 'charge': 0.0, 'lattice': {'matrix': [[0.0, 5.6635264800482545, 5.6635264800482545], [5.6635264800482545, 0.0, 5.6635264800482545], [5.6635264800482545, 5.6635264800482545, 0.0]], 'pbc': (True, True, True), 'a': 8.009435958943397, 'b': 8.009435958943397, 'c': 8.009435958943397, 'alpha': 59.99999999999999, 'beta': 59.99999999999999, 'gamma': 59.99999999999999, 'volume': 363.32125184176385}, 'properties': {}, 'sites': [{'species': [{'element': 'Tm', 'occu': 1}], 'abc': [0.0, 0.0, 0.0], 'properties': {}, 'label': 'Tm', 'xyz': [0.0, 0.0, 0.0]}, {'species': [{'element': 'Ra', 'occu': 1}], 'abc': [0.5, 0.5, 0.5], 'properties': {}, 'label': 'Ra', 'xyz': [5.6635264800482545, 5.6635264800482545, 5.6635264800482545]}, {'species': [{'element': 'Cs', 'occu': 1}], 'abc': [0.25, 0.25, 0.25], 'properties': {}, 'label': 'Cs', 'xyz': [2.8317632400241273, 2.8317632400241273, 2.8317632400241273]}, {'species': [{'element': 'Cs', 'occu': 1}], 'abc': [0.75, 0.75, 0.75], 'properties': {}, 'label': 'Cs', 'xyz': [8.495289720072382, 8.495289720072382, 8.495289720072382]}, {'species': [{'element': 'Cl', 'occu': 1}], 'abc': [0.7709353607080516, 0.2290646392919484, 0.2290646392919484], 'properties': {}, 'label': 'Cl', 'xyz': [2.5946273005453033, 5.6635264800482545, 5.6635264800482545]}, {'species': [{'element': 'Cl', 'occu': 1}], 'abc': [0.2290646392919484, 0.7709353607080516, 0.7709353607080516], 'properties': {}, 'label': 'Cl', 'xyz': [8.732425659551206, 5.6635264800482545, 5.6635264800482545]}, {'species': [{'element': 'Cl', 'occu': 1}], 'abc': [0.2290646392919484, 0.7709353607080516, 0.2290646392919484], 'properties': {}, 'label': 'Cl', 'xyz': [5.6635264800482545, 2.5946273005453033, 5.6635264800482545]}, {'species': [{'element': 'Cl', 'occu': 1}], 'abc': [0.7709353607080516, 0.2290646392919484, 0.7709353607080516], 'properties': {}, 'label': 'Cl', 'xyz': [5.6635264800482545, 8.732425659551206, 5.6635264800482545]}, {'species': [{'element': 'Cl', 'occu': 1}], 'abc': [0.2290646392919484, 0.2290646392919484, 0.7709353607080516], 'properties': {}, 'label': 'Cl', 'xyz': [5.6635264800482545, 5.6635264800482545, 2.5946273005453033]}, {'species': [{'element': 'Cl', 'occu': 1}], 'abc': [0.7709353607080516, 0.7709353607080516, 0.2290646392919484], 'properties': {}, 'label': 'Cl', 'xyz': [5.6635264800482545, 5.6635264800482545, 8.732425659551206]}]}"
1802_CsFrNbCl,Cl-Cs-Fr-Nb,10,"{'@module': 'pymatgen.core.structure', '@class': 'Structure', 'charge': 0.0, 'lattice': {'matrix': [[0.0, 5.6807315953855255, 5.6807315953855255], [5.6807315953855255, 0.0, 5.6807315953855255], [5.6807315953855255, 5.6807315953855255, 0.0]], 'pbc': (True, True, True), 'a': 8.03376766639556, 'b': 8.03376766639556, 'c': 8.03376766639556, 'alpha': 60.00000000000001, 'beta': 60.00000000000001, 'gamma': 60.00000000000001, 'volume': 366.642500379279}, 'properties': {}, 'sites': [{'species': [{'element': 'Fr', 'occu': 1}], 'abc': [0.0, 0.0, 0.0], 'properties': {}, 'label': 'Fr', 'xyz': [0.0, 0.0, 0.0]}, {'species': [{'element': 'Nb', 'occu': 1}], 'abc': [0.5, 0.5, 0.5], 'properties': {}, 'label': 'Nb', 'xyz': [5.6807315953855255, 5.6807315953855255, 5.6807315953855255]}, {'species': [{'element': 'Cs', 'occu': 1}], 'abc': [0.25, 0.25, 0.25], 'properties': {}, 'label': 'Cs', 'xyz': [2.8403657976927628, 2.8403657976927628, 2.8403657976927628]}, {'species': [{'element': 'Cs', 'occu': 1}], 'abc': [0.75, 0.75, 0.75], 'properties': {}, 'label': 'Cs', 'xyz': [8.52109739307829, 8.52109739307829, 8.52109739307829]}, {'species': [{'element': 'Cl', 'occu': 1}], 'abc': [0.7159609307248047, 0.2840390692751953, 0.2840390692751953], 'properties': {}, 'label': 'Cl', 'xyz': [3.2270994303109997, 5.6807315953855255, 5.6807315953855255]}, {'species': [{'element': 'Cl', 'occu': 1}], 'abc': [0.2840390692751953, 0.7159609307248047, 0.7159609307248047], 'properties': {}, 'label': 'Cl', 'xyz': [8.134363760460051, 5.6807315953855255, 5.6807315953855255]}, {'species': [{'element': 'Cl', 'occu': 1}], 'abc': [0.2840390692751953, 0.7159609307248047, 0.2840390692751953], 'properties': {}, 'label': 'Cl', 'xyz': [5.6807315953855255, 3.2270994303109997, 5.6807315953855255]}, {'species': [{'element': 'Cl', 'occu': 1}], 'abc': [0.7159609307248047, 0.2840390692751953, 0.7159609307248047], 'properties': {}, 'label': 'Cl', 'xyz': [5.6807315953855255, 8.134363760460051, 5.6807315953855255]}, {'species': [{'element': 'Cl', 'occu': 1}], 'abc': [0.2840390692751953, 0.2840390692751953, 0.7159609307248047], 'properties': {}, 'label': 'Cl', 'xyz': [5.6807315953855255, 5.6807315953855255, 3.2270994303109997]}, {'species': [{'element': 'Cl', 'occu': 1}], 'abc': [0.7159609307248047, 0.7159609307248047, 0.2840390692751953], 'properties': {}, 'label': 'Cl', 'xyz': [5.6807315953855255, 5.6807315953855255, 8.134363760460051]}]}"
1804_CsFrTaCl,Cl-Cs-Fr-Ta,10,"{'@module': 'pymatgen.core.structure', '@class': 'Structure', 'charge': 0.0, 'lattice': {'matrix': [[0.0, 5.66670230078955, 5.66670230078955], [5.66670230078955, 0.0, 5.66670230078955], [5.66670230078955, 5.66670230078955, 0.0]], 'pbc': (True, True, True), 'a': 8.013927247707402, 'b': 8.013927247707402, 'c': 8.013927247707402, 'alpha': 59.99999999999999, 'beta': 59.99999999999999, 'gamma': 59.99999999999999, 'volume': 363.9327914767743}, 'properties': {}, 'sites': [{'species': [{'element': 'Fr', 'occu': 1}], 'abc': [0.0, 0.0, 0.0], 'properties': {}, 'label': 'Fr', 'xyz': [0.0, 0.0, 0.0]}, {'species': [{'element': 'Ta', 'occu': 1}], 'abc': [0.5, 0.5, 0.5], 'properties': {}, 'label': 'Ta', 'xyz': [5.66670230078955, 5.66670230078955, 5.66670230078955]}, {'species': [{'element': 'Cs', 'occu': 1}], 'abc': [0.25, 0.25, 0.25], 'properties': {}, 'label': 'Cs', 'xyz': [2.833351150394775, 2.833351150394775, 2.833351150394775]}, {'species': [{'element': 'Cs', 'occu': 1}], 'abc': [0.75, 0.75, 0.75], 'properties': {}, 'label': 'Cs', 'xyz': [8.500053451184325, 8.500053451184325, 8.500053451184325]}, {'species': [{'element': 'Cl', 'occu': 1}], 'abc': [0.715297792344245, 0.284702207655755, 0.284702207655755], 'properties': {}, 'label': 'Cl', 'xyz': [3.2266453103254618, 5.666702300789549, 5.666702300789549]}, {'species': [{'element': 'Cl', 'occu': 1}], 'abc': [0.284702207655755, 0.715297792344245, 0.715297792344245], 'properties': {}, 'label': 'Cl', 'xyz': [8.106759291253637, 5.666702300789549, 5.666702300789549]}, {'species': [{'element': 'Cl', 'occu': 1}], 'abc': [0.284702207655755, 0.715297792344245, 0.284702207655755], 'properties': {}, 'label': 'Cl', 'xyz': [5.666702300789549, 3.2266453103254618, 5.666702300789549]}, {'species': [{'element': 'Cl', 'occu': 1}], 'abc': [0.715297792344245, 0.284702207655755, 0.715297792344245], 'properties': {}, 'label': 'Cl', 'xyz': [5.666702300789549, 8.106759291253637, 5.666702300789549]}, {'species': [{'element': 'Cl', 'occu': 1}], 'abc': [0.284702207655755, 0.284702207655755, 0.715297792344245], 'properties': {}, 'label': 'Cl', 'xyz': [5.666702300789549, 5.666702300789549, 3.2266453103254618]}, {'species': [{'element': 'Cl', 'occu': 1}], 'abc': [0.715297792344245, 0.715297792344245, 0.284702207655755], 'properties': {}, 'label': 'Cl', 'xyz': [5.666702300789549, 5.666702300789549, 8.106759291253637]}]}"
1839_CsNiAmF,Am-Cs-F-Ni,10,"{'@module': 'pymatgen.core.structure', '@class': 'Structure', 'charge': 0.0, 'lattice': {'matrix': [[0.0, 4.443300026878494, 4.443300026878495], [4.443300026878494, 0.0, 4.443300026878495], [4.443300026878494, 4.443300026878494, 0.0]], 'pbc': (True, True, True), 'a': 6.283775159704304, 'b': 6.283775159704304, 'c': 6.2837751597043034, 'alpha': 60.00000000000001, 'beta': 60.00000000000001, 'gamma': 59.99999999999999, 'volume': 175.44739064543296}, 'properties': {}, 'sites': [{'species': [{'element': 'Ni', 'occu': 1}], 'abc': [0.0, 0.0, 0.0], 'properties': {}, 'label': 'Ni', 'xyz': [0.0, 0.0, 0.0]}, {'species': [{'element': 'Am', 'occu': 1}], 'abc': [0.5, 0.5, 0.5], 'properties': {}, 'label': 'Am', 'xyz': [4.443300026878494, 4.443300026878494, 4.443300026878495]}, {'species': [{'element': 'Cs', 'occu': 1}], 'abc': [0.25, 0.25, 0.25], 'properties': {}, 'label': 'Cs', 'xyz': [2.221650013439247, 2.221650013439247, 2.2216500134392474]}, {'species': [{'element': 'Cs', 'occu': 1}], 'abc': [0.75, 0.75, 0.75], 'properties': {}, 'label': 'Cs', 'xyz': [6.664950040317741, 6.664950040317741, 6.664950040317742]}, {'species': [{'element': 'F', 'occu': 1}], 'abc': [0.7612567884927728, 0.2387432115072272, 0.2387432115072272], 'properties': {}, 'label': 'F', 'xyz': [2.121615436214241, 4.443300026878494, 4.443300026878495]}, {'species': [{'element': 'F', 'occu': 1}], 'abc': [0.2387432115072272, 0.7612567884927728, 0.7612567884927728], 'properties': {}, 'label': 'F', 'xyz': [6.764984617542747, 4.443300026878494, 4.443300026878495]}, {'species': [{'element': 'F', 'occu': 1}], 'abc': [0.2387432115072272, 0.7612567884927728, 0.2387432115072272], 'properties': {}, 'label': 'F', 'xyz': [4.443300026878494, 2.121615436214241, 4.443300026878495]}, {'species': [{'element': 'F', 'occu': 1}], 'abc': [0.7612567884927728, 0.2387432115072272, 0.7612567884927728], 'properties': {}, 'label': 'F', 'xyz': [4.443300026878494, 6.764984617542747, 4.443300026878495]}, {'species': [{'element': 'F', 'occu': 1}], 'abc': [0.2387432115072272, 0.2387432115072272, 0.7612567884927728], 'properties': {}, 'label': 'F', 'xyz': [4.443300026878494, 4.443300026878494, 2.1216154362142414]}, {'species': [{'element': 'F', 'occu': 1}], 'abc': [0.7612567884927728, 0.7612567884927728, 0.2387432115072272], 'properties': {}, 'label': 'F', 'xyz': [4.443300026878494, 4.443300026878494, 6.764984617542748]}]}"
1846_CsMgAmF,Am-Cs-F-Mg,10,"{'@module': 'pymatgen.core.structure', '@class': 'Structure', 'charge': 0.0, 'lattice': {'matrix': [[0.0, 4.442983192244578, 4.442983192244578], [4.442983192244578, 0.0, 4.442983192244578], [4.442983192244578, 4.442983192244578, 0.0]], 'pbc': (True, True, True), 'a': 6.283327087867991, 'b': 6.283327087867991, 'c': 6.283327087867991, 'alpha': 60.00000000000001, 'beta': 60.00000000000001, 'gamma': 60.00000000000001, 'volume': 175.40986188586797}, 'properties': {}, 'sites': [{'species': [{'element': 'Mg', 'occu': 1}], 'abc': [0.0, 0.0, 0.0], 'properties': {}, 'label': 'Mg', 'xyz': [0.0, 0.0, 0.0]}, {'species': [{'element': 'Am', 'occu': 1}], 'abc': [0.5, 0.5, 0.5], 'properties': {}, 'label': 'Am', 'xyz': [4.442983192244578, 4.442983192244578, 4.442983192244578]}, {'species': [{'element': 'Cs', 'occu': 1}], 'abc': [0.25, 0.25, 0.25], 'properties': {}, 'label': 'Cs', 'xyz': [2.221491596122289, 2.221491596122289, 2.221491596122289]}, {'species': [{'element': 'Cs', 'occu': 1}], 'abc': [0.75, 0.75, 0.75], 'properties': {}, 'label': 'Cs', 'xyz': [6.664474788366867, 6.664474788366867, 6.664474788366867]}, {'species': [{'element': 'F', 'occu': 1}], 'abc': [0.7727337340975851, 0.2272662659024149, 0.2272662659024149], 'properties': {}, 'label': 'F', 'xyz': [2.0194803991372328, 4.442983192244578, 4.442983192244578]}, {'species': [{'element': 'F', 'occu': 1}], 'abc': [0.2272662659024149, 0.7727337340975851, 0.7727337340975851], 'properties': {}, 'label': 'F', 'xyz': [6.866485985351924, 4.442983192244578, 4.442983192244578]}, {'species': [{'element': 'F', 'occu': 1}], 'abc': [0.2272662659024149, 0.7727337340975851, 0.2272662659024149], 'properties': {}, 'label': 'F', 'xyz': [4.442983192244578, 2.0194803991372328, 4.442983192244578]}, {'species': [{'element': 'F', 'occu': 1}], 'abc': [0.7727337340975851, 0.2272662659024149, 0.7727337340975851], 'properties': {}, 'label': 'F', 'xyz': [4.442983192244578, 6.866485985351924, 4.442983192244578]}, {'species': [{'element': 'F', 'occu': 1}], 'abc': [0.2272662659024149, 0.2272662659024149, 0.7727337340975851], 'properties': {}, 'label': 'F', 'xyz': [4.442983192244578, 4.442983192244578, 2.0194803991372328]}, {'species': [{'element': 'F', 'occu': 1}], 'abc': [0.7727337340975851, 0.7727337340975851, 0.2272662659024149], 'properties': {}, 'label': 'F', 'xyz': [4.442983192244578, 4.442983192244578, 6.866485985351924]}]}"
1847_CsBeRaF,Be-Cs-F-Ra,10,"{'@module': 'pymatgen.core.structure', '@class': 'Structure', 'charge': 0.0, 'lattice': {'matrix': [[0.0, 4.407687593141307, 4.407687593141304], [4.407687593141304, 0.0, 4.407687593141304], [4.407687593141304, 4.407687593141307, 0.0]], 'pbc': (True, True, True), 'a': 6.233411572924059, 'b': 6.233411572924057, 'c': 6.233411572924059, 'alpha': 60.00000000000001, 'beta': 59.999999999999986, 'gamma': 60.00000000000001, 'volume': 171.26255194388477}, 'properties': {}, 'sites': [{'species': [{'element': 'Be', 'occu': 1}], 'abc': [0.0, 0.0, 0.0], 'properties': {}, 'label': 'Be', 'xyz': [0.0, 0.0, 0.0]}, {'species': [{'element': 'Ra', 'occu': 1}], 'abc': [0.5, 0.5, 0.5], 'properties': {}, 'label': 'Ra', 'xyz': [4.407687593141304, 4.407687593141307, 4.407687593141304]}, {'species': [{'element': 'Cs', 'occu': 1}], 'abc': [0.25, 0.25, 0.25], 'properties': {}, 'label': 'Cs', 'xyz': [2.203843796570652, 2.2038437965706534, 2.203843796570652]}, {'species': [{'element': 'Cs', 'occu': 1}], 'abc': [0.75, 0.75, 0.75], 'properties': {}, 'label': 'Cs', 'xyz': [6.611531389711956, 6.61153138971196, 6.611531389711956]}, {'species': [{'element': 'F', 'occu': 1}], 'abc': [0.7952477841042125, 0.2047522158957875, 0.2047522158957875], 'properties': {}, 'label': 'F', 'xyz': [1.8049676033441044, 4.407687593141307, 4.407687593141304]}, {'species': [{'element': 'F', 'occu': 1}], 'abc': [0.2047522158957875, 0.7952477841042125, 0.7952477841042125], 'properties': {}, 'label': 'F', 'xyz': [7.0104075829385035, 4.407687593141307, 4.407687593141304]}, {'species': [{'element': 'F', 'occu': 1}], 'abc': [0.2047522158957875, 0.7952477841042125, 0.2047522158957875], 'properties': {}, 'label': 'F', 'xyz': [4.407687593141304, 1.8049676033441056, 4.407687593141304]}, {'species': [{'element': 'F', 'occu': 1}], 'abc': [0.7952477841042125, 0.2047522158957875, 0.7952477841042125], 'properties': {}, 'label': 'F', 'xyz': [4.407687593141304, 7.010407582938508, 4.407687593141304]}, {'species': [{'element': 'F', 'occu': 1}], 'abc': [0.2047522158957875, 0.2047522158957875, 0.7952477841042125], 'properties': {}, 'label': 'F', 'xyz': [4.407687593141304, 4.407687593141307, 1.8049676033441044]}, {'species': [{'element': 'F', 'occu': 1}], 'abc': [0.7952477841042125, 0.7952477841042125, 0.2047522158957875], 'properties': {}, 'label': 'F', 'xyz': [4.407687593141304, 4.407687593141307, 7.0104075829385035]}]}"
1864_CsGeAmF,Am-Cs-F-Ge,10,"{'@module': 'pymatgen.core.structure', '@class': 'Structure', 'charge': 0.0, 'lattice': {'matrix': [[0.0, 4.6346731649879445, 4.6346731649879445], [4.634673164987944, 0.0, 4.6346731649879445], [4.634673164987944, 4.6346731649879445, 0.0]], 'pbc': (True, True, True), 'a': 6.554417647092588, 'b': 6.5544176470925875, 'c': 6.5544176470925875, 'alpha': 60.00000000000001, 'beta': 59.99999999999999, 'gamma': 59.99999999999999, 'volume': 199.10736990001442}, 'properties': {}, 'sites': [{'species': [{'element': 'Ge', 'occu': 1}], 'abc': [0.0, 0.0, 0.0], 'properties': {}, 'label': 'Ge', 'xyz': [0.0, 0.0, 0.0]}, {'species': [{'element': 'Am', 'occu': 1}], 'abc': [0.5, 0.5, 0.5], 'properties': {}, 'label': 'Am', 'xyz': [4.634673164987944, 4.6346731649879445, 4.6346731649879445]}, {'species': [{'element': 'Cs', 'occu': 1}], 'abc': [0.25, 0.25, 0.25], 'properties': {}, 'label': 'Cs', 'xyz': [2.317336582493972, 2.3173365824939722, 2.3173365824939722]}, {'species': [{'element': 'Cs', 'occu': 1}], 'abc': [0.75, 0.75, 0.75], 'properties': {}, 'label': 'Cs', 'xyz': [6.952009747481915, 6.952009747481917, 6.952009747481917]}, {'species': [{'element': 'F', 'occu': 1}], 'abc': [0.7560025249758269, 0.2439974750241731, 0.2439974750241731], 'properties': {}, 'label': 'F', 'xyz': [2.261697099638702, 4.6346731649879445, 4.6346731649879445]}, {'species': [{'element': 'F', 'occu': 1}], 'abc': [0.2439974750241731, 0.7560025249758269, 0.7560025249758269], 'properties': {}, 'label': 'F', 'xyz': [7.007649230337185, 4.6346731649879445, 4.6346731649879445]}, {'species': [{'element': 'F', 'occu': 1}], 'abc': [0.2439974750241731, 0.7560025249758269, 0.2439974750241731], 'properties': {}, 'label': 'F', 'xyz': [4.634673164987944, 2.2616970996387025, 4.6346731649879445]}, {'species': [{'element': 'F', 'occu': 1}], 'abc': [0.7560025249758269, 0.2439974750241731, 0.7560025249758269], 'properties': {}, 'label': 'F', 'xyz': [4.634673164987944, 7.0076492303371865, 4.6346731649879445]}, {'species': [{'element': 'F', 'occu': 1}], 'abc': [0.2439974750241731, 0.2439974750241731, 0.7560025249758269], 'properties': {}, 'label': 'F', 'xyz': [4.634673164987944, 4.6346731649879445, 2.2616970996387025]}, {'species': [{'element': 'F', 'occu': 1}], 'abc': [0.7560025249758269, 0.7560025249758269, 0.2439974750241731], 'properties': {}, 'label': 'F', 'xyz': [4.634673164987944, 4.6346731649879445, 7.0076492303371865]}]}"
1870_CsPoVacF,Cs-F-Po,9,"{'@module': 'pymatgen.core.structure', '@class': 'Structure', 'charge': 0.0, 'lattice': {'matrix': [[0.0, 4.6808312010092425, 4.680831201009242], [4.6808312010092425, 0.0, 4.680831201009242], [4.6808312010092425, 4.6808312010092425, 0.0]], 'pbc': (True, True, True), 'a': 6.619694967646413, 'b': 6.619694967646413, 'c': 6.6196949676464145, 'alpha': 59.99999999999999, 'beta': 59.99999999999999, 'gamma': 60.00000000000001, 'volume': 205.1157151833924}, 'properties': {}, 'sites': [{'species': [{'element': 'Po', 'occu': 1}], 'abc': [0.0, 0.0, 0.0], 'properties': {}, 'label': 'Po', 'xyz': [0.0, 0.0, 0.0]}, {'species': [{'element': 'Cs', 'occu': 1}], 'abc': [0.25, 0.25, 0.25], 'properties': {}, 'label': 'Cs', 'xyz': [2.3404156005046213, 2.3404156005046213, 2.340415600504621]}, {'species': [{'element': 'Cs', 'occu': 1}], 'abc': [0.75, 0.75, 0.75], 'properties': {}, 'label': 'Cs', 'xyz': [7.021246801513864, 7.021246801513864, 7.021246801513863]}, {'species': [{'element': 'F', 'occu': 1}], 'abc': [0.7714524945988117, 0.2285475054011883, 0.2285475054011883], 'properties': {}, 'label': 'F', 'xyz': [2.139584588389421, 4.6808312010092425, 4.680831201009242]}, {'species': [{'element': 'F', 'occu': 1}], 'abc': [0.2285475054011883, 0.7714524945988117, 0.7714524945988117], 'properties': {}, 'label': 'F', 'xyz': [7.222077813629064, 4.6808312010092425, 4.680831201009242]}, {'species': [{'element': 'F', 'occu': 1}], 'abc': [0.2285475054011883, 0.7714524945988117, 0.2285475054011883], 'properties': {}, 'label': 'F', 'xyz': [4.6808312010092425, 2.139584588389421, 4.680831201009242]}, {'species': [{'element': 'F', 'occu': 1}], 'abc': [0.7714524945988117, 0.2285475054011883, 0.7714524945988117], 'properties': {}, 'label': 'F', 'xyz': [4.6808312010092425, 7.222077813629064, 4.680831201009242]}, {'species': [{'element': 'F', 'occu': 1}], 'abc': [0.2285475054011883, 0.2285475054011883, 0.7714524945988117], 'properties': {}, 'label': 'F', 'xyz': [4.6808312010092425, 4.6808312010092425, 2.1395845883894204]}, {'species': [{'element': 'F', 'occu': 1}], 'abc': [0.7714524945988117, 0.7714524945988117, 0.2285475054011883], 'properties': {}, 'label': 'F', 'xyz': [4.6808312010092425, 4.6808312010092425, 7.222077813629062]}]}"
1887_CsZnAmF,Am-Cs-F-Zn,10,"{'@module': 'pymatgen.core.structure', '@class': 'Structure', 'charge': 0.0, 'lattice': {'matrix': [[0.0, 4.479065112720928, 4.479065112720928], [4.479065112720928, 0.0, 4.479065112720928], [4.479065112720928, 4.479065112720928, 0.0]], 'pbc': (True, True, True), 'a': 6.334354629162112, 'b': 6.334354629162112, 'c': 6.334354629162112, 'alpha': 60.00000000000001, 'beta': 60.00000000000001, 'gamma': 60.00000000000001, 'volume': 179.71822612199284}, 'properties': {}, 'sites': [{'species': [{'element': 'Zn', 'occu': 1}], 'abc': [0.0, 0.0, 0.0], 'properties': {}, 'label': 'Zn', 'xyz': [0.0, 0.0, 0.0]}, {'species': [{'element': 'Am', 'occu': 1}], 'abc': [0.5, 0.5, 0.5], 'properties': {}, 'label': 'Am', 'xyz': [4.479065112720928, 4.479065112720928, 4.479065112720928]}, {'species': [{'element': 'Cs', 'occu': 1}], 'abc': [0.25, 0.25, 0.25], 'properties': {}, 'label': 'Cs', 'xyz': [2.239532556360464, 2.239532556360464, 2.239532556360464]}, {'species': [{'element': 'Cs', 'occu': 1}], 'abc': [0.75, 0.75, 0.75], 'properties': {}, 'label': 'Cs', 'xyz': [6.718597669081392, 6.718597669081392, 6.718597669081392]}, {'species': [{'element': 'F', 'occu': 1}], 'abc': [0.7675322698577887, 0.2324677301422113, 0.2324677301422113], 'properties': {}, 'label': 'F', 'xyz': [2.0824761998268038, 4.479065112720928, 4.479065112720928]}, {'species': [{'element': 'F', 'occu': 1}], 'abc': [0.2324677301422113, 0.7675322698577887, 0.7675322698577887], 'properties': {}, 'label': 'F', 'xyz': [6.875654025615052, 4.479065112720928, 4.479065112720928]}, {'species': [{'element': 'F', 'occu': 1}], 'abc': [0.2324677301422113, 0.7675322698577887, 0.2324677301422113], 'properties': {}, 'label': 'F', 'xyz': [4.479065112720928, 2.0824761998268038, 4.479065112720928]}, {'species': [{'element': 'F', 'occu': 1}], 'abc': [0.7675322698577887, 0.2324677301422113, 0.7675322698577887], 'properties': {}, 'label': 'F', 'xyz': [4.479065112720928, 6.875654025615052, 4.479065112720928]}, {'species': [{'element': 'F', 'occu': 1}], 'abc': [0.2324677301422113, 0.2324677301422113, 0.7675322698577887], 'properties': {}, 'label': 'F', 'xyz': [4.479065112720928, 4.479065112720928, 2.0824761998268038]}, {'species': [{'element': 'F', 'occu': 1}], 'abc': [0.7675322698577887, 0.7675322698577887, 0.2324677301422113], 'properties': {}, 'label': 'F', 'xyz': [4.479065112720928, 4.479065112720928, 6.875654025615052]}]}"
1910_CsNFrF,Cs-F-Fr-N,10,"{'@module': 'pymatgen.core.structure', '@class': 'Structure', 'charge': 0.0, 'lattice': {'matrix': [[0.0, 4.584699856240492, 4.584699856240492], [4.584699856240492, 0.0, 4.584699856240492], [4.584699856240492, 4.584699856240492, 0.0]], 'pbc': (True, True, True), 'a': 6.483744716105283, 'b': 6.483744716105283, 'c': 6.483744716105283, 'alpha': 59.99999999999999, 'beta': 59.99999999999999, 'gamma': 59.99999999999999, 'volume': 192.73594759035112}, 'properties': {}, 'sites': [{'species': [{'element': 'N', 'occu': 1}], 'abc': [0.0, 0.0, 0.0], 'properties': {}, 'label': 'N', 'xyz': [0.0, 0.0, 0.0]}, {'species': [{'element': 'Fr', 'occu': 1}], 'abc': [0.5, 0.5, 0.5], 'properties': {}, 'label': 'Fr', 'xyz': [4.584699856240492, 4.584699856240492, 4.584699856240492]}, {'species': [{'element': 'Cs', 'occu': 1}], 'abc': [0.25, 0.25, 0.25], 'properties': {}, 'label': 'Cs', 'xyz': [2.292349928120246, 2.292349928120246, 2.292349928120246]}, {'species': [{'element': 'Cs', 'occu': 1}], 'abc': [0.75, 0.75, 0.75], 'properties': {}, 'label': 'Cs', 'xyz': [6.8770497843607385, 6.8770497843607385, 6.8770497843607385]}, {'species': [{'element': 'F', 'occu': 1}], 'abc': [0.8017156952136659, 0.1982843047863341, 0.1982843047863341], 'properties': {}, 'label': 'F', 'xyz': [1.818148047297304, 4.584699856240492, 4.584699856240492]}, {'species': [{'element': 'F', 'occu': 1}], 'abc': [0.1982843047863341, 0.8017156952136659, 0.8017156952136659], 'properties': {}, 'label': 'F', 'xyz': [7.351251665183681, 4.584699856240492, 4.584699856240492]}, {'species': [{'element': 'F', 'occu': 1}], 'abc': [0.1982843047863341, 0.8017156952136659, 0.1982843047863341], 'properties': {}, 'label': 'F', 'xyz': [4.584699856240492, 1.818148047297304, 4.584699856240492]}, {'species': [{'element': 'F', 'occu': 1}], 'abc': [0.8017156952136659, 0.1982843047863341, 0.8017156952136659], 'properties': {}, 'label': 'F', 'xyz': [4.584699856240492, 7.351251665183681, 4.584699856240492]}, {'species': [{'element': 'F', 'occu': 1}], 'abc': [0.1982843047863341, 0.1982843047863341, 0.8017156952136659], 'properties': {}, 'label': 'F', 'xyz': [4.584699856240492, 4.584699856240492, 1.818148047297304]}, {'species': [{'element': 'F', 'occu': 1}], 'abc': [0.8017156952136659, 0.8017156952136659, 0.1982843047863341], 'properties': {}, 'label': 'F', 'xyz': [4.584699856240492, 4.584699856240492, 7.351251665183681]}]}"
1911_CsMnAmF,Am-Cs-F-Mn,10,"{'@module': 'pymatgen.core.structure', '@class': 'Structure', 'charge': 0.0, 'lattice': {'matrix': [[0.0, 4.5215659860005655, 4.5215659860005655], [4.5215659860005655, 0.0, 4.5215659860005655], [4.5215659860005655, 4.5215659860005655, 0.0]], 'pbc': (True, True, True), 'a': 6.394459940566876, 'b': 6.394459940566876, 'c': 6.394459940566876, 'alpha': 60.00000000000001, 'beta': 60.00000000000001, 'gamma': 60.00000000000001, 'volume': 184.8828448367019}, 'properties': {}, 'sites': [{'species': [{'element': 'Mn', 'occu': 1}], 'abc': [0.0, 0.0, 0.0], 'properties': {}, 'label': 'Mn', 'xyz': [0.0, 0.0, 0.0]}, {'species': [{'element': 'Am', 'occu': 1}], 'abc': [0.5, 0.5, 0.5], 'properties': {}, 'label': 'Am', 'xyz': [4.5215659860005655, 4.5215659860005655, 4.5215659860005655]}, {'species': [{'element': 'Cs', 'occu': 1}], 'abc': [0.25, 0.25, 0.25], 'properties': {}, 'label': 'Cs', 'xyz': [2.2607829930002827, 2.2607829930002827, 2.2607829930002827]}, {'species': [{'element': 'Cs', 'occu': 1}], 'abc': [0.75, 0.75, 0.75], 'properties': {}, 'label': 'Cs', 'xyz': [6.782348979000848, 6.782348979000848, 6.782348979000848]}, {'species': [{'element': 'F', 'occu': 1}], 'abc': [0.7636937126198191, 0.2363062873801809, 0.2363062873801809], 'properties': {}, 'label': 'F', 'xyz': [2.136948942592601, 4.5215659860005655, 4.5215659860005655]}, {'species': [{'element': 'F', 'occu': 1}], 'abc': [0.2363062873801809, 0.7636937126198191, 0.7636937126198191], 'properties': {}, 'label': 'F', 'xyz': [6.906183029408529, 4.5215659860005655, 4.5215659860005655]}, {'species': [{'element': 'F', 'occu': 1}], 'abc': [0.2363062873801809, 0.7636937126198191, 0.2363062873801809], 'properties': {}, 'label': 'F', 'xyz': [4.5215659860005655, 2.136948942592601, 4.5215659860005655]}, {'species': [{'element': 'F', 'occu': 1}], 'abc': [0.7636937126198191, 0.2363062873801809, 0.7636937126198191], 'properties': {}, 'label': 'F', 'xyz': [4.5215659860005655, 6.906183029408529, 4.5215659860005655]}, {'species': [{'element': 'F', 'occu': 1}], 'abc': [0.2363062873801809, 0.2363062873801809, 0.7636937126198191], 'properties': {}, 'label': 'F', 'xyz': [4.5215659860005655, 4.5215659860005655, 2.136948942592601]}, {'species': [{'element': 'F', 'occu': 1}], 'abc': [0.7636937126198191, 0.7636937126198191, 0.2363062873801809], 'properties': {}, 'label': 'F', 'xyz': [4.5215659860005655, 4.5215659860005655, 6.906183029408529]}]}"
1928_CsCrAmF,Am-Cr-Cs-F,10,"{'@module': 'pymatgen.core.structure', '@class': 'Structure', 'charge': 0.0, 'lattice': {'matrix': [[0.0, 4.514067357502942, 4.514067357502942], [4.514067357502942, 0.0, 4.514067357502942], [4.514067357502942, 4.514067357502942, 0.0]], 'pbc': (True, True, True), 'a': 6.383855278446339, 'b': 6.383855278446339, 'c': 6.383855278446339, 'alpha': 60.00000000000001, 'beta': 60.00000000000001, 'gamma': 60.00000000000001, 'volume': 183.9645325489737}, 'properties': {}, 'sites': [{'species': [{'element': 'Cr', 'occu': 1}], 'abc': [0.0, 0.0, 0.0], 'properties': {}, 'label': 'Cr', 'xyz': [0.0, 0.0, 0.0]}, {'species': [{'element': 'Am', 'occu': 1}], 'abc': [0.5, 0.5, 0.5], 'properties': {}, 'label': 'Am', 'xyz': [4.514067357502942, 4.514067357502942, 4.514067357502942]}, {'species': [{'element': 'Cs', 'occu': 1}], 'abc': [0.25, 0.25, 0.25], 'properties': {}, 'label': 'Cs', 'xyz': [2.257033678751471, 2.257033678751471, 2.257033678751471]}, {'species': [{'element': 'Cs', 'occu': 1}], 'abc': [0.75, 0.75, 0.75], 'properties': {}, 'label': 'Cs', 'xyz': [6.771101036254413, 6.771101036254413, 6.771101036254413]}, {'species': [{'element': 'F', 'occu': 1}], 'abc': [0.7609650547087696, 0.2390349452912304, 0.2390349452912304], 'properties': {}, 'label': 'F', 'xyz': [2.1580396876832895, 4.514067357502942, 4.514067357502942]}, {'species': [{'element': 'F', 'occu': 1}], 'abc': [0.2390349452912304, 0.7609650547087696, 0.7609650547087696], 'properties': {}, 'label': 'F', 'xyz': [6.870095027322594, 4.514067357502942, 4.514067357502942]}, {'species': [{'element': 'F', 'occu': 1}], 'abc': [0.2390349452912304, 0.7609650547087696, 0.2390349452912304], 'properties': {}, 'label': 'F', 'xyz': [4.514067357502942, 2.1580396876832895, 4.514067357502942]}, {'species': [{'element': 'F', 'occu': 1}], 'abc': [0.7609650547087696, 0.2390349452912304, 0.7609650547087696], 'properties': {}, 'label': 'F', 'xyz': [4.514067357502942, 6.870095027322594, 4.514067357502942]}, {'species': [{'element': 'F', 'occu': 1}], 'abc': [0.2390349452912304, 0.2390349452912304, 0.7609650547087696], 'properties': {}, 'label': 'F', 'xyz': [4.514067357502942, 4.514067357502942, 2.1580396876832895]}, {'species': [{'element': 'F', 'occu': 1}], 'abc': [0.7609650547087696, 0.7609650547087696, 0.2390349452912304], 'properties': {}, 'label': 'F', 'xyz': [4.514067357502942, 4.514067357502942, 6.870095027322594]}]}"
1945_CsNaCmF,Cm-Cs-F-Na,10,"{'@module': 'pymatgen.core.structure', '@class': 'Structure', 'charge': 0.0, 'lattice': {'matrix': [[0.0, 4.572001313296362, 4.572001313296363], [4.572001313296362, 0.0, 4.572001313296363], [4.572001313296362, 4.572001313296362, 0.0]], 'pbc': (True, True, True), 'a': 6.465786264451318, 'b': 6.465786264451318, 'c': 6.465786264451317, 'alpha': 60.00000000000001, 'beta': 60.00000000000001, 'gamma': 59.99999999999999, 'volume': 191.1388792085004}, 'properties': {}, 'sites': [{'species': [{'element': 'Na', 'occu': 1}], 'abc': [0.0, 0.0, 0.0], 'properties': {}, 'label': 'Na', 'xyz': [0.0, 0.0, 0.0]}, {'species': [{'element': 'Cm', 'occu': 1}], 'abc': [0.5, 0.5, 0.5], 'properties': {}, 'label': 'Cm', 'xyz': [4.572001313296362, 4.572001313296362, 4.572001313296363]}, {'species': [{'element': 'Cs', 'occu': 1}], 'abc': [0.25, 0.25, 0.25], 'properties': {}, 'label': 'Cs', 'xyz': [2.286000656648181, 2.286000656648181, 2.2860006566481816]}, {'species': [{'element': 'Cs', 'occu': 1}], 'abc': [0.75, 0.75, 0.75], 'properties': {}, 'label': 'Cs', 'xyz': [6.858001969944544, 6.858001969944544, 6.858001969944545]}, {'species': [{'element': 'F', 'occu': 1}], 'abc': [0.7467993620497992, 0.2532006379502008, 0.2532006379502008], 'properties': {}, 'label': 'F', 'xyz': [2.3152672984715896, 4.572001313296362, 4.572001313296363]}, {'species': [{'element': 'F', 'occu': 1}], 'abc': [0.2532006379502008, 0.7467993620497992, 0.7467993620497992], 'properties': {}, 'label': 'F', 'xyz': [6.828735328121136, 4.572001313296362, 4.572001313296363]}, {'species': [{'element': 'F', 'occu': 1}], 'abc': [0.2532006379502008, 0.7467993620497992, 0.2532006379502008], 'properties': {}, 'label': 'F', 'xyz': [4.572001313296362, 2.3152672984715896, 4.572001313296363]}, {'species': [{'element': 'F', 'occu': 1}], 'abc': [0.7467993620497992, 0.2532006379502008, 0.7467993620497992], 'properties': {}, 'label': 'F', 'xyz': [4.572001313296362, 6.828735328121136, 4.572001313296363]}, {'species': [{'element': 'F', 'occu': 1}], 'abc': [0.2532006379502008, 0.2532006379502008, 0.7467993620497992], 'properties': {}, 'label': 'F', 'xyz': [4.572001313296362, 4.572001313296362, 2.31526729847159]}, {'species': [{'element': 'F', 'occu': 1}], 'abc': [0.7467993620497992, 0.7467993620497992, 0.2532006379502008], 'properties': {}, 'label': 'F', 'xyz': [4.572001313296362, 4.572001313296362, 6.8287353281211365]}]}"
1956_CsNaAmF,Am-Cs-F-Na,10,"{'@module': 'pymatgen.core.structure', '@class': 'Structure', 'charge': 0.0, 'lattice': {'matrix': [[0.0, 4.571535906620046, 4.571535906620046], [4.571535906620045, 0.0, 4.571535906620046], [4.571535906620045, 4.571535906620046, 0.0]], 'pbc': (True, True, True), 'a': 6.465128080017651, 'b': 6.46512808001765, 'c': 6.46512808001765, 'alpha': 60.00000000000001, 'beta': 59.99999999999999, 'gamma': 59.99999999999999, 'volume': 191.0805142282911}, 'properties': {}, 'sites': [{'species': [{'element': 'Na', 'occu': 1}], 'abc': [0.0, 0.0, 0.0], 'properties': {}, 'label': 'Na', 'xyz': [0.0, 0.0, 0.0]}, {'species': [{'element': 'Am', 'occu': 1}], 'abc': [0.5, 0.5, 0.5], 'properties': {}, 'label': 'Am', 'xyz': [4.571535906620045, 4.571535906620046, 4.571535906620046]}, {'species': [{'element': 'Cs', 'occu': 1}], 'abc': [0.25, 0.25, 0.25], 'properties': {}, 'label': 'Cs', 'xyz': [2.2857679533100224, 2.285767953310023, 2.285767953310023]}, {'species': [{'element': 'Cs', 'occu': 1}], 'abc': [0.75, 0.75, 0.75], 'properties': {}, 'label': 'Cs', 'xyz': [6.857303859930067, 6.857303859930068, 6.857303859930068]}, {'species': [{'element': 'F', 'occu': 1}], 'abc': [0.7469137508241985, 0.2530862491758015, 0.2530862491758015], 'properties': {}, 'label': 'F', 'xyz': [2.313985751157929, 4.571535906620046, 4.571535906620046]}, {'species': [{'element': 'F', 'occu': 1}], 'abc': [0.2530862491758015, 0.7469137508241985, 0.7469137508241985], 'properties': {}, 'label': 'F', 'xyz': [6.829086062082161, 4.571535906620046, 4.571535906620046]}, {'species': [{'element': 'F', 'occu': 1}], 'abc': [0.2530862491758015, 0.7469137508241985, 0.2530862491758015], 'properties': {}, 'label': 'F', 'xyz': [4.571535906620045, 2.3139857511579294, 4.571535906620046]}, {'species': [{'element': 'F', 'occu': 1}], 'abc': [0.7469137508241985, 0.2530862491758015, 0.7469137508241985], 'properties': {}, 'label': 'F', 'xyz': [4.571535906620045, 6.829086062082163, 4.571535906620046]}, {'species': [{'element': 'F', 'occu': 1}], 'abc': [0.2530862491758015, 0.2530862491758015, 0.7469137508241985], 'properties': {}, 'label': 'F', 'xyz': [4.571535906620045, 4.571535906620046, 2.3139857511579294]}, {'species': [{'element': 'F', 'occu': 1}], 'abc': [0.7469137508241985, 0.7469137508241985, 0.2530862491758015], 'properties': {}, 'label': 'F', 'xyz': [4.571535906620045, 4.571535906620046, 6.829086062082163]}]}"
1957_CsVAmF,Am-Cs-F-V,10,"{'@module': 'pymatgen.core.structure', '@class': 'Structure', 'charge': 0.0, 'lattice': {'matrix': [[0.0, 4.481889738422433, 4.481889738422433], [4.481889738422433, 0.0, 4.481889738422433], [4.481889738422433, 4.481889738422433, 0.0]], 'pbc': (True, True, True), 'a': 6.3383492531378085, 'b': 6.3383492531378085, 'c': 6.3383492531378085, 'alpha': 60.00000000000001, 'beta': 60.00000000000001, 'gamma': 60.00000000000001, 'volume': 180.05844684117042}, 'properties': {}, 'sites': [{'species': [{'element': 'V', 'occu': 1}], 'abc': [0.0, 0.0, 0.0], 'properties': {}, 'label': 'V', 'xyz': [0.0, 0.0, 0.0]}, {'species': [{'element': 'Am', 'occu': 1}], 'abc': [0.5, 0.5, 0.5], 'properties': {}, 'label': 'Am', 'xyz': [4.481889738422433, 4.481889738422433, 4.481889738422433]}, {'species': [{'element': 'Cs', 'occu': 1}], 'abc': [0.25, 0.25, 0.25], 'properties': {}, 'label': 'Cs', 'xyz': [2.2409448692112166, 2.2409448692112166, 2.2409448692112166]}, {'species': [{'element': 'Cs', 'occu': 1}], 'abc': [0.75, 0.75, 0.75], 'properties': {}, 'label': 'Cs', 'xyz': [6.72283460763365, 6.72283460763365, 6.72283460763365]}, {'species': [{'element': 'F', 'occu': 1}], 'abc': [0.7680230529914525, 0.2319769470085475, 0.2319769470085475], 'properties': {}, 'label': 'F', 'xyz': [2.0793901966963473, 4.481889738422433, 4.481889738422433]}, {'species': [{'element': 'F', 'occu': 1}], 'abc': [0.2319769470085475, 0.7680230529914525, 0.7680230529914525], 'properties': {}, 'label': 'F', 'xyz': [6.884389280148519, 4.481889738422433, 4.481889738422433]}, {'species': [{'element': 'F', 'occu': 1}], 'abc': [0.2319769470085475, 0.7680230529914525, 0.2319769470085475], 'properties': {}, 'label': 'F', 'xyz': [4.481889738422433, 2.0793901966963473, 4.481889738422433]}, {'species': [{'element': 'F', 'occu': 1}], 'abc': [0.7680230529914525, 0.2319769470085475, 0.7680230529914525], 'properties': {}, 'label': 'F', 'xyz': [4.481889738422433, 6.884389280148519, 4.481889738422433]}, {'species': [{'element': 'F', 'occu': 1}], 'abc': [0.2319769470085475, 0.2319769470085475, 0.7680230529914525], 'properties': {}, 'label': 'F', 'xyz': [4.481889738422433, 4.481889738422433, 2.0793901966963473]}, {'species': [{'element': 'F', 'occu': 1}], 'abc': [0.7680230529914525, 0.7680230529914525, 0.2319769470085475], 'properties': {}, 'label': 'F', 'xyz': [4.481889738422433, 4.481889738422433, 6.884389280148519]}]}"
1973_CsPtAmF,Am-Cs-F-Pt,10,"{'@module': 'pymatgen.core.structure', '@class': 'Structure', 'charge': 0.0, 'lattice': {'matrix': [[0.0, 4.6196227661811315, 4.6196227661811315], [4.6196227661811315, 0.0, 4.6196227661811315], [4.6196227661811315, 4.6196227661811315, 0.0]], 'pbc': (True, True, True), 'a': 6.53313316898087, 'b': 6.53313316898087, 'c': 6.53313316898087, 'alpha': 60.00000000000001, 'beta': 60.00000000000001, 'gamma': 60.00000000000001, 'volume': 197.17394896745634}, 'properties': {}, 'sites': [{'species': [{'element': 'Pt', 'occu': 1}], 'abc': [0.0, 0.0, 0.0], 'properties': {}, 'label': 'Pt', 'xyz': [0.0, 0.0, 0.0]}, {'species': [{'element': 'Am', 'occu': 1}], 'abc': [0.5, 0.5, 0.5], 'properties': {}, 'label': 'Am', 'xyz': [4.6196227661811315, 4.6196227661811315, 4.6196227661811315]}, {'species': [{'element': 'Cs', 'occu': 1}], 'abc': [0.25, 0.25, 0.25], 'properties': {}, 'label': 'Cs', 'xyz': [2.3098113830905658, 2.3098113830905658, 2.3098113830905658]}, {'species': [{'element': 'Cs', 'occu': 1}], 'abc': [0.75, 0.75, 0.75], 'properties': {}, 'label': 'Cs', 'xyz': [6.929434149271698, 6.929434149271698, 6.929434149271698]}, {'species': [{'element': 'F', 'occu': 1}], 'abc': [0.7427817004536408, 0.2572182995463592, 0.2572182995463592], 'properties': {}, 'label': 'F', 'xyz': [2.3765030249255177, 4.6196227661811315, 4.6196227661811315]}, {'species': [{'element': 'F', 'occu': 1}], 'abc': [0.2572182995463592, 0.7427817004536408, 0.7427817004536408], 'properties': {}, 'label': 'F', 'xyz': [6.862742507436745, 4.6196227661811315, 4.6196227661811315]}, {'species': [{'element': 'F', 'occu': 1}], 'abc': [0.2572182995463592, 0.7427817004536408, 0.2572182995463592], 'properties': {}, 'label': 'F', 'xyz': [4.6196227661811315, 2.3765030249255177, 4.6196227661811315]}, {'species': [{'element': 'F', 'occu': 1}], 'abc': [0.7427817004536408, 0.2572182995463592, 0.7427817004536408], 'properties': {}, 'label': 'F', 'xyz': [4.6196227661811315, 6.862742507436745, 4.6196227661811315]}, {'species': [{'element': 'F', 'occu': 1}], 'abc': [0.2572182995463592, 0.2572182995463592, 0.7427817004536408], 'properties': {}, 'label': 'F', 'xyz': [4.6196227661811315, 4.6196227661811315, 2.3765030249255177]}, {'species': [{'element': 'F', 'occu': 1}], 'abc': [0.7427817004536408, 0.7427817004536408, 0.2572182995463592], 'properties': {}, 'label': 'F', 'xyz': [4.6196227661811315, 4.6196227661811315, 6.862742507436745]}]}"
2091_CsTiAmF,Am-Cs-F-Ti,10,"{'@module': 'pymatgen.core.structure', '@class': 'Structure', 'charge': 0.0, 'lattice': {'matrix': [[0.0, 4.5051780856900185, 4.5051780856900185], [4.5051780856900185, 0.0, 4.5051780856900185], [4.5051780856900185, 4.5051780856900185, 0.0]], 'pbc': (True, True, True), 'a': 6.371283949688882, 'b': 6.371283949688882, 'c': 6.371283949688882, 'alpha': 60.00000000000001, 'beta': 60.00000000000001, 'gamma': 60.00000000000001, 'volume': 182.879861628441}, 'properties': {}, 'sites': [{'species': [{'element': 'Ti', 'occu': 1}], 'abc': [0.0, 0.0, 0.0], 'properties': {}, 'label': 'Ti', 'xyz': [0.0, 0.0, 0.0]}, {'species': [{'element': 'Am', 'occu': 1}], 'abc': [0.5, 0.5, 0.5], 'properties': {}, 'label': 'Am', 'xyz': [4.5051780856900185, 4.5051780856900185, 4.5051780856900185]}, {'species': [{'element': 'Cs', 'occu': 1}], 'abc': [0.25, 0.25, 0.25], 'properties': {}, 'label': 'Cs', 'xyz': [2.2525890428450093, 2.2525890428450093, 2.2525890428450093]}, {'species': [{'element': 'Cs', 'occu': 1}], 'abc': [0.75, 0.75, 0.75], 'properties': {}, 'label': 'Cs', 'xyz': [6.757767128535027, 6.757767128535027, 6.757767128535027]}, {'species': [{'element': 'F', 'occu': 1}], 'abc': [0.7663495408722696, 0.2336504591277304, 0.2336504591277304], 'properties': {}, 'label': 'F', 'xyz': [2.1052738563473246, 4.5051780856900185, 4.5051780856900185]}, {'species': [{'element': 'F', 'occu': 1}], 'abc': [0.2336504591277304, 0.7663495408722696, 0.7663495408722696], 'properties': {}, 'label': 'F', 'xyz': [6.905082315032712, 4.5051780856900185, 4.5051780856900185]}, {'species': [{'element': 'F', 'occu': 1}], 'abc': [0.2336504591277304, 0.7663495408722696, 0.2336504591277304], 'properties': {}, 'label': 'F', 'xyz': [4.5051780856900185, 2.1052738563473246, 4.5051780856900185]}, {'species': [{'element': 'F', 'occu': 1}], 'abc': [0.7663495408722696, 0.2336504591277304, 0.7663495408722696], 'properties': {}, 'label': 'F', 'xyz': [4.5051780856900185, 6.905082315032712, 4.5051780856900185]}, {'species': [{'element': 'F', 'occu': 1}], 'abc': [0.2336504591277304, 0.2336504591277304, 0.7663495408722696], 'properties': {}, 'label': 'F', 'xyz': [4.5051780856900185, 4.5051780856900185, 2.1052738563473246]}, {'species': [{'element': 'F', 'occu': 1}], 'abc': [0.7663495408722696, 0.7663495408722696, 0.2336504591277304], 'properties': {}, 'label': 'F', 'xyz': [4.5051780856900185, 4.5051780856900185, 6.905082315032712]}]}"
2092_CsBFrF,B-Cs-F-Fr,10,"{'@module': 'pymatgen.core.structure', '@class': 'Structure', 'charge': 0.0, 'lattice': {'matrix': [[0.0, 4.476467921835124, 4.476467921835124], [4.476467921835124, 0.0, 4.476467921835124], [4.476467921835124, 4.476467921835124, 0.0]], 'pbc': (True, True, True), 'a': 6.330681646587337, 'b': 6.330681646587337, 'c': 6.330681646587337, 'alpha': 60.00000000000001, 'beta': 60.00000000000001, 'gamma': 60.00000000000001, 'volume': 179.4057779257559}, 'properties': {}, 'sites': [{'species': [{'element': 'B', 'occu': 1}], 'abc': [0.0, 0.0, 0.0], 'properties': {}, 'label': 'B', 'xyz': [0.0, 0.0, 0.0]}, {'species': [{'element': 'Fr', 'occu': 1}], 'abc': [0.5, 0.5, 0.5], 'properties': {}, 'label': 'Fr', 'xyz': [4.476467921835124, 4.476467921835124, 4.476467921835124]}, {'species': [{'element': 'Cs', 'occu': 1}], 'abc': [0.25, 0.25, 0.25], 'properties': {}, 'label': 'Cs', 'xyz': [2.238233960917562, 2.238233960917562, 2.238233960917562]}, {'species': [{'element': 'Cs', 'occu': 1}], 'abc': [0.75, 0.75, 0.75], 'properties': {}, 'label': 'Cs', 'xyz': [6.714701882752687, 6.714701882752687, 6.714701882752687]}, {'species': [{'element': 'F', 'occu': 1}], 'abc': [0.8168906940893308, 0.1831093059106692, 0.1831093059106692], 'properties': {}, 'label': 'F', 'xyz': [1.6393658681972108, 4.476467921835124, 4.476467921835124]}, {'species': [{'element': 'F', 'occu': 1}], 'abc': [0.1831093059106692, 0.8168906940893308, 0.8168906940893308], 'properties': {}, 'label': 'F', 'xyz': [7.313569975473038, 4.476467921835124, 4.476467921835124]}, {'species': [{'element': 'F', 'occu': 1}], 'abc': [0.1831093059106692, 0.8168906940893308, 0.1831093059106692], 'properties': {}, 'label': 'F', 'xyz': [4.476467921835124, 1.6393658681972108, 4.476467921835124]}, {'species': [{'element': 'F', 'occu': 1}], 'abc': [0.8168906940893308, 0.1831093059106692, 0.8168906940893308], 'properties': {}, 'label': 'F', 'xyz': [4.476467921835124, 7.313569975473038, 4.476467921835124]}, {'species': [{'element': 'F', 'occu': 1}], 'abc': [0.1831093059106692, 0.1831093059106692, 0.8168906940893308], 'properties': {}, 'label': 'F', 'xyz': [4.476467921835124, 4.476467921835124, 1.6393658681972108]}, {'species': [{'element': 'F', 'occu': 1}], 'abc': [0.8168906940893308, 0.8168906940893308, 0.1831093059106692], 'properties': {}, 'label': 'F', 'xyz': [4.476467921835124, 4.476467921835124, 7.313569975473038]}]}"
2102_CsCuAmF,Am-Cs-Cu-F,10,"{'@module': 'pymatgen.core.structure', '@class': 'Structure', 'charge': 0.0, 'lattice': {'matrix': [[0.0, 4.474715755436959, 4.474715755436959], [4.474715755436959, 0.0, 4.474715755436959], [4.474715755436959, 4.474715755436959, 0.0]], 'pbc': (True, True, True), 'a': 6.3282037091035175, 'b': 6.3282037091035175, 'c': 6.3282037091035175, 'alpha': 60.00000000000001, 'beta': 60.00000000000001, 'gamma': 60.00000000000001, 'volume': 179.19519286913257}, 'properties': {}, 'sites': [{'species': [{'element': 'Cu', 'occu': 1}], 'abc': [0.0, 0.0, 0.0], 'properties': {}, 'label': 'Cu', 'xyz': [0.0, 0.0, 0.0]}, {'species': [{'element': 'Am', 'occu': 1}], 'abc': [0.5, 0.5, 0.5], 'properties': {}, 'label': 'Am', 'xyz': [4.474715755436959, 4.474715755436959, 4.474715755436959]}, {'species': [{'element': 'Cs', 'occu': 1}], 'abc': [0.25, 0.25, 0.25], 'properties': {}, 'label': 'Cs', 'xyz': [2.2373578777184795, 2.2373578777184795, 2.2373578777184795]}, {'species': [{'element': 'Cs', 'occu': 1}], 'abc': [0.75, 0.75, 0.75], 'properties': {}, 'label': 'Cs', 'xyz': [6.7120736331554385, 6.7120736331554385, 6.7120736331554385]}, {'species': [{'element': 'F', 'occu': 1}], 'abc': [0.7554804773499271, 0.2445195226500729, 0.2445195226500729], 'properties': {}, 'label': 'F', 'xyz': [2.188310721028411, 4.474715755436959, 4.474715755436959]}, {'species': [{'element': 'F', 'occu': 1}], 'abc': [0.2445195226500729, 0.7554804773499271, 0.7554804773499271], 'properties': {}, 'label': 'F', 'xyz': [6.761120789845506, 4.474715755436959, 4.474715755436959]}, {'species': [{'element': 'F', 'occu': 1}], 'abc': [0.2445195226500729, 0.7554804773499271, 0.2445195226500729], 'properties': {}, 'label': 'F', 'xyz': [4.474715755436959, 2.188310721028411, 4.474715755436959]}, {'species': [{'element': 'F', 'occu': 1}], 'abc': [0.7554804773499271, 0.2445195226500729, 0.7554804773499271], 'properties': {}, 'label': 'F', 'xyz': [4.474715755436959, 6.761120789845506, 4.474715755436959]}, {'species': [{'element': 'F', 'occu': 1}], 'abc': [0.2445195226500729, 0.2445195226500729, 0.7554804773499271], 'properties': {}, 'label': 'F', 'xyz': [4.474715755436959, 4.474715755436959, 2.188310721028411]}, {'species': [{'element': 'F', 'occu': 1}], 'abc': [0.7554804773499271, 0.7554804773499271, 0.2445195226500729], 'properties': {}, 'label': 'F', 'xyz': [4.474715755436959, 4.474715755436959, 6.761120789845506]}]}"
2119_CsCuCmF,Cm-Cs-Cu-F,10,"{'@module': 'pymatgen.core.structure', '@class': 'Structure', 'charge': 0.0, 'lattice': {'matrix': [[0.0, 4.505481202191104, 4.505481202191104], [4.505481202191104, 0.0, 4.505481202191104], [4.505481202191104, 4.505481202191104, 0.0]], 'pbc': (True, True, True), 'a': 6.371712621155696, 'b': 6.371712621155696, 'c': 6.371712621155696, 'alpha': 60.00000000000001, 'beta': 60.00000000000001, 'gamma': 60.00000000000001, 'volume': 182.91677757216044}, 'properties': {}, 'sites': [{'species': [{'element': 'Cu', 'occu': 1}], 'abc': [0.0, 0.0, 0.0], 'properties': {}, 'label': 'Cu', 'xyz': [0.0, 0.0, 0.0]}, {'species': [{'element': 'Cm', 'occu': 1}], 'abc': [0.5, 0.5, 0.5], 'properties': {}, 'label': 'Cm', 'xyz': [4.505481202191104, 4.505481202191104, 4.505481202191104]}, {'species': [{'element': 'Cs', 'occu': 1}], 'abc': [0.25, 0.25, 0.25], 'properties': {}, 'label': 'Cs', 'xyz': [2.252740601095552, 2.252740601095552, 2.252740601095552]}, {'species': [{'element': 'Cs', 'occu': 1}], 'abc': [0.75, 0.75, 0.75], 'properties': {}, 'label': 'Cs', 'xyz': [6.758221803286657, 6.758221803286657, 6.758221803286657]}, {'species': [{'element': 'F', 'occu': 1}], 'abc': [0.7508267191743769, 0.2491732808256231, 0.2491732808256231], 'properties': {}, 'label': 'F', 'xyz': [2.24529106569626, 4.505481202191104, 4.505481202191104]}, {'species': [{'element': 'F', 'occu': 1}], 'abc': [0.2491732808256231, 0.7508267191743769, 0.7508267191743769], 'properties': {}, 'label': 'F', 'xyz': [6.765671338685949, 4.505481202191104, 4.505481202191104]}, {'species': [{'element': 'F', 'occu': 1}], 'abc': [0.2491732808256231, 0.7508267191743769, 0.2491732808256231], 'properties': {}, 'label': 'F', 'xyz': [4.505481202191104, 2.24529106569626, 4.505481202191104]}, {'species': [{'element': 'F', 'occu': 1}], 'abc': [0.7508267191743769, 0.2491732808256231, 0.7508267191743769], 'properties': {}, 'label': 'F', 'xyz': [4.505481202191104, 6.765671338685949, 4.505481202191104]}, {'species': [{'element': 'F', 'occu': 1}], 'abc': [0.2491732808256231, 0.2491732808256231, 0.7508267191743769], 'properties': {}, 'label': 'F', 'xyz': [4.505481202191104, 4.505481202191104, 2.24529106569626]}, {'species': [{'element': 'F', 'occu': 1}], 'abc': [0.7508267191743769, 0.7508267191743769, 0.2491732808256231], 'properties': {}, 'label': 'F', 'xyz': [4.505481202191104, 4.505481202191104, 6.765671338685949]}]}"
2123_CsLiAmF,Am-Cs-F-Li,10,"{'@module': 'pymatgen.core.structure', '@class': 'Structure', 'charge': 0.0, 'lattice': {'matrix': [[0.0, 4.419484241715559, 4.419484241715559], [4.419484241715559, 0.0, 4.419484241715559], [4.419484241715559, 4.419484241715559, 0.0]], 'pbc': (True, True, True), 'a': 6.250094553328317, 'b': 6.250094553328317, 'c': 6.250094553328317, 'alpha': 59.99999999999999, 'beta': 59.99999999999999, 'gamma': 59.99999999999999, 'volume': 172.64132669333196}, 'properties': {}, 'sites': [{'species': [{'element': 'Li', 'occu': 1}], 'abc': [0.0, 0.0, 0.0], 'properties': {}, 'label': 'Li', 'xyz': [0.0, 0.0, 0.0]}, {'species': [{'element': 'Am', 'occu': 1}], 'abc': [0.5, 0.5, 0.5], 'properties': {}, 'label': 'Am', 'xyz': [4.419484241715559, 4.419484241715559, 4.419484241715559]}, {'species': [{'element': 'Cs', 'occu': 1}], 'abc': [0.25, 0.25, 0.25], 'properties': {}, 'label': 'Cs', 'xyz': [2.2097421208577797, 2.2097421208577797, 2.2097421208577797]}, {'species': [{'element': 'Cs', 'occu': 1}], 'abc': [0.75, 0.75, 0.75], 'properties': {}, 'label': 'Cs', 'xyz': [6.629226362573339, 6.629226362573339, 6.629226362573339]}, {'species': [{'element': 'F', 'occu': 1}], 'abc': [0.756414278121575, 0.243585721878425, 0.243585721878425], 'properties': {}, 'label': 'F', 'xyz': [2.1530465186972165, 4.419484241715559, 4.419484241715559]}, {'species': [{'element': 'F', 'occu': 1}], 'abc': [0.243585721878425, 0.756414278121575, 0.756414278121575], 'properties': {}, 'label': 'F', 'xyz': [6.685921964733902, 4.419484241715559, 4.419484241715559]}, {'species': [{'element': 'F', 'occu': 1}], 'abc': [0.243585721878425, 0.756414278121575, 0.243585721878425], 'properties': {}, 'label': 'F', 'xyz': [4.419484241715559, 2.1530465186972165, 4.419484241715559]}, {'species': [{'element': 'F', 'occu': 1}], 'abc': [0.756414278121575, 0.243585721878425, 0.756414278121575], 'properties': {}, 'label': 'F', 'xyz': [4.419484241715559, 6.685921964733902, 4.419484241715559]}, {'species': [{'element': 'F', 'occu': 1}], 'abc': [0.243585721878425, 0.243585721878425, 0.756414278121575], 'properties': {}, 'label': 'F', 'xyz': [4.419484241715559, 4.419484241715559, 2.1530465186972165]}, {'species': [{'element': 'F', 'occu': 1}], 'abc': [0.756414278121575, 0.756414278121575, 0.243585721878425], 'properties': {}, 'label': 'F', 'xyz': [4.419484241715559, 4.419484241715559, 6.685921964733902]}]}"
2134_CsLiCmF,Cm-Cs-F-Li,10,"{'@module': 'pymatgen.core.structure', '@class': 'Structure', 'charge': 0.0, 'lattice': {'matrix': [[0.0, 4.421196941988761, 4.421196941988761], [4.421196941988761, 0.0, 4.421196941988761], [4.421196941988761, 4.421196941988761, 0.0]], 'pbc': (True, True, True), 'a': 6.2525166772829595, 'b': 6.2525166772829595, 'c': 6.2525166772829595, 'alpha': 60.00000000000001, 'beta': 60.00000000000001, 'gamma': 60.00000000000001, 'volume': 172.8421176226567}, 'properties': {}, 'sites': [{'species': [{'element': 'Li', 'occu': 1}], 'abc': [0.0, 0.0, 0.0], 'properties': {}, 'label': 'Li', 'xyz': [0.0, 0.0, 0.0]}, {'species': [{'element': 'Cm', 'occu': 1}], 'abc': [0.5, 0.5, 0.5], 'properties': {}, 'label': 'Cm', 'xyz': [4.421196941988761, 4.421196941988761, 4.421196941988761]}, {'species': [{'element': 'Cs', 'occu': 1}], 'abc': [0.25, 0.25, 0.25], 'properties': {}, 'label': 'Cs', 'xyz': [2.2105984709943804, 2.2105984709943804, 2.2105984709943804]}, {'species': [{'element': 'Cs', 'occu': 1}], 'abc': [0.75, 0.75, 0.75], 'properties': {}, 'label': 'Cs', 'xyz': [6.631795412983141, 6.631795412983141, 6.631795412983141]}, {'species': [{'element': 'F', 'occu': 1}], 'abc': [0.7561965437279596, 0.2438034562720404, 0.2438034562720404], 'properties': {}, 'label': 'F', 'xyz': [2.1558061906324713, 4.421196941988761, 4.421196941988761]}, {'species': [{'element': 'F', 'occu': 1}], 'abc': [0.2438034562720404, 0.7561965437279596, 0.7561965437279596], 'properties': {}, 'label': 'F', 'xyz': [6.686587693345051, 4.421196941988761, 4.421196941988761]}, {'species': [{'element': 'F', 'occu': 1}], 'abc': [0.2438034562720404, 0.7561965437279596, 0.2438034562720404], 'properties': {}, 'label': 'F', 'xyz': [4.421196941988761, 2.1558061906324713, 4.421196941988761]}, {'species': [{'element': 'F', 'occu': 1}], 'abc': [0.7561965437279596, 0.2438034562720404, 0.7561965437279596], 'properties': {}, 'label': 'F', 'xyz': [4.421196941988761, 6.686587693345051, 4.421196941988761]}, {'species': [{'element': 'F', 'occu': 1}], 'abc': [0.2438034562720404, 0.2438034562720404, 0.7561965437279596], 'properties': {}, 'label': 'F', 'xyz': [4.421196941988761, 4.421196941988761, 2.1558061906324713]}, {'species': [{'element': 'F', 'occu': 1}], 'abc': [0.7561965437279596, 0.7561965437279596, 0.2438034562720404], 'properties': {}, 'label': 'F', 'xyz': [4.421196941988761, 4.421196941988761, 6.686587693345051]}]}"
2178_CsAgCmF,Ag-Cm-Cs-F,10,"{'@module': 'pymatgen.core.structure', '@class': 'Structure', 'charge': 0.0, 'lattice': {'matrix': [[0.0, 4.66219325700173, 4.66219325700173], [4.66219325700173, 0.0, 4.66219325700173], [4.66219325700173, 4.66219325700173, 0.0]], 'pbc': (True, True, True), 'a': 6.59333693445624, 'b': 6.59333693445624, 'c': 6.59333693445624, 'alpha': 60.00000000000001, 'beta': 60.00000000000001, 'gamma': 60.00000000000001, 'volume': 202.6752938697021}, 'properties': {}, 'sites': [{'species': [{'element': 'Ag', 'occu': 1}], 'abc': [0.0, 0.0, 0.0], 'properties': {}, 'label': 'Ag', 'xyz': [0.0, 0.0, 0.0]}, {'species': [{'element': 'Cm', 'occu': 1}], 'abc': [0.5, 0.5, 0.5], 'properties': {}, 'label': 'Cm', 'xyz': [4.66219325700173, 4.66219325700173, 4.66219325700173]}, {'species': [{'element': 'Cs', 'occu': 1}], 'abc': [0.25, 0.25, 0.25], 'properties': {}, 'label': 'Cs', 'xyz': [2.331096628500865, 2.331096628500865, 2.331096628500865]}, {'species': [{'element': 'Cs', 'occu': 1}], 'abc': [0.75, 0.75, 0.75], 'properties': {}, 'label': 'Cs', 'xyz': [6.993289885502596, 6.993289885502596, 6.993289885502596]}, {'species': [{'element': 'F', 'occu': 1}], 'abc': [0.7410012280991509, 0.2589987719008491, 0.2589987719008491], 'properties': {}, 'label': 'F', 'xyz': [2.4150046558557356, 4.66219325700173, 4.66219325700173]}, {'species': [{'element': 'F', 'occu': 1}], 'abc': [0.2589987719008491, 0.7410012280991509, 0.7410012280991509], 'properties': {}, 'label': 'F', 'xyz': [6.909381858147725, 4.66219325700173, 4.66219325700173]}, {'species': [{'element': 'F', 'occu': 1}], 'abc': [0.2589987719008491, 0.7410012280991509, 0.2589987719008491], 'properties': {}, 'label': 'F', 'xyz': [4.66219325700173, 2.4150046558557356, 4.66219325700173]}, {'species': [{'element': 'F', 'occu': 1}], 'abc': [0.7410012280991509, 0.2589987719008491, 0.7410012280991509], 'properties': {}, 'label': 'F', 'xyz': [4.66219325700173, 6.909381858147725, 4.66219325700173]}, {'species': [{'element': 'F', 'occu': 1}], 'abc': [0.2589987719008491, 0.2589987719008491, 0.7410012280991509], 'properties': {}, 'label': 'F', 'xyz': [4.66219325700173, 4.66219325700173, 2.4150046558557356]}, {'species': [{'element': 'F', 'occu': 1}], 'abc': [0.7410012280991509, 0.7410012280991509, 0.2589987719008491], 'properties': {}, 'label': 'F', 'xyz': [4.66219325700173, 4.66219325700173, 6.909381858147725]}]}"
2180_CsAmVacF,Am-Cs-F,9,"{'@module': 'pymatgen.core.structure', '@class': 'Structure', 'charge': 0.0, 'lattice': {'matrix': [[0.0, 4.658689017643927, 4.658689017643927], [4.658689017643927, 0.0, 4.658689017643927], [4.658689017643927, 4.658689017643927, 0.0]], 'pbc': (True, True, True), 'a': 6.588381191630633, 'b': 6.588381191630633, 'c': 6.588381191630633, 'alpha': 60.00000000000001, 'beta': 60.00000000000001, 'gamma': 60.00000000000001, 'volume': 202.21862743893016}, 'properties': {}, 'sites': [{'species': [{'element': 'Am', 'occu': 1}], 'abc': [0.0, 0.0, 0.0], 'properties': {}, 'label': 'Am', 'xyz': [0.0, 0.0, 0.0]}, {'species': [{'element': 'Cs', 'occu': 1}], 'abc': [0.25, 0.25, 0.25], 'properties': {}, 'label': 'Cs', 'xyz': [2.3293445088219635, 2.3293445088219635, 2.3293445088219635]}, {'species': [{'element': 'Cs', 'occu': 1}], 'abc': [0.75, 0.75, 0.75], 'properties': {}, 'label': 'Cs', 'xyz': [6.988033526465891, 6.988033526465891, 6.988033526465891]}, {'species': [{'element': 'F', 'occu': 1}], 'abc': [0.7713388335540401, 0.2286611664459599, 0.2286611664459599], 'properties': {}, 'label': 'F', 'xyz': [2.130522529766887, 4.658689017643927, 4.658689017643927]}, {'species': [{'element': 'F', 'occu': 1}], 'abc': [0.2286611664459599, 0.7713388335540401, 0.7713388335540401], 'properties': {}, 'label': 'F', 'xyz': [7.186855505520967, 4.658689017643927, 4.658689017643927]}, {'species': [{'element': 'F', 'occu': 1}], 'abc': [0.2286611664459599, 0.7713388335540401, 0.2286611664459599], 'properties': {}, 'label': 'F', 'xyz': [4.658689017643927, 2.130522529766887, 4.658689017643927]}, {'species': [{'element': 'F', 'occu': 1}], 'abc': [0.7713388335540401, 0.2286611664459599, 0.7713388335540401], 'properties': {}, 'label': 'F', 'xyz': [4.658689017643927, 7.186855505520967, 4.658689017643927]}, {'species': [{'element': 'F', 'occu': 1}], 'abc': [0.2286611664459599, 0.2286611664459599, 0.7713388335540401], 'properties': {}, 'label': 'F', 'xyz': [4.658689017643927, 4.658689017643927, 2.130522529766887]}, {'species': [{'element': 'F', 'occu': 1}], 'abc': [0.7713388335540401, 0.7713388335540401, 0.2286611664459599], 'properties': {}, 'label': 'F', 'xyz': [4.658689017643927, 4.658689017643927, 7.186855505520967]}]}"
2185_CsCmVacF,Cm-Cs-F,9,"{'@module': 'pymatgen.core.structure', '@class': 'Structure', 'charge': 0.0, 'lattice': {'matrix': [[0.0, 4.6347036670273365, 4.634703667027337], [4.634703667027337, 0.0, 4.634703667027337], [4.634703667027337, 4.6347036670273365, 0.0]], 'pbc': (True, True, True), 'a': 6.554460783490377, 'b': 6.554460783490377, 'c': 6.554460783490377, 'alpha': 59.99999999999999, 'beta': 60.00000000000001, 'gamma': 59.99999999999999, 'volume': 199.11130106447408}, 'properties': {}, 'sites': [{'species': [{'element': 'Cm', 'occu': 1}], 'abc': [0.0, 0.0, 0.0], 'properties': {}, 'label': 'Cm', 'xyz': [0.0, 0.0, 0.0]}, {'species': [{'element': 'Cs', 'occu': 1}], 'abc': [0.25, 0.25, 0.25], 'properties': {}, 'label': 'Cs', 'xyz': [2.3173518335136687, 2.3173518335136682, 2.3173518335136687]}, {'species': [{'element': 'Cs', 'occu': 1}], 'abc': [0.75, 0.75, 0.75], 'properties': {}, 'label': 'Cs', 'xyz': [6.952055500541006, 6.952055500541005, 6.952055500541006]}, {'species': [{'element': 'F', 'occu': 1}], 'abc': [0.7696091343795146, 0.2303908656204854, 0.2303908656204854], 'properties': {}, 'label': 'F', 'xyz': [2.1355867794817325, 4.6347036670273365, 4.634703667027337]}, {'species': [{'element': 'F', 'occu': 1}], 'abc': [0.2303908656204854, 0.7696091343795146, 0.7696091343795146], 'properties': {}, 'label': 'F', 'xyz': [7.133820554572942, 4.6347036670273365, 4.634703667027337]}, {'species': [{'element': 'F', 'occu': 1}], 'abc': [0.2303908656204854, 0.7696091343795146, 0.2303908656204854], 'properties': {}, 'label': 'F', 'xyz': [4.634703667027337, 2.135586779481732, 4.634703667027337]}, {'species': [{'element': 'F', 'occu': 1}], 'abc': [0.7696091343795146, 0.2303908656204854, 0.7696091343795146], 'properties': {}, 'label': 'F', 'xyz': [4.634703667027337, 7.133820554572941, 4.634703667027337]}, {'species': [{'element': 'F', 'occu': 1}], 'abc': [0.2303908656204854, 0.2303908656204854, 0.7696091343795146], 'properties': {}, 'label': 'F', 'xyz': [4.634703667027337, 4.6347036670273365, 2.1355867794817325]}, {'species': [{'element': 'F', 'occu': 1}], 'abc': [0.7696091343795146, 0.7696091343795146, 0.2303908656204854], 'properties': {}, 'label': 'F', 'xyz': [4.634703667027337, 4.6347036670273365, 7.133820554572942]}]}"
2189_CsAgAmF,Ag-Am-Cs-F,10,"{'@module': 'pymatgen.core.structure', '@class': 'Structure', 'charge': 0.0, 'lattice': {'matrix': [[0.0, 4.655722108540555, 4.655722108540555], [4.655722108540555, 0.0, 4.655722108540555], [4.655722108540555, 4.655722108540555, 0.0]], 'pbc': (True, True, True), 'a': 6.584185348538316, 'b': 6.584185348538316, 'c': 6.584185348538316, 'alpha': 60.00000000000001, 'beta': 60.00000000000001, 'gamma': 60.00000000000001, 'volume': 201.8325216427011}, 'properties': {}, 'sites': [{'species': [{'element': 'Ag', 'occu': 1}], 'abc': [0.0, 0.0, 0.0], 'properties': {}, 'label': 'Ag', 'xyz': [0.0, 0.0, 0.0]}, {'species': [{'element': 'Am', 'occu': 1}], 'abc': [0.5, 0.5, 0.5], 'properties': {}, 'label': 'Am', 'xyz': [4.655722108540555, 4.655722108540555, 4.655722108540555]}, {'species': [{'element': 'Cs', 'occu': 1}], 'abc': [0.25, 0.25, 0.25], 'properties': {}, 'label': 'Cs', 'xyz': [2.3278610542702776, 2.3278610542702776, 2.3278610542702776]}, {'species': [{'element': 'Cs', 'occu': 1}], 'abc': [0.75, 0.75, 0.75], 'properties': {}, 'label': 'Cs', 'xyz': [6.983583162810833, 6.983583162810833, 6.983583162810833]}, {'species': [{'element': 'F', 'occu': 1}], 'abc': [0.7414483830568415, 0.2585516169431585, 0.2585516169431585], 'properties': {}, 'label': 'F', 'xyz': [2.4074889584023436, 4.655722108540555, 4.655722108540555]}, {'species': [{'element': 'F', 'occu': 1}], 'abc': [0.2585516169431585, 0.7414483830568415, 0.7414483830568415], 'properties': {}, 'label': 'F', 'xyz': [6.903955258678766, 4.655722108540555, 4.655722108540555]}, {'species': [{'element': 'F', 'occu': 1}], 'abc': [0.2585516169431585, 0.7414483830568415, 0.2585516169431585], 'properties': {}, 'label': 'F', 'xyz': [4.655722108540555, 2.4074889584023436, 4.655722108540555]}, {'species': [{'element': 'F', 'occu': 1}], 'abc': [0.7414483830568415, 0.2585516169431585, 0.7414483830568415], 'properties': {}, 'label': 'F', 'xyz': [4.655722108540555, 6.903955258678766, 4.655722108540555]}, {'species': [{'element': 'F', 'occu': 1}], 'abc': [0.2585516169431585, 0.2585516169431585, 0.7414483830568415], 'properties': {}, 'label': 'F', 'xyz': [4.655722108540555, 4.655722108540555, 2.4074889584023436]}, {'species': [{'element': 'F', 'occu': 1}], 'abc': [0.7414483830568415, 0.7414483830568415, 0.2585516169431585], 'properties': {}, 'label': 'F', 'xyz': [4.655722108540555, 4.655722108540555, 6.903955258678766]}]}"
2237_CsHgCmF,Cm-Cs-F-Hg,10,"{'@module': 'pymatgen.core.structure', '@class': 'Structure', 'charge': 0.0, 'lattice': {'matrix': [[0.0, 4.821473749416157, 4.821473749416157], [4.821473749416157, 0.0, 4.821473749416157], [4.821473749416157, 4.821473749416157, 0.0]], 'pbc': (True, True, True), 'a': 6.818593567050186, 'b': 6.818593567050186, 'c': 6.818593567050186, 'alpha': 60.00000000000001, 'beta': 60.00000000000001, 'gamma': 60.00000000000001, 'volume': 224.16583123444522}, 'properties': {}, 'sites': [{'species': [{'element': 'Hg', 'occu': 1}], 'abc': [0.0, 0.0, 0.0], 'properties': {}, 'label': 'Hg', 'xyz': [0.0, 0.0, 0.0]}, {'species': [{'element': 'Cm', 'occu': 1}], 'abc': [0.5, 0.5, 0.5], 'properties': {}, 'label': 'Cm', 'xyz': [4.821473749416157, 4.821473749416157, 4.821473749416157]}, {'species': [{'element': 'Cs', 'occu': 1}], 'abc': [0.25, 0.25, 0.25], 'properties': {}, 'label': 'Cs', 'xyz': [2.4107368747080784, 2.4107368747080784, 2.4107368747080784]}, {'species': [{'element': 'Cs', 'occu': 1}], 'abc': [0.75, 0.75, 0.75], 'properties': {}, 'label': 'Cs', 'xyz': [7.232210624124235, 7.232210624124235, 7.232210624124235]}, {'species': [{'element': 'F', 'occu': 1}], 'abc': [0.7294918428854729, 0.2705081571145271, 0.2705081571145271], 'properties': {}, 'label': 'F', 'xyz': [2.6084959570612676, 4.821473749416157, 4.821473749416157]}, {'species': [{'element': 'F', 'occu': 1}], 'abc': [0.2705081571145271, 0.7294918428854729, 0.7294918428854729], 'properties': {}, 'label': 'F', 'xyz': [7.034451541771046, 4.821473749416157, 4.821473749416157]}, {'species': [{'element': 'F', 'occu': 1}], 'abc': [0.2705081571145271, 0.7294918428854729, 0.2705081571145271], 'properties': {}, 'label': 'F', 'xyz': [4.821473749416157, 2.6084959570612676, 4.821473749416157]}, {'species': [{'element': 'F', 'occu': 1}], 'abc': [0.7294918428854729, 0.2705081571145271, 0.7294918428854729], 'properties': {}, 'label': 'F', 'xyz': [4.821473749416157, 7.034451541771046, 4.821473749416157]}, {'species': [{'element': 'F', 'occu': 1}], 'abc': [0.2705081571145271, 0.2705081571145271, 0.7294918428854729], 'properties': {}, 'label': 'F', 'xyz': [4.821473749416157, 4.821473749416157, 2.6084959570612676]}, {'species': [{'element': 'F', 'occu': 1}], 'abc': [0.7294918428854729, 0.7294918428854729, 0.2705081571145271], 'properties': {}, 'label': 'F', 'xyz': [4.821473749416157, 4.821473749416157, 7.034451541771046]}]}"
2239_CsCdAmF,Am-Cd-Cs-F,10,"{'@module': 'pymatgen.core.structure', '@class': 'Structure', 'charge': 0.0, 'lattice': {'matrix': [[0.0, 4.6605742875680995, 4.6605742875680995], [4.6605742875680995, 0.0, 4.6605742875680995], [4.6605742875680995, 4.6605742875680995, 0.0]], 'pbc': (True, True, True), 'a': 6.591047365926132, 'b': 6.591047365926132, 'c': 6.591047365926132, 'alpha': 60.00000000000001, 'beta': 60.00000000000001, 'gamma': 60.00000000000001, 'volume': 202.4642272164434}, 'properties': {}, 'sites': [{'species': [{'element': 'Cd', 'occu': 1}], 'abc': [0.0, 0.0, 0.0], 'properties': {}, 'label': 'Cd', 'xyz': [0.0, 0.0, 0.0]}, {'species': [{'element': 'Am', 'occu': 1}], 'abc': [0.5, 0.5, 0.5], 'properties': {}, 'label': 'Am', 'xyz': [4.6605742875680995, 4.6605742875680995, 4.6605742875680995]}, {'species': [{'element': 'Cs', 'occu': 1}], 'abc': [0.25, 0.25, 0.25], 'properties': {}, 'label': 'Cs', 'xyz': [2.3302871437840498, 2.3302871437840498, 2.3302871437840498]}, {'species': [{'element': 'Cs', 'occu': 1}], 'abc': [0.75, 0.75, 0.75], 'properties': {}, 'label': 'Cs', 'xyz': [6.990861431352149, 6.990861431352149, 6.990861431352149]}, {'species': [{'element': 'F', 'occu': 1}], 'abc': [0.7494613137926152, 0.2505386862073848, 0.2505386862073848], 'properties': {}, 'label': 'F', 'xyz': [2.33530831795846, 4.6605742875680995, 4.6605742875680995]}, {'species': [{'element': 'F', 'occu': 1}], 'abc': [0.2505386862073848, 0.7494613137926152, 0.7494613137926152], 'properties': {}, 'label': 'F', 'xyz': [6.985840257177738, 4.6605742875680995, 4.6605742875680995]}, {'species': [{'element': 'F', 'occu': 1}], 'abc': [0.2505386862073848, 0.7494613137926152, 0.2505386862073848], 'properties': {}, 'label': 'F', 'xyz': [4.6605742875680995, 2.33530831795846, 4.6605742875680995]}, {'species': [{'element': 'F', 'occu': 1}], 'abc': [0.7494613137926152, 0.2505386862073848, 0.7494613137926152], 'properties': {}, 'label': 'F', 'xyz': [4.6605742875680995, 6.985840257177738, 4.6605742875680995]}, {'species': [{'element': 'F', 'occu': 1}], 'abc': [0.2505386862073848, 0.2505386862073848, 0.7494613137926152], 'properties': {}, 'label': 'F', 'xyz': [4.6605742875680995, 4.6605742875680995, 2.33530831795846]}, {'species': [{'element': 'F', 'occu': 1}], 'abc': [0.7494613137926152, 0.7494613137926152, 0.2505386862073848], 'properties': {}, 'label': 'F', 'xyz': [4.6605742875680995, 4.6605742875680995, 6.985840257177738]}]}"
2249_CsBeAmF,Am-Be-Cs-F,10,"{'@module': 'pymatgen.core.structure', '@class': 'Structure', 'charge': 0.0, 'lattice': {'matrix': [[0.0, 4.276191941602813, 4.276191941602813], [4.276191941602813, 0.0, 4.276191941602813], [4.276191941602813, 4.276191941602813, 0.0]], 'pbc': (True, True, True), 'a': 6.0474486391252364, 'b': 6.0474486391252364, 'c': 6.0474486391252364, 'alpha': 59.99999999999999, 'beta': 59.99999999999999, 'gamma': 59.99999999999999, 'volume': 156.38733106150707}, 'properties': {}, 'sites': [{'species': [{'element': 'Be', 'occu': 1}], 'abc': [0.0, 0.0, 0.0], 'properties': {}, 'label': 'Be', 'xyz': [0.0, 0.0, 0.0]}, {'species': [{'element': 'Am', 'occu': 1}], 'abc': [0.5, 0.5, 0.5], 'properties': {}, 'label': 'Am', 'xyz': [4.276191941602813, 4.276191941602813, 4.276191941602813]}, {'species': [{'element': 'Cs', 'occu': 1}], 'abc': [0.25, 0.25, 0.25], 'properties': {}, 'label': 'Cs', 'xyz': [2.1380959708014067, 2.1380959708014067, 2.1380959708014067]}, {'species': [{'element': 'Cs', 'occu': 1}], 'abc': [0.75, 0.75, 0.75], 'properties': {}, 'label': 'Cs', 'xyz': [6.41428791240422, 6.41428791240422, 6.41428791240422]}, {'species': [{'element': 'F', 'occu': 1}], 'abc': [0.7871466751143004, 0.2128533248856996, 0.2128533248856996], 'properties': {}, 'label': 'F', 'xyz': [1.8204033452391886, 4.276191941602813, 4.276191941602813]}, {'species': [{'element': 'F', 'occu': 1}], 'abc': [0.2128533248856996, 0.7871466751143004, 0.7871466751143004], 'properties': {}, 'label': 'F', 'xyz': [6.731980537966438, 4.276191941602813, 4.276191941602813]}, {'species': [{'element': 'F', 'occu': 1}], 'abc': [0.2128533248856996, 0.7871466751143004, 0.2128533248856996], 'properties': {}, 'label': 'F', 'xyz': [4.276191941602813, 1.8204033452391886, 4.276191941602813]}, {'species': [{'element': 'F', 'occu': 1}], 'abc': [0.7871466751143004, 0.2128533248856996, 0.7871466751143004], 'properties': {}, 'label': 'F', 'xyz': [4.276191941602813, 6.731980537966438, 4.276191941602813]}, {'species': [{'element': 'F', 'occu': 1}], 'abc': [0.2128533248856996, 0.2128533248856996, 0.7871466751143004], 'properties': {}, 'label': 'F', 'xyz': [4.276191941602813, 4.276191941602813, 1.8204033452391886]}, {'species': [{'element': 'F', 'occu': 1}], 'abc': [0.7871466751143004, 0.7871466751143004, 0.2128533248856996], 'properties': {}, 'label': 'F', 'xyz': [4.276191941602813, 4.276191941602813, 6.731980537966438]}]}"
2251_CsHgAmF,Am-Cs-F-Hg,10,"{'@module': 'pymatgen.core.structure', '@class': 'Structure', 'charge': 0.0, 'lattice': {'matrix': [[0.0, 4.9268353561341485, 4.9268353561341485], [4.9268353561341485, 0.0, 4.9268353561341485], [4.9268353561341485, 4.9268353561341485, 0.0]], 'pbc': (True, True, True), 'a': 6.96759738022419, 'b': 6.96759738022419, 'c': 6.96759738022419, 'alpha': 59.99999999999999, 'beta': 59.99999999999999, 'gamma': 59.99999999999999, 'volume': 239.18511206327776}, 'properties': {}, 'sites': [{'species': [{'element': 'Hg', 'occu': 1}], 'abc': [0.0, 0.0, 0.0], 'properties': {}, 'label': 'Hg', 'xyz': [0.0, 0.0, 0.0]}, {'species': [{'element': 'Am', 'occu': 1}], 'abc': [0.5, 0.5, 0.5], 'properties': {}, 'label': 'Am', 'xyz': [4.9268353561341485, 4.9268353561341485, 4.9268353561341485]}, {'species': [{'element': 'Cs', 'occu': 1}], 'abc': [0.25, 0.25, 0.25], 'properties': {}, 'label': 'Cs', 'xyz': [2.4634176780670742, 2.4634176780670742, 2.4634176780670742]}, {'species': [{'element': 'Cs', 'occu': 1}], 'abc': [0.75, 0.75, 0.75], 'properties': {}, 'label': 'Cs', 'xyz': [7.390253034201223, 7.390253034201223, 7.390253034201223]}, {'species': [{'element': 'F', 'occu': 1}], 'abc': [0.7185165022098801, 0.2814834977901199, 0.2814834977901199], 'properties': {}, 'label': 'F', 'xyz': [2.773645698161342, 4.9268353561341485, 4.9268353561341485]}, {'species': [{'element': 'F', 'occu': 1}], 'abc': [0.2814834977901199, 0.7185165022098801, 0.7185165022098801], 'properties': {}, 'label': 'F', 'xyz': [7.080025014106954, 4.9268353561341485, 4.9268353561341485]}, {'species': [{'element': 'F', 'occu': 1}], 'abc': [0.2814834977901199, 0.7185165022098801, 0.2814834977901199], 'properties': {}, 'label': 'F', 'xyz': [4.9268353561341485, 2.773645698161342, 4.9268353561341485]}, {'species': [{'element': 'F', 'occu': 1}], 'abc': [0.7185165022098801, 0.2814834977901199, 0.7185165022098801], 'properties': {}, 'label': 'F', 'xyz': [4.9268353561341485, 7.080025014106954, 4.9268353561341485]}, {'species': [{'element': 'F', 'occu': 1}], 'abc': [0.2814834977901199, 0.2814834977901199, 0.7185165022098801], 'properties': {}, 'label': 'F', 'xyz': [4.9268353561341485, 4.9268353561341485, 2.773645698161342]}, {'species': [{'element': 'F', 'occu': 1}], 'abc': [0.7185165022098801, 0.7185165022098801, 0.2814834977901199], 'properties': {}, 'label': 'F', 'xyz': [4.9268353561341485, 4.9268353561341485, 7.080025014106954]}]}"
2255_CsNiRaF,Cs-F-Ni-Ra,10,"{'@module': 'pymatgen.core.structure', '@class': 'Structure', 'charge': 0.0, 'lattice': {'matrix': [[0.0, 4.589065989555151, 4.589065989555151], [4.589065989555151, 0.0, 4.589065989555151], [4.589065989555151, 4.589065989555151, 0.0]], 'pbc': (True, True, True), 'a': 6.489919361054003, 'b': 6.489919361054003, 'c': 6.489919361054003, 'alpha': 60.00000000000001, 'beta': 60.00000000000001, 'gamma': 60.00000000000001, 'volume': 193.28711507087328}, 'properties': {}, 'sites': [{'species': [{'element': 'Ni', 'occu': 1}], 'abc': [0.0, 0.0, 0.0], 'properties': {}, 'label': 'Ni', 'xyz': [0.0, 0.0, 0.0]}, {'species': [{'element': 'Ra', 'occu': 1}], 'abc': [0.5, 0.5, 0.5], 'properties': {}, 'label': 'Ra', 'xyz': [4.589065989555151, 4.589065989555151, 4.589065989555151]}, {'species': [{'element': 'Cs', 'occu': 1}], 'abc': [0.25, 0.25, 0.25], 'properties': {}, 'label': 'Cs', 'xyz': [2.2945329947775757, 2.2945329947775757, 2.2945329947775757]}, {'species': [{'element': 'Cs', 'occu': 1}], 'abc': [0.75, 0.75, 0.75], 'properties': {}, 'label': 'Cs', 'xyz': [6.8835989843327265, 6.8835989843327265, 6.8835989843327265]}, {'species': [{'element': 'F', 'occu': 1}], 'abc': [0.7806515330492161, 0.2193484669507839, 0.2193484669507839], 'properties': {}, 'label': 'F', 'xyz': [2.013209179089809, 4.589065989555151, 4.589065989555151]}, {'species': [{'element': 'F', 'occu': 1}], 'abc': [0.2193484669507839, 0.7806515330492161, 0.7806515330492161], 'properties': {}, 'label': 'F', 'xyz': [7.164922800020493, 4.589065989555151, 4.589065989555151]}, {'species': [{'element': 'F', 'occu': 1}], 'abc': [0.2193484669507839, 0.7806515330492161, 0.2193484669507839], 'properties': {}, 'label': 'F', 'xyz': [4.589065989555151, 2.013209179089809, 4.589065989555151]}, {'species': [{'element': 'F', 'occu': 1}], 'abc': [0.7806515330492161, 0.2193484669507839, 0.7806515330492161], 'properties': {}, 'label': 'F', 'xyz': [4.589065989555151, 7.164922800020493, 4.589065989555151]}, {'species': [{'element': 'F', 'occu': 1}], 'abc': [0.2193484669507839, 0.2193484669507839, 0.7806515330492161], 'properties': {}, 'label': 'F', 'xyz': [4.589065989555151, 4.589065989555151, 2.013209179089809]}, {'species': [{'element': 'F', 'occu': 1}], 'abc': [0.7806515330492161, 0.7806515330492161, 0.2193484669507839], 'properties': {}, 'label': 'F', 'xyz': [4.589065989555151, 4.589065989555151, 7.164922800020493]}]}"
2266_CsFeRaF,Cs-F-Fe-Ra,10,"{'@module': 'pymatgen.core.structure', '@class': 'Structure', 'charge': 0.0, 'lattice': {'matrix': [[0.0, 4.540482454128124, 4.540482454128124], [4.540482454128124, 0.0, 4.540482454128124], [4.540482454128124, 4.540482454128124, 0.0]], 'pbc': (True, True, True), 'a': 6.421211866345068, 'b': 6.421211866345068, 'c': 6.421211866345068, 'alpha': 60.00000000000001, 'beta': 60.00000000000001, 'gamma': 60.00000000000001, 'volume': 187.21299924970458}, 'properties': {}, 'sites': [{'species': [{'element': 'Fe', 'occu': 1}], 'abc': [0.0, 0.0, 0.0], 'properties': {}, 'label': 'Fe', 'xyz': [0.0, 0.0, 0.0]}, {'species': [{'element': 'Ra', 'occu': 1}], 'abc': [0.5, 0.5, 0.5], 'properties': {}, 'label': 'Ra', 'xyz': [4.540482454128124, 4.540482454128124, 4.540482454128124]}, {'species': [{'element': 'Cs', 'occu': 1}], 'abc': [0.25, 0.25, 0.25], 'properties': {}, 'label': 'Cs', 'xyz': [2.270241227064062, 2.270241227064062, 2.270241227064062]}, {'species': [{'element': 'Cs', 'occu': 1}], 'abc': [0.75, 0.75, 0.75], 'properties': {}, 'label': 'Cs', 'xyz': [6.8107236811921865, 6.8107236811921865, 6.8107236811921865]}, {'species': [{'element': 'F', 'occu': 1}], 'abc': [0.7837407102759997, 0.2162592897240003, 0.2162592897240003], 'properties': {}, 'label': 'F', 'xyz': [1.963843021068068, 4.540482454128124, 4.540482454128124]}, {'species': [{'element': 'F', 'occu': 1}], 'abc': [0.2162592897240003, 0.7837407102759997, 0.7837407102759997], 'properties': {}, 'label': 'F', 'xyz': [7.117121887188181, 4.540482454128124, 4.540482454128124]}, {'species': [{'element': 'F', 'occu': 1}], 'abc': [0.2162592897240003, 0.7837407102759997, 0.2162592897240003], 'properties': {}, 'label': 'F', 'xyz': [4.540482454128124, 1.963843021068068, 4.540482454128124]}, {'species': [{'element': 'F', 'occu': 1}], 'abc': [0.7837407102759997, 0.2162592897240003, 0.7837407102759997], 'properties': {}, 'label': 'F', 'xyz': [4.540482454128124, 7.117121887188181, 4.540482454128124]}, {'species': [{'element': 'F', 'occu': 1}], 'abc': [0.2162592897240003, 0.2162592897240003, 0.7837407102759997], 'properties': {}, 'label': 'F', 'xyz': [4.540482454128124, 4.540482454128124, 1.963843021068068]}, {'species': [{'element': 'F', 'occu': 1}], 'abc': [0.7837407102759997, 0.7837407102759997, 0.2162592897240003], 'properties': {}, 'label': 'F', 'xyz': [4.540482454128124, 4.540482454128124, 7.117121887188181]}]}"
2269_CsCoRaF,Co-Cs-F-Ra,10,"{'@module': 'pymatgen.core.structure', '@class': 'Structure', 'charge': 0.0, 'lattice': {'matrix': [[0.0, 4.6121366789768965, 4.6121366789768965], [4.6121366789768965, 0.0, 4.6121366789768965], [4.6121366789768965, 4.6121366789768965, 0.0]], 'pbc': (True, True, True), 'a': 6.5225462429275325, 'b': 6.5225462429275325, 'c': 6.5225462429275325, 'alpha': 59.99999999999999, 'beta': 59.99999999999999, 'gamma': 59.99999999999999, 'volume': 196.2169417901014}, 'properties': {}, 'sites': [{'species': [{'element': 'Co', 'occu': 1}], 'abc': [0.0, 0.0, 0.0], 'properties': {}, 'label': 'Co', 'xyz': [0.0, 0.0, 0.0]}, {'species': [{'element': 'Ra', 'occu': 1}], 'abc': [0.5, 0.5, 0.5], 'properties': {}, 'label': 'Ra', 'xyz': [4.6121366789768965, 4.6121366789768965, 4.6121366789768965]}, {'species': [{'element': 'Cs', 'occu': 1}], 'abc': [0.25, 0.25, 0.25], 'properties': {}, 'label': 'Cs', 'xyz': [2.3060683394884482, 2.3060683394884482, 2.3060683394884482]}, {'species': [{'element': 'Cs', 'occu': 1}], 'abc': [0.75, 0.75, 0.75], 'properties': {}, 'label': 'Cs', 'xyz': [6.918205018465345, 6.918205018465345, 6.918205018465345]}, {'species': [{'element': 'F', 'occu': 1}], 'abc': [0.7793633480530033, 0.2206366519469967, 0.2206366519469967], 'properties': {}, 'label': 'F', 'xyz': [2.0352127903428054, 4.6121366789768965, 4.6121366789768965]}, {'species': [{'element': 'F', 'occu': 1}], 'abc': [0.2206366519469967, 0.7793633480530033, 0.7793633480530033], 'properties': {}, 'label': 'F', 'xyz': [7.189060567610988, 4.6121366789768965, 4.6121366789768965]}, {'species': [{'element': 'F', 'occu': 1}], 'abc': [0.2206366519469967, 0.7793633480530033, 0.2206366519469967], 'properties': {}, 'label': 'F', 'xyz': [4.6121366789768965, 2.0352127903428054, 4.6121366789768965]}, {'species': [{'element': 'F', 'occu': 1}], 'abc': [0.7793633480530033, 0.2206366519469967, 0.7793633480530033], 'properties': {}, 'label': 'F', 'xyz': [4.6121366789768965, 7.189060567610988, 4.6121366789768965]}, {'species': [{'element': 'F', 'occu': 1}], 'abc': [0.2206366519469967, 0.2206366519469967, 0.7793633480530033], 'properties': {}, 'label': 'F', 'xyz': [4.6121366789768965, 4.6121366789768965, 2.0352127903428054]}, {'species': [{'element': 'F', 'occu': 1}], 'abc': [0.7793633480530033, 0.7793633480530033, 0.2206366519469967], 'properties': {}, 'label': 'F', 'xyz': [4.6121366789768965, 4.6121366789768965, 7.189060567610988]}]}"
2308_CsMgRaF,Cs-F-Mg-Ra,10,"{'@module': 'pymatgen.core.structure', '@class': 'Structure', 'charge': 0.0, 'lattice': {'matrix': [[0.0, 4.595583630382018, 4.595583630382018], [4.595583630382018, 0.0, 4.595583630382018], [4.595583630382018, 4.595583630382018, 0.0]], 'pbc': (True, True, True), 'a': 6.499136697106035, 'b': 6.499136697106035, 'c': 6.499136697106035, 'alpha': 60.00000000000001, 'beta': 60.00000000000001, 'gamma': 60.00000000000001, 'volume': 194.11183586027306}, 'properties': {}, 'sites': [{'species': [{'element': 'Mg', 'occu': 1}], 'abc': [0.0, 0.0, 0.0], 'properties': {}, 'label': 'Mg', 'xyz': [0.0, 0.0, 0.0]}, {'species': [{'element': 'Ra', 'occu': 1}], 'abc': [0.5, 0.5, 0.5], 'properties': {}, 'label': 'Ra', 'xyz': [4.595583630382018, 4.595583630382018, 4.595583630382018]}, {'species': [{'element': 'Cs', 'occu': 1}], 'abc': [0.25, 0.25, 0.25], 'properties': {}, 'label': 'Cs', 'xyz': [2.297791815191009, 2.297791815191009, 2.297791815191009]}, {'species': [{'element': 'Cs', 'occu': 1}], 'abc': [0.75, 0.75, 0.75], 'properties': {}, 'label': 'Cs', 'xyz': [6.893375445573027, 6.893375445573027, 6.893375445573027]}, {'species': [{'element': 'F', 'occu': 1}], 'abc': [0.7815017347689945, 0.2184982652310055, 0.2184982652310055], 'properties': {}, 'label': 'F', 'xyz': [2.0082541019249547, 4.595583630382018, 4.595583630382018]}, {'species': [{'element': 'F', 'occu': 1}], 'abc': [0.2184982652310055, 0.7815017347689945, 0.7815017347689945], 'properties': {}, 'label': 'F', 'xyz': [7.1829131588390815, 4.595583630382018, 4.595583630382018]}, {'species': [{'element': 'F', 'occu': 1}], 'abc': [0.2184982652310055, 0.7815017347689945, 0.2184982652310055], 'properties': {}, 'label': 'F', 'xyz': [4.595583630382018, 2.0082541019249547, 4.595583630382018]}, {'species': [{'element': 'F', 'occu': 1}], 'abc': [0.7815017347689945, 0.2184982652310055, 0.7815017347689945], 'properties': {}, 'label': 'F', 'xyz': [4.595583630382018, 7.1829131588390815, 4.595583630382018]}, {'species': [{'element': 'F', 'occu': 1}], 'abc': [0.2184982652310055, 0.2184982652310055, 0.7815017347689945], 'properties': {}, 'label': 'F', 'xyz': [4.595583630382018, 4.595583630382018, 2.0082541019249547]}, {'species': [{'element': 'F', 'occu': 1}], 'abc': [0.7815017347689945, 0.7815017347689945, 0.2184982652310055], 'properties': {}, 'label': 'F', 'xyz': [4.595583630382018, 4.595583630382018, 7.1829131588390815]}]}"
2321_CsGeRaF,Cs-F-Ge-Ra,10,"{'@module': 'pymatgen.core.structure', '@class': 'Structure', 'charge': 0.0, 'lattice': {'matrix': [[0.0, 4.798184852708529, 4.798184852708529], [4.798184852708529, 0.0, 4.798184852708529], [4.798184852708529, 4.798184852708529, 0.0]], 'pbc': (True, True, True), 'a': 6.785658093473552, 'b': 6.785658093473552, 'c': 6.785658093473552, 'alpha': 60.00000000000001, 'beta': 60.00000000000001, 'gamma': 60.00000000000001, 'volume': 220.9331689155451}, 'properties': {}, 'sites': [{'species': [{'element': 'Ge', 'occu': 1}], 'abc': [0.0, 0.0, 0.0], 'properties': {}, 'label': 'Ge', 'xyz': [0.0, 0.0, 0.0]}, {'species': [{'element': 'Ra', 'occu': 1}], 'abc': [0.5, 0.5, 0.5], 'properties': {}, 'label': 'Ra', 'xyz': [4.798184852708529, 4.798184852708529, 4.798184852708529]}, {'species': [{'element': 'Cs', 'occu': 1}], 'abc': [0.25, 0.25, 0.25], 'properties': {}, 'label': 'Cs', 'xyz': [2.3990924263542643, 2.3990924263542643, 2.3990924263542643]}, {'species': [{'element': 'Cs', 'occu': 1}], 'abc': [0.75, 0.75, 0.75], 'properties': {}, 'label': 'Cs', 'xyz': [7.197277279062793, 7.197277279062793, 7.197277279062793]}, {'species': [{'element': 'F', 'occu': 1}], 'abc': [0.7684998841173183, 0.2315001158826817, 0.2315001158826817], 'properties': {}, 'label': 'F', 'xyz': [2.221560698857105, 4.798184852708529, 4.798184852708529]}, {'species': [{'element': 'F', 'occu': 1}], 'abc': [0.2315001158826817, 0.7684998841173183, 0.7684998841173183], 'properties': {}, 'label': 'F', 'xyz': [7.3748090065599525, 4.798184852708529, 4.798184852708529]}, {'species': [{'element': 'F', 'occu': 1}], 'abc': [0.2315001158826817, 0.7684998841173183, 0.2315001158826817], 'properties': {}, 'label': 'F', 'xyz': [4.798184852708529, 2.221560698857105, 4.798184852708529]}, {'species': [{'element': 'F', 'occu': 1}], 'abc': [0.7684998841173183, 0.2315001158826817, 0.7684998841173183], 'properties': {}, 'label': 'F', 'xyz': [4.798184852708529, 7.3748090065599525, 4.798184852708529]}, {'species': [{'element': 'F', 'occu': 1}], 'abc': [0.2315001158826817, 0.2315001158826817, 0.7684998841173183], 'properties': {}, 'label': 'F', 'xyz': [4.798184852708529, 4.798184852708529, 2.221560698857105]}, {'species': [{'element': 'F', 'occu': 1}], 'abc': [0.7684998841173183, 0.7684998841173183, 0.2315001158826817], 'properties': {}, 'label': 'F', 'xyz': [4.798184852708529, 4.798184852708529, 7.3748090065599525]}]}"
2322_CsCuRaF,Cs-Cu-F-Ra,10,"{'@module': 'pymatgen.core.structure', '@class': 'Structure', 'charge': 0.0, 'lattice': {'matrix': [[0.0, 4.607397836909849, 4.607397836909849], [4.607397836909849, 0.0, 4.607397836909849], [4.607397836909849, 4.607397836909849, 0.0]], 'pbc': (True, True, True), 'a': 6.515844508206369, 'b': 6.515844508206369, 'c': 6.515844508206369, 'alpha': 59.99999999999999, 'beta': 59.99999999999999, 'gamma': 59.99999999999999, 'volume': 195.61274067636197}, 'properties': {}, 'sites': [{'species': [{'element': 'Cu', 'occu': 1}], 'abc': [0.0, 0.0, 0.0], 'properties': {}, 'label': 'Cu', 'xyz': [0.0, 0.0, 0.0]}, {'species': [{'element': 'Ra', 'occu': 1}], 'abc': [0.5, 0.5, 0.5], 'properties': {}, 'label': 'Ra', 'xyz': [4.607397836909849, 4.607397836909849, 4.607397836909849]}, {'species': [{'element': 'Cs', 'occu': 1}], 'abc': [0.25, 0.25, 0.25], 'properties': {}, 'label': 'Cs', 'xyz': [2.3036989184549244, 2.3036989184549244, 2.3036989184549244]}, {'species': [{'element': 'Cs', 'occu': 1}], 'abc': [0.75, 0.75, 0.75], 'properties': {}, 'label': 'Cs', 'xyz': [6.911096755364773, 6.911096755364773, 6.911096755364773]}, {'species': [{'element': 'F', 'occu': 1}], 'abc': [0.7789682809407878, 0.2210317190592122, 0.2210317190592122], 'properties': {}, 'label': 'F', 'xyz': [2.0367621285637596, 4.607397836909849, 4.607397836909849]}, {'species': [{'element': 'F', 'occu': 1}], 'abc': [0.2210317190592122, 0.7789682809407878, 0.7789682809407878], 'properties': {}, 'label': 'F', 'xyz': [7.178033545255938, 4.607397836909849, 4.607397836909849]}, {'species': [{'element': 'F', 'occu': 1}], 'abc': [0.2210317190592122, 0.7789682809407878, 0.2210317190592122], 'properties': {}, 'label': 'F', 'xyz': [4.607397836909849, 2.0367621285637596, 4.607397836909849]}, {'species': [{'element': 'F', 'occu': 1}], 'abc': [0.7789682809407878, 0.2210317190592122, 0.7789682809407878], 'properties': {}, 'label': 'F', 'xyz': [4.607397836909849, 7.178033545255938, 4.607397836909849]}, {'species': [{'element': 'F', 'occu': 1}], 'abc': [0.2210317190592122, 0.2210317190592122, 0.7789682809407878], 'properties': {}, 'label': 'F', 'xyz': [4.607397836909849, 4.607397836909849, 2.0367621285637596]}, {'species': [{'element': 'F', 'occu': 1}], 'abc': [0.7789682809407878, 0.7789682809407878, 0.2210317190592122], 'properties': {}, 'label': 'F', 'xyz': [4.607397836909849, 4.607397836909849, 7.178033545255938]}]}"
2324_CsCaAmF,Am-Ca-Cs-F,10,"{'@module': 'pymatgen.core.structure', '@class': 'Structure', 'charge': 0.0, 'lattice': {'matrix': [[0.0, 4.640295711414264, 4.640295711414264], [4.640295711414264, 0.0, 4.640295711414264], [4.640295711414264, 4.640295711414264, 0.0]], 'pbc': (True, True, True), 'a': 6.562369128503761, 'b': 6.562369128503761, 'c': 6.562369128503761, 'alpha': 59.99999999999999, 'beta': 59.99999999999999, 'gamma': 59.99999999999999, 'volume': 199.8328897253144}, 'properties': {}, 'sites': [{'species': [{'element': 'Ca', 'occu': 1}], 'abc': [0.0, 0.0, 0.0], 'properties': {}, 'label': 'Ca', 'xyz': [0.0, 0.0, 0.0]}, {'species': [{'element': 'Am', 'occu': 1}], 'abc': [0.5, 0.5, 0.5], 'properties': {}, 'label': 'Am', 'xyz': [4.640295711414264, 4.640295711414264, 4.640295711414264]}, {'species': [{'element': 'Cs', 'occu': 1}], 'abc': [0.25, 0.25, 0.25], 'properties': {}, 'label': 'Cs', 'xyz': [2.320147855707132, 2.320147855707132, 2.320147855707132]}, {'species': [{'element': 'Cs', 'occu': 1}], 'abc': [0.75, 0.75, 0.75], 'properties': {}, 'label': 'Cs', 'xyz': [6.960443567121395, 6.960443567121395, 6.960443567121395]}, {'species': [{'element': 'F', 'occu': 1}], 'abc': [0.7586106478915937, 0.2413893521084063, 0.2413893521084063], 'properties': {}, 'label': 'F', 'xyz': [2.240235950739411, 4.640295711414264, 4.640295711414264]}, {'species': [{'element': 'F', 'occu': 1}], 'abc': [0.2413893521084063, 0.7586106478915937, 0.7586106478915937], 'properties': {}, 'label': 'F', 'xyz': [7.040355472089116, 4.640295711414264, 4.640295711414264]}, {'species': [{'element': 'F', 'occu': 1}], 'abc': [0.2413893521084063, 0.7586106478915937, 0.2413893521084063], 'properties': {}, 'label': 'F', 'xyz': [4.640295711414264, 2.240235950739411, 4.640295711414264]}, {'species': [{'element': 'F', 'occu': 1}], 'abc': [0.7586106478915937, 0.2413893521084063, 0.7586106478915937], 'properties': {}, 'label': 'F', 'xyz': [4.640295711414264, 7.040355472089116, 4.640295711414264]}, {'species': [{'element': 'F', 'occu': 1}], 'abc': [0.2413893521084063, 0.2413893521084063, 0.7586106478915937], 'properties': {}, 'label': 'F', 'xyz': [4.640295711414264, 4.640295711414264, 2.240235950739411]}, {'species': [{'element': 'F', 'occu': 1}], 'abc': [0.7586106478915937, 0.7586106478915937, 0.2413893521084063], 'properties': {}, 'label': 'F', 'xyz': [4.640295711414264, 4.640295711414264, 7.040355472089116]}]}"
2330_CsZnRaF,Cs-F-Ra-Zn,10,"{'@module': 'pymatgen.core.structure', '@class': 'Structure', 'charge': 0.0, 'lattice': {'matrix': [[0.0, 4.625173336526502, 4.625173336526502], [4.625173336526502, 0.0, 4.625173336526502], [4.625173336526502, 4.625173336526502, 0.0]], 'pbc': (True, True, True), 'a': 6.540982860842198, 'b': 6.540982860842198, 'c': 6.540982860842198, 'alpha': 60.00000000000001, 'beta': 60.00000000000001, 'gamma': 60.00000000000001, 'volume': 197.8855287435977}, 'properties': {}, 'sites': [{'species': [{'element': 'Zn', 'occu': 1}], 'abc': [0.0, 0.0, 0.0], 'properties': {}, 'label': 'Zn', 'xyz': [0.0, 0.0, 0.0]}, {'species': [{'element': 'Ra', 'occu': 1}], 'abc': [0.5, 0.5, 0.5], 'properties': {}, 'label': 'Ra', 'xyz': [4.625173336526502, 4.625173336526502, 4.625173336526502]}, {'species': [{'element': 'Cs', 'occu': 1}], 'abc': [0.25, 0.25, 0.25], 'properties': {}, 'label': 'Cs', 'xyz': [2.312586668263251, 2.312586668263251, 2.312586668263251]}, {'species': [{'element': 'Cs', 'occu': 1}], 'abc': [0.75, 0.75, 0.75], 'properties': {}, 'label': 'Cs', 'xyz': [6.937760004789753, 6.937760004789753, 6.937760004789753]}, {'species': [{'element': 'F', 'occu': 1}], 'abc': [0.7784607127116132, 0.2215392872883868, 0.2215392872883868], 'properties': {}, 'label': 'F', 'xyz': [2.0493152091186624, 4.625173336526502, 4.625173336526502]}, {'species': [{'element': 'F', 'occu': 1}], 'abc': [0.2215392872883868, 0.7784607127116132, 0.7784607127116132], 'properties': {}, 'label': 'F', 'xyz': [7.201031463934342, 4.625173336526502, 4.625173336526502]}, {'species': [{'element': 'F', 'occu': 1}], 'abc': [0.2215392872883868, 0.7784607127116132, 0.2215392872883868], 'properties': {}, 'label': 'F', 'xyz': [4.625173336526502, 2.0493152091186624, 4.625173336526502]}, {'species': [{'element': 'F', 'occu': 1}], 'abc': [0.7784607127116132, 0.2215392872883868, 0.7784607127116132], 'properties': {}, 'label': 'F', 'xyz': [4.625173336526502, 7.201031463934342, 4.625173336526502]}, {'species': [{'element': 'F', 'occu': 1}], 'abc': [0.2215392872883868, 0.2215392872883868, 0.7784607127116132], 'properties': {}, 'label': 'F', 'xyz': [4.625173336526502, 4.625173336526502, 2.0493152091186624]}, {'species': [{'element': 'F', 'occu': 1}], 'abc': [0.7784607127116132, 0.7784607127116132, 0.2215392872883868], 'properties': {}, 'label': 'F', 'xyz': [4.625173336526502, 4.625173336526502, 7.201031463934342]}]}"
2344_CsMnRaF,Cs-F-Mn-Ra,10,"{'@module': 'pymatgen.core.structure', '@class': 'Structure', 'charge': 0.0, 'lattice': {'matrix': [[0.0, 4.685223218821738, 4.685223218821738], [4.685223218821738, 0.0, 4.685223218821738], [4.685223218821738, 4.685223218821738, 0.0]], 'pbc': (True, True, True), 'a': 6.6259062188030295, 'b': 6.6259062188030295, 'c': 6.6259062188030295, 'alpha': 60.00000000000001, 'beta': 60.00000000000001, 'gamma': 60.00000000000001, 'volume': 205.69363653150455}, 'properties': {}, 'sites': [{'species': [{'element': 'Mn', 'occu': 1}], 'abc': [0.0, 0.0, 0.0], 'properties': {}, 'label': 'Mn', 'xyz': [0.0, 0.0, 0.0]}, {'species': [{'element': 'Ra', 'occu': 1}], 'abc': [0.5, 0.5, 0.5], 'properties': {}, 'label': 'Ra', 'xyz': [4.685223218821738, 4.685223218821738, 4.685223218821738]}, {'species': [{'element': 'Cs', 'occu': 1}], 'abc': [0.25, 0.25, 0.25], 'properties': {}, 'label': 'Cs', 'xyz': [2.342611609410869, 2.342611609410869, 2.342611609410869]}, {'species': [{'element': 'Cs', 'occu': 1}], 'abc': [0.75, 0.75, 0.75], 'properties': {}, 'label': 'Cs', 'xyz': [7.027834828232607, 7.027834828232607, 7.027834828232607]}, {'species': [{'element': 'F', 'occu': 1}], 'abc': [0.7748503401392313, 0.2251496598607687, 0.2251496598607687], 'properties': {}, 'label': 'F', 'xyz': [2.1097528281789804, 4.685223218821738, 4.685223218821738]}, {'species': [{'element': 'F', 'occu': 1}], 'abc': [0.2251496598607687, 0.7748503401392313, 0.7748503401392313], 'properties': {}, 'label': 'F', 'xyz': [7.260693609464496, 4.685223218821738, 4.685223218821738]}, {'species': [{'element': 'F', 'occu': 1}], 'abc': [0.2251496598607687, 0.7748503401392313, 0.2251496598607687], 'properties': {}, 'label': 'F', 'xyz': [4.685223218821738, 2.1097528281789804, 4.685223218821738]}, {'species': [{'element': 'F', 'occu': 1}], 'abc': [0.7748503401392313, 0.2251496598607687, 0.7748503401392313], 'properties': {}, 'label': 'F', 'xyz': [4.685223218821738, 7.260693609464496, 4.685223218821738]}, {'species': [{'element': 'F', 'occu': 1}], 'abc': [0.2251496598607687, 0.2251496598607687, 0.7748503401392313], 'properties': {}, 'label': 'F', 'xyz': [4.685223218821738, 4.685223218821738, 2.1097528281789804]}, {'species': [{'element': 'F', 'occu': 1}], 'abc': [0.7748503401392313, 0.7748503401392313, 0.2251496598607687], 'properties': {}, 'label': 'F', 'xyz': [4.685223218821738, 4.685223218821738, 7.260693609464496]}]}"
2347_CsYbAmF,Am-Cs-F-Yb,10,"{'@module': 'pymatgen.core.structure', '@class': 'Structure', 'charge': 0.0, 'lattice': {'matrix': [[0.0, 4.715878244065603, 4.715878244065603], [4.715878244065603, 0.0, 4.715878244065603], [4.715878244065603, 4.715878244065603, 0.0]], 'pbc': (True, True, True), 'a': 6.6692589712577925, 'b': 6.6692589712577925, 'c': 6.6692589712577925, 'alpha': 59.99999999999999, 'beta': 59.99999999999999, 'gamma': 59.99999999999999, 'volume': 209.7576202203534}, 'properties': {}, 'sites': [{'species': [{'element': 'Yb', 'occu': 1}], 'abc': [0.0, 0.0, 0.0], 'properties': {}, 'label': 'Yb', 'xyz': [0.0, 0.0, 0.0]}, {'species': [{'element': 'Am', 'occu': 1}], 'abc': [0.5, 0.5, 0.5], 'properties': {}, 'label': 'Am', 'xyz': [4.715878244065603, 4.715878244065603, 4.715878244065603]}, {'species': [{'element': 'Cs', 'occu': 1}], 'abc': [0.25, 0.25, 0.25], 'properties': {}, 'label': 'Cs', 'xyz': [2.3579391220328016, 2.3579391220328016, 2.3579391220328016]}, {'species': [{'element': 'Cs', 'occu': 1}], 'abc': [0.75, 0.75, 0.75], 'properties': {}, 'label': 'Cs', 'xyz': [7.073817366098405, 7.073817366098405, 7.073817366098405]}, {'species': [{'element': 'F', 'occu': 1}], 'abc': [0.7728889017067075, 0.2271110982932925, 0.2271110982932925], 'properties': {}, 'label': 'F', 'xyz': [2.142056574854366, 4.715878244065603, 4.715878244065603]}, {'species': [{'element': 'F', 'occu': 1}], 'abc': [0.2271110982932925, 0.7728889017067075, 0.7728889017067075], 'properties': {}, 'label': 'F', 'xyz': [7.289699913276841, 4.715878244065603, 4.715878244065603]}, {'species': [{'element': 'F', 'occu': 1}], 'abc': [0.2271110982932925, 0.7728889017067075, 0.2271110982932925], 'properties': {}, 'label': 'F', 'xyz': [4.715878244065603, 2.142056574854366, 4.715878244065603]}, {'species': [{'element': 'F', 'occu': 1}], 'abc': [0.7728889017067075, 0.2271110982932925, 0.7728889017067075], 'properties': {}, 'label': 'F', 'xyz': [4.715878244065603, 7.289699913276841, 4.715878244065603]}, {'species': [{'element': 'F', 'occu': 1}], 'abc': [0.2271110982932925, 0.2271110982932925, 0.7728889017067075], 'properties': {}, 'label': 'F', 'xyz': [4.715878244065603, 4.715878244065603, 2.142056574854366]}, {'species': [{'element': 'F', 'occu': 1}], 'abc': [0.7728889017067075, 0.7728889017067075, 0.2271110982932925], 'properties': {}, 'label': 'F', 'xyz': [4.715878244065603, 4.715878244065603, 7.289699913276841]}]}"
2358_CsPFrF,Cs-F-Fr-P,10,"{'@module': 'pymatgen.core.structure', '@class': 'Structure', 'charge': 0.0, 'lattice': {'matrix': [[0.0, 4.795431555003403, 4.795431555003404], [4.795431555003403, 0.0, 4.795431555003404], [4.795431555003403, 4.795431555003403, 0.0]], 'pbc': (True, True, True), 'a': 6.781764342517714, 'b': 6.781764342517714, 'c': 6.781764342517714, 'alpha': 60.00000000000001, 'beta': 60.00000000000001, 'gamma': 59.99999999999999, 'volume': 220.55305904884025}, 'properties': {}, 'sites': [{'species': [{'element': 'P', 'occu': 1}], 'abc': [0.0, 0.0, 0.0], 'properties': {}, 'label': 'P', 'xyz': [0.0, 0.0, 0.0]}, {'species': [{'element': 'Fr', 'occu': 1}], 'abc': [0.5, 0.5, 0.5], 'properties': {}, 'label': 'Fr', 'xyz': [4.795431555003403, 4.795431555003403, 4.795431555003404]}, {'species': [{'element': 'Cs', 'occu': 1}], 'abc': [0.25, 0.25, 0.25], 'properties': {}, 'label': 'Cs', 'xyz': [2.3977157775017015, 2.3977157775017015, 2.397715777501702]}, {'species': [{'element': 'Cs', 'occu': 1}], 'abc': [0.75, 0.75, 0.75], 'properties': {}, 'label': 'Cs', 'xyz': [7.193147332505104, 7.193147332505104, 7.193147332505106]}, {'species': [{'element': 'F', 'occu': 1}], 'abc': [0.7938017652350169, 0.2061982347649831, 0.2061982347649831], 'properties': {}, 'label': 'F', 'xyz': [1.9776190431559995, 4.795431555003403, 4.795431555003404]}, {'species': [{'element': 'F', 'occu': 1}], 'abc': [0.2061982347649831, 0.7938017652350169, 0.7938017652350169], 'properties': {}, 'label': 'F', 'xyz': [7.613244066850807, 4.795431555003403, 4.795431555003404]}, {'species': [{'element': 'F', 'occu': 1}], 'abc': [0.2061982347649831, 0.7938017652350169, 0.2061982347649831], 'properties': {}, 'label': 'F', 'xyz': [4.795431555003403, 1.9776190431559995, 4.795431555003404]}, {'species': [{'element': 'F', 'occu': 1}], 'abc': [0.7938017652350169, 0.2061982347649831, 0.7938017652350169], 'properties': {}, 'label': 'F', 'xyz': [4.795431555003403, 7.613244066850807, 4.795431555003404]}, {'species': [{'element': 'F', 'occu': 1}], 'abc': [0.2061982347649831, 0.2061982347649831, 0.7938017652350169], 'properties': {}, 'label': 'F', 'xyz': [4.795431555003403, 4.795431555003403, 1.977619043156]}, {'species': [{'element': 'F', 'occu': 1}], 'abc': [0.7938017652350169, 0.7938017652350169, 0.2061982347649831], 'properties': {}, 'label': 'F', 'xyz': [4.795431555003403, 4.795431555003403, 7.613244066850808]}]}"
2368_CsCrRaF,Cr-Cs-F-Ra,10,"{'@module': 'pymatgen.core.structure', '@class': 'Structure', 'charge': 0.0, 'lattice': {'matrix': [[0.0, 4.667014953414413, 4.667014953414413], [4.667014953414411, 0.0, 4.667014953414413], [4.667014953414411, 4.667014953414413, 0.0]], 'pbc': (True, True, True), 'a': 6.600155842916702, 'b': 6.6001558429167, 'c': 6.6001558429167, 'alpha': 60.00000000000001, 'beta': 59.99999999999999, 'gamma': 59.99999999999999, 'volume': 203.30477212421835}, 'properties': {}, 'sites': [{'species': [{'element': 'Cr', 'occu': 1}], 'abc': [0.0, 0.0, 0.0], 'properties': {}, 'label': 'Cr', 'xyz': [0.0, 0.0, 0.0]}, {'species': [{'element': 'Ra', 'occu': 1}], 'abc': [0.5, 0.5, 0.5], 'properties': {}, 'label': 'Ra', 'xyz': [4.667014953414411, 4.667014953414413, 4.667014953414413]}, {'species': [{'element': 'Cs', 'occu': 1}], 'abc': [0.25, 0.25, 0.25], 'properties': {}, 'label': 'Cs', 'xyz': [2.3335074767072057, 2.3335074767072066, 2.3335074767072066]}, {'species': [{'element': 'Cs', 'occu': 1}], 'abc': [0.75, 0.75, 0.75], 'properties': {}, 'label': 'Cs', 'xyz': [7.000522430121617, 7.00052243012162, 7.00052243012162]}, {'species': [{'element': 'F', 'occu': 1}], 'abc': [0.7765135715525773, 0.2234864284474227, 0.2234864284474227], 'properties': {}, 'label': 'F', 'xyz': [2.0860290068986034, 4.667014953414413, 4.667014953414413]}, {'species': [{'element': 'F', 'occu': 1}], 'abc': [0.2234864284474227, 0.7765135715525773, 0.7765135715525773], 'properties': {}, 'label': 'F', 'xyz': [7.2480008999302195, 4.667014953414413, 4.667014953414413]}, {'species': [{'element': 'F', 'occu': 1}], 'abc': [0.2234864284474227, 0.7765135715525773, 0.2234864284474227], 'properties': {}, 'label': 'F', 'xyz': [4.667014953414411, 2.0860290068986043, 4.667014953414413]}, {'species': [{'element': 'F', 'occu': 1}], 'abc': [0.7765135715525773, 0.2234864284474227, 0.7765135715525773], 'properties': {}, 'label': 'F', 'xyz': [4.667014953414411, 7.248000899930222, 4.667014953414413]}, {'species': [{'element': 'F', 'occu': 1}], 'abc': [0.2234864284474227, 0.2234864284474227, 0.7765135715525773], 'properties': {}, 'label': 'F', 'xyz': [4.667014953414411, 4.667014953414413, 2.0860290068986043]}, {'species': [{'element': 'F', 'occu': 1}], 'abc': [0.7765135715525773, 0.7765135715525773, 0.2234864284474227], 'properties': {}, 'label': 'F', 'xyz': [4.667014953414411, 4.667014953414413, 7.248000899930222]}]}"
2377_CsPdAmF,Am-Cs-F-Pd,10,"{'@module': 'pymatgen.core.structure', '@class': 'Structure', 'charge': 0.0, 'lattice': {'matrix': [[0.0, 4.60273477884094, 4.60273477884094], [4.60273477884094, 0.0, 4.60273477884094], [4.60273477884094, 4.60273477884094, 0.0]], 'pbc': (True, True, True), 'a': 6.509249948243186, 'b': 6.509249948243186, 'c': 6.509249948243186, 'alpha': 60.00000000000001, 'beta': 60.00000000000001, 'gamma': 60.00000000000001, 'volume': 195.0194139833752}, 'properties': {}, 'sites': [{'species': [{'element': 'Pd', 'occu': 1}], 'abc': [0.0, 0.0, 0.0], 'properties': {}, 'label': 'Pd', 'xyz': [0.0, 0.0, 0.0]}, {'species': [{'element': 'Am', 'occu': 1}], 'abc': [0.5, 0.5, 0.5], 'properties': {}, 'label': 'Am', 'xyz': [4.60273477884094, 4.60273477884094, 4.60273477884094]}, {'species': [{'element': 'Cs', 'occu': 1}], 'abc': [0.25, 0.25, 0.25], 'properties': {}, 'label': 'Cs', 'xyz': [2.30136738942047, 2.30136738942047, 2.30136738942047]}, {'species': [{'element': 'Cs', 'occu': 1}], 'abc': [0.75, 0.75, 0.75], 'properties': {}, 'label': 'Cs', 'xyz': [6.90410216826141, 6.90410216826141, 6.90410216826141]}, {'species': [{'element': 'F', 'occu': 1}], 'abc': [0.742861793908034, 0.257138206091966, 0.257138206091966], 'properties': {}, 'label': 'F', 'xyz': [2.3670779282965224, 4.60273477884094, 4.60273477884094]}, {'species': [{'element': 'F', 'occu': 1}], 'abc': [0.257138206091966, 0.742861793908034, 0.742861793908034], 'properties': {}, 'label': 'F', 'xyz': [6.838391629385358, 4.60273477884094, 4.60273477884094]}, {'species': [{'element': 'F', 'occu': 1}], 'abc': [0.257138206091966, 0.742861793908034, 0.257138206091966], 'properties': {}, 'label': 'F', 'xyz': [4.60273477884094, 2.3670779282965224, 4.60273477884094]}, {'species': [{'element': 'F', 'occu': 1}], 'abc': [0.742861793908034, 0.257138206091966, 0.742861793908034], 'properties': {}, 'label': 'F', 'xyz': [4.60273477884094, 6.838391629385358, 4.60273477884094]}, {'species': [{'element': 'F', 'occu': 1}], 'abc': [0.257138206091966, 0.257138206091966, 0.742861793908034], 'properties': {}, 'label': 'F', 'xyz': [4.60273477884094, 4.60273477884094, 2.3670779282965224]}, {'species': [{'element': 'F', 'occu': 1}], 'abc': [0.742861793908034, 0.742861793908034, 0.257138206091966], 'properties': {}, 'label': 'F', 'xyz': [4.60273477884094, 4.60273477884094, 6.838391629385358]}]}"
2380_CsPdCmF,Cm-Cs-F-Pd,10,"{'@module': 'pymatgen.core.structure', '@class': 'Structure', 'charge': 0.0, 'lattice': {'matrix': [[0.0, 4.621124067359524, 4.621124067359525], [4.621124067359524, 0.0, 4.621124067359525], [4.621124067359524, 4.621124067359524, 0.0]], 'pbc': (True, True, True), 'a': 6.5352563294685595, 'b': 6.5352563294685595, 'c': 6.535256329468559, 'alpha': 60.00000000000001, 'beta': 60.00000000000001, 'gamma': 59.99999999999999, 'volume': 197.36624628791273}, 'properties': {}, 'sites': [{'species': [{'element': 'Pd', 'occu': 1}], 'abc': [0.0, 0.0, 0.0], 'properties': {}, 'label': 'Pd', 'xyz': [0.0, 0.0, 0.0]}, {'species': [{'element': 'Cm', 'occu': 1}], 'abc': [0.5, 0.5, 0.5], 'properties': {}, 'label': 'Cm', 'xyz': [4.621124067359524, 4.621124067359524, 4.621124067359525]}, {'species': [{'element': 'Cs', 'occu': 1}], 'abc': [0.25, 0.25, 0.25], 'properties': {}, 'label': 'Cs', 'xyz': [2.310562033679762, 2.310562033679762, 2.3105620336797625]}, {'species': [{'element': 'Cs', 'occu': 1}], 'abc': [0.75, 0.75, 0.75], 'properties': {}, 'label': 'Cs', 'xyz': [6.931686101039286, 6.931686101039286, 6.931686101039288]}, {'species': [{'element': 'F', 'occu': 1}], 'abc': [0.7422570600475922, 0.2577429399524078, 0.2577429399524078], 'properties': {}, 'label': 'F', 'xyz': [2.382124206012145, 4.621124067359524, 4.621124067359525]}, {'species': [{'element': 'F', 'occu': 1}], 'abc': [0.2577429399524078, 0.7422570600475922, 0.7422570600475922], 'properties': {}, 'label': 'F', 'xyz': [6.860123928706903, 4.621124067359524, 4.621124067359525]}, {'species': [{'element': 'F', 'occu': 1}], 'abc': [0.2577429399524078, 0.7422570600475922, 0.2577429399524078], 'properties': {}, 'label': 'F', 'xyz': [4.621124067359524, 2.382124206012145, 4.621124067359525]}, {'species': [{'element': 'F', 'occu': 1}], 'abc': [0.7422570600475922, 0.2577429399524078, 0.7422570600475922], 'properties': {}, 'label': 'F', 'xyz': [4.621124067359524, 6.860123928706903, 4.621124067359525]}, {'species': [{'element': 'F', 'occu': 1}], 'abc': [0.2577429399524078, 0.2577429399524078, 0.7422570600475922], 'properties': {}, 'label': 'F', 'xyz': [4.621124067359524, 4.621124067359524, 2.3821242060121453]}, {'species': [{'element': 'F', 'occu': 1}], 'abc': [0.7422570600475922, 0.7422570600475922, 0.2577429399524078], 'properties': {}, 'label': 'F', 'xyz': [4.621124067359524, 4.621124067359524, 6.860123928706905]}]}"
2404_CsVRaF,Cs-F-Ra-V,10,"{'@module': 'pymatgen.core.structure', '@class': 'Structure', 'charge': 0.0, 'lattice': {'matrix': [[0.0, 4.643429715877179, 4.643429715877179], [4.643429715877179, 0.0, 4.643429715877179], [4.643429715877179, 4.643429715877179, 0.0]], 'pbc': (True, True, True), 'a': 6.566801280119754, 'b': 6.566801280119754, 'c': 6.566801280119754, 'alpha': 60.00000000000001, 'beta': 60.00000000000001, 'gamma': 60.00000000000001, 'volume': 200.23805802693883}, 'properties': {}, 'sites': [{'species': [{'element': 'V', 'occu': 1}], 'abc': [0.0, 0.0, 0.0], 'properties': {}, 'label': 'V', 'xyz': [0.0, 0.0, 0.0]}, {'species': [{'element': 'Ra', 'occu': 1}], 'abc': [0.5, 0.5, 0.5], 'properties': {}, 'label': 'Ra', 'xyz': [4.643429715877179, 4.643429715877179, 4.643429715877179]}, {'species': [{'element': 'Cs', 'occu': 1}], 'abc': [0.25, 0.25, 0.25], 'properties': {}, 'label': 'Cs', 'xyz': [2.3217148579385896, 2.3217148579385896, 2.3217148579385896]}, {'species': [{'element': 'Cs', 'occu': 1}], 'abc': [0.75, 0.75, 0.75], 'properties': {}, 'label': 'Cs', 'xyz': [6.965144573815769, 6.965144573815769, 6.965144573815769]}, {'species': [{'element': 'F', 'occu': 1}], 'abc': [0.7774145502617102, 0.2225854497382898, 0.2225854497382898], 'properties': {}, 'label': 'F', 'xyz': [2.0671197832733226, 4.643429715877179, 4.643429715877179]}, {'species': [{'element': 'F', 'occu': 1}], 'abc': [0.2225854497382898, 0.7774145502617102, 0.7774145502617102], 'properties': {}, 'label': 'F', 'xyz': [7.2197396484810366, 4.643429715877179, 4.643429715877179]}, {'species': [{'element': 'F', 'occu': 1}], 'abc': [0.2225854497382898, 0.7774145502617102, 0.2225854497382898], 'properties': {}, 'label': 'F', 'xyz': [4.643429715877179, 2.0671197832733226, 4.643429715877179]}, {'species': [{'element': 'F', 'occu': 1}], 'abc': [0.7774145502617102, 0.2225854497382898, 0.7774145502617102], 'properties': {}, 'label': 'F', 'xyz': [4.643429715877179, 7.2197396484810366, 4.643429715877179]}, {'species': [{'element': 'F', 'occu': 1}], 'abc': [0.2225854497382898, 0.2225854497382898, 0.7774145502617102], 'properties': {}, 'label': 'F', 'xyz': [4.643429715877179, 4.643429715877179, 2.0671197832733226]}, {'species': [{'element': 'F', 'occu': 1}], 'abc': [0.7774145502617102, 0.7774145502617102, 0.2225854497382898], 'properties': {}, 'label': 'F', 'xyz': [4.643429715877179, 4.643429715877179, 7.2197396484810366]}]}"
2414_CsPtRaF,Cs-F-Pt-Ra,10,"{'@module': 'pymatgen.core.structure', '@class': 'Structure', 'charge': 0.0, 'lattice': {'matrix': [[0.0, 4.766901033508207, 4.766901033508207], [4.766901033508207, 0.0, 4.766901033508207], [4.766901033508207, 4.766901033508207, 0.0]], 'pbc': (True, True, True), 'a': 6.741416092077629, 'b': 6.741416092077629, 'c': 6.741416092077629, 'alpha': 59.99999999999999, 'beta': 59.99999999999999, 'gamma': 59.99999999999999, 'volume': 216.63987794717156}, 'properties': {}, 'sites': [{'species': [{'element': 'Pt', 'occu': 1}], 'abc': [0.0, 0.0, 0.0], 'properties': {}, 'label': 'Pt', 'xyz': [0.0, 0.0, 0.0]}, {'species': [{'element': 'Ra', 'occu': 1}], 'abc': [0.5, 0.5, 0.5], 'properties': {}, 'label': 'Ra', 'xyz': [4.766901033508207, 4.766901033508207, 4.766901033508207]}, {'species': [{'element': 'Cs', 'occu': 1}], 'abc': [0.25, 0.25, 0.25], 'properties': {}, 'label': 'Cs', 'xyz': [2.3834505167541034, 2.3834505167541034, 2.3834505167541034]}, {'species': [{'element': 'Cs', 'occu': 1}], 'abc': [0.75, 0.75, 0.75], 'properties': {}, 'label': 'Cs', 'xyz': [7.15035155026231, 7.15035155026231, 7.15035155026231]}, {'species': [{'element': 'F', 'occu': 1}], 'abc': [0.7680530284086728, 0.2319469715913272, 0.2319469715913272], 'properties': {}, 'label': 'F', 'xyz': [2.2113365171955928, 4.766901033508207, 4.766901033508207]}, {'species': [{'element': 'F', 'occu': 1}], 'abc': [0.2319469715913272, 0.7680530284086728, 0.7680530284086728], 'properties': {}, 'label': 'F', 'xyz': [7.322465549820821, 4.766901033508207, 4.766901033508207]}, {'species': [{'element': 'F', 'occu': 1}], 'abc': [0.2319469715913272, 0.7680530284086728, 0.2319469715913272], 'properties': {}, 'label': 'F', 'xyz': [4.766901033508207, 2.2113365171955928, 4.766901033508207]}, {'species': [{'element': 'F', 'occu': 1}], 'abc': [0.7680530284086728, 0.2319469715913272, 0.7680530284086728], 'properties': {}, 'label': 'F', 'xyz': [4.766901033508207, 7.322465549820821, 4.766901033508207]}, {'species': [{'element': 'F', 'occu': 1}], 'abc': [0.2319469715913272, 0.2319469715913272, 0.7680530284086728], 'properties': {}, 'label': 'F', 'xyz': [4.766901033508207, 4.766901033508207, 2.2113365171955928]}, {'species': [{'element': 'F', 'occu': 1}], 'abc': [0.7680530284086728, 0.7680530284086728, 0.2319469715913272], 'properties': {}, 'label': 'F', 'xyz': [4.766901033508207, 4.766901033508207, 7.322465549820821]}]}"
2417_CsDyAmF,Am-Cs-Dy-F,10,"{'@module': 'pymatgen.core.structure', '@class': 'Structure', 'charge': 0.0, 'lattice': {'matrix': [[0.0, 4.744880439581706, 4.744880439581706], [4.744880439581706, 0.0, 4.744880439581706], [4.744880439581706, 4.744880439581706, 0.0]], 'pbc': (True, True, True), 'a': 6.710274269495263, 'b': 6.710274269495263, 'c': 6.710274269495263, 'alpha': 60.00000000000001, 'beta': 60.00000000000001, 'gamma': 60.00000000000001, 'volume': 213.65143622212517}, 'properties': {}, 'sites': [{'species': [{'element': 'Dy', 'occu': 1}], 'abc': [0.0, 0.0, 0.0], 'properties': {}, 'label': 'Dy', 'xyz': [0.0, 0.0, 0.0]}, {'species': [{'element': 'Am', 'occu': 1}], 'abc': [0.5, 0.5, 0.5], 'properties': {}, 'label': 'Am', 'xyz': [4.744880439581706, 4.744880439581706, 4.744880439581706]}, {'species': [{'element': 'Cs', 'occu': 1}], 'abc': [0.25, 0.25, 0.25], 'properties': {}, 'label': 'Cs', 'xyz': [2.372440219790853, 2.372440219790853, 2.372440219790853]}, {'species': [{'element': 'Cs', 'occu': 1}], 'abc': [0.75, 0.75, 0.75], 'properties': {}, 'label': 'Cs', 'xyz': [7.1173206593725595, 7.1173206593725595, 7.1173206593725595]}, {'species': [{'element': 'F', 'occu': 1}], 'abc': [0.7688356909609979, 0.2311643090390021, 0.2311643090390021], 'properties': {}, 'label': 'F', 'xyz': [2.1936940165771635, 4.744880439581706, 4.744880439581706]}, {'species': [{'element': 'F', 'occu': 1}], 'abc': [0.2311643090390021, 0.7688356909609979, 0.7688356909609979], 'properties': {}, 'label': 'F', 'xyz': [7.296066862586249, 4.744880439581706, 4.744880439581706]}, {'species': [{'element': 'F', 'occu': 1}], 'abc': [0.2311643090390021, 0.7688356909609979, 0.2311643090390021], 'properties': {}, 'label': 'F', 'xyz': [4.744880439581706, 2.1936940165771635, 4.744880439581706]}, {'species': [{'element': 'F', 'occu': 1}], 'abc': [0.7688356909609979, 0.2311643090390021, 0.7688356909609979], 'properties': {}, 'label': 'F', 'xyz': [4.744880439581706, 7.296066862586249, 4.744880439581706]}, {'species': [{'element': 'F', 'occu': 1}], 'abc': [0.2311643090390021, 0.2311643090390021, 0.7688356909609979], 'properties': {}, 'label': 'F', 'xyz': [4.744880439581706, 4.744880439581706, 2.1936940165771635]}, {'species': [{'element': 'F', 'occu': 1}], 'abc': [0.7688356909609979, 0.7688356909609979, 0.2311643090390021], 'properties': {}, 'label': 'F', 'xyz': [4.744880439581706, 4.744880439581706, 7.296066862586249]}]}"
2450_CsNpAmF,Am-Cs-F-Np,10,"{'@module': 'pymatgen.core.structure', '@class': 'Structure', 'charge': 0.0, 'lattice': {'matrix': [[0.0, 4.790827062775269, 4.790827062775269], [4.790827062775269, 0.0, 4.790827062775269], [4.790827062775269, 4.790827062775269, 0.0]], 'pbc': (True, True, True), 'a': 6.775252607160844, 'b': 6.775252607160844, 'c': 6.775252607160844, 'alpha': 60.00000000000001, 'beta': 60.00000000000001, 'gamma': 60.00000000000001, 'volume': 219.9183549263674}, 'properties': {}, 'sites': [{'species': [{'element': 'Np', 'occu': 1}], 'abc': [0.0, 0.0, 0.0], 'properties': {}, 'label': 'Np', 'xyz': [0.0, 0.0, 0.0]}, {'species': [{'element': 'Am', 'occu': 1}], 'abc': [0.5, 0.5, 0.5], 'properties': {}, 'label': 'Am', 'xyz': [4.790827062775269, 4.790827062775269, 4.790827062775269]}, {'species': [{'element': 'Cs', 'occu': 1}], 'abc': [0.25, 0.25, 0.25], 'properties': {}, 'label': 'Cs', 'xyz': [2.3954135313876344, 2.3954135313876344, 2.3954135313876344]}, {'species': [{'element': 'Cs', 'occu': 1}], 'abc': [0.75, 0.75, 0.75], 'properties': {}, 'label': 'Cs', 'xyz': [7.1862405941629035, 7.1862405941629035, 7.1862405941629035]}, {'species': [{'element': 'F', 'occu': 1}], 'abc': [0.7556004525523221, 0.2443995474476779, 0.2443995474476779], 'properties': {}, 'label': 'F', 'xyz': [2.341751932084727, 4.790827062775269, 4.790827062775269]}, {'species': [{'element': 'F', 'occu': 1}], 'abc': [0.2443995474476779, 0.7556004525523221, 0.7556004525523221], 'properties': {}, 'label': 'F', 'xyz': [7.23990219346581, 4.790827062775269, 4.790827062775269]}, {'species': [{'element': 'F', 'occu': 1}], 'abc': [0.2443995474476779, 0.7556004525523221, 0.2443995474476779], 'properties': {}, 'label': 'F', 'xyz': [4.790827062775269, 2.341751932084727, 4.790827062775269]}, {'species': [{'element': 'F', 'occu': 1}], 'abc': [0.7556004525523221, 0.2443995474476779, 0.7556004525523221], 'properties': {}, 'label': 'F', 'xyz': [4.790827062775269, 7.23990219346581, 4.790827062775269]}, {'species': [{'element': 'F', 'occu': 1}], 'abc': [0.2443995474476779, 0.2443995474476779, 0.7556004525523221], 'properties': {}, 'label': 'F', 'xyz': [4.790827062775269, 4.790827062775269, 2.341751932084727]}, {'species': [{'element': 'F', 'occu': 1}], 'abc': [0.7556004525523221, 0.7556004525523221, 0.2443995474476779], 'properties': {}, 'label': 'F', 'xyz': [4.790827062775269, 4.790827062775269, 7.23990219346581]}]}"
2475_CsAlFrF,Al-Cs-F-Fr,10,"{'@module': 'pymatgen.core.structure', '@class': 'Structure', 'charge': 0.0, 'lattice': {'matrix': [[0.0, 4.657873707049707, 4.657873707049707], [4.657873707049707, 0.0, 4.657873707049707], [4.657873707049707, 4.657873707049707, 0.0]], 'pbc': (True, True, True), 'a': 6.587228168330741, 'b': 6.587228168330741, 'c': 6.587228168330741, 'alpha': 60.00000000000001, 'beta': 60.00000000000001, 'gamma': 60.00000000000001, 'volume': 202.1124760281883}, 'properties': {}, 'sites': [{'species': [{'element': 'Al', 'occu': 1}], 'abc': [0.0, 0.0, 0.0], 'properties': {}, 'label': 'Al', 'xyz': [0.0, 0.0, 0.0]}, {'species': [{'element': 'Fr', 'occu': 1}], 'abc': [0.5, 0.5, 0.5], 'properties': {}, 'label': 'Fr', 'xyz': [4.657873707049707, 4.657873707049707, 4.657873707049707]}, {'species': [{'element': 'Cs', 'occu': 1}], 'abc': [0.25, 0.25, 0.25], 'properties': {}, 'label': 'Cs', 'xyz': [2.3289368535248536, 2.3289368535248536, 2.3289368535248536]}, {'species': [{'element': 'Cs', 'occu': 1}], 'abc': [0.75, 0.75, 0.75], 'properties': {}, 'label': 'Cs', 'xyz': [6.986810560574561, 6.986810560574561, 6.986810560574561]}, {'species': [{'element': 'F', 'occu': 1}], 'abc': [0.8038443008114982, 0.1961556991885018, 0.1961556991885018], 'properties': {}, 'label': 'F', 'xyz': [1.827336947476148, 4.657873707049706, 4.657873707049706]}, {'species': [{'element': 'F', 'occu': 1}], 'abc': [0.1961556991885018, 0.8038443008114982, 0.8038443008114982], 'properties': {}, 'label': 'F', 'xyz': [7.488410466623265, 4.657873707049706, 4.657873707049706]}, {'species': [{'element': 'F', 'occu': 1}], 'abc': [0.1961556991885018, 0.8038443008114982, 0.1961556991885018], 'properties': {}, 'label': 'F', 'xyz': [4.657873707049706, 1.827336947476148, 4.657873707049706]}, {'species': [{'element': 'F', 'occu': 1}], 'abc': [0.8038443008114982, 0.1961556991885018, 0.8038443008114982], 'properties': {}, 'label': 'F', 'xyz': [4.657873707049706, 7.488410466623265, 4.657873707049706]}, {'species': [{'element': 'F', 'occu': 1}], 'abc': [0.1961556991885018, 0.1961556991885018, 0.8038443008114982], 'properties': {}, 'label': 'F', 'xyz': [4.657873707049706, 4.657873707049706, 1.827336947476148]}, {'species': [{'element': 'F', 'occu': 1}], 'abc': [0.8038443008114982, 0.8038443008114982, 0.1961556991885018], 'properties': {}, 'label': 'F', 'xyz': [4.657873707049706, 4.657873707049706, 7.488410466623265]}]}"
2484_CsCuFrF,Cs-Cu-F-Fr,10,"{'@module': 'pymatgen.core.structure', '@class': 'Structure', 'charge': 0.0, 'lattice': {'matrix': [[0.0, 4.68328749555968, 4.683287495559679], [4.683287495559679, 0.0, 4.683287495559679], [4.683287495559679, 4.68328749555968, 0.0]], 'pbc': (True, True, True), 'a': 6.623168692712825, 'b': 6.623168692712824, 'c': 6.623168692712825, 'alpha': 60.00000000000001, 'beta': 59.99999999999999, 'gamma': 60.00000000000001, 'volume': 205.43879180570565}, 'properties': {}, 'sites': [{'species': [{'element': 'Cu', 'occu': 1}], 'abc': [0.0, 0.0, 0.0], 'properties': {}, 'label': 'Cu', 'xyz': [0.0, 0.0, 0.0]}, {'species': [{'element': 'Fr', 'occu': 1}], 'abc': [0.5, 0.5, 0.5], 'properties': {}, 'label': 'Fr', 'xyz': [4.683287495559679, 4.68328749555968, 4.683287495559679]}, {'species': [{'element': 'Cs', 'occu': 1}], 'abc': [0.25, 0.25, 0.25], 'properties': {}, 'label': 'Cs', 'xyz': [2.3416437477798393, 2.34164374777984, 2.3416437477798393]}, {'species': [{'element': 'Cs', 'occu': 1}], 'abc': [0.75, 0.75, 0.75], 'properties': {}, 'label': 'Cs', 'xyz': [7.024931243339518, 7.024931243339521, 7.024931243339518]}, {'species': [{'element': 'F', 'occu': 1}], 'abc': [0.7957644581546859, 0.2042355418453141, 0.2042355418453141], 'properties': {}, 'label': 'F', 'xyz': [1.9129875185460299, 4.68328749555968, 4.683287495559679]}, {'species': [{'element': 'F', 'occu': 1}], 'abc': [0.2042355418453141, 0.7957644581546859, 0.7957644581546859], 'properties': {}, 'label': 'F', 'xyz': [7.453587472573327, 4.68328749555968, 4.683287495559679]}, {'species': [{'element': 'F', 'occu': 1}], 'abc': [0.2042355418453141, 0.7957644581546859, 0.2042355418453141], 'properties': {}, 'label': 'F', 'xyz': [4.683287495559679, 1.9129875185460306, 4.683287495559679]}, {'species': [{'element': 'F', 'occu': 1}], 'abc': [0.7957644581546859, 0.2042355418453141, 0.7957644581546859], 'properties': {}, 'label': 'F', 'xyz': [4.683287495559679, 7.4535874725733295, 4.683287495559679]}, {'species': [{'element': 'F', 'occu': 1}], 'abc': [0.2042355418453141, 0.2042355418453141, 0.7957644581546859], 'properties': {}, 'label': 'F', 'xyz': [4.683287495559679, 4.68328749555968, 1.9129875185460299]}, {'species': [{'element': 'F', 'occu': 1}], 'abc': [0.7957644581546859, 0.7957644581546859, 0.2042355418453141], 'properties': {}, 'label': 'F', 'xyz': [4.683287495559679, 4.68328749555968, 7.453587472573327]}]}"
2485_CsTiRaF,Cs-F-Ra-Ti,10,"{'@module': 'pymatgen.core.structure', '@class': 'Structure', 'charge': 0.0, 'lattice': {'matrix': [[0.0, 4.671062212636012, 4.671062212636012], [4.671062212636012, 0.0, 4.671062212636012], [4.671062212636012, 4.671062212636012, 0.0]], 'pbc': (True, True, True), 'a': 6.605879531798326, 'b': 6.605879531798326, 'c': 6.605879531798326, 'alpha': 60.00000000000001, 'beta': 60.00000000000001, 'gamma': 60.00000000000001, 'volume': 203.83415175218715}, 'properties': {}, 'sites': [{'species': [{'element': 'Ti', 'occu': 1}], 'abc': [0.0, 0.0, 0.0], 'properties': {}, 'label': 'Ti', 'xyz': [0.0, 0.0, 0.0]}, {'species': [{'element': 'Ra', 'occu': 1}], 'abc': [0.5, 0.5, 0.5], 'properties': {}, 'label': 'Ra', 'xyz': [4.671062212636012, 4.671062212636012, 4.671062212636012]}, {'species': [{'element': 'Cs', 'occu': 1}], 'abc': [0.25, 0.25, 0.25], 'properties': {}, 'label': 'Cs', 'xyz': [2.335531106318006, 2.335531106318006, 2.335531106318006]}, {'species': [{'element': 'Cs', 'occu': 1}], 'abc': [0.75, 0.75, 0.75], 'properties': {}, 'label': 'Cs', 'xyz': [7.0065933189540175, 7.0065933189540175, 7.0065933189540175]}, {'species': [{'element': 'F', 'occu': 1}], 'abc': [0.7771261400871907, 0.2228738599128093, 0.2228738599128093], 'properties': {}, 'label': 'F', 'xyz': [2.0821153304461113, 4.671062212636012, 4.671062212636012]}, {'species': [{'element': 'F', 'occu': 1}], 'abc': [0.2228738599128093, 0.7771261400871907, 0.7771261400871907], 'properties': {}, 'label': 'F', 'xyz': [7.260009094825913, 4.671062212636012, 4.671062212636012]}, {'species': [{'element': 'F', 'occu': 1}], 'abc': [0.2228738599128093, 0.7771261400871907, 0.2228738599128093], 'properties': {}, 'label': 'F', 'xyz': [4.671062212636012, 2.0821153304461113, 4.671062212636012]}, {'species': [{'element': 'F', 'occu': 1}], 'abc': [0.7771261400871907, 0.2228738599128093, 0.7771261400871907], 'properties': {}, 'label': 'F', 'xyz': [4.671062212636012, 7.260009094825913, 4.671062212636012]}, {'species': [{'element': 'F', 'occu': 1}], 'abc': [0.2228738599128093, 0.2228738599128093, 0.7771261400871907], 'properties': {}, 'label': 'F', 'xyz': [4.671062212636012, 4.671062212636012, 2.0821153304461113]}, {'species': [{'element': 'F', 'occu': 1}], 'abc': [0.7771261400871907, 0.7771261400871907, 0.2228738599128093], 'properties': {}, 'label': 'F', 'xyz': [4.671062212636012, 4.671062212636012, 7.260009094825913]}]}"
2486_CsAuCmF,Au-Cm-Cs-F,10,"{'@module': 'pymatgen.core.structure', '@class': 'Structure', 'charge': 0.0, 'lattice': {'matrix': [[0.0, 4.701724526769946, 4.701724526769946], [4.701724526769946, 0.0, 4.701724526769946], [4.701724526769946, 4.701724526769946, 0.0]], 'pbc': (True, True, True), 'a': 6.64924259230028, 'b': 6.64924259230028, 'c': 6.64924259230028, 'alpha': 60.00000000000001, 'beta': 60.00000000000001, 'gamma': 60.00000000000001, 'volume': 207.8746526549369}, 'properties': {}, 'sites': [{'species': [{'element': 'Au', 'occu': 1}], 'abc': [0.0, 0.0, 0.0], 'properties': {}, 'label': 'Au', 'xyz': [0.0, 0.0, 0.0]}, {'species': [{'element': 'Cm', 'occu': 1}], 'abc': [0.5, 0.5, 0.5], 'properties': {}, 'label': 'Cm', 'xyz': [4.701724526769946, 4.701724526769946, 4.701724526769946]}, {'species': [{'element': 'Cs', 'occu': 1}], 'abc': [0.25, 0.25, 0.25], 'properties': {}, 'label': 'Cs', 'xyz': [2.350862263384973, 2.350862263384973, 2.350862263384973]}, {'species': [{'element': 'Cs', 'occu': 1}], 'abc': [0.75, 0.75, 0.75], 'properties': {}, 'label': 'Cs', 'xyz': [7.052586790154919, 7.052586790154919, 7.052586790154919]}, {'species': [{'element': 'F', 'occu': 1}], 'abc': [0.7381182181164405, 0.2618817818835595, 0.2618817818835595], 'properties': {}, 'label': 'F', 'xyz': [2.462591993992298, 4.701724526769946, 4.701724526769946]}, {'species': [{'element': 'F', 'occu': 1}], 'abc': [0.2618817818835595, 0.7381182181164405, 0.7381182181164405], 'properties': {}, 'label': 'F', 'xyz': [6.940857059547595, 4.701724526769946, 4.701724526769946]}, {'species': [{'element': 'F', 'occu': 1}], 'abc': [0.2618817818835595, 0.7381182181164405, 0.2618817818835595], 'properties': {}, 'label': 'F', 'xyz': [4.701724526769946, 2.462591993992298, 4.701724526769946]}, {'species': [{'element': 'F', 'occu': 1}], 'abc': [0.7381182181164405, 0.2618817818835595, 0.7381182181164405], 'properties': {}, 'label': 'F', 'xyz': [4.701724526769946, 6.940857059547595, 4.701724526769946]}, {'species': [{'element': 'F', 'occu': 1}], 'abc': [0.2618817818835595, 0.2618817818835595, 0.7381182181164405], 'properties': {}, 'label': 'F', 'xyz': [4.701724526769946, 4.701724526769946, 2.462591993992298]}, {'species': [{'element': 'F', 'occu': 1}], 'abc': [0.7381182181164405, 0.7381182181164405, 0.2618817818835595], 'properties': {}, 'label': 'F', 'xyz': [4.701724526769946, 4.701724526769946, 6.940857059547595]}]}"
2487_CsPdRaF,Cs-F-Pd-Ra,10,"{'@module': 'pymatgen.core.structure', '@class': 'Structure', 'charge': 0.0, 'lattice': {'matrix': [[0.0, 4.728266041508842, 4.728266041508842], [4.728266041508843, 0.0, 4.728266041508842], [4.728266041508843, 4.728266041508842, 0.0]], 'pbc': (True, True, True), 'a': 6.686777962409952, 'b': 6.686777962409953, 'c': 6.686777962409953, 'alpha': 59.99999999999999, 'beta': 60.00000000000001, 'gamma': 60.00000000000001, 'volume': 211.41495723766238}, 'properties': {}, 'sites': [{'species': [{'element': 'Pd', 'occu': 1}], 'abc': [0.0, 0.0, 0.0], 'properties': {}, 'label': 'Pd', 'xyz': [0.0, 0.0, 0.0]}, {'species': [{'element': 'Ra', 'occu': 1}], 'abc': [0.5, 0.5, 0.5], 'properties': {}, 'label': 'Ra', 'xyz': [4.728266041508843, 4.728266041508842, 4.728266041508842]}, {'species': [{'element': 'Cs', 'occu': 1}], 'abc': [0.25, 0.25, 0.25], 'properties': {}, 'label': 'Cs', 'xyz': [2.3641330207544216, 2.364133020754421, 2.364133020754421]}, {'species': [{'element': 'Cs', 'occu': 1}], 'abc': [0.75, 0.75, 0.75], 'properties': {}, 'label': 'Cs', 'xyz': [7.092399062263265, 7.092399062263263, 7.092399062263263]}, {'species': [{'element': 'F', 'occu': 1}], 'abc': [0.7706279671301672, 0.2293720328698328, 0.2293720328698328], 'properties': {}, 'label': 'F', 'xyz': [2.1690639877805613, 4.728266041508842, 4.728266041508842]}, {'species': [{'element': 'F', 'occu': 1}], 'abc': [0.2293720328698328, 0.7706279671301672, 0.7706279671301672], 'properties': {}, 'label': 'F', 'xyz': [7.287468095237125, 4.728266041508842, 4.728266041508842]}, {'species': [{'element': 'F', 'occu': 1}], 'abc': [0.2293720328698328, 0.7706279671301672, 0.2293720328698328], 'properties': {}, 'label': 'F', 'xyz': [4.728266041508843, 2.169063987780561, 4.728266041508842]}, {'species': [{'element': 'F', 'occu': 1}], 'abc': [0.7706279671301672, 0.2293720328698328, 0.7706279671301672], 'properties': {}, 'label': 'F', 'xyz': [4.728266041508843, 7.2874680952371245, 4.728266041508842]}, {'species': [{'element': 'F', 'occu': 1}], 'abc': [0.2293720328698328, 0.2293720328698328, 0.7706279671301672], 'properties': {}, 'label': 'F', 'xyz': [4.728266041508843, 4.728266041508842, 2.169063987780561]}, {'species': [{'element': 'F', 'occu': 1}], 'abc': [0.7706279671301672, 0.7706279671301672, 0.2293720328698328], 'properties': {}, 'label': 'F', 'xyz': [4.728266041508843, 4.728266041508842, 7.2874680952371245]}]}"
2489_CsAuAmF,Am-Au-Cs-F,10,"{'@module': 'pymatgen.core.structure', '@class': 'Structure', 'charge': 0.0, 'lattice': {'matrix': [[0.0, 4.701188920292353, 4.701188920292353], [4.701188920292353, 0.0, 4.701188920292353], [4.701188920292353, 4.701188920292353, 0.0]], 'pbc': (True, True, True), 'a': 6.6484851303555725, 'b': 6.6484851303555725, 'c': 6.6484851303555725, 'alpha': 60.00000000000001, 'beta': 60.00000000000001, 'gamma': 60.00000000000001, 'volume': 207.8036193604968}, 'properties': {}, 'sites': [{'species': [{'element': 'Au', 'occu': 1}], 'abc': [0.0, 0.0, 0.0], 'properties': {}, 'label': 'Au', 'xyz': [0.0, 0.0, 0.0]}, {'species': [{'element': 'Am', 'occu': 1}], 'abc': [0.5, 0.5, 0.5], 'properties': {}, 'label': 'Am', 'xyz': [4.701188920292353, 4.701188920292353, 4.701188920292353]}, {'species': [{'element': 'Cs', 'occu': 1}], 'abc': [0.25, 0.25, 0.25], 'properties': {}, 'label': 'Cs', 'xyz': [2.3505944601461763, 2.3505944601461763, 2.3505944601461763]}, {'species': [{'element': 'Cs', 'occu': 1}], 'abc': [0.75, 0.75, 0.75], 'properties': {}, 'label': 'Cs', 'xyz': [7.051783380438529, 7.051783380438529, 7.051783380438529]}, {'species': [{'element': 'F', 'occu': 1}], 'abc': [0.7369453280161622, 0.2630546719838378, 0.2630546719838378], 'properties': {}, 'label': 'F', 'xyz': [2.473339418723115, 4.701188920292353, 4.701188920292353]}, {'species': [{'element': 'F', 'occu': 1}], 'abc': [0.2630546719838378, 0.7369453280161622, 0.7369453280161622], 'properties': {}, 'label': 'F', 'xyz': [6.92903842186159, 4.701188920292353, 4.701188920292353]}, {'species': [{'element': 'F', 'occu': 1}], 'abc': [0.2630546719838378, 0.7369453280161622, 0.2630546719838378], 'properties': {}, 'label': 'F', 'xyz': [4.701188920292353, 2.473339418723115, 4.701188920292353]}, {'species': [{'element': 'F', 'occu': 1}], 'abc': [0.7369453280161622, 0.2630546719838378, 0.7369453280161622], 'properties': {}, 'label': 'F', 'xyz': [4.701188920292353, 6.92903842186159, 4.701188920292353]}, {'species': [{'element': 'F', 'occu': 1}], 'abc': [0.2630546719838378, 0.2630546719838378, 0.7369453280161622], 'properties': {}, 'label': 'F', 'xyz': [4.701188920292353, 4.701188920292353, 2.473339418723115]}, {'species': [{'element': 'F', 'occu': 1}], 'abc': [0.7369453280161622, 0.7369453280161622, 0.2630546719838378], 'properties': {}, 'label': 'F', 'xyz': [4.701188920292353, 4.701188920292353, 6.92903842186159]}]}"
2499_CsKCmF,Cm-Cs-F-K,10,"{'@module': 'pymatgen.core.structure', '@class': 'Structure', 'charge': 0.0, 'lattice': {'matrix': [[0.0, 4.782820858358338, 4.782820858358338], [4.782820858358338, 0.0, 4.782820858358338], [4.782820858358338, 4.782820858358338, 0.0]], 'pbc': (True, True, True), 'a': 6.7639301242912895, 'b': 6.7639301242912895, 'c': 6.7639301242912895, 'alpha': 60.00000000000001, 'beta': 60.00000000000001, 'gamma': 60.00000000000001, 'volume': 218.8176448592775}, 'properties': {}, 'sites': [{'species': [{'element': 'K', 'occu': 1}], 'abc': [0.0, 0.0, 0.0], 'properties': {}, 'label': 'K', 'xyz': [0.0, 0.0, 0.0]}, {'species': [{'element': 'Cm', 'occu': 1}], 'abc': [0.5, 0.5, 0.5], 'properties': {}, 'label': 'Cm', 'xyz': [4.782820858358338, 4.782820858358338, 4.782820858358338]}, {'species': [{'element': 'Cs', 'occu': 1}], 'abc': [0.25, 0.25, 0.25], 'properties': {}, 'label': 'Cs', 'xyz': [2.391410429179169, 2.391410429179169, 2.391410429179169]}, {'species': [{'element': 'Cs', 'occu': 1}], 'abc': [0.75, 0.75, 0.75], 'properties': {}, 'label': 'Cs', 'xyz': [7.174231287537507, 7.174231287537507, 7.174231287537507]}, {'species': [{'element': 'F', 'occu': 1}], 'abc': [0.7352718384679591, 0.2647281615320409, 0.2647281615320409], 'properties': {}, 'label': 'F', 'xyz': [2.532294745540601, 4.782820858358338, 4.782820858358338]}, {'species': [{'element': 'F', 'occu': 1}], 'abc': [0.2647281615320409, 0.7352718384679591, 0.7352718384679591], 'properties': {}, 'label': 'F', 'xyz': [7.0333469711760745, 4.782820858358338, 4.782820858358338]}, {'species': [{'element': 'F', 'occu': 1}], 'abc': [0.2647281615320409, 0.7352718384679591, 0.2647281615320409], 'properties': {}, 'label': 'F', 'xyz': [4.782820858358338, 2.532294745540601, 4.782820858358338]}, {'species': [{'element': 'F', 'occu': 1}], 'abc': [0.7352718384679591, 0.2647281615320409, 0.7352718384679591], 'properties': {}, 'label': 'F', 'xyz': [4.782820858358338, 7.0333469711760745, 4.782820858358338]}, {'species': [{'element': 'F', 'occu': 1}], 'abc': [0.2647281615320409, 0.2647281615320409, 0.7352718384679591], 'properties': {}, 'label': 'F', 'xyz': [4.782820858358338, 4.782820858358338, 2.532294745540601]}, {'species': [{'element': 'F', 'occu': 1}], 'abc': [0.7352718384679591, 0.7352718384679591, 0.2647281615320409], 'properties': {}, 'label': 'F', 'xyz': [4.782820858358338, 4.782820858358338, 7.0333469711760745]}]}"
2502_CsKAmF,Am-Cs-F-K,10,"{'@module': 'pymatgen.core.structure', '@class': 'Structure', 'charge': 0.0, 'lattice': {'matrix': [[0.0, 4.782115546011953, 4.782115546011953], [4.782115546011953, 0.0, 4.782115546011953], [4.782115546011953, 4.782115546011953, 0.0]], 'pbc': (True, True, True), 'a': 6.762932662005323, 'b': 6.762932662005323, 'c': 6.762932662005323, 'alpha': 60.00000000000001, 'beta': 60.00000000000001, 'gamma': 60.00000000000001, 'volume': 218.72085342627523}, 'properties': {}, 'sites': [{'species': [{'element': 'K', 'occu': 1}], 'abc': [0.0, 0.0, 0.0], 'properties': {}, 'label': 'K', 'xyz': [0.0, 0.0, 0.0]}, {'species': [{'element': 'Am', 'occu': 1}], 'abc': [0.5, 0.5, 0.5], 'properties': {}, 'label': 'Am', 'xyz': [4.782115546011953, 4.782115546011953, 4.782115546011953]}, {'species': [{'element': 'Cs', 'occu': 1}], 'abc': [0.25, 0.25, 0.25], 'properties': {}, 'label': 'Cs', 'xyz': [2.3910577730059765, 2.3910577730059765, 2.3910577730059765]}, {'species': [{'element': 'Cs', 'occu': 1}], 'abc': [0.75, 0.75, 0.75], 'properties': {}, 'label': 'Cs', 'xyz': [7.17317331901793, 7.17317331901793, 7.17317331901793]}, {'species': [{'element': 'F', 'occu': 1}], 'abc': [0.7353954566216245, 0.2646045433783755, 0.2646045433783755], 'properties': {}, 'label': 'F', 'xyz': [2.5307390008702475, 4.782115546011953, 4.782115546011953]}, {'species': [{'element': 'F', 'occu': 1}], 'abc': [0.2646045433783755, 0.7353954566216245, 0.7353954566216245], 'properties': {}, 'label': 'F', 'xyz': [7.03349209115366, 4.782115546011953, 4.782115546011953]}, {'species': [{'element': 'F', 'occu': 1}], 'abc': [0.2646045433783755, 0.7353954566216245, 0.2646045433783755], 'properties': {}, 'label': 'F', 'xyz': [4.782115546011953, 2.5307390008702475, 4.782115546011953]}, {'species': [{'element': 'F', 'occu': 1}], 'abc': [0.7353954566216245, 0.2646045433783755, 0.7353954566216245], 'properties': {}, 'label': 'F', 'xyz': [4.782115546011953, 7.03349209115366, 4.782115546011953]}, {'species': [{'element': 'F', 'occu': 1}], 'abc': [0.2646045433783755, 0.2646045433783755, 0.7353954566216245], 'properties': {}, 'label': 'F', 'xyz': [4.782115546011953, 4.782115546011953, 2.5307390008702475]}, {'species': [{'element': 'F', 'occu': 1}], 'abc': [0.7353954566216245, 0.7353954566216245, 0.2646045433783755], 'properties': {}, 'label': 'F', 'xyz': [4.782115546011953, 4.782115546011953, 7.03349209115366]}]}"
2539_CsCoFrF,Co-Cs-F-Fr,10,"{'@module': 'pymatgen.core.structure', '@class': 'Structure', 'charge': 0.0, 'lattice': {'matrix': [[0.0, 4.640020260847832, 4.640020260847832], [4.640020260847832, 0.0, 4.640020260847832], [4.640020260847832, 4.640020260847832, 0.0]], 'pbc': (True, True, True), 'a': 6.56197958257695, 'b': 6.56197958257695, 'c': 6.56197958257695, 'alpha': 60.00000000000001, 'beta': 60.00000000000001, 'gamma': 60.00000000000001, 'volume': 199.7973052591253}, 'properties': {}, 'sites': [{'species': [{'element': 'Co', 'occu': 1}], 'abc': [0.0, 0.0, 0.0], 'properties': {}, 'label': 'Co', 'xyz': [0.0, 0.0, 0.0]}, {'species': [{'element': 'Fr', 'occu': 1}], 'abc': [0.5, 0.5, 0.5], 'properties': {}, 'label': 'Fr', 'xyz': [4.640020260847832, 4.640020260847832, 4.640020260847832]}, {'species': [{'element': 'Cs', 'occu': 1}], 'abc': [0.25, 0.25, 0.25], 'properties': {}, 'label': 'Cs', 'xyz': [2.320010130423916, 2.320010130423916, 2.320010130423916]}, {'species': [{'element': 'Cs', 'occu': 1}], 'abc': [0.75, 0.75, 0.75], 'properties': {}, 'label': 'Cs', 'xyz': [6.960030391271748, 6.960030391271748, 6.960030391271748]}, {'species': [{'element': 'F', 'occu': 1}], 'abc': [0.8009041681364053, 0.1990958318635947, 0.1990958318635947], 'properties': {}, 'label': 'F', 'xyz': [1.8476173873948656, 4.640020260847832, 4.640020260847832]}, {'species': [{'element': 'F', 'occu': 1}], 'abc': [0.1990958318635947, 0.8009041681364053, 0.8009041681364053], 'properties': {}, 'label': 'F', 'xyz': [7.432423134300799, 4.640020260847832, 4.640020260847832]}, {'species': [{'element': 'F', 'occu': 1}], 'abc': [0.1990958318635947, 0.8009041681364053, 0.1990958318635947], 'properties': {}, 'label': 'F', 'xyz': [4.640020260847832, 1.8476173873948656, 4.640020260847832]}, {'species': [{'element': 'F', 'occu': 1}], 'abc': [0.8009041681364053, 0.1990958318635947, 0.8009041681364053], 'properties': {}, 'label': 'F', 'xyz': [4.640020260847832, 7.432423134300799, 4.640020260847832]}, {'species': [{'element': 'F', 'occu': 1}], 'abc': [0.1990958318635947, 0.1990958318635947, 0.8009041681364053], 'properties': {}, 'label': 'F', 'xyz': [4.640020260847832, 4.640020260847832, 1.8476173873948656]}, {'species': [{'element': 'F', 'occu': 1}], 'abc': [0.8009041681364053, 0.8009041681364053, 0.1990958318635947], 'properties': {}, 'label': 'F', 'xyz': [4.640020260847832, 4.640020260847832, 7.432423134300799]}]}"
2544_CsAsFrF,As-Cs-F-Fr,10,"{'@module': 'pymatgen.core.structure', '@class': 'Structure', 'charge': 0.0, 'lattice': {'matrix': [[0.0, 4.86575564350878, 4.865755643508779], [4.86575564350878, 0.0, 4.865755643508779], [4.86575564350878, 4.86575564350878, 0.0]], 'pbc': (True, True, True), 'a': 6.881217622243542, 'b': 6.881217622243542, 'c': 6.881217622243543, 'alpha': 60.00000000000001, 'beta': 60.00000000000001, 'gamma': 60.00000000000001, 'volume': 230.3991543617821}, 'properties': {}, 'sites': [{'species': [{'element': 'As', 'occu': 1}], 'abc': [0.0, 0.0, 0.0], 'properties': {}, 'label': 'As', 'xyz': [0.0, 0.0, 0.0]}, {'species': [{'element': 'Fr', 'occu': 1}], 'abc': [0.5, 0.5, 0.5], 'properties': {}, 'label': 'Fr', 'xyz': [4.86575564350878, 4.86575564350878, 4.865755643508779]}, {'species': [{'element': 'Cs', 'occu': 1}], 'abc': [0.25, 0.25, 0.25], 'properties': {}, 'label': 'Cs', 'xyz': [2.43287782175439, 2.43287782175439, 2.4328778217543894]}, {'species': [{'element': 'Cs', 'occu': 1}], 'abc': [0.75, 0.75, 0.75], 'properties': {}, 'label': 'Cs', 'xyz': [7.298633465263169, 7.298633465263169, 7.298633465263168]}, {'species': [{'element': 'F', 'occu': 1}], 'abc': [0.788977991357811, 0.211022008642189, 0.211022008642189], 'properties': {}, 'label': 'F', 'xyz': [2.053563058910579, 4.86575564350878, 4.865755643508779]}, {'species': [{'element': 'F', 'occu': 1}], 'abc': [0.211022008642189, 0.788977991357811, 0.788977991357811], 'properties': {}, 'label': 'F', 'xyz': [7.67794822810698, 4.86575564350878, 4.865755643508779]}, {'species': [{'element': 'F', 'occu': 1}], 'abc': [0.211022008642189, 0.788977991357811, 0.211022008642189], 'properties': {}, 'label': 'F', 'xyz': [4.86575564350878, 2.053563058910579, 4.865755643508779]}, {'species': [{'element': 'F', 'occu': 1}], 'abc': [0.788977991357811, 0.211022008642189, 0.788977991357811], 'properties': {}, 'label': 'F', 'xyz': [4.86575564350878, 7.67794822810698, 4.865755643508779]}, {'species': [{'element': 'F', 'occu': 1}], 'abc': [0.211022008642189, 0.211022008642189, 0.788977991357811], 'properties': {}, 'label': 'F', 'xyz': [4.86575564350878, 4.86575564350878, 2.053563058910579]}, {'species': [{'element': 'F', 'occu': 1}], 'abc': [0.788977991357811, 0.788977991357811, 0.211022008642189], 'properties': {}, 'label': 'F', 'xyz': [4.86575564350878, 4.86575564350878, 7.677948228106978]}]}"
2545_CsNiFrF,Cs-F-Fr-Ni,10,"{'@module': 'pymatgen.core.structure', '@class': 'Structure', 'charge': 0.0, 'lattice': {'matrix': [[0.0, 4.653067296387671, 4.653067296387671], [4.653067296387669, 0.0, 4.653067296387671], [4.653067296387669, 4.653067296387671, 0.0]], 'pbc': (True, True, True), 'a': 6.580430877186154, 'b': 6.580430877186153, 'c': 6.580430877186153, 'alpha': 60.00000000000002, 'beta': 59.99999999999999, 'gamma': 59.99999999999999, 'volume': 201.48744824633945}, 'properties': {}, 'sites': [{'species': [{'element': 'Ni', 'occu': 1}], 'abc': [0.0, 0.0, 0.0], 'properties': {}, 'label': 'Ni', 'xyz': [0.0, 0.0, 0.0]}, {'species': [{'element': 'Fr', 'occu': 1}], 'abc': [0.5, 0.5, 0.5], 'properties': {}, 'label': 'Fr', 'xyz': [4.653067296387669, 4.653067296387671, 4.653067296387671]}, {'species': [{'element': 'Cs', 'occu': 1}], 'abc': [0.25, 0.25, 0.25], 'properties': {}, 'label': 'Cs', 'xyz': [2.3265336481938346, 2.3265336481938355, 2.3265336481938355]}, {'species': [{'element': 'Cs', 'occu': 1}], 'abc': [0.75, 0.75, 0.75], 'properties': {}, 'label': 'Cs', 'xyz': [6.979600944581504, 6.979600944581506, 6.979600944581506]}, {'species': [{'element': 'F', 'occu': 1}], 'abc': [0.7977946376943805, 0.2022053623056195, 0.2022053623056195], 'properties': {}, 'label': 'F', 'xyz': [1.881750316996996, 4.653067296387671, 4.653067296387671]}, {'species': [{'element': 'F', 'occu': 1}], 'abc': [0.2022053623056195, 0.7977946376943805, 0.7977946376943805], 'properties': {}, 'label': 'F', 'xyz': [7.424384275778342, 4.653067296387671, 4.653067296387671]}, {'species': [{'element': 'F', 'occu': 1}], 'abc': [0.2022053623056195, 0.7977946376943805, 0.2022053623056195], 'properties': {}, 'label': 'F', 'xyz': [4.653067296387669, 1.8817503169969967, 4.653067296387671]}, {'species': [{'element': 'F', 'occu': 1}], 'abc': [0.7977946376943805, 0.2022053623056195, 0.7977946376943805], 'properties': {}, 'label': 'F', 'xyz': [4.653067296387669, 7.424384275778345, 4.653067296387671]}, {'species': [{'element': 'F', 'occu': 1}], 'abc': [0.2022053623056195, 0.2022053623056195, 0.7977946376943805], 'properties': {}, 'label': 'F', 'xyz': [4.653067296387669, 4.653067296387671, 1.8817503169969967]}, {'species': [{'element': 'F', 'occu': 1}], 'abc': [0.7977946376943805, 0.7977946376943805, 0.2022053623056195], 'properties': {}, 'label': 'F', 'xyz': [4.653067296387669, 4.653067296387671, 7.424384275778345]}]}"
2547_CsEuAmF,Am-Cs-Eu-F,10,"{'@module': 'pymatgen.core.structure', '@class': 'Structure', 'charge': 0.0, 'lattice': {'matrix': [[0.0, 4.774689854859554, 4.774689854859554], [4.774689854859554, 0.0, 4.774689854859554], [4.774689854859554, 4.774689854859554, 0.0]], 'pbc': (True, True, True), 'a': 6.752431148867606, 'b': 6.752431148867606, 'c': 6.752431148867606, 'alpha': 59.99999999999999, 'beta': 59.99999999999999, 'gamma': 59.99999999999999, 'volume': 217.70354248752682}, 'properties': {}, 'sites': [{'species': [{'element': 'Eu', 'occu': 1}], 'abc': [0.0, 0.0, 0.0], 'properties': {}, 'label': 'Eu', 'xyz': [0.0, 0.0, 0.0]}, {'species': [{'element': 'Am', 'occu': 1}], 'abc': [0.5, 0.5, 0.5], 'properties': {}, 'label': 'Am', 'xyz': [4.774689854859554, 4.774689854859554, 4.774689854859554]}, {'species': [{'element': 'Cs', 'occu': 1}], 'abc': [0.25, 0.25, 0.25], 'properties': {}, 'label': 'Cs', 'xyz': [2.387344927429777, 2.387344927429777, 2.387344927429777]}, {'species': [{'element': 'Cs', 'occu': 1}], 'abc': [0.75, 0.75, 0.75], 'properties': {}, 'label': 'Cs', 'xyz': [7.162034782289331, 7.162034782289331, 7.162034782289331]}, {'species': [{'element': 'F', 'occu': 1}], 'abc': [0.7652804904281751, 0.2347195095718249, 0.2347195095718249], 'properties': {}, 'label': 'F', 'xyz': [2.241425722180405, 4.774689854859554, 4.774689854859554]}, {'species': [{'element': 'F', 'occu': 1}], 'abc': [0.2347195095718249, 0.7652804904281751, 0.7652804904281751], 'properties': {}, 'label': 'F', 'xyz': [7.3079539875387045, 4.774689854859554, 4.774689854859554]}, {'species': [{'element': 'F', 'occu': 1}], 'abc': [0.2347195095718249, 0.7652804904281751, 0.2347195095718249], 'properties': {}, 'label': 'F', 'xyz': [4.774689854859554, 2.241425722180405, 4.774689854859554]}, {'species': [{'element': 'F', 'occu': 1}], 'abc': [0.7652804904281751, 0.2347195095718249, 0.7652804904281751], 'properties': {}, 'label': 'F', 'xyz': [4.774689854859554, 7.3079539875387045, 4.774689854859554]}, {'species': [{'element': 'F', 'occu': 1}], 'abc': [0.2347195095718249, 0.2347195095718249, 0.7652804904281751], 'properties': {}, 'label': 'F', 'xyz': [4.774689854859554, 4.774689854859554, 2.241425722180405]}, {'species': [{'element': 'F', 'occu': 1}], 'abc': [0.7652804904281751, 0.7652804904281751, 0.2347195095718249], 'properties': {}, 'label': 'F', 'xyz': [4.774689854859554, 4.774689854859554, 7.3079539875387045]}]}"
2562_CsSrAmF,Am-Cs-F-Sr,10,"{'@module': 'pymatgen.core.structure', '@class': 'Structure', 'charge': 0.0, 'lattice': {'matrix': [[0.0, 4.7705784161546045, 4.7705784161546045], [4.7705784161546045, 0.0, 4.7705784161546045], [4.7705784161546045, 4.7705784161546045, 0.0]], 'pbc': (True, True, True), 'a': 6.746616696490201, 'b': 6.746616696490201, 'c': 6.746616696490201, 'alpha': 60.00000000000001, 'beta': 60.00000000000001, 'gamma': 60.00000000000001, 'volume': 217.14163944518904}, 'properties': {}, 'sites': [{'species': [{'element': 'Sr', 'occu': 1}], 'abc': [0.0, 0.0, 0.0], 'properties': {}, 'label': 'Sr', 'xyz': [0.0, 0.0, 0.0]}, {'species': [{'element': 'Am', 'occu': 1}], 'abc': [0.5, 0.5, 0.5], 'properties': {}, 'label': 'Am', 'xyz': [4.7705784161546045, 4.7705784161546045, 4.7705784161546045]}, {'species': [{'element': 'Cs', 'occu': 1}], 'abc': [0.25, 0.25, 0.25], 'properties': {}, 'label': 'Cs', 'xyz': [2.3852892080773023, 2.3852892080773023, 2.3852892080773023]}, {'species': [{'element': 'Cs', 'occu': 1}], 'abc': [0.75, 0.75, 0.75], 'properties': {}, 'label': 'Cs', 'xyz': [7.155867624231907, 7.155867624231907, 7.155867624231907]}, {'species': [{'element': 'F', 'occu': 1}], 'abc': [0.7503386372120175, 0.2496613627879825, 0.2496613627879825], 'properties': {}, 'label': 'F', 'xyz': [2.3820582173281877, 4.7705784161546045, 4.7705784161546045]}, {'species': [{'element': 'F', 'occu': 1}], 'abc': [0.2496613627879825, 0.7503386372120175, 0.7503386372120175], 'properties': {}, 'label': 'F', 'xyz': [7.159098614981022, 4.7705784161546045, 4.7705784161546045]}, {'species': [{'element': 'F', 'occu': 1}], 'abc': [0.2496613627879825, 0.7503386372120175, 0.2496613627879825], 'properties': {}, 'label': 'F', 'xyz': [4.7705784161546045, 2.3820582173281877, 4.7705784161546045]}, {'species': [{'element': 'F', 'occu': 1}], 'abc': [0.7503386372120175, 0.2496613627879825, 0.7503386372120175], 'properties': {}, 'label': 'F', 'xyz': [4.7705784161546045, 7.159098614981022, 4.7705784161546045]}, {'species': [{'element': 'F', 'occu': 1}], 'abc': [0.2496613627879825, 0.2496613627879825, 0.7503386372120175], 'properties': {}, 'label': 'F', 'xyz': [4.7705784161546045, 4.7705784161546045, 2.3820582173281877]}, {'species': [{'element': 'F', 'occu': 1}], 'abc': [0.7503386372120175, 0.7503386372120175, 0.2496613627879825], 'properties': {}, 'label': 'F', 'xyz': [4.7705784161546045, 4.7705784161546045, 7.159098614981022]}]}"
2571_CsFeFrF,Cs-F-Fe-Fr,10,"{'@module': 'pymatgen.core.structure', '@class': 'Structure', 'charge': 0.0, 'lattice': {'matrix': [[0.0, 4.756604843227964, 4.756604843227964], [4.756604843227964, 0.0, 4.756604843227964], [4.756604843227964, 4.756604843227964, 0.0]], 'pbc': (True, True, True), 'a': 6.726855080142537, 'b': 6.726855080142537, 'c': 6.726855080142537, 'alpha': 60.00000000000001, 'beta': 60.00000000000001, 'gamma': 60.00000000000001, 'volume': 215.23912451093528}, 'properties': {}, 'sites': [{'species': [{'element': 'Fe', 'occu': 1}], 'abc': [0.0, 0.0, 0.0], 'properties': {}, 'label': 'Fe', 'xyz': [0.0, 0.0, 0.0]}, {'species': [{'element': 'Fr', 'occu': 1}], 'abc': [0.5, 0.5, 0.5], 'properties': {}, 'label': 'Fr', 'xyz': [4.756604843227964, 4.756604843227964, 4.756604843227964]}, {'species': [{'element': 'Cs', 'occu': 1}], 'abc': [0.25, 0.25, 0.25], 'properties': {}, 'label': 'Cs', 'xyz': [2.378302421613982, 2.378302421613982, 2.378302421613982]}, {'species': [{'element': 'Cs', 'occu': 1}], 'abc': [0.75, 0.75, 0.75], 'properties': {}, 'label': 'Cs', 'xyz': [7.134907264841946, 7.134907264841946, 7.134907264841946]}, {'species': [{'element': 'F', 'occu': 1}], 'abc': [0.7954550910712612, 0.2045449089287388, 0.2045449089287388], 'properties': {}, 'label': 'F', 'xyz': [1.9458786089361237, 4.756604843227964, 4.756604843227964]}, {'species': [{'element': 'F', 'occu': 1}], 'abc': [0.2045449089287388, 0.7954550910712612, 0.7954550910712612], 'properties': {}, 'label': 'F', 'xyz': [7.567331077519805, 4.756604843227964, 4.756604843227964]}, {'species': [{'element': 'F', 'occu': 1}], 'abc': [0.2045449089287388, 0.7954550910712612, 0.2045449089287388], 'properties': {}, 'label': 'F', 'xyz': [4.756604843227964, 1.9458786089361237, 4.756604843227964]}, {'species': [{'element': 'F', 'occu': 1}], 'abc': [0.7954550910712612, 0.2045449089287388, 0.7954550910712612], 'properties': {}, 'label': 'F', 'xyz': [4.756604843227964, 7.567331077519805, 4.756604843227964]}, {'species': [{'element': 'F', 'occu': 1}], 'abc': [0.2045449089287388, 0.2045449089287388, 0.7954550910712612], 'properties': {}, 'label': 'F', 'xyz': [4.756604843227964, 4.756604843227964, 1.9458786089361237]}, {'species': [{'element': 'F', 'occu': 1}], 'abc': [0.7954550910712612, 0.7954550910712612, 0.2045449089287388], 'properties': {}, 'label': 'F', 'xyz': [4.756604843227964, 4.756604843227964, 7.567331077519805]}]}"
2574_CsPbAmF,Am-Cs-F-Pb,10,"{'@module': 'pymatgen.core.structure', '@class': 'Structure', 'charge': 0.0, 'lattice': {'matrix': [[0.0, 4.807037014134912, 4.807037014134912], [4.807037014134912, 0.0, 4.807037014134912], [4.807037014134912, 4.807037014134912, 0.0]], 'pbc': (True, True, True), 'a': 6.79817694021906, 'b': 6.79817694021906, 'c': 6.79817694021906, 'alpha': 59.99999999999999, 'beta': 59.99999999999999, 'gamma': 59.99999999999999, 'volume': 222.15822369450657}, 'properties': {}, 'sites': [{'species': [{'element': 'Pb', 'occu': 1}], 'abc': [0.0, 0.0, 0.0], 'properties': {}, 'label': 'Pb', 'xyz': [0.0, 0.0, 0.0]}, {'species': [{'element': 'Am', 'occu': 1}], 'abc': [0.5, 0.5, 0.5], 'properties': {}, 'label': 'Am', 'xyz': [4.807037014134912, 4.807037014134912, 4.807037014134912]}, {'species': [{'element': 'Cs', 'occu': 1}], 'abc': [0.25, 0.25, 0.25], 'properties': {}, 'label': 'Cs', 'xyz': [2.403518507067456, 2.403518507067456, 2.403518507067456]}, {'species': [{'element': 'Cs', 'occu': 1}], 'abc': [0.75, 0.75, 0.75], 'properties': {}, 'label': 'Cs', 'xyz': [7.210555521202368, 7.210555521202368, 7.210555521202368]}, {'species': [{'element': 'F', 'occu': 1}], 'abc': [0.7444466926282942, 0.2555533073717058, 0.2555533073717058], 'properties': {}, 'label': 'F', 'xyz': [2.456908415240772, 4.807037014134912, 4.807037014134912]}, {'species': [{'element': 'F', 'occu': 1}], 'abc': [0.2555533073717058, 0.7444466926282942, 0.7444466926282942], 'properties': {}, 'label': 'F', 'xyz': [7.157165613029052, 4.807037014134912, 4.807037014134912]}, {'species': [{'element': 'F', 'occu': 1}], 'abc': [0.2555533073717058, 0.7444466926282942, 0.2555533073717058], 'properties': {}, 'label': 'F', 'xyz': [4.807037014134912, 2.456908415240772, 4.807037014134912]}, {'species': [{'element': 'F', 'occu': 1}], 'abc': [0.7444466926282942, 0.2555533073717058, 0.7444466926282942], 'properties': {}, 'label': 'F', 'xyz': [4.807037014134912, 7.157165613029052, 4.807037014134912]}, {'species': [{'element': 'F', 'occu': 1}], 'abc': [0.2555533073717058, 0.2555533073717058, 0.7444466926282942], 'properties': {}, 'label': 'F', 'xyz': [4.807037014134912, 4.807037014134912, 2.456908415240772]}, {'species': [{'element': 'F', 'occu': 1}], 'abc': [0.7444466926282942, 0.7444466926282942, 0.2555533073717058], 'properties': {}, 'label': 'F', 'xyz': [4.807037014134912, 4.807037014134912, 7.157165613029052]}]}"
2592_CsMnFrF,Cs-F-Fr-Mn,10,"{'@module': 'pymatgen.core.structure', '@class': 'Structure', 'charge': 0.0, 'lattice': {'matrix': [[0.0, 4.739205158632934, 4.739205158632934], [4.739205158632934, 0.0, 4.739205158632934], [4.739205158632934, 4.739205158632934, 0.0]], 'pbc': (True, True, True), 'a': 6.70224821020723, 'b': 6.70224821020723, 'c': 6.70224821020723, 'alpha': 60.00000000000001, 'beta': 60.00000000000001, 'gamma': 60.00000000000001, 'volume': 212.88571689922188}, 'properties': {}, 'sites': [{'species': [{'element': 'Mn', 'occu': 1}], 'abc': [0.0, 0.0, 0.0], 'properties': {}, 'label': 'Mn', 'xyz': [0.0, 0.0, 0.0]}, {'species': [{'element': 'Fr', 'occu': 1}], 'abc': [0.5, 0.5, 0.5], 'properties': {}, 'label': 'Fr', 'xyz': [4.739205158632934, 4.739205158632934, 4.739205158632934]}, {'species': [{'element': 'Cs', 'occu': 1}], 'abc': [0.25, 0.25, 0.25], 'properties': {}, 'label': 'Cs', 'xyz': [2.369602579316467, 2.369602579316467, 2.369602579316467]}, {'species': [{'element': 'Cs', 'occu': 1}], 'abc': [0.75, 0.75, 0.75], 'properties': {}, 'label': 'Cs', 'xyz': [7.1088077379494, 7.1088077379494, 7.1088077379494]}, {'species': [{'element': 'F', 'occu': 1}], 'abc': [0.795744248021542, 0.204255751978458, 0.204255751978458], 'properties': {}, 'label': 'F', 'xyz': [1.9360198269135143, 4.739205158632934, 4.739205158632934]}, {'species': [{'element': 'F', 'occu': 1}], 'abc': [0.204255751978458, 0.795744248021542, 0.795744248021542], 'properties': {}, 'label': 'F', 'xyz': [7.542390490352353, 4.739205158632934, 4.739205158632934]}, {'species': [{'element': 'F', 'occu': 1}], 'abc': [0.204255751978458, 0.795744248021542, 0.204255751978458], 'properties': {}, 'label': 'F', 'xyz': [4.739205158632934, 1.9360198269135143, 4.739205158632934]}, {'species': [{'element': 'F', 'occu': 1}], 'abc': [0.795744248021542, 0.204255751978458, 0.795744248021542], 'properties': {}, 'label': 'F', 'xyz': [4.739205158632934, 7.542390490352353, 4.739205158632934]}, {'species': [{'element': 'F', 'occu': 1}], 'abc': [0.204255751978458, 0.204255751978458, 0.795744248021542], 'properties': {}, 'label': 'F', 'xyz': [4.739205158632934, 4.739205158632934, 1.9360198269135143]}, {'species': [{'element': 'F', 'occu': 1}], 'abc': [0.795744248021542, 0.795744248021542, 0.204255751978458], 'properties': {}, 'label': 'F', 'xyz': [4.739205158632934, 4.739205158632934, 7.542390490352353]}]}"
2593_CsCrFrF,Cr-Cs-F-Fr,10,"{'@module': 'pymatgen.core.structure', '@class': 'Structure', 'charge': 0.0, 'lattice': {'matrix': [[0.0, 4.722967889825645, 4.722967889825647], [4.722967889825647, 0.0, 4.722967889825647], [4.722967889825647, 4.722967889825645, 0.0]], 'pbc': (True, True, True), 'a': 6.679285244444066, 'b': 6.679285244444067, 'c': 6.679285244444066, 'alpha': 59.99999999999999, 'beta': 60.00000000000002, 'gamma': 59.99999999999999, 'volume': 210.70506452547346}, 'properties': {}, 'sites': [{'species': [{'element': 'Cr', 'occu': 1}], 'abc': [0.0, 0.0, 0.0], 'properties': {}, 'label': 'Cr', 'xyz': [0.0, 0.0, 0.0]}, {'species': [{'element': 'Fr', 'occu': 1}], 'abc': [0.5, 0.5, 0.5], 'properties': {}, 'label': 'Fr', 'xyz': [4.722967889825647, 4.722967889825645, 4.722967889825647]}, {'species': [{'element': 'Cs', 'occu': 1}], 'abc': [0.25, 0.25, 0.25], 'properties': {}, 'label': 'Cs', 'xyz': [2.3614839449128233, 2.3614839449128224, 2.3614839449128233]}, {'species': [{'element': 'Cs', 'occu': 1}], 'abc': [0.75, 0.75, 0.75], 'properties': {}, 'label': 'Cs', 'xyz': [7.08445183473847, 7.084451834738467, 7.08445183473847]}, {'species': [{'element': 'F', 'occu': 1}], 'abc': [0.7974047647577436, 0.2025952352422564, 0.2025952352422564], 'properties': {}, 'label': 'F', 'xyz': [1.9137015813617002, 4.722967889825645, 4.722967889825647]}, {'species': [{'element': 'F', 'occu': 1}], 'abc': [0.2025952352422564, 0.7974047647577436, 0.7974047647577436], 'properties': {}, 'label': 'F', 'xyz': [7.532234198289593, 4.722967889825645, 4.722967889825647]}, {'species': [{'element': 'F', 'occu': 1}], 'abc': [0.2025952352422564, 0.7974047647577436, 0.2025952352422564], 'properties': {}, 'label': 'F', 'xyz': [4.722967889825647, 1.9137015813616995, 4.722967889825647]}, {'species': [{'element': 'F', 'occu': 1}], 'abc': [0.7974047647577436, 0.2025952352422564, 0.7974047647577436], 'properties': {}, 'label': 'F', 'xyz': [4.722967889825647, 7.53223419828959, 4.722967889825647]}, {'species': [{'element': 'F', 'occu': 1}], 'abc': [0.2025952352422564, 0.2025952352422564, 0.7974047647577436], 'properties': {}, 'label': 'F', 'xyz': [4.722967889825647, 4.722967889825645, 1.9137015813617002]}, {'species': [{'element': 'F', 'occu': 1}], 'abc': [0.7974047647577436, 0.7974047647577436, 0.2025952352422564], 'properties': {}, 'label': 'F', 'xyz': [4.722967889825647, 4.722967889825645, 7.532234198289593]}]}"
2596_CsAgRaF,Ag-Cs-F-Ra,10,"{'@module': 'pymatgen.core.structure', '@class': 'Structure', 'charge': 0.0, 'lattice': {'matrix': [[0.0, 4.759073822494733, 4.759073822494733], [4.759073822494733, 0.0, 4.759073822494733], [4.759073822494733, 4.759073822494733, 0.0]], 'pbc': (True, True, True), 'a': 6.730346744106819, 'b': 6.730346744106819, 'c': 6.730346744106819, 'alpha': 60.00000000000001, 'beta': 60.00000000000001, 'gamma': 60.00000000000001, 'volume': 215.57446674065525}, 'properties': {}, 'sites': [{'species': [{'element': 'Ag', 'occu': 1}], 'abc': [0.0, 0.0, 0.0], 'properties': {}, 'label': 'Ag', 'xyz': [0.0, 0.0, 0.0]}, {'species': [{'element': 'Ra', 'occu': 1}], 'abc': [0.5, 0.5, 0.5], 'properties': {}, 'label': 'Ra', 'xyz': [4.759073822494733, 4.759073822494733, 4.759073822494733]}, {'species': [{'element': 'Cs', 'occu': 1}], 'abc': [0.25, 0.25, 0.25], 'properties': {}, 'label': 'Cs', 'xyz': [2.3795369112473663, 2.3795369112473663, 2.3795369112473663]}, {'species': [{'element': 'Cs', 'occu': 1}], 'abc': [0.75, 0.75, 0.75], 'properties': {}, 'label': 'Cs', 'xyz': [7.138610733742099, 7.138610733742099, 7.138610733742099]}, {'species': [{'element': 'F', 'occu': 1}], 'abc': [0.767681345663064, 0.232318654336936, 0.232318654336936], 'properties': {}, 'label': 'F', 'xyz': [2.211243252664229, 4.759073822494733, 4.759073822494733]}, {'species': [{'element': 'F', 'occu': 1}], 'abc': [0.232318654336936, 0.767681345663064, 0.767681345663064], 'properties': {}, 'label': 'F', 'xyz': [7.306904392325237, 4.759073822494733, 4.759073822494733]}, {'species': [{'element': 'F', 'occu': 1}], 'abc': [0.232318654336936, 0.767681345663064, 0.232318654336936], 'properties': {}, 'label': 'F', 'xyz': [4.759073822494733, 2.211243252664229, 4.759073822494733]}, {'species': [{'element': 'F', 'occu': 1}], 'abc': [0.767681345663064, 0.232318654336936, 0.767681345663064], 'properties': {}, 'label': 'F', 'xyz': [4.759073822494733, 7.306904392325237, 4.759073822494733]}, {'species': [{'element': 'F', 'occu': 1}], 'abc': [0.232318654336936, 0.232318654336936, 0.767681345663064], 'properties': {}, 'label': 'F', 'xyz': [4.759073822494733, 4.759073822494733, 2.211243252664229]}, {'species': [{'element': 'F', 'occu': 1}], 'abc': [0.767681345663064, 0.767681345663064, 0.232318654336936], 'properties': {}, 'label': 'F', 'xyz': [4.759073822494733, 4.759073822494733, 7.306904392325237]}]}"
2600_CsGaFrF,Cs-F-Fr-Ga,10,"{'@module': 'pymatgen.core.structure', '@class': 'Structure', 'charge': 0.0, 'lattice': {'matrix': [[0.0, 4.726459596385798, 4.726459596385797], [4.726459596385798, 0.0, 4.726459596385797], [4.726459596385798, 4.726459596385798, 0.0]], 'pbc': (True, True, True), 'a': 6.684223263217259, 'b': 6.684223263217259, 'c': 6.684223263217261, 'alpha': 59.99999999999999, 'beta': 59.99999999999999, 'gamma': 60.00000000000001, 'volume': 211.17273506303576}, 'properties': {}, 'sites': [{'species': [{'element': 'Ga', 'occu': 1}], 'abc': [0.0, 0.0, 0.0], 'properties': {}, 'label': 'Ga', 'xyz': [0.0, 0.0, 0.0]}, {'species': [{'element': 'Fr', 'occu': 1}], 'abc': [0.5, 0.5, 0.5], 'properties': {}, 'label': 'Fr', 'xyz': [4.726459596385798, 4.726459596385798, 4.726459596385797]}, {'species': [{'element': 'Cs', 'occu': 1}], 'abc': [0.25, 0.25, 0.25], 'properties': {}, 'label': 'Cs', 'xyz': [2.363229798192899, 2.363229798192899, 2.3632297981928985]}, {'species': [{'element': 'Cs', 'occu': 1}], 'abc': [0.75, 0.75, 0.75], 'properties': {}, 'label': 'Cs', 'xyz': [7.089689394578697, 7.089689394578697, 7.089689394578695]}, {'species': [{'element': 'F', 'occu': 1}], 'abc': [0.7977138509887283, 0.2022861490112717, 0.2022861490112717], 'properties': {}, 'label': 'F', 'xyz': [1.9121946204205051, 4.726459596385798, 4.726459596385797]}, {'species': [{'element': 'F', 'occu': 1}], 'abc': [0.2022861490112717, 0.7977138509887283, 0.7977138509887283], 'properties': {}, 'label': 'F', 'xyz': [7.54072457235109, 4.726459596385798, 4.726459596385797]}, {'species': [{'element': 'F', 'occu': 1}], 'abc': [0.2022861490112717, 0.7977138509887283, 0.2022861490112717], 'properties': {}, 'label': 'F', 'xyz': [4.726459596385798, 1.9121946204205051, 4.726459596385797]}, {'species': [{'element': 'F', 'occu': 1}], 'abc': [0.7977138509887283, 0.2022861490112717, 0.7977138509887283], 'properties': {}, 'label': 'F', 'xyz': [4.726459596385798, 7.54072457235109, 4.726459596385797]}, {'species': [{'element': 'F', 'occu': 1}], 'abc': [0.2022861490112717, 0.2022861490112717, 0.7977138509887283], 'properties': {}, 'label': 'F', 'xyz': [4.726459596385798, 4.726459596385798, 1.912194620420505]}, {'species': [{'element': 'F', 'occu': 1}], 'abc': [0.7977138509887283, 0.7977138509887283, 0.2022861490112717], 'properties': {}, 'label': 'F', 'xyz': [4.726459596385798, 4.726459596385798, 7.540724572351089]}]}"
2610_CsCdRaF,Cd-Cs-F-Ra,10,"{'@module': 'pymatgen.core.structure', '@class': 'Structure', 'charge': 0.0, 'lattice': {'matrix': [[0.0, 4.795963898463325, 4.795963898463325], [4.795963898463325, 0.0, 4.795963898463325], [4.795963898463325, 4.795963898463325, 0.0]], 'pbc': (True, True, True), 'a': 6.782517189858575, 'b': 6.782517189858575, 'c': 6.782517189858575, 'alpha': 60.00000000000001, 'beta': 60.00000000000001, 'gamma': 60.00000000000001, 'volume': 220.62651834740257}, 'properties': {}, 'sites': [{'species': [{'element': 'Cd', 'occu': 1}], 'abc': [0.0, 0.0, 0.0], 'properties': {}, 'label': 'Cd', 'xyz': [0.0, 0.0, 0.0]}, {'species': [{'element': 'Ra', 'occu': 1}], 'abc': [0.5, 0.5, 0.5], 'properties': {}, 'label': 'Ra', 'xyz': [4.795963898463325, 4.795963898463325, 4.795963898463325]}, {'species': [{'element': 'Cs', 'occu': 1}], 'abc': [0.25, 0.25, 0.25], 'properties': {}, 'label': 'Cs', 'xyz': [2.3979819492316623, 2.3979819492316623, 2.3979819492316623]}, {'species': [{'element': 'Cs', 'occu': 1}], 'abc': [0.75, 0.75, 0.75], 'properties': {}, 'label': 'Cs', 'xyz': [7.193945847694987, 7.193945847694987, 7.193945847694987]}, {'species': [{'element': 'F', 'occu': 1}], 'abc': [0.7676657129501194, 0.2323342870498806, 0.2323342870498806], 'properties': {}, 'label': 'F', 'xyz': [2.228533706132885, 4.7959638984633255, 4.7959638984633255]}, {'species': [{'element': 'F', 'occu': 1}], 'abc': [0.2323342870498806, 0.7676657129501194, 0.7676657129501194], 'properties': {}, 'label': 'F', 'xyz': [7.363394090793765, 4.7959638984633255, 4.7959638984633255]}, {'species': [{'element': 'F', 'occu': 1}], 'abc': [0.2323342870498806, 0.7676657129501194, 0.2323342870498806], 'properties': {}, 'label': 'F', 'xyz': [4.7959638984633255, 2.228533706132885, 4.7959638984633255]}, {'species': [{'element': 'F', 'occu': 1}], 'abc': [0.7676657129501194, 0.2323342870498806, 0.7676657129501194], 'properties': {}, 'label': 'F', 'xyz': [4.7959638984633255, 7.363394090793765, 4.7959638984633255]}, {'species': [{'element': 'F', 'occu': 1}], 'abc': [0.2323342870498806, 0.2323342870498806, 0.7676657129501194], 'properties': {}, 'label': 'F', 'xyz': [4.7959638984633255, 4.7959638984633255, 2.228533706132885]}, {'species': [{'element': 'F', 'occu': 1}], 'abc': [0.7676657129501194, 0.7676657129501194, 0.2323342870498806], 'properties': {}, 'label': 'F', 'xyz': [4.7959638984633255, 4.7959638984633255, 7.363394090793765]}]}"
2618_CsVFrF,Cs-F-Fr-V,10,"{'@module': 'pymatgen.core.structure', '@class': 'Structure', 'charge': 0.0, 'lattice': {'matrix': [[0.0, 4.7490141775887365, 4.7490141775887365], [4.7490141775887365, 0.0, 4.7490141775887365], [4.7490141775887365, 4.7490141775887365, 0.0]], 'pbc': (True, True, True), 'a': 6.716120257848101, 'b': 6.716120257848101, 'c': 6.716120257848101, 'alpha': 59.99999999999999, 'beta': 59.99999999999999, 'gamma': 59.99999999999999, 'volume': 214.21032198676514}, 'properties': {}, 'sites': [{'species': [{'element': 'V', 'occu': 1}], 'abc': [0.0, 0.0, 0.0], 'properties': {}, 'label': 'V', 'xyz': [0.0, 0.0, 0.0]}, {'species': [{'element': 'Fr', 'occu': 1}], 'abc': [0.5, 0.5, 0.5], 'properties': {}, 'label': 'Fr', 'xyz': [4.7490141775887365, 4.7490141775887365, 4.7490141775887365]}, {'species': [{'element': 'Cs', 'occu': 1}], 'abc': [0.25, 0.25, 0.25], 'properties': {}, 'label': 'Cs', 'xyz': [2.3745070887943682, 2.3745070887943682, 2.3745070887943682]}, {'species': [{'element': 'Cs', 'occu': 1}], 'abc': [0.75, 0.75, 0.75], 'properties': {}, 'label': 'Cs', 'xyz': [7.123521266383104, 7.123521266383104, 7.123521266383104]}, {'species': [{'element': 'F', 'occu': 1}], 'abc': [0.7959404376421588, 0.2040595623578412, 0.2040595623578412], 'properties': {}, 'label': 'F', 'xyz': [1.9381635094198815, 4.7490141775887365, 4.7490141775887365]}, {'species': [{'element': 'F', 'occu': 1}], 'abc': [0.2040595623578412, 0.7959404376421588, 0.7959404376421588], 'properties': {}, 'label': 'F', 'xyz': [7.559864845757592, 4.7490141775887365, 4.7490141775887365]}, {'species': [{'element': 'F', 'occu': 1}], 'abc': [0.2040595623578412, 0.7959404376421588, 0.2040595623578412], 'properties': {}, 'label': 'F', 'xyz': [4.7490141775887365, 1.9381635094198815, 4.7490141775887365]}, {'species': [{'element': 'F', 'occu': 1}], 'abc': [0.7959404376421588, 0.2040595623578412, 0.7959404376421588], 'properties': {}, 'label': 'F', 'xyz': [4.7490141775887365, 7.559864845757592, 4.7490141775887365]}, {'species': [{'element': 'F', 'occu': 1}], 'abc': [0.2040595623578412, 0.2040595623578412, 0.7959404376421588], 'properties': {}, 'label': 'F', 'xyz': [4.7490141775887365, 4.7490141775887365, 1.9381635094198815]}, {'species': [{'element': 'F', 'occu': 1}], 'abc': [0.7959404376421588, 0.7959404376421588, 0.2040595623578412], 'properties': {}, 'label': 'F', 'xyz': [4.7490141775887365, 4.7490141775887365, 7.559864845757592]}]}"
2634_CsRhFrF,Cs-F-Fr-Rh,10,"{'@module': 'pymatgen.core.structure', '@class': 'Structure', 'charge': 0.0, 'lattice': {'matrix': [[0.0, 4.758752096244828, 4.758752096244828], [4.758752096244828, 0.0, 4.758752096244828], [4.758752096244828, 4.758752096244828, 0.0]], 'pbc': (True, True, True), 'a': 6.729891754480833, 'b': 6.729891754480833, 'c': 6.729891754480833, 'alpha': 60.00000000000001, 'beta': 60.00000000000001, 'gamma': 60.00000000000001, 'volume': 215.53074944682794}, 'properties': {}, 'sites': [{'species': [{'element': 'Rh', 'occu': 1}], 'abc': [0.0, 0.0, 0.0], 'properties': {}, 'label': 'Rh', 'xyz': [0.0, 0.0, 0.0]}, {'species': [{'element': 'Fr', 'occu': 1}], 'abc': [0.5, 0.5, 0.5], 'properties': {}, 'label': 'Fr', 'xyz': [4.758752096244828, 4.758752096244828, 4.758752096244828]}, {'species': [{'element': 'Cs', 'occu': 1}], 'abc': [0.25, 0.25, 0.25], 'properties': {}, 'label': 'Cs', 'xyz': [2.379376048122414, 2.379376048122414, 2.379376048122414]}, {'species': [{'element': 'Cs', 'occu': 1}], 'abc': [0.75, 0.75, 0.75], 'properties': {}, 'label': 'Cs', 'xyz': [7.138128144367243, 7.138128144367243, 7.138128144367243]}, {'species': [{'element': 'F', 'occu': 1}], 'abc': [0.7919924018201954, 0.2080075981798046, 0.2080075981798046], 'properties': {}, 'label': 'F', 'xyz': [1.9797131877459941, 4.758752096244828, 4.758752096244828]}, {'species': [{'element': 'F', 'occu': 1}], 'abc': [0.2080075981798046, 0.7919924018201954, 0.7919924018201954], 'properties': {}, 'label': 'F', 'xyz': [7.537791004743663, 4.758752096244828, 4.758752096244828]}, {'species': [{'element': 'F', 'occu': 1}], 'abc': [0.2080075981798046, 0.7919924018201954, 0.2080075981798046], 'properties': {}, 'label': 'F', 'xyz': [4.758752096244828, 1.9797131877459941, 4.758752096244828]}, {'species': [{'element': 'F', 'occu': 1}], 'abc': [0.7919924018201954, 0.2080075981798046, 0.7919924018201954], 'properties': {}, 'label': 'F', 'xyz': [4.758752096244828, 7.537791004743663, 4.758752096244828]}, {'species': [{'element': 'F', 'occu': 1}], 'abc': [0.2080075981798046, 0.2080075981798046, 0.7919924018201954], 'properties': {}, 'label': 'F', 'xyz': [4.758752096244828, 4.758752096244828, 1.9797131877459941]}, {'species': [{'element': 'F', 'occu': 1}], 'abc': [0.7919924018201954, 0.7919924018201954, 0.2080075981798046], 'properties': {}, 'label': 'F', 'xyz': [4.758752096244828, 4.758752096244828, 7.537791004743663]}]}"
2638_CsTiFrF,Cs-F-Fr-Ti,10,"{'@module': 'pymatgen.core.structure', '@class': 'Structure', 'charge': 0.0, 'lattice': {'matrix': [[0.0, 4.778508725597707, 4.778508725597707], [4.778508725597707, 0.0, 4.778508725597707], [4.778508725597707, 4.778508725597707, 0.0]], 'pbc': (True, True, True), 'a': 6.757831847658451, 'b': 6.757831847658451, 'c': 6.757831847658451, 'alpha': 59.99999999999999, 'beta': 59.99999999999999, 'gamma': 59.99999999999999, 'volume': 218.22632837048013}, 'properties': {}, 'sites': [{'species': [{'element': 'Ti', 'occu': 1}], 'abc': [0.0, 0.0, 0.0], 'properties': {}, 'label': 'Ti', 'xyz': [0.0, 0.0, 0.0]}, {'species': [{'element': 'Fr', 'occu': 1}], 'abc': [0.5, 0.5, 0.5], 'properties': {}, 'label': 'Fr', 'xyz': [4.778508725597707, 4.778508725597707, 4.778508725597707]}, {'species': [{'element': 'Cs', 'occu': 1}], 'abc': [0.25, 0.25, 0.25], 'properties': {}, 'label': 'Cs', 'xyz': [2.3892543627988534, 2.3892543627988534, 2.3892543627988534]}, {'species': [{'element': 'Cs', 'occu': 1}], 'abc': [0.75, 0.75, 0.75], 'properties': {}, 'label': 'Cs', 'xyz': [7.16776308839656, 7.16776308839656, 7.16776308839656]}, {'species': [{'element': 'F', 'occu': 1}], 'abc': [0.7941147460091855, 0.2058852539908145, 0.2058852539908145], 'properties': {}, 'label': 'F', 'xyz': [1.9676489653340143, 4.778508725597707, 4.778508725597707]}, {'species': [{'element': 'F', 'occu': 1}], 'abc': [0.2058852539908145, 0.7941147460091855, 0.7941147460091855], 'properties': {}, 'label': 'F', 'xyz': [7.5893684858613994, 4.778508725597707, 4.778508725597707]}, {'species': [{'element': 'F', 'occu': 1}], 'abc': [0.2058852539908145, 0.7941147460091855, 0.2058852539908145], 'properties': {}, 'label': 'F', 'xyz': [4.778508725597707, 1.9676489653340143, 4.778508725597707]}, {'species': [{'element': 'F', 'occu': 1}], 'abc': [0.7941147460091855, 0.2058852539908145, 0.7941147460091855], 'properties': {}, 'label': 'F', 'xyz': [4.778508725597707, 7.5893684858613994, 4.778508725597707]}, {'species': [{'element': 'F', 'occu': 1}], 'abc': [0.2058852539908145, 0.2058852539908145, 0.7941147460091855], 'properties': {}, 'label': 'F', 'xyz': [4.778508725597707, 4.778508725597707, 1.9676489653340143]}, {'species': [{'element': 'F', 'occu': 1}], 'abc': [0.7941147460091855, 0.7941147460091855, 0.2058852539908145], 'properties': {}, 'label': 'F', 'xyz': [4.778508725597707, 4.778508725597707, 7.5893684858613994]}]}"
2640_CsTlCmF,Cm-Cs-F-Tl,10,"{'@module': 'pymatgen.core.structure', '@class': 'Structure', 'charge': 0.0, 'lattice': {'matrix': [[0.0, 4.87744102406937, 4.87744102406937], [4.87744102406937, 0.0, 4.87744102406937], [4.87744102406937, 4.87744102406937, 0.0]], 'pbc': (True, True, True), 'a': 6.89774324591382, 'b': 6.89774324591382, 'c': 6.89774324591382, 'alpha': 60.00000000000001, 'beta': 60.00000000000001, 'gamma': 60.00000000000001, 'volume': 232.0630928439882}, 'properties': {}, 'sites': [{'species': [{'element': 'Tl', 'occu': 1}], 'abc': [0.0, 0.0, 0.0], 'properties': {}, 'label': 'Tl', 'xyz': [0.0, 0.0, 0.0]}, {'species': [{'element': 'Cm', 'occu': 1}], 'abc': [0.5, 0.5, 0.5], 'properties': {}, 'label': 'Cm', 'xyz': [4.87744102406937, 4.87744102406937, 4.87744102406937]}, {'species': [{'element': 'Cs', 'occu': 1}], 'abc': [0.25, 0.25, 0.25], 'properties': {}, 'label': 'Cs', 'xyz': [2.438720512034685, 2.438720512034685, 2.438720512034685]}, {'species': [{'element': 'Cs', 'occu': 1}], 'abc': [0.75, 0.75, 0.75], 'properties': {}, 'label': 'Cs', 'xyz': [7.316161536104055, 7.316161536104055, 7.316161536104055]}, {'species': [{'element': 'F', 'occu': 1}], 'abc': [0.7304460608318664, 0.2695539391681336, 0.2695539391681336], 'properties': {}, 'label': 'F', 'xyz': [2.6294668821963083, 4.87744102406937, 4.87744102406937]}, {'species': [{'element': 'F', 'occu': 1}], 'abc': [0.2695539391681336, 0.7304460608318664, 0.7304460608318664], 'properties': {}, 'label': 'F', 'xyz': [7.125415165942431, 4.87744102406937, 4.87744102406937]}, {'species': [{'element': 'F', 'occu': 1}], 'abc': [0.2695539391681336, 0.7304460608318664, 0.2695539391681336], 'properties': {}, 'label': 'F', 'xyz': [4.87744102406937, 2.6294668821963083, 4.87744102406937]}, {'species': [{'element': 'F', 'occu': 1}], 'abc': [0.7304460608318664, 0.2695539391681336, 0.7304460608318664], 'properties': {}, 'label': 'F', 'xyz': [4.87744102406937, 7.125415165942431, 4.87744102406937]}, {'species': [{'element': 'F', 'occu': 1}], 'abc': [0.2695539391681336, 0.2695539391681336, 0.7304460608318664], 'properties': {}, 'label': 'F', 'xyz': [4.87744102406937, 4.87744102406937, 2.6294668821963083]}, {'species': [{'element': 'F', 'occu': 1}], 'abc': [0.7304460608318664, 0.7304460608318664, 0.2695539391681336], 'properties': {}, 'label': 'F', 'xyz': [4.87744102406937, 4.87744102406937, 7.125415165942431]}]}"
2645_CsTlAmF,Am-Cs-F-Tl,10,"{'@module': 'pymatgen.core.structure', '@class': 'Structure', 'charge': 0.0, 'lattice': {'matrix': [[0.0, 4.87012085104415, 4.87012085104415], [4.87012085104415, 0.0, 4.87012085104415], [4.87012085104415, 4.87012085104415, 0.0]], 'pbc': (True, True, True), 'a': 6.887390957942636, 'b': 6.887390957942636, 'c': 6.887390957942636, 'alpha': 59.99999999999999, 'beta': 59.99999999999999, 'gamma': 59.99999999999999, 'volume': 231.0198036995349}, 'properties': {}, 'sites': [{'species': [{'element': 'Tl', 'occu': 1}], 'abc': [0.0, 0.0, 0.0], 'properties': {}, 'label': 'Tl', 'xyz': [0.0, 0.0, 0.0]}, {'species': [{'element': 'Am', 'occu': 1}], 'abc': [0.5, 0.5, 0.5], 'properties': {}, 'label': 'Am', 'xyz': [4.87012085104415, 4.87012085104415, 4.87012085104415]}, {'species': [{'element': 'Cs', 'occu': 1}], 'abc': [0.25, 0.25, 0.25], 'properties': {}, 'label': 'Cs', 'xyz': [2.435060425522075, 2.435060425522075, 2.435060425522075]}, {'species': [{'element': 'Cs', 'occu': 1}], 'abc': [0.75, 0.75, 0.75], 'properties': {}, 'label': 'Cs', 'xyz': [7.305181276566225, 7.305181276566225, 7.305181276566225]}, {'species': [{'element': 'F', 'occu': 1}], 'abc': [0.7308987703858705, 0.2691012296141295, 0.2691012296141295], 'properties': {}, 'label': 'F', 'xyz': [2.621111018770783, 4.87012085104415, 4.87012085104415]}, {'species': [{'element': 'F', 'occu': 1}], 'abc': [0.2691012296141295, 0.7308987703858705, 0.7308987703858705], 'properties': {}, 'label': 'F', 'xyz': [7.1191306833175165, 4.87012085104415, 4.87012085104415]}, {'species': [{'element': 'F', 'occu': 1}], 'abc': [0.2691012296141295, 0.7308987703858705, 0.2691012296141295], 'properties': {}, 'label': 'F', 'xyz': [4.87012085104415, 2.621111018770783, 4.87012085104415]}, {'species': [{'element': 'F', 'occu': 1}], 'abc': [0.7308987703858705, 0.2691012296141295, 0.7308987703858705], 'properties': {}, 'label': 'F', 'xyz': [4.87012085104415, 7.1191306833175165, 4.87012085104415]}, {'species': [{'element': 'F', 'occu': 1}], 'abc': [0.2691012296141295, 0.2691012296141295, 0.7308987703858705], 'properties': {}, 'label': 'F', 'xyz': [4.87012085104415, 4.87012085104415, 2.621111018770783]}, {'species': [{'element': 'F', 'occu': 1}], 'abc': [0.7308987703858705, 0.7308987703858705, 0.2691012296141295], 'properties': {}, 'label': 'F', 'xyz': [4.87012085104415, 4.87012085104415, 7.1191306833175165]}]}"
2649_CsIrFrF,Cs-F-Fr-Ir,10,"{'@module': 'pymatgen.core.structure', '@class': 'Structure', 'charge': 0.0, 'lattice': {'matrix': [[0.0, 4.785106378867617, 4.785106378867616], [4.785106378867617, 0.0, 4.785106378867616], [4.785106378867617, 4.785106378867617, 0.0]], 'pbc': (True, True, True), 'a': 6.767162338392594, 'b': 6.767162338392594, 'c': 6.767162338392594, 'alpha': 60.00000000000001, 'beta': 60.00000000000001, 'gamma': 60.00000000000002, 'volume': 219.1314876218273}, 'properties': {}, 'sites': [{'species': [{'element': 'Ir', 'occu': 1}], 'abc': [0.0, 0.0, 0.0], 'properties': {}, 'label': 'Ir', 'xyz': [0.0, 0.0, 0.0]}, {'species': [{'element': 'Fr', 'occu': 1}], 'abc': [0.5, 0.5, 0.5], 'properties': {}, 'label': 'Fr', 'xyz': [4.785106378867617, 4.785106378867617, 4.785106378867616]}, {'species': [{'element': 'Cs', 'occu': 1}], 'abc': [0.25, 0.25, 0.25], 'properties': {}, 'label': 'Cs', 'xyz': [2.3925531894338086, 2.3925531894338086, 2.392553189433808]}, {'species': [{'element': 'Cs', 'occu': 1}], 'abc': [0.75, 0.75, 0.75], 'properties': {}, 'label': 'Cs', 'xyz': [7.177659568301426, 7.177659568301426, 7.177659568301424]}, {'species': [{'element': 'F', 'occu': 1}], 'abc': [0.7897153546697737, 0.2102846453302263, 0.2102846453302263], 'properties': {}, 'label': 'F', 'xyz': [2.012468795495161, 4.785106378867617, 4.785106378867616]}, {'species': [{'element': 'F', 'occu': 1}], 'abc': [0.2102846453302263, 0.7897153546697737, 0.7897153546697737], 'properties': {}, 'label': 'F', 'xyz': [7.557743962240074, 4.785106378867617, 4.785106378867616]}, {'species': [{'element': 'F', 'occu': 1}], 'abc': [0.2102846453302263, 0.7897153546697737, 0.2102846453302263], 'properties': {}, 'label': 'F', 'xyz': [4.785106378867617, 2.012468795495161, 4.785106378867616]}, {'species': [{'element': 'F', 'occu': 1}], 'abc': [0.7897153546697737, 0.2102846453302263, 0.7897153546697737], 'properties': {}, 'label': 'F', 'xyz': [4.785106378867617, 7.557743962240074, 4.785106378867616]}, {'species': [{'element': 'F', 'occu': 1}], 'abc': [0.2102846453302263, 0.2102846453302263, 0.7897153546697737], 'properties': {}, 'label': 'F', 'xyz': [4.785106378867617, 4.785106378867617, 2.0124687954951606]}, {'species': [{'element': 'F', 'occu': 1}], 'abc': [0.7897153546697737, 0.7897153546697737, 0.2102846453302263], 'properties': {}, 'label': 'F', 'xyz': [4.785106378867617, 4.785106378867617, 7.557743962240072]}]}"
2651_CsCaRaF,Ca-Cs-F-Ra,10,"{'@module': 'pymatgen.core.structure', '@class': 'Structure', 'charge': 0.0, 'lattice': {'matrix': [[0.0, 4.810946255307252, 4.810946255307253], [4.810946255307252, 0.0, 4.810946255307253], [4.810946255307252, 4.810946255307252, 0.0]], 'pbc': (True, True, True), 'a': 6.803705442103571, 'b': 6.803705442103571, 'c': 6.8037054421035705, 'alpha': 60.00000000000001, 'beta': 60.00000000000001, 'gamma': 59.99999999999999, 'volume': 222.70066378739753}, 'properties': {}, 'sites': [{'species': [{'element': 'Ca', 'occu': 1}], 'abc': [0.0, 0.0, 0.0], 'properties': {}, 'label': 'Ca', 'xyz': [0.0, 0.0, 0.0]}, {'species': [{'element': 'Ra', 'occu': 1}], 'abc': [0.5, 0.5, 0.5], 'properties': {}, 'label': 'Ra', 'xyz': [4.810946255307252, 4.810946255307252, 4.810946255307253]}, {'species': [{'element': 'Cs', 'occu': 1}], 'abc': [0.25, 0.25, 0.25], 'properties': {}, 'label': 'Cs', 'xyz': [2.405473127653626, 2.405473127653626, 2.4054731276536265]}, {'species': [{'element': 'Cs', 'occu': 1}], 'abc': [0.75, 0.75, 0.75], 'properties': {}, 'label': 'Cs', 'xyz': [7.216419382960878, 7.216419382960878, 7.216419382960879]}, {'species': [{'element': 'F', 'occu': 1}], 'abc': [0.7679087956670543, 0.2320912043329457, 0.2320912043329457], 'properties': {}, 'label': 'F', 'xyz': [2.2331566207506706, 4.810946255307252, 4.810946255307253]}, {'species': [{'element': 'F', 'occu': 1}], 'abc': [0.2320912043329457, 0.7679087956670543, 0.7679087956670543], 'properties': {}, 'label': 'F', 'xyz': [7.388735889863833, 4.810946255307252, 4.810946255307253]}, {'species': [{'element': 'F', 'occu': 1}], 'abc': [0.2320912043329457, 0.7679087956670543, 0.2320912043329457], 'properties': {}, 'label': 'F', 'xyz': [4.810946255307252, 2.2331566207506706, 4.810946255307253]}, {'species': [{'element': 'F', 'occu': 1}], 'abc': [0.7679087956670543, 0.2320912043329457, 0.7679087956670543], 'properties': {}, 'label': 'F', 'xyz': [4.810946255307252, 7.388735889863833, 4.810946255307253]}, {'species': [{'element': 'F', 'occu': 1}], 'abc': [0.2320912043329457, 0.2320912043329457, 0.7679087956670543], 'properties': {}, 'label': 'F', 'xyz': [4.810946255307252, 4.810946255307252, 2.233156620750671]}, {'species': [{'element': 'F', 'occu': 1}], 'abc': [0.7679087956670543, 0.7679087956670543, 0.2320912043329457], 'properties': {}, 'label': 'F', 'xyz': [4.810946255307252, 4.810946255307252, 7.388735889863835]}]}"
2652_CsRuFrF,Cs-F-Fr-Ru,10,"{'@module': 'pymatgen.core.structure', '@class': 'Structure', 'charge': 0.0, 'lattice': {'matrix': [[0.0, 4.779862492567141, 4.779862492567141], [4.779862492567142, 0.0, 4.779862492567141], [4.779862492567142, 4.779862492567141, 0.0]], 'pbc': (True, True, True), 'a': 6.759746363266919, 'b': 6.7597463632669195, 'c': 6.7597463632669195, 'alpha': 60.00000000000001, 'beta': 60.00000000000001, 'gamma': 60.00000000000001, 'volume': 218.41185359331115}, 'properties': {}, 'sites': [{'species': [{'element': 'Ru', 'occu': 1}], 'abc': [0.0, 0.0, 0.0], 'properties': {}, 'label': 'Ru', 'xyz': [0.0, 0.0, 0.0]}, {'species': [{'element': 'Fr', 'occu': 1}], 'abc': [0.5, 0.5, 0.5], 'properties': {}, 'label': 'Fr', 'xyz': [4.779862492567142, 4.779862492567141, 4.779862492567141]}, {'species': [{'element': 'Cs', 'occu': 1}], 'abc': [0.25, 0.25, 0.25], 'properties': {}, 'label': 'Cs', 'xyz': [2.389931246283571, 2.3899312462835707, 2.3899312462835707]}, {'species': [{'element': 'Cs', 'occu': 1}], 'abc': [0.75, 0.75, 0.75], 'properties': {}, 'label': 'Cs', 'xyz': [7.169793738850713, 7.1697937388507125, 7.1697937388507125]}, {'species': [{'element': 'F', 'occu': 1}], 'abc': [0.7914820595563867, 0.2085179404436133, 0.2085179404436133], 'properties': {}, 'label': 'F', 'xyz': [1.9933741651075527, 4.779862492567141, 4.779862492567141]}, {'species': [{'element': 'F', 'occu': 1}], 'abc': [0.2085179404436133, 0.7914820595563867, 0.7914820595563867], 'properties': {}, 'label': 'F', 'xyz': [7.566350820026732, 4.779862492567141, 4.779862492567141]}, {'species': [{'element': 'F', 'occu': 1}], 'abc': [0.2085179404436133, 0.7914820595563867, 0.2085179404436133], 'properties': {}, 'label': 'F', 'xyz': [4.779862492567142, 1.9933741651075523, 4.779862492567141]}, {'species': [{'element': 'F', 'occu': 1}], 'abc': [0.7914820595563867, 0.2085179404436133, 0.7914820595563867], 'properties': {}, 'label': 'F', 'xyz': [4.779862492567142, 7.566350820026731, 4.779862492567141]}, {'species': [{'element': 'F', 'occu': 1}], 'abc': [0.2085179404436133, 0.2085179404436133, 0.7914820595563867], 'properties': {}, 'label': 'F', 'xyz': [4.779862492567142, 4.779862492567141, 1.9933741651075523]}, {'species': [{'element': 'F', 'occu': 1}], 'abc': [0.7914820595563867, 0.7914820595563867, 0.2085179404436133], 'properties': {}, 'label': 'F', 'xyz': [4.779862492567142, 4.779862492567141, 7.566350820026731]}]}"
2655_CsMoFrF,Cs-F-Fr-Mo,10,"{'@module': 'pymatgen.core.structure', '@class': 'Structure', 'charge': 0.0, 'lattice': {'matrix': [[0.0, 4.846650240379335, 4.846650240379335], [4.846650240379335, 0.0, 4.846650240379335], [4.846650240379335, 4.846650240379335, 0.0]], 'pbc': (True, True, True), 'a': 6.8541985020232765, 'b': 6.8541985020232765, 'c': 6.8541985020232765, 'alpha': 60.00000000000001, 'beta': 60.00000000000001, 'gamma': 60.00000000000001, 'volume': 227.69580812864774}, 'properties': {}, 'sites': [{'species': [{'element': 'Mo', 'occu': 1}], 'abc': [0.0, 0.0, 0.0], 'properties': {}, 'label': 'Mo', 'xyz': [0.0, 0.0, 0.0]}, {'species': [{'element': 'Fr', 'occu': 1}], 'abc': [0.5, 0.5, 0.5], 'properties': {}, 'label': 'Fr', 'xyz': [4.846650240379335, 4.846650240379335, 4.846650240379335]}, {'species': [{'element': 'Cs', 'occu': 1}], 'abc': [0.25, 0.25, 0.25], 'properties': {}, 'label': 'Cs', 'xyz': [2.4233251201896673, 2.4233251201896673, 2.4233251201896673]}, {'species': [{'element': 'Cs', 'occu': 1}], 'abc': [0.75, 0.75, 0.75], 'properties': {}, 'label': 'Cs', 'xyz': [7.269975360569002, 7.269975360569002, 7.269975360569002]}, {'species': [{'element': 'F', 'occu': 1}], 'abc': [0.7889753889922559, 0.2110246110077441, 0.2110246110077441], 'properties': {}, 'label': 'F', 'xyz': [2.045524963333277, 4.846650240379335, 4.846650240379335]}, {'species': [{'element': 'F', 'occu': 1}], 'abc': [0.2110246110077441, 0.7889753889922559, 0.7889753889922559], 'properties': {}, 'label': 'F', 'xyz': [7.6477755174253925, 4.846650240379335, 4.846650240379335]}, {'species': [{'element': 'F', 'occu': 1}], 'abc': [0.2110246110077441, 0.7889753889922559, 0.2110246110077441], 'properties': {}, 'label': 'F', 'xyz': [4.846650240379335, 2.045524963333277, 4.846650240379335]}, {'species': [{'element': 'F', 'occu': 1}], 'abc': [0.7889753889922559, 0.2110246110077441, 0.7889753889922559], 'properties': {}, 'label': 'F', 'xyz': [4.846650240379335, 7.6477755174253925, 4.846650240379335]}, {'species': [{'element': 'F', 'occu': 1}], 'abc': [0.2110246110077441, 0.2110246110077441, 0.7889753889922559], 'properties': {}, 'label': 'F', 'xyz': [4.846650240379335, 4.846650240379335, 2.045524963333277]}, {'species': [{'element': 'F', 'occu': 1}], 'abc': [0.7889753889922559, 0.7889753889922559, 0.2110246110077441], 'properties': {}, 'label': 'F', 'xyz': [4.846650240379335, 4.846650240379335, 7.6477755174253925]}]}"
2657_CsRbCmF,Cm-Cs-F-Rb,10,"{'@module': 'pymatgen.core.structure', '@class': 'Structure', 'charge': 0.0, 'lattice': {'matrix': [[0.0, 4.88920225696589, 4.88920225696589], [4.88920225696589, 0.0, 4.88920225696589], [4.88920225696589, 4.88920225696589, 0.0]], 'pbc': (True, True, True), 'a': 6.914376140986309, 'b': 6.914376140986309, 'c': 6.914376140986309, 'alpha': 60.00000000000001, 'beta': 60.00000000000001, 'gamma': 60.00000000000001, 'volume': 233.74590240354752}, 'properties': {}, 'sites': [{'species': [{'element': 'Rb', 'occu': 1}], 'abc': [0.0, 0.0, 0.0], 'properties': {}, 'label': 'Rb', 'xyz': [0.0, 0.0, 0.0]}, {'species': [{'element': 'Cm', 'occu': 1}], 'abc': [0.5, 0.5, 0.5], 'properties': {}, 'label': 'Cm', 'xyz': [4.88920225696589, 4.88920225696589, 4.88920225696589]}, {'species': [{'element': 'Cs', 'occu': 1}], 'abc': [0.25, 0.25, 0.25], 'properties': {}, 'label': 'Cs', 'xyz': [2.444601128482945, 2.444601128482945, 2.444601128482945]}, {'species': [{'element': 'Cs', 'occu': 1}], 'abc': [0.75, 0.75, 0.75], 'properties': {}, 'label': 'Cs', 'xyz': [7.333803385448835, 7.333803385448835, 7.333803385448835]}, {'species': [{'element': 'F', 'occu': 1}], 'abc': [0.7300705624420729, 0.2699294375579271, 0.2699294375579271], 'properties': {}, 'label': 'F', 'xyz': [2.639479230659501, 4.88920225696589, 4.88920225696589]}, {'species': [{'element': 'F', 'occu': 1}], 'abc': [0.2699294375579271, 0.7300705624420729, 0.7300705624420729], 'properties': {}, 'label': 'F', 'xyz': [7.13892528327228, 4.88920225696589, 4.88920225696589]}, {'species': [{'element': 'F', 'occu': 1}], 'abc': [0.2699294375579271, 0.7300705624420729, 0.2699294375579271], 'properties': {}, 'label': 'F', 'xyz': [4.88920225696589, 2.639479230659501, 4.88920225696589]}, {'species': [{'element': 'F', 'occu': 1}], 'abc': [0.7300705624420729, 0.2699294375579271, 0.7300705624420729], 'properties': {}, 'label': 'F', 'xyz': [4.88920225696589, 7.13892528327228, 4.88920225696589]}, {'species': [{'element': 'F', 'occu': 1}], 'abc': [0.2699294375579271, 0.2699294375579271, 0.7300705624420729], 'properties': {}, 'label': 'F', 'xyz': [4.88920225696589, 4.88920225696589, 2.639479230659501]}, {'species': [{'element': 'F', 'occu': 1}], 'abc': [0.7300705624420729, 0.7300705624420729, 0.2699294375579271], 'properties': {}, 'label': 'F', 'xyz': [4.88920225696589, 4.88920225696589, 7.13892528327228]}]}"
2662_CsYbRaF,Cs-F-Ra-Yb,10,"{'@module': 'pymatgen.core.structure', '@class': 'Structure', 'charge': 0.0, 'lattice': {'matrix': [[0.0, 4.867128638707155, 4.867128638707155], [4.867128638707155, 0.0, 4.867128638707155], [4.867128638707155, 4.867128638707155, 0.0]], 'pbc': (True, True, True), 'a': 6.883159330674158, 'b': 6.883159330674158, 'c': 6.883159330674158, 'alpha': 60.00000000000001, 'beta': 60.00000000000001, 'gamma': 60.00000000000001, 'volume': 230.5942481313672}, 'properties': {}, 'sites': [{'species': [{'element': 'Yb', 'occu': 1}], 'abc': [0.0, 0.0, 0.0], 'properties': {}, 'label': 'Yb', 'xyz': [0.0, 0.0, 0.0]}, {'species': [{'element': 'Ra', 'occu': 1}], 'abc': [0.5, 0.5, 0.5], 'properties': {}, 'label': 'Ra', 'xyz': [4.867128638707155, 4.867128638707155, 4.867128638707155]}, {'species': [{'element': 'Cs', 'occu': 1}], 'abc': [0.25, 0.25, 0.25], 'properties': {}, 'label': 'Cs', 'xyz': [2.4335643193535774, 2.4335643193535774, 2.4335643193535774]}, {'species': [{'element': 'Cs', 'occu': 1}], 'abc': [0.75, 0.75, 0.75], 'properties': {}, 'label': 'Cs', 'xyz': [7.300692958060733, 7.300692958060733, 7.300692958060733]}, {'species': [{'element': 'F', 'occu': 1}], 'abc': [0.7797667580815073, 0.2202332419184927, 0.2202332419184927], 'properties': {}, 'label': 'F', 'xyz': [2.143807037873634, 4.867128638707155, 4.867128638707155]}, {'species': [{'element': 'F', 'occu': 1}], 'abc': [0.2202332419184927, 0.7797667580815073, 0.7797667580815073], 'properties': {}, 'label': 'F', 'xyz': [7.590450239540676, 4.867128638707155, 4.867128638707155]}, {'species': [{'element': 'F', 'occu': 1}], 'abc': [0.2202332419184927, 0.7797667580815073, 0.2202332419184927], 'properties': {}, 'label': 'F', 'xyz': [4.867128638707155, 2.143807037873634, 4.867128638707155]}, {'species': [{'element': 'F', 'occu': 1}], 'abc': [0.7797667580815073, 0.2202332419184927, 0.7797667580815073], 'properties': {}, 'label': 'F', 'xyz': [4.867128638707155, 7.590450239540676, 4.867128638707155]}, {'species': [{'element': 'F', 'occu': 1}], 'abc': [0.2202332419184927, 0.2202332419184927, 0.7797667580815073], 'properties': {}, 'label': 'F', 'xyz': [4.867128638707155, 4.867128638707155, 2.143807037873634]}, {'species': [{'element': 'F', 'occu': 1}], 'abc': [0.7797667580815073, 0.7797667580815073, 0.2202332419184927], 'properties': {}, 'label': 'F', 'xyz': [4.867128638707155, 4.867128638707155, 7.590450239540676]}]}"
2661_CsRbAmF,Am-Cs-F-Rb,10,"{'@module': 'pymatgen.core.structure', '@class': 'Structure', 'charge': 0.0, 'lattice': {'matrix': [[0.0, 4.887916913186119, 4.887916913186119], [4.887916913186119, 0.0, 4.887916913186119], [4.887916913186119, 4.887916913186119, 0.0]], 'pbc': (True, True, True), 'a': 6.912558390380644, 'b': 6.912558390380644, 'c': 6.912558390380644, 'alpha': 59.99999999999999, 'beta': 59.99999999999999, 'gamma': 59.99999999999999, 'volume': 233.56159941432355}, 'properties': {}, 'sites': [{'species': [{'element': 'Rb', 'occu': 1}], 'abc': [0.0, 0.0, 0.0], 'properties': {}, 'label': 'Rb', 'xyz': [0.0, 0.0, 0.0]}, {'species': [{'element': 'Am', 'occu': 1}], 'abc': [0.5, 0.5, 0.5], 'properties': {}, 'label': 'Am', 'xyz': [4.887916913186119, 4.887916913186119, 4.887916913186119]}, {'species': [{'element': 'Cs', 'occu': 1}], 'abc': [0.25, 0.25, 0.25], 'properties': {}, 'label': 'Cs', 'xyz': [2.4439584565930597, 2.4439584565930597, 2.4439584565930597]}, {'species': [{'element': 'Cs', 'occu': 1}], 'abc': [0.75, 0.75, 0.75], 'properties': {}, 'label': 'Cs', 'xyz': [7.331875369779179, 7.331875369779179, 7.331875369779179]}, {'species': [{'element': 'F', 'occu': 1}], 'abc': [0.7302008172720065, 0.2697991827279935, 0.2697991827279935], 'properties': {}, 'label': 'F', 'xyz': [2.6375119768399036, 4.887916913186119, 4.887916913186119]}, {'species': [{'element': 'F', 'occu': 1}], 'abc': [0.2697991827279935, 0.7302008172720065, 0.7302008172720065], 'properties': {}, 'label': 'F', 'xyz': [7.138321849532335, 4.887916913186119, 4.887916913186119]}, {'species': [{'element': 'F', 'occu': 1}], 'abc': [0.2697991827279935, 0.7302008172720065, 0.2697991827279935], 'properties': {}, 'label': 'F', 'xyz': [4.887916913186119, 2.6375119768399036, 4.887916913186119]}, {'species': [{'element': 'F', 'occu': 1}], 'abc': [0.7302008172720065, 0.2697991827279935, 0.7302008172720065], 'properties': {}, 'label': 'F', 'xyz': [4.887916913186119, 7.138321849532335, 4.887916913186119]}, {'species': [{'element': 'F', 'occu': 1}], 'abc': [0.2697991827279935, 0.2697991827279935, 0.7302008172720065], 'properties': {}, 'label': 'F', 'xyz': [4.887916913186119, 4.887916913186119, 2.6375119768399036]}, {'species': [{'element': 'F', 'occu': 1}], 'abc': [0.7302008172720065, 0.7302008172720065, 0.2697991827279935], 'properties': {}, 'label': 'F', 'xyz': [4.887916913186119, 4.887916913186119, 7.138321849532335]}]}"
2663_CsHgRaF,Cs-F-Hg-Ra,10,"{'@module': 'pymatgen.core.structure', '@class': 'Structure', 'charge': 0.0, 'lattice': {'matrix': [[0.0, 4.856806022162603, 4.856806022162603], [4.856806022162603, 0.0, 4.856806022162603], [4.856806022162603, 4.856806022162603, 0.0]], 'pbc': (True, True, True), 'a': 6.868560946357676, 'b': 6.868560946357676, 'c': 6.868560946357676, 'alpha': 60.00000000000001, 'beta': 60.00000000000001, 'gamma': 60.00000000000001, 'volume': 229.1301665368417}, 'properties': {}, 'sites': [{'species': [{'element': 'Hg', 'occu': 1}], 'abc': [0.0, 0.0, 0.0], 'properties': {}, 'label': 'Hg', 'xyz': [0.0, 0.0, 0.0]}, {'species': [{'element': 'Ra', 'occu': 1}], 'abc': [0.5, 0.5, 0.5], 'properties': {}, 'label': 'Ra', 'xyz': [4.856806022162603, 4.856806022162603, 4.856806022162603]}, {'species': [{'element': 'Cs', 'occu': 1}], 'abc': [0.25, 0.25, 0.25], 'properties': {}, 'label': 'Cs', 'xyz': [2.4284030110813015, 2.4284030110813015, 2.4284030110813015]}, {'species': [{'element': 'Cs', 'occu': 1}], 'abc': [0.75, 0.75, 0.75], 'properties': {}, 'label': 'Cs', 'xyz': [7.285209033243905, 7.285209033243905, 7.285209033243905]}, {'species': [{'element': 'F', 'occu': 1}], 'abc': [0.763371515778509, 0.236628484221491, 0.236628484221491], 'properties': {}, 'label': 'F', 'xyz': [2.298517294364292, 4.856806022162603, 4.856806022162603]}, {'species': [{'element': 'F', 'occu': 1}], 'abc': [0.236628484221491, 0.763371515778509, 0.763371515778509], 'properties': {}, 'label': 'F', 'xyz': [7.4150947499609146, 4.856806022162603, 4.856806022162603]}, {'species': [{'element': 'F', 'occu': 1}], 'abc': [0.236628484221491, 0.763371515778509, 0.236628484221491], 'properties': {}, 'label': 'F', 'xyz': [4.856806022162603, 2.298517294364292, 4.856806022162603]}, {'species': [{'element': 'F', 'occu': 1}], 'abc': [0.763371515778509, 0.236628484221491, 0.763371515778509], 'properties': {}, 'label': 'F', 'xyz': [4.856806022162603, 7.4150947499609146, 4.856806022162603]}, {'species': [{'element': 'F', 'occu': 1}], 'abc': [0.236628484221491, 0.236628484221491, 0.763371515778509], 'properties': {}, 'label': 'F', 'xyz': [4.856806022162603, 4.856806022162603, 2.298517294364292]}, {'species': [{'element': 'F', 'occu': 1}], 'abc': [0.763371515778509, 0.763371515778509, 0.236628484221491], 'properties': {}, 'label': 'F', 'xyz': [4.856806022162603, 4.856806022162603, 7.4150947499609146]}]}"
2664_CsNdAmF,Am-Cs-F-Nd,10,"{'@module': 'pymatgen.core.structure', '@class': 'Structure', 'charge': 0.0, 'lattice': {'matrix': [[0.0, 4.804366524790669, 4.804366524790669], [4.804366524790669, 0.0, 4.804366524790669], [4.804366524790669, 4.804366524790669, 0.0]], 'pbc': (True, True, True), 'a': 6.794400297970259, 'b': 6.794400297970259, 'c': 6.794400297970259, 'alpha': 60.00000000000001, 'beta': 60.00000000000001, 'gamma': 60.00000000000001, 'volume': 221.788177669887}, 'properties': {}, 'sites': [{'species': [{'element': 'Nd', 'occu': 1}], 'abc': [0.0, 0.0, 0.0], 'properties': {}, 'label': 'Nd', 'xyz': [0.0, 0.0, 0.0]}, {'species': [{'element': 'Am', 'occu': 1}], 'abc': [0.5, 0.5, 0.5], 'properties': {}, 'label': 'Am', 'xyz': [4.804366524790669, 4.804366524790669, 4.804366524790669]}, {'species': [{'element': 'Cs', 'occu': 1}], 'abc': [0.25, 0.25, 0.25], 'properties': {}, 'label': 'Cs', 'xyz': [2.4021832623953343, 2.4021832623953343, 2.4021832623953343]}, {'species': [{'element': 'Cs', 'occu': 1}], 'abc': [0.75, 0.75, 0.75], 'properties': {}, 'label': 'Cs', 'xyz': [7.2065497871860025, 7.2065497871860025, 7.2065497871860025]}, {'species': [{'element': 'F', 'occu': 1}], 'abc': [0.759555232234284, 0.240444767765716, 0.240444767765716], 'properties': {}, 'label': 'F', 'xyz': [2.3103695866293448, 4.804366524790669, 4.804366524790669]}, {'species': [{'element': 'F', 'occu': 1}], 'abc': [0.240444767765716, 0.759555232234284, 0.759555232234284], 'properties': {}, 'label': 'F', 'xyz': [7.2983634629519925, 4.804366524790669, 4.804366524790669]}, {'species': [{'element': 'F', 'occu': 1}], 'abc': [0.240444767765716, 0.759555232234284, 0.240444767765716], 'properties': {}, 'label': 'F', 'xyz': [4.804366524790669, 2.3103695866293448, 4.804366524790669]}, {'species': [{'element': 'F', 'occu': 1}], 'abc': [0.759555232234284, 0.240444767765716, 0.759555232234284], 'properties': {}, 'label': 'F', 'xyz': [4.804366524790669, 7.2983634629519925, 4.804366524790669]}, {'species': [{'element': 'F', 'occu': 1}], 'abc': [0.240444767765716, 0.240444767765716, 0.759555232234284], 'properties': {}, 'label': 'F', 'xyz': [4.804366524790669, 4.804366524790669, 2.3103695866293448]}, {'species': [{'element': 'F', 'occu': 1}], 'abc': [0.759555232234284, 0.759555232234284, 0.240444767765716], 'properties': {}, 'label': 'F', 'xyz': [4.804366524790669, 4.804366524790669, 7.2983634629519925]}]}"
2678_CsTmRaF,Cs-F-Ra-Tm,10,"{'@module': 'pymatgen.core.structure', '@class': 'Structure', 'charge': 0.0, 'lattice': {'matrix': [[0.0, 4.875425125893142, 4.875425125893142], [4.875425125893142, 0.0, 4.875425125893142], [4.875425125893142, 4.875425125893142, 0.0]], 'pbc': (True, True, True), 'a': 6.894892335372636, 'b': 6.894892335372636, 'c': 6.894892335372636, 'alpha': 60.00000000000001, 'beta': 60.00000000000001, 'gamma': 60.00000000000001, 'volume': 231.7754693318906}, 'properties': {}, 'sites': [{'species': [{'element': 'Tm', 'occu': 1}], 'abc': [0.0, 0.0, 0.0], 'properties': {}, 'label': 'Tm', 'xyz': [0.0, 0.0, 0.0]}, {'species': [{'element': 'Ra', 'occu': 1}], 'abc': [0.5, 0.5, 0.5], 'properties': {}, 'label': 'Ra', 'xyz': [4.875425125893142, 4.875425125893142, 4.875425125893142]}, {'species': [{'element': 'Cs', 'occu': 1}], 'abc': [0.25, 0.25, 0.25], 'properties': {}, 'label': 'Cs', 'xyz': [2.437712562946571, 2.437712562946571, 2.437712562946571]}, {'species': [{'element': 'Cs', 'occu': 1}], 'abc': [0.75, 0.75, 0.75], 'properties': {}, 'label': 'Cs', 'xyz': [7.3131376888397135, 7.3131376888397135, 7.3131376888397135]}, {'species': [{'element': 'F', 'occu': 1}], 'abc': [0.7789917581073169, 0.2210082418926831, 0.2210082418926831], 'properties': {}, 'label': 'F', 'xyz': [2.1550182711061128, 4.875425125893142, 4.875425125893142]}, {'species': [{'element': 'F', 'occu': 1}], 'abc': [0.2210082418926831, 0.7789917581073169, 0.7789917581073169], 'properties': {}, 'label': 'F', 'xyz': [7.595831980680171, 4.875425125893142, 4.875425125893142]}, {'species': [{'element': 'F', 'occu': 1}], 'abc': [0.2210082418926831, 0.7789917581073169, 0.2210082418926831], 'properties': {}, 'label': 'F', 'xyz': [4.875425125893142, 2.1550182711061128, 4.875425125893142]}, {'species': [{'element': 'F', 'occu': 1}], 'abc': [0.7789917581073169, 0.2210082418926831, 0.7789917581073169], 'properties': {}, 'label': 'F', 'xyz': [4.875425125893142, 7.595831980680171, 4.875425125893142]}, {'species': [{'element': 'F', 'occu': 1}], 'abc': [0.2210082418926831, 0.2210082418926831, 0.7789917581073169], 'properties': {}, 'label': 'F', 'xyz': [4.875425125893142, 4.875425125893142, 2.1550182711061128]}, {'species': [{'element': 'F', 'occu': 1}], 'abc': [0.7789917581073169, 0.7789917581073169, 0.2210082418926831], 'properties': {}, 'label': 'F', 'xyz': [4.875425125893142, 4.875425125893142, 7.595831980680171]}]}"
2683_CsNbFrF,Cs-F-Fr-Nb,10,"{'@module': 'pymatgen.core.structure', '@class': 'Structure', 'charge': 0.0, 'lattice': {'matrix': [[0.0, 4.875553917869553, 4.875553917869553], [4.875553917869553, 0.0, 4.875553917869553], [4.875553917869553, 4.875553917869553, 0.0]], 'pbc': (True, True, True), 'a': 6.8950744747324, 'b': 6.8950744747324, 'c': 6.8950744747324, 'alpha': 59.99999999999999, 'beta': 59.99999999999999, 'gamma': 59.99999999999999, 'volume': 231.79383795118287}, 'properties': {}, 'sites': [{'species': [{'element': 'Nb', 'occu': 1}], 'abc': [0.0, 0.0, 0.0], 'properties': {}, 'label': 'Nb', 'xyz': [0.0, 0.0, 0.0]}, {'species': [{'element': 'Fr', 'occu': 1}], 'abc': [0.5, 0.5, 0.5], 'properties': {}, 'label': 'Fr', 'xyz': [4.875553917869553, 4.875553917869553, 4.875553917869553]}, {'species': [{'element': 'Cs', 'occu': 1}], 'abc': [0.25, 0.25, 0.25], 'properties': {}, 'label': 'Cs', 'xyz': [2.4377769589347764, 2.4377769589347764, 2.4377769589347764]}, {'species': [{'element': 'Cs', 'occu': 1}], 'abc': [0.75, 0.75, 0.75], 'properties': {}, 'label': 'Cs', 'xyz': [7.313330876804329, 7.313330876804329, 7.313330876804329]}, {'species': [{'element': 'F', 'occu': 1}], 'abc': [0.7880870742502637, 0.2119129257497363, 0.2119129257497363], 'properties': {}, 'label': 'F', 'xyz': [2.066385790772653, 4.875553917869553, 4.875553917869553]}, {'species': [{'element': 'F', 'occu': 1}], 'abc': [0.2119129257497363, 0.7880870742502637, 0.7880870742502637], 'properties': {}, 'label': 'F', 'xyz': [7.684722044966453, 4.875553917869553, 4.875553917869553]}, {'species': [{'element': 'F', 'occu': 1}], 'abc': [0.2119129257497363, 0.7880870742502637, 0.2119129257497363], 'properties': {}, 'label': 'F', 'xyz': [4.875553917869553, 2.066385790772653, 4.875553917869553]}, {'species': [{'element': 'F', 'occu': 1}], 'abc': [0.7880870742502637, 0.2119129257497363, 0.7880870742502637], 'properties': {}, 'label': 'F', 'xyz': [4.875553917869553, 7.684722044966453, 4.875553917869553]}, {'species': [{'element': 'F', 'occu': 1}], 'abc': [0.2119129257497363, 0.2119129257497363, 0.7880870742502637], 'properties': {}, 'label': 'F', 'xyz': [4.875553917869553, 4.875553917869553, 2.066385790772653]}, {'species': [{'element': 'F', 'occu': 1}], 'abc': [0.7880870742502637, 0.7880870742502637, 0.2119129257497363], 'properties': {}, 'label': 'F', 'xyz': [4.875553917869553, 4.875553917869553, 7.684722044966453]}]}"
2686_CsTaFrF,Cs-F-Fr-Ta,10,"{'@module': 'pymatgen.core.structure', '@class': 'Structure', 'charge': 0.0, 'lattice': {'matrix': [[0.0, 4.905013368112839, 4.905013368112839], [4.905013368112839, 0.0, 4.905013368112839], [4.905013368112839, 4.905013368112839, 0.0]], 'pbc': (True, True, True), 'a': 6.936736428806512, 'b': 6.936736428806512, 'c': 6.936736428806512, 'alpha': 60.00000000000001, 'beta': 60.00000000000001, 'gamma': 60.00000000000001, 'volume': 236.02096499782533}, 'properties': {}, 'sites': [{'species': [{'element': 'Ta', 'occu': 1}], 'abc': [0.0, 0.0, 0.0], 'properties': {}, 'label': 'Ta', 'xyz': [0.0, 0.0, 0.0]}, {'species': [{'element': 'Fr', 'occu': 1}], 'abc': [0.5, 0.5, 0.5], 'properties': {}, 'label': 'Fr', 'xyz': [4.905013368112839, 4.905013368112839, 4.905013368112839]}, {'species': [{'element': 'Cs', 'occu': 1}], 'abc': [0.25, 0.25, 0.25], 'properties': {}, 'label': 'Cs', 'xyz': [2.4525066840564196, 2.4525066840564196, 2.4525066840564196]}, {'species': [{'element': 'Cs', 'occu': 1}], 'abc': [0.75, 0.75, 0.75], 'properties': {}, 'label': 'Cs', 'xyz': [7.357520052169258, 7.357520052169258, 7.357520052169258]}, {'species': [{'element': 'F', 'occu': 1}], 'abc': [0.791399123866114, 0.208600876133886, 0.208600876133886], 'properties': {}, 'label': 'F', 'xyz': [2.0463801720735226, 4.905013368112839, 4.905013368112839]}, {'species': [{'element': 'F', 'occu': 1}], 'abc': [0.208600876133886, 0.791399123866114, 0.791399123866114], 'properties': {}, 'label': 'F', 'xyz': [7.763646564152156, 4.905013368112839, 4.905013368112839]}, {'species': [{'element': 'F', 'occu': 1}], 'abc': [0.208600876133886, 0.791399123866114, 0.208600876133886], 'properties': {}, 'label': 'F', 'xyz': [4.905013368112839, 2.0463801720735226, 4.905013368112839]}, {'species': [{'element': 'F', 'occu': 1}], 'abc': [0.791399123866114, 0.208600876133886, 0.791399123866114], 'properties': {}, 'label': 'F', 'xyz': [4.905013368112839, 7.763646564152156, 4.905013368112839]}, {'species': [{'element': 'F', 'occu': 1}], 'abc': [0.208600876133886, 0.208600876133886, 0.791399123866114], 'properties': {}, 'label': 'F', 'xyz': [4.905013368112839, 4.905013368112839, 2.0463801720735226]}, {'species': [{'element': 'F', 'occu': 1}], 'abc': [0.791399123866114, 0.791399123866114, 0.208600876133886], 'properties': {}, 'label': 'F', 'xyz': [4.905013368112839, 4.905013368112839, 7.763646564152156]}]}"
2700_CsScFrF,Cs-F-Fr-Sc,10,"{'@module': 'pymatgen.core.structure', '@class': 'Structure', 'charge': 0.0, 'lattice': {'matrix': [[0.0, 4.836346707062592, 4.836346707062592], [4.836346707062592, 0.0, 4.836346707062592], [4.836346707062592, 4.836346707062592, 0.0]], 'pbc': (True, True, True), 'a': 6.839627105466376, 'b': 6.839627105466376, 'c': 6.839627105466376, 'alpha': 60.00000000000001, 'beta': 60.00000000000001, 'gamma': 60.00000000000001, 'volume': 226.24671201206635}, 'properties': {}, 'sites': [{'species': [{'element': 'Sc', 'occu': 1}], 'abc': [0.0, 0.0, 0.0], 'properties': {}, 'label': 'Sc', 'xyz': [0.0, 0.0, 0.0]}, {'species': [{'element': 'Fr', 'occu': 1}], 'abc': [0.5, 0.5, 0.5], 'properties': {}, 'label': 'Fr', 'xyz': [4.836346707062592, 4.836346707062592, 4.836346707062592]}, {'species': [{'element': 'Cs', 'occu': 1}], 'abc': [0.25, 0.25, 0.25], 'properties': {}, 'label': 'Cs', 'xyz': [2.418173353531296, 2.418173353531296, 2.418173353531296]}, {'species': [{'element': 'Cs', 'occu': 1}], 'abc': [0.75, 0.75, 0.75], 'properties': {}, 'label': 'Cs', 'xyz': [7.254520060593888, 7.254520060593888, 7.254520060593888]}, {'species': [{'element': 'F', 'occu': 1}], 'abc': [0.7915053900444704, 0.2084946099555296, 0.2084946099555296], 'properties': {}, 'label': 'F', 'xyz': [2.0167044405974504, 4.836346707062592, 4.836346707062592]}, {'species': [{'element': 'F', 'occu': 1}], 'abc': [0.2084946099555296, 0.7915053900444704, 0.7915053900444704], 'properties': {}, 'label': 'F', 'xyz': [7.655988973527735, 4.836346707062592, 4.836346707062592]}, {'species': [{'element': 'F', 'occu': 1}], 'abc': [0.2084946099555296, 0.7915053900444704, 0.2084946099555296], 'properties': {}, 'label': 'F', 'xyz': [4.836346707062592, 2.0167044405974504, 4.836346707062592]}, {'species': [{'element': 'F', 'occu': 1}], 'abc': [0.7915053900444704, 0.2084946099555296, 0.7915053900444704], 'properties': {}, 'label': 'F', 'xyz': [4.836346707062592, 7.655988973527735, 4.836346707062592]}, {'species': [{'element': 'F', 'occu': 1}], 'abc': [0.2084946099555296, 0.2084946099555296, 0.7915053900444704], 'properties': {}, 'label': 'F', 'xyz': [4.836346707062592, 4.836346707062592, 2.0167044405974504]}, {'species': [{'element': 'F', 'occu': 1}], 'abc': [0.7915053900444704, 0.7915053900444704, 0.2084946099555296], 'properties': {}, 'label': 'F', 'xyz': [4.836346707062592, 4.836346707062592, 7.655988973527735]}]}"
2702_CsAgFrF,Ag-Cs-F-Fr,10,"{'@module': 'pymatgen.core.structure', '@class': 'Structure', 'charge': 0.0, 'lattice': {'matrix': [[0.0, 4.831291716576692, 4.831291716576692], [4.831291716576692, 0.0, 4.831291716576692], [4.831291716576692, 4.831291716576692, 0.0]], 'pbc': (True, True, True), 'a': 6.832478269363549, 'b': 6.832478269363549, 'c': 6.832478269363549, 'alpha': 59.99999999999999, 'beta': 59.99999999999999, 'gamma': 59.99999999999999, 'volume': 225.53802831943563}, 'properties': {}, 'sites': [{'species': [{'element': 'Ag', 'occu': 1}], 'abc': [0.0, 0.0, 0.0], 'properties': {}, 'label': 'Ag', 'xyz': [0.0, 0.0, 0.0]}, {'species': [{'element': 'Fr', 'occu': 1}], 'abc': [0.5, 0.5, 0.5], 'properties': {}, 'label': 'Fr', 'xyz': [4.831291716576692, 4.831291716576692, 4.831291716576692]}, {'species': [{'element': 'Cs', 'occu': 1}], 'abc': [0.25, 0.25, 0.25], 'properties': {}, 'label': 'Cs', 'xyz': [2.415645858288346, 2.415645858288346, 2.415645858288346]}, {'species': [{'element': 'Cs', 'occu': 1}], 'abc': [0.75, 0.75, 0.75], 'properties': {}, 'label': 'Cs', 'xyz': [7.246937574865038, 7.246937574865038, 7.246937574865038]}, {'species': [{'element': 'F', 'occu': 1}], 'abc': [0.7848268407882628, 0.2151731592117372, 0.2151731592117372], 'properties': {}, 'label': 'F', 'xyz': [2.079128603458608, 4.831291716576692, 4.831291716576692]}, {'species': [{'element': 'F', 'occu': 1}], 'abc': [0.2151731592117372, 0.7848268407882628, 0.7848268407882628], 'properties': {}, 'label': 'F', 'xyz': [7.5834548296947775, 4.831291716576692, 4.831291716576692]}, {'species': [{'element': 'F', 'occu': 1}], 'abc': [0.2151731592117372, 0.7848268407882628, 0.2151731592117372], 'properties': {}, 'label': 'F', 'xyz': [4.831291716576692, 2.079128603458608, 4.831291716576692]}, {'species': [{'element': 'F', 'occu': 1}], 'abc': [0.7848268407882628, 0.2151731592117372, 0.7848268407882628], 'properties': {}, 'label': 'F', 'xyz': [4.831291716576692, 7.5834548296947775, 4.831291716576692]}, {'species': [{'element': 'F', 'occu': 1}], 'abc': [0.2151731592117372, 0.2151731592117372, 0.7848268407882628], 'properties': {}, 'label': 'F', 'xyz': [4.831291716576692, 4.831291716576692, 2.079128603458608]}, {'species': [{'element': 'F', 'occu': 1}], 'abc': [0.7848268407882628, 0.7848268407882628, 0.2151731592117372], 'properties': {}, 'label': 'F', 'xyz': [4.831291716576692, 4.831291716576692, 7.5834548296947775]}]}"
2704_CsDyRaF,Cs-Dy-F-Ra,10,"{'@module': 'pymatgen.core.structure', '@class': 'Structure', 'charge': 0.0, 'lattice': {'matrix': [[0.0, 4.907829643410458, 4.907829643410458], [4.907829643410458, 0.0, 4.907829643410458], [4.907829643410458, 4.907829643410458, 0.0]], 'pbc': (True, True, True), 'a': 6.940719243527781, 'b': 6.940719243527781, 'c': 6.940719243527781, 'alpha': 60.00000000000001, 'beta': 60.00000000000001, 'gamma': 60.00000000000001, 'volume': 236.42774170716524}, 'properties': {}, 'sites': [{'species': [{'element': 'Dy', 'occu': 1}], 'abc': [0.0, 0.0, 0.0], 'properties': {}, 'label': 'Dy', 'xyz': [0.0, 0.0, 0.0]}, {'species': [{'element': 'Ra', 'occu': 1}], 'abc': [0.5, 0.5, 0.5], 'properties': {}, 'label': 'Ra', 'xyz': [4.907829643410458, 4.907829643410458, 4.907829643410458]}, {'species': [{'element': 'Cs', 'occu': 1}], 'abc': [0.25, 0.25, 0.25], 'properties': {}, 'label': 'Cs', 'xyz': [2.453914821705229, 2.453914821705229, 2.453914821705229]}, {'species': [{'element': 'Cs', 'occu': 1}], 'abc': [0.75, 0.75, 0.75], 'properties': {}, 'label': 'Cs', 'xyz': [7.361744465115686, 7.361744465115686, 7.361744465115686]}, {'species': [{'element': 'F', 'occu': 1}], 'abc': [0.7764023593669194, 0.2235976406330806, 0.2235976406330806], 'properties': {}, 'label': 'F', 'xyz': [2.194758257791343, 4.907829643410457, 4.907829643410457]}, {'species': [{'element': 'F', 'occu': 1}], 'abc': [0.2235976406330806, 0.7764023593669194, 0.7764023593669194], 'properties': {}, 'label': 'F', 'xyz': [7.620901029029572, 4.907829643410457, 4.907829643410457]}, {'species': [{'element': 'F', 'occu': 1}], 'abc': [0.2235976406330806, 0.7764023593669194, 0.2235976406330806], 'properties': {}, 'label': 'F', 'xyz': [4.907829643410457, 2.194758257791343, 4.907829643410457]}, {'species': [{'element': 'F', 'occu': 1}], 'abc': [0.7764023593669194, 0.2235976406330806, 0.7764023593669194], 'properties': {}, 'label': 'F', 'xyz': [4.907829643410457, 7.620901029029572, 4.907829643410457]}, {'species': [{'element': 'F', 'occu': 1}], 'abc': [0.2235976406330806, 0.2235976406330806, 0.7764023593669194], 'properties': {}, 'label': 'F', 'xyz': [4.907829643410457, 4.907829643410457, 2.194758257791343]}, {'species': [{'element': 'F', 'occu': 1}], 'abc': [0.7764023593669194, 0.7764023593669194, 0.2235976406330806], 'properties': {}, 'label': 'F', 'xyz': [4.907829643410457, 4.907829643410457, 7.620901029029572]}]}"
2714_CsPdFrF,Cs-F-Fr-Pd,10,"{'@module': 'pymatgen.core.structure', '@class': 'Structure', 'charge': 0.0, 'lattice': {'matrix': [[0.0, 4.784097710392207, 4.784097710392206], [4.784097710392206, 0.0, 4.784097710392206], [4.784097710392206, 4.784097710392207, 0.0]], 'pbc': (True, True, True), 'a': 6.76573586575473, 'b': 6.7657358657547295, 'c': 6.76573586575473, 'alpha': 60.00000000000001, 'beta': 59.99999999999999, 'gamma': 60.00000000000001, 'volume': 218.99294246685253}, 'properties': {}, 'sites': [{'species': [{'element': 'Pd', 'occu': 1}], 'abc': [0.0, 0.0, 0.0], 'properties': {}, 'label': 'Pd', 'xyz': [0.0, 0.0, 0.0]}, {'species': [{'element': 'Fr', 'occu': 1}], 'abc': [0.5, 0.5, 0.5], 'properties': {}, 'label': 'Fr', 'xyz': [4.784097710392206, 4.784097710392207, 4.784097710392206]}, {'species': [{'element': 'Cs', 'occu': 1}], 'abc': [0.25, 0.25, 0.25], 'properties': {}, 'label': 'Cs', 'xyz': [2.392048855196103, 2.3920488551961037, 2.392048855196103]}, {'species': [{'element': 'Cs', 'occu': 1}], 'abc': [0.75, 0.75, 0.75], 'properties': {}, 'label': 'Cs', 'xyz': [7.17614656558831, 7.176146565588311, 7.17614656558831]}, {'species': [{'element': 'F', 'occu': 1}], 'abc': [0.7879934516565612, 0.2120065483434388, 0.2120065483434388], 'properties': {}, 'label': 'F', 'xyz': [2.0285200850360003, 4.784097710392207, 4.784097710392206]}, {'species': [{'element': 'F', 'occu': 1}], 'abc': [0.2120065483434388, 0.7879934516565612, 0.7879934516565612], 'properties': {}, 'label': 'F', 'xyz': [7.539675335748413, 4.784097710392207, 4.784097710392206]}, {'species': [{'element': 'F', 'occu': 1}], 'abc': [0.2120065483434388, 0.7879934516565612, 0.2120065483434388], 'properties': {}, 'label': 'F', 'xyz': [4.784097710392206, 2.028520085036001, 4.784097710392206]}, {'species': [{'element': 'F', 'occu': 1}], 'abc': [0.7879934516565612, 0.2120065483434388, 0.7879934516565612], 'properties': {}, 'label': 'F', 'xyz': [4.784097710392206, 7.539675335748414, 4.784097710392206]}, {'species': [{'element': 'F', 'occu': 1}], 'abc': [0.2120065483434388, 0.2120065483434388, 0.7879934516565612], 'properties': {}, 'label': 'F', 'xyz': [4.784097710392206, 4.784097710392207, 2.0285200850360003]}, {'species': [{'element': 'F', 'occu': 1}], 'abc': [0.7879934516565612, 0.7879934516565612, 0.2120065483434388], 'properties': {}, 'label': 'F', 'xyz': [4.784097710392206, 4.784097710392207, 7.539675335748413]}]}"
2715_CsSbFrF,Cs-F-Fr-Sb,10,"{'@module': 'pymatgen.core.structure', '@class': 'Structure', 'charge': 0.0, 'lattice': {'matrix': [[0.0, 5.003113451044218, 5.003113451044218], [5.003113451044219, 0.0, 5.003113451044218], [5.003113451044219, 5.003113451044218, 0.0]], 'pbc': (True, True, True), 'a': 7.075470896557992, 'b': 7.075470896557993, 'c': 7.075470896557993, 'alpha': 59.99999999999999, 'beta': 60.00000000000001, 'gamma': 60.00000000000001, 'volume': 250.4673085243158}, 'properties': {}, 'sites': [{'species': [{'element': 'Sb', 'occu': 1}], 'abc': [0.0, 0.0, 0.0], 'properties': {}, 'label': 'Sb', 'xyz': [0.0, 0.0, 0.0]}, {'species': [{'element': 'Fr', 'occu': 1}], 'abc': [0.5, 0.5, 0.5], 'properties': {}, 'label': 'Fr', 'xyz': [5.003113451044219, 5.003113451044218, 5.003113451044218]}, {'species': [{'element': 'Cs', 'occu': 1}], 'abc': [0.25, 0.25, 0.25], 'properties': {}, 'label': 'Cs', 'xyz': [2.5015567255221094, 2.501556725522109, 2.501556725522109]}, {'species': [{'element': 'Cs', 'occu': 1}], 'abc': [0.75, 0.75, 0.75], 'properties': {}, 'label': 'Cs', 'xyz': [7.504670176566329, 7.504670176566327, 7.504670176566327]}, {'species': [{'element': 'F', 'occu': 1}], 'abc': [0.7818503469000149, 0.2181496530999851, 0.2181496530999851], 'properties': {}, 'label': 'F', 'xyz': [2.182854927530331, 5.003113451044218, 5.003113451044218]}, {'species': [{'element': 'F', 'occu': 1}], 'abc': [0.2181496530999851, 0.7818503469000149, 0.7818503469000149], 'properties': {}, 'label': 'F', 'xyz': [7.823371974558106, 5.003113451044218, 5.003113451044218]}, {'species': [{'element': 'F', 'occu': 1}], 'abc': [0.2181496530999851, 0.7818503469000149, 0.2181496530999851], 'properties': {}, 'label': 'F', 'xyz': [5.003113451044219, 2.182854927530331, 5.003113451044218]}, {'species': [{'element': 'F', 'occu': 1}], 'abc': [0.7818503469000149, 0.2181496530999851, 0.7818503469000149], 'properties': {}, 'label': 'F', 'xyz': [5.003113451044219, 7.823371974558104, 5.003113451044218]}, {'species': [{'element': 'F', 'occu': 1}], 'abc': [0.2181496530999851, 0.2181496530999851, 0.7818503469000149], 'properties': {}, 'label': 'F', 'xyz': [5.003113451044219, 5.003113451044218, 2.182854927530331]}, {'species': [{'element': 'F', 'occu': 1}], 'abc': [0.7818503469000149, 0.7818503469000149, 0.2181496530999851], 'properties': {}, 'label': 'F', 'xyz': [5.003113451044219, 5.003113451044218, 7.823371974558104]}]}"
2723_CsRaNpF,Cs-F-Np-Ra,10,"{'@module': 'pymatgen.core.structure', '@class': 'Structure', 'charge': 0.0, 'lattice': {'matrix': [[0.0, 4.981309377374603, 4.981309377374603], [4.981309377374603, 0.0, 4.981309377374603], [4.981309377374603, 4.981309377374603, 0.0]], 'pbc': (True, True, True), 'a': 7.044635279859441, 'b': 7.044635279859441, 'c': 7.044635279859441, 'alpha': 59.99999999999999, 'beta': 59.99999999999999, 'gamma': 59.99999999999999, 'volume': 247.20687372867337}, 'properties': {}, 'sites': [{'species': [{'element': 'Ra', 'occu': 1}], 'abc': [0.0, 0.0, 0.0], 'properties': {}, 'label': 'Ra', 'xyz': [0.0, 0.0, 0.0]}, {'species': [{'element': 'Np', 'occu': 1}], 'abc': [0.5, 0.5, 0.5], 'properties': {}, 'label': 'Np', 'xyz': [4.981309377374603, 4.981309377374603, 4.981309377374603]}, {'species': [{'element': 'Cs', 'occu': 1}], 'abc': [0.25, 0.25, 0.25], 'properties': {}, 'label': 'Cs', 'xyz': [2.4906546886873016, 2.4906546886873016, 2.4906546886873016]}, {'species': [{'element': 'Cs', 'occu': 1}], 'abc': [0.75, 0.75, 0.75], 'properties': {}, 'label': 'Cs', 'xyz': [7.471964066061904, 7.471964066061904, 7.471964066061904]}, {'species': [{'element': 'F', 'occu': 1}], 'abc': [0.7324979745436622, 0.2675020254563378, 0.2675020254563378], 'properties': {}, 'label': 'F', 'xyz': [2.6650206957447105, 4.981309377374603, 4.981309377374603]}, {'species': [{'element': 'F', 'occu': 1}], 'abc': [0.2675020254563378, 0.7324979745436622, 0.7324979745436622], 'properties': {}, 'label': 'F', 'xyz': [7.297598059004495, 4.981309377374603, 4.981309377374603]}, {'species': [{'element': 'F', 'occu': 1}], 'abc': [0.2675020254563378, 0.7324979745436622, 0.2675020254563378], 'properties': {}, 'label': 'F', 'xyz': [4.981309377374603, 2.6650206957447105, 4.981309377374603]}, {'species': [{'element': 'F', 'occu': 1}], 'abc': [0.7324979745436622, 0.2675020254563378, 0.7324979745436622], 'properties': {}, 'label': 'F', 'xyz': [4.981309377374603, 7.297598059004495, 4.981309377374603]}, {'species': [{'element': 'F', 'occu': 1}], 'abc': [0.2675020254563378, 0.2675020254563378, 0.7324979745436622], 'properties': {}, 'label': 'F', 'xyz': [4.981309377374603, 4.981309377374603, 2.6650206957447105]}, {'species': [{'element': 'F', 'occu': 1}], 'abc': [0.7324979745436622, 0.7324979745436622, 0.2675020254563378], 'properties': {}, 'label': 'F', 'xyz': [4.981309377374603, 4.981309377374603, 7.297598059004495]}]}"
2777_CsTiAmBr,Am-Br-Cs-Ti,10,"{'@module': 'pymatgen.core.structure', '@class': 'Structure', 'charge': 0.0, 'lattice': {'matrix': [[0.0, 5.508490907143133, 5.508490907143133], [5.508490907143133, 0.0, 5.508490907143133], [5.508490907143133, 5.508490907143133, 0.0]], 'pbc': (True, True, True), 'a': 7.790182549090692, 'b': 7.790182549090692, 'c': 7.790182549090692, 'alpha': 59.99999999999999, 'beta': 59.99999999999999, 'gamma': 59.99999999999999, 'volume': 334.2934800224269}, 'properties': {}, 'sites': [{'species': [{'element': 'Ti', 'occu': 1}], 'abc': [0.0, 0.0, 0.0], 'properties': {}, 'label': 'Ti', 'xyz': [0.0, 0.0, 0.0]}, {'species': [{'element': 'Am', 'occu': 1}], 'abc': [0.5, 0.5, 0.5], 'properties': {}, 'label': 'Am', 'xyz': [5.508490907143133, 5.508490907143133, 5.508490907143133]}, {'species': [{'element': 'Cs', 'occu': 1}], 'abc': [0.25, 0.25, 0.25], 'properties': {}, 'label': 'Cs', 'xyz': [2.7542454535715666, 2.7542454535715666, 2.7542454535715666]}, {'species': [{'element': 'Cs', 'occu': 1}], 'abc': [0.75, 0.75, 0.75], 'properties': {}, 'label': 'Cs', 'xyz': [8.2627363607147, 8.2627363607147, 8.2627363607147]}, {'species': [{'element': 'Br', 'occu': 1}], 'abc': [0.7613036542591303, 0.2386963457408697, 0.2386963457408697], 'properties': {}, 'label': 'Br', 'xyz': [2.6297133001637487, 5.508490907143133, 5.508490907143133]}, {'species': [{'element': 'Br', 'occu': 1}], 'abc': [0.2386963457408697, 0.7613036542591303, 0.7613036542591303], 'properties': {}, 'label': 'Br', 'xyz': [8.387268514122518, 5.508490907143133, 5.508490907143133]}, {'species': [{'element': 'Br', 'occu': 1}], 'abc': [0.2386963457408697, 0.7613036542591303, 0.2386963457408697], 'properties': {}, 'label': 'Br', 'xyz': [5.508490907143133, 2.6297133001637487, 5.508490907143133]}, {'species': [{'element': 'Br', 'occu': 1}], 'abc': [0.7613036542591303, 0.2386963457408697, 0.7613036542591303], 'properties': {}, 'label': 'Br', 'xyz': [5.508490907143133, 8.387268514122518, 5.508490907143133]}, {'species': [{'element': 'Br', 'occu': 1}], 'abc': [0.2386963457408697, 0.2386963457408697, 0.7613036542591303], 'properties': {}, 'label': 'Br', 'xyz': [5.508490907143133, 5.508490907143133, 2.6297133001637487]}, {'species': [{'element': 'Br', 'occu': 1}], 'abc': [0.7613036542591303, 0.7613036542591303, 0.2386963457408697], 'properties': {}, 'label': 'Br', 'xyz': [5.508490907143133, 5.508490907143133, 8.387268514122518]}]}"
2778_CsBFrBr,B-Br-Cs-Fr,10,"{'@module': 'pymatgen.core.structure', '@class': 'Structure', 'charge': 0.0, 'lattice': {'matrix': [[0.0, 5.647579343376569, 5.647579343376569], [5.647579343376569, 0.0, 5.647579343376569], [5.647579343376569, 5.647579343376569, 0.0]], 'pbc': (True, True, True), 'a': 7.986883301981283, 'b': 7.986883301981283, 'c': 7.986883301981283, 'alpha': 60.00000000000001, 'beta': 60.00000000000001, 'gamma': 60.00000000000001, 'volume': 360.2608081449739}, 'properties': {}, 'sites': [{'species': [{'element': 'B', 'occu': 1}], 'abc': [0.0, 0.0, 0.0], 'properties': {}, 'label': 'B', 'xyz': [0.0, 0.0, 0.0]}, {'species': [{'element': 'Fr', 'occu': 1}], 'abc': [0.5, 0.5, 0.5], 'properties': {}, 'label': 'Fr', 'xyz': [5.647579343376569, 5.647579343376569, 5.647579343376569]}, {'species': [{'element': 'Cs', 'occu': 1}], 'abc': [0.25, 0.25, 0.25], 'properties': {}, 'label': 'Cs', 'xyz': [2.8237896716882847, 2.8237896716882847, 2.8237896716882847]}, {'species': [{'element': 'Cs', 'occu': 1}], 'abc': [0.75, 0.75, 0.75], 'properties': {}, 'label': 'Cs', 'xyz': [8.471369015064854, 8.471369015064854, 8.471369015064854]}, {'species': [{'element': 'Br', 'occu': 1}], 'abc': [0.7954835524491486, 0.2045164475508514, 0.2045164475508514], 'properties': {}, 'label': 'Br', 'xyz': [2.310045729137892, 5.647579343376569, 5.647579343376569]}, {'species': [{'element': 'Br', 'occu': 1}], 'abc': [0.2045164475508514, 0.7954835524491486, 0.7954835524491486], 'properties': {}, 'label': 'Br', 'xyz': [8.985112957615247, 5.647579343376569, 5.647579343376569]}, {'species': [{'element': 'Br', 'occu': 1}], 'abc': [0.2045164475508514, 0.7954835524491486, 0.2045164475508514], 'properties': {}, 'label': 'Br', 'xyz': [5.647579343376569, 2.310045729137892, 5.647579343376569]}, {'species': [{'element': 'Br', 'occu': 1}], 'abc': [0.7954835524491486, 0.2045164475508514, 0.7954835524491486], 'properties': {}, 'label': 'Br', 'xyz': [5.647579343376569, 8.985112957615247, 5.647579343376569]}, {'species': [{'element': 'Br', 'occu': 1}], 'abc': [0.2045164475508514, 0.2045164475508514, 0.7954835524491486], 'properties': {}, 'label': 'Br', 'xyz': [5.647579343376569, 5.647579343376569, 2.310045729137892]}, {'species': [{'element': 'Br', 'occu': 1}], 'abc': [0.7954835524491486, 0.7954835524491486, 0.2045164475508514], 'properties': {}, 'label': 'Br', 'xyz': [5.647579343376569, 5.647579343376569, 8.985112957615247]}]}"
2784_CsPtAmBr,Am-Br-Cs-Pt,10,"{'@module': 'pymatgen.core.structure', '@class': 'Structure', 'charge': 0.0, 'lattice': {'matrix': [[0.0, 5.4853182132754545, 5.4853182132754545], [5.4853182132754545, 0.0, 5.4853182132754545], [5.4853182132754545, 5.4853182132754545, 0.0]], 'pbc': (True, True, True), 'a': 7.757411411146301, 'b': 7.757411411146301, 'c': 7.757411411146301, 'alpha': 60.00000000000001, 'beta': 60.00000000000001, 'gamma': 60.00000000000001, 'volume': 330.092362690461}, 'properties': {}, 'sites': [{'species': [{'element': 'Pt', 'occu': 1}], 'abc': [0.0, 0.0, 0.0], 'properties': {}, 'label': 'Pt', 'xyz': [0.0, 0.0, 0.0]}, {'species': [{'element': 'Am', 'occu': 1}], 'abc': [0.5, 0.5, 0.5], 'properties': {}, 'label': 'Am', 'xyz': [5.4853182132754545, 5.4853182132754545, 5.4853182132754545]}, {'species': [{'element': 'Cs', 'occu': 1}], 'abc': [0.25, 0.25, 0.25], 'properties': {}, 'label': 'Cs', 'xyz': [2.7426591066377273, 2.7426591066377273, 2.7426591066377273]}, {'species': [{'element': 'Cs', 'occu': 1}], 'abc': [0.75, 0.75, 0.75], 'properties': {}, 'label': 'Cs', 'xyz': [8.227977319913181, 8.227977319913181, 8.227977319913181]}, {'species': [{'element': 'Br', 'occu': 1}], 'abc': [0.75762902352389, 0.2423709764761099, 0.2423709764761099], 'properties': {}, 'label': 'Br', 'xyz': [2.6589638632675245, 5.4853182132754545, 5.4853182132754545]}, {'species': [{'element': 'Br', 'occu': 1}], 'abc': [0.2423709764761099, 0.75762902352389, 0.75762902352389], 'properties': {}, 'label': 'Br', 'xyz': [8.311672563283384, 5.4853182132754545, 5.4853182132754545]}, {'species': [{'element': 'Br', 'occu': 1}], 'abc': [0.2423709764761099, 0.75762902352389, 0.2423709764761099], 'properties': {}, 'label': 'Br', 'xyz': [5.4853182132754545, 2.6589638632675245, 5.4853182132754545]}, {'species': [{'element': 'Br', 'occu': 1}], 'abc': [0.75762902352389, 0.2423709764761099, 0.75762902352389], 'properties': {}, 'label': 'Br', 'xyz': [5.4853182132754545, 8.311672563283384, 5.4853182132754545]}, {'species': [{'element': 'Br', 'occu': 1}], 'abc': [0.2423709764761099, 0.2423709764761099, 0.75762902352389], 'properties': {}, 'label': 'Br', 'xyz': [5.4853182132754545, 5.4853182132754545, 2.6589638632675245]}, {'species': [{'element': 'Br', 'occu': 1}], 'abc': [0.75762902352389, 0.75762902352389, 0.2423709764761099], 'properties': {}, 'label': 'Br', 'xyz': [5.4853182132754545, 5.4853182132754545, 8.311672563283384]}]}"
2800_CsVAmBr,Am-Br-Cs-V,10,"{'@module': 'pymatgen.core.structure', '@class': 'Structure', 'charge': 0.0, 'lattice': {'matrix': [[0.0, 5.471001580966923, 5.471001580966923], [5.471001580966922, 0.0, 5.471001580966923], [5.471001580966922, 5.471001580966923, 0.0]], 'pbc': (True, True, True), 'a': 7.7371646355680666, 'b': 7.7371646355680666, 'c': 7.7371646355680666, 'alpha': 60.00000000000001, 'beta': 59.99999999999999, 'gamma': 59.99999999999999, 'volume': 327.51448814958536}, 'properties': {}, 'sites': [{'species': [{'element': 'V', 'occu': 1}], 'abc': [0.0, 0.0, 0.0], 'properties': {}, 'label': 'V', 'xyz': [0.0, 0.0, 0.0]}, {'species': [{'element': 'Am', 'occu': 1}], 'abc': [0.5, 0.5, 0.5], 'properties': {}, 'label': 'Am', 'xyz': [5.471001580966922, 5.471001580966923, 5.471001580966923]}, {'species': [{'element': 'Cs', 'occu': 1}], 'abc': [0.25, 0.25, 0.25], 'properties': {}, 'label': 'Cs', 'xyz': [2.735500790483461, 2.7355007904834614, 2.7355007904834614]}, {'species': [{'element': 'Cs', 'occu': 1}], 'abc': [0.75, 0.75, 0.75], 'properties': {}, 'label': 'Cs', 'xyz': [8.206502371450384, 8.206502371450384, 8.206502371450384]}, {'species': [{'element': 'Br', 'occu': 1}], 'abc': [0.7636295563778575, 0.2363704436221425, 0.2363704436221425], 'properties': {}, 'label': 'Br', 'xyz': [2.5863661415011885, 5.471001580966923, 5.471001580966923]}, {'species': [{'element': 'Br', 'occu': 1}], 'abc': [0.2363704436221425, 0.7636295563778575, 0.7636295563778575], 'properties': {}, 'label': 'Br', 'xyz': [8.355637020432654, 5.471001580966923, 5.471001580966923]}, {'species': [{'element': 'Br', 'occu': 1}], 'abc': [0.2363704436221425, 0.7636295563778575, 0.2363704436221425], 'properties': {}, 'label': 'Br', 'xyz': [5.471001580966922, 2.586366141501189, 5.471001580966923]}, {'species': [{'element': 'Br', 'occu': 1}], 'abc': [0.7636295563778575, 0.2363704436221425, 0.7636295563778575], 'properties': {}, 'label': 'Br', 'xyz': [5.471001580966922, 8.355637020432656, 5.471001580966923]}, {'species': [{'element': 'Br', 'occu': 1}], 'abc': [0.2363704436221425, 0.2363704436221425, 0.7636295563778575], 'properties': {}, 'label': 'Br', 'xyz': [5.471001580966922, 5.471001580966923, 2.586366141501189]}, {'species': [{'element': 'Br', 'occu': 1}], 'abc': [0.7636295563778575, 0.7636295563778575, 0.2363704436221425], 'properties': {}, 'label': 'Br', 'xyz': [5.471001580966922, 5.471001580966923, 8.355637020432656]}]}"
2803_CsNaAmBr,Am-Br-Cs-Na,10,"{'@module': 'pymatgen.core.structure', '@class': 'Structure', 'charge': 0.0, 'lattice': {'matrix': [[0.0, 5.652839750021782, 5.652839750021782], [5.652839750021782, 0.0, 5.652839750021782], [5.652839750021782, 5.652839750021782, 0.0]], 'pbc': (True, True, True), 'a': 7.99432264040254, 'b': 7.99432264040254, 'c': 7.99432264040254, 'alpha': 60.00000000000001, 'beta': 60.00000000000001, 'gamma': 60.00000000000001, 'volume': 361.2684349419308}, 'properties': {}, 'sites': [{'species': [{'element': 'Na', 'occu': 1}], 'abc': [0.0, 0.0, 0.0], 'properties': {}, 'label': 'Na', 'xyz': [0.0, 0.0, 0.0]}, {'species': [{'element': 'Am', 'occu': 1}], 'abc': [0.5, 0.5, 0.5], 'properties': {}, 'label': 'Am', 'xyz': [5.652839750021782, 5.652839750021782, 5.652839750021782]}, {'species': [{'element': 'Cs', 'occu': 1}], 'abc': [0.25, 0.25, 0.25], 'properties': {}, 'label': 'Cs', 'xyz': [2.826419875010891, 2.826419875010891, 2.826419875010891]}, {'species': [{'element': 'Cs', 'occu': 1}], 'abc': [0.75, 0.75, 0.75], 'properties': {}, 'label': 'Cs', 'xyz': [8.479259625032672, 8.479259625032672, 8.479259625032672]}, {'species': [{'element': 'Br', 'occu': 1}], 'abc': [0.7480195119646353, 0.2519804880353647, 0.2519804880353647], 'properties': {}, 'label': 'Br', 'xyz': [2.848810637992395, 5.652839750021782, 5.652839750021782]}, {'species': [{'element': 'Br', 'occu': 1}], 'abc': [0.2519804880353647, 0.7480195119646353, 0.7480195119646353], 'properties': {}, 'label': 'Br', 'xyz': [8.456868862051168, 5.652839750021782, 5.652839750021782]}, {'species': [{'element': 'Br', 'occu': 1}], 'abc': [0.2519804880353647, 0.7480195119646353, 0.2519804880353647], 'properties': {}, 'label': 'Br', 'xyz': [5.652839750021782, 2.848810637992395, 5.652839750021782]}, {'species': [{'element': 'Br', 'occu': 1}], 'abc': [0.7480195119646353, 0.2519804880353647, 0.7480195119646353], 'properties': {}, 'label': 'Br', 'xyz': [5.652839750021782, 8.456868862051168, 5.652839750021782]}, {'species': [{'element': 'Br', 'occu': 1}], 'abc': [0.2519804880353647, 0.2519804880353647, 0.7480195119646353], 'properties': {}, 'label': 'Br', 'xyz': [5.652839750021782, 5.652839750021782, 2.848810637992395]}, {'species': [{'element': 'Br', 'occu': 1}], 'abc': [0.7480195119646353, 0.7480195119646353, 0.2519804880353647], 'properties': {}, 'label': 'Br', 'xyz': [5.652839750021782, 5.652839750021782, 8.456868862051168]}]}"
2817_CsNaCmBr,Br-Cm-Cs-Na,10,"{'@module': 'pymatgen.core.structure', '@class': 'Structure', 'charge': 0.0, 'lattice': {'matrix': [[0.0, 5.657073760110623, 5.657073760110623], [5.657073760110623, 0.0, 5.657073760110623], [5.657073760110623, 5.657073760110623, 0.0]], 'pbc': (True, True, True), 'a': 8.000310434893404, 'b': 8.000310434893404, 'c': 8.000310434893404, 'alpha': 60.00000000000001, 'beta': 60.00000000000001, 'gamma': 60.00000000000001, 'volume': 362.08081964168616}, 'properties': {}, 'sites': [{'species': [{'element': 'Na', 'occu': 1}], 'abc': [0.0, 0.0, 0.0], 'properties': {}, 'label': 'Na', 'xyz': [0.0, 0.0, 0.0]}, {'species': [{'element': 'Cm', 'occu': 1}], 'abc': [0.5, 0.5, 0.5], 'properties': {}, 'label': 'Cm', 'xyz': [5.657073760110623, 5.657073760110623, 5.657073760110623]}, {'species': [{'element': 'Cs', 'occu': 1}], 'abc': [0.25, 0.25, 0.25], 'properties': {}, 'label': 'Cs', 'xyz': [2.8285368800553115, 2.8285368800553115, 2.8285368800553115]}, {'species': [{'element': 'Cs', 'occu': 1}], 'abc': [0.75, 0.75, 0.75], 'properties': {}, 'label': 'Cs', 'xyz': [8.485610640165934, 8.485610640165934, 8.485610640165934]}, {'species': [{'element': 'Br', 'occu': 1}], 'abc': [0.7476649254126357, 0.2523350745873643, 0.2523350745873643], 'properties': {}, 'label': 'Br', 'xyz': [2.854956258407471, 5.657073760110623, 5.657073760110623]}, {'species': [{'element': 'Br', 'occu': 1}], 'abc': [0.2523350745873643, 0.7476649254126357, 0.7476649254126357], 'properties': {}, 'label': 'Br', 'xyz': [8.459191261813775, 5.657073760110623, 5.657073760110623]}, {'species': [{'element': 'Br', 'occu': 1}], 'abc': [0.2523350745873643, 0.7476649254126357, 0.2523350745873643], 'properties': {}, 'label': 'Br', 'xyz': [5.657073760110623, 2.854956258407471, 5.657073760110623]}, {'species': [{'element': 'Br', 'occu': 1}], 'abc': [0.7476649254126357, 0.2523350745873643, 0.7476649254126357], 'properties': {}, 'label': 'Br', 'xyz': [5.657073760110623, 8.459191261813775, 5.657073760110623]}, {'species': [{'element': 'Br', 'occu': 1}], 'abc': [0.2523350745873643, 0.2523350745873643, 0.7476649254126357], 'properties': {}, 'label': 'Br', 'xyz': [5.657073760110623, 5.657073760110623, 2.854956258407471]}, {'species': [{'element': 'Br', 'occu': 1}], 'abc': [0.7476649254126357, 0.7476649254126357, 0.2523350745873643], 'properties': {}, 'label': 'Br', 'xyz': [5.657073760110623, 5.657073760110623, 8.459191261813775]}]}"
2844_CsCrAmBr,Am-Br-Cr-Cs,10,"{'@module': 'pymatgen.core.structure', '@class': 'Structure', 'charge': 0.0, 'lattice': {'matrix': [[0.0, 5.51425234653849, 5.51425234653849], [5.51425234653849, 0.0, 5.51425234653849], [5.51425234653849, 5.51425234653849, 0.0]], 'pbc': (True, True, True), 'a': 7.7983304548223975, 'b': 7.7983304548223975, 'c': 7.7983304548223975, 'alpha': 60.00000000000001, 'beta': 60.00000000000001, 'gamma': 60.00000000000001, 'volume': 335.3435099564778}, 'properties': {}, 'sites': [{'species': [{'element': 'Cr', 'occu': 1}], 'abc': [0.0, 0.0, 0.0], 'properties': {}, 'label': 'Cr', 'xyz': [0.0, 0.0, 0.0]}, {'species': [{'element': 'Am', 'occu': 1}], 'abc': [0.5, 0.5, 0.5], 'properties': {}, 'label': 'Am', 'xyz': [5.51425234653849, 5.51425234653849, 5.51425234653849]}, {'species': [{'element': 'Cs', 'occu': 1}], 'abc': [0.25, 0.25, 0.25], 'properties': {}, 'label': 'Cs', 'xyz': [2.757126173269245, 2.757126173269245, 2.757126173269245]}, {'species': [{'element': 'Cs', 'occu': 1}], 'abc': [0.75, 0.75, 0.75], 'properties': {}, 'label': 'Cs', 'xyz': [8.271378519807735, 8.271378519807735, 8.271378519807735]}, {'species': [{'element': 'Br', 'occu': 1}], 'abc': [0.7599656012270586, 0.2400343987729414, 0.2400343987729414], 'properties': {}, 'label': 'Br', 'xyz': [2.6472204933672954, 5.514252346538489, 5.514252346538489]}, {'species': [{'element': 'Br', 'occu': 1}], 'abc': [0.2400343987729414, 0.7599656012270586, 0.7599656012270586], 'properties': {}, 'label': 'Br', 'xyz': [8.381284199709684, 5.514252346538489, 5.514252346538489]}, {'species': [{'element': 'Br', 'occu': 1}], 'abc': [0.2400343987729414, 0.7599656012270586, 0.2400343987729414], 'properties': {}, 'label': 'Br', 'xyz': [5.514252346538489, 2.6472204933672954, 5.514252346538489]}, {'species': [{'element': 'Br', 'occu': 1}], 'abc': [0.7599656012270586, 0.2400343987729414, 0.7599656012270586], 'properties': {}, 'label': 'Br', 'xyz': [5.514252346538489, 8.381284199709684, 5.514252346538489]}, {'species': [{'element': 'Br', 'occu': 1}], 'abc': [0.2400343987729414, 0.2400343987729414, 0.7599656012270586], 'properties': {}, 'label': 'Br', 'xyz': [5.514252346538489, 5.514252346538489, 2.6472204933672954]}, {'species': [{'element': 'Br', 'occu': 1}], 'abc': [0.7599656012270586, 0.7599656012270586, 0.2400343987729414], 'properties': {}, 'label': 'Br', 'xyz': [5.514252346538489, 5.514252346538489, 8.381284199709684]}]}"
2855_CsInFrF,Cs-F-Fr-In,10,"{'@module': 'pymatgen.core.structure', '@class': 'Structure', 'charge': 0.0, 'lattice': {'matrix': [[0.0, 4.890621381644093, 4.890621381644093], [4.890621381644093, 0.0, 4.890621381644093], [4.890621381644093, 4.890621381644093, 0.0]], 'pbc': (True, True, True), 'a': 6.91638308635292, 'b': 6.91638308635292, 'c': 6.91638308635292, 'alpha': 59.99999999999999, 'beta': 59.99999999999999, 'gamma': 59.99999999999999, 'volume': 233.94950056916855}, 'properties': {}, 'sites': [{'species': [{'element': 'In', 'occu': 1}], 'abc': [0.0, 0.0, 0.0], 'properties': {}, 'label': 'In', 'xyz': [0.0, 0.0, 0.0]}, {'species': [{'element': 'Fr', 'occu': 1}], 'abc': [0.5, 0.5, 0.5], 'properties': {}, 'label': 'Fr', 'xyz': [4.890621381644093, 4.890621381644093, 4.890621381644093]}, {'species': [{'element': 'Cs', 'occu': 1}], 'abc': [0.25, 0.25, 0.25], 'properties': {}, 'label': 'Cs', 'xyz': [2.4453106908220463, 2.4453106908220463, 2.4453106908220463]}, {'species': [{'element': 'Cs', 'occu': 1}], 'abc': [0.75, 0.75, 0.75], 'properties': {}, 'label': 'Cs', 'xyz': [7.335932072466139, 7.335932072466139, 7.335932072466139]}, {'species': [{'element': 'F', 'occu': 1}], 'abc': [0.7867783495416774, 0.2132216504583226, 0.2132216504583226], 'properties': {}, 'label': 'F', 'xyz': [2.0855727255218306, 4.890621381644093, 4.890621381644093]}, {'species': [{'element': 'F', 'occu': 1}], 'abc': [0.2132216504583226, 0.7867783495416774, 0.7867783495416774], 'properties': {}, 'label': 'F', 'xyz': [7.695670037766354, 4.890621381644093, 4.890621381644093]}, {'species': [{'element': 'F', 'occu': 1}], 'abc': [0.2132216504583226, 0.7867783495416774, 0.2132216504583226], 'properties': {}, 'label': 'F', 'xyz': [4.890621381644093, 2.0855727255218306, 4.890621381644093]}, {'species': [{'element': 'F', 'occu': 1}], 'abc': [0.7867783495416774, 0.2132216504583226, 0.7867783495416774], 'properties': {}, 'label': 'F', 'xyz': [4.890621381644093, 7.695670037766354, 4.890621381644093]}, {'species': [{'element': 'F', 'occu': 1}], 'abc': [0.2132216504583226, 0.2132216504583226, 0.7867783495416774], 'properties': {}, 'label': 'F', 'xyz': [4.890621381644093, 4.890621381644093, 2.0855727255218306]}, {'species': [{'element': 'F', 'occu': 1}], 'abc': [0.7867783495416774, 0.7867783495416774, 0.2132216504583226], 'properties': {}, 'label': 'F', 'xyz': [4.890621381644093, 4.890621381644093, 7.695670037766354]}]}"
2867_CsAgCmBr,Ag-Br-Cm-Cs,10,"{'@module': 'pymatgen.core.structure', '@class': 'Structure', 'charge': 0.0, 'lattice': {'matrix': [[0.0, 5.589890996735412, 5.589890996735412], [5.589890996735412, 0.0, 5.589890996735412], [5.589890996735412, 5.589890996735412, 0.0]], 'pbc': (True, True, True), 'a': 7.905299659770478, 'b': 7.905299659770478, 'c': 7.905299659770478, 'alpha': 59.99999999999999, 'beta': 59.99999999999999, 'gamma': 59.99999999999999, 'volume': 349.333321529037}, 'properties': {}, 'sites': [{'species': [{'element': 'Ag', 'occu': 1}], 'abc': [0.0, 0.0, 0.0], 'properties': {}, 'label': 'Ag', 'xyz': [0.0, 0.0, 0.0]}, {'species': [{'element': 'Cm', 'occu': 1}], 'abc': [0.5, 0.5, 0.5], 'properties': {}, 'label': 'Cm', 'xyz': [5.589890996735412, 5.589890996735412, 5.589890996735412]}, {'species': [{'element': 'Cs', 'occu': 1}], 'abc': [0.25, 0.25, 0.25], 'properties': {}, 'label': 'Cs', 'xyz': [2.794945498367706, 2.794945498367706, 2.794945498367706]}, {'species': [{'element': 'Cs', 'occu': 1}], 'abc': [0.75, 0.75, 0.75], 'properties': {}, 'label': 'Cs', 'xyz': [8.384836495103118, 8.384836495103118, 8.384836495103118]}, {'species': [{'element': 'Br', 'occu': 1}], 'abc': [0.7509229595445177, 0.2490770404554823, 0.2490770404554823], 'properties': {}, 'label': 'Br', 'xyz': [2.784627011871205, 5.589890996735412, 5.589890996735412]}, {'species': [{'element': 'Br', 'occu': 1}], 'abc': [0.2490770404554823, 0.7509229595445177, 0.7509229595445177], 'properties': {}, 'label': 'Br', 'xyz': [8.39515498159962, 5.589890996735412, 5.589890996735412]}, {'species': [{'element': 'Br', 'occu': 1}], 'abc': [0.2490770404554823, 0.7509229595445177, 0.2490770404554823], 'properties': {}, 'label': 'Br', 'xyz': [5.589890996735412, 2.784627011871205, 5.589890996735412]}, {'species': [{'element': 'Br', 'occu': 1}], 'abc': [0.7509229595445177, 0.2490770404554823, 0.7509229595445177], 'properties': {}, 'label': 'Br', 'xyz': [5.589890996735412, 8.39515498159962, 5.589890996735412]}, {'species': [{'element': 'Br', 'occu': 1}], 'abc': [0.2490770404554823, 0.2490770404554823, 0.7509229595445177], 'properties': {}, 'label': 'Br', 'xyz': [5.589890996735412, 5.589890996735412, 2.784627011871205]}, {'species': [{'element': 'Br', 'occu': 1}], 'abc': [0.7509229595445177, 0.7509229595445177, 0.2490770404554823], 'properties': {}, 'label': 'Br', 'xyz': [5.589890996735412, 5.589890996735412, 8.39515498159962]}]}"
2871_CsNFrBr,Br-Cs-Fr-N,10,"{'@module': 'pymatgen.core.structure', '@class': 'Structure', 'charge': 0.0, 'lattice': {'matrix': [[0.0, 5.647450164607229, 5.647450164607229], [5.647450164607229, 0.0, 5.647450164607229], [5.647450164607229, 5.647450164607229, 0.0]], 'pbc': (True, True, True), 'a': 7.986700615613712, 'b': 7.986700615613712, 'c': 7.986700615613712, 'alpha': 60.00000000000001, 'beta': 60.00000000000001, 'gamma': 60.00000000000001, 'volume': 360.2360876511813}, 'properties': {}, 'sites': [{'species': [{'element': 'N', 'occu': 1}], 'abc': [0.0, 0.0, 0.0], 'properties': {}, 'label': 'N', 'xyz': [0.0, 0.0, 0.0]}, {'species': [{'element': 'Fr', 'occu': 1}], 'abc': [0.5, 0.5, 0.5], 'properties': {}, 'label': 'Fr', 'xyz': [5.647450164607229, 5.647450164607229, 5.647450164607229]}, {'species': [{'element': 'Cs', 'occu': 1}], 'abc': [0.25, 0.25, 0.25], 'properties': {}, 'label': 'Cs', 'xyz': [2.8237250823036146, 2.8237250823036146, 2.8237250823036146]}, {'species': [{'element': 'Cs', 'occu': 1}], 'abc': [0.75, 0.75, 0.75], 'properties': {}, 'label': 'Cs', 'xyz': [8.471175246910844, 8.471175246910844, 8.471175246910844]}, {'species': [{'element': 'Br', 'occu': 1}], 'abc': [0.7915519398709208, 0.2084480601290792, 0.2084480601290792], 'properties': {}, 'label': 'Br', 'xyz': [2.354400062976052, 5.647450164607228, 5.647450164607228]}, {'species': [{'element': 'Br', 'occu': 1}], 'abc': [0.2084480601290792, 0.7915519398709208, 0.7915519398709208], 'properties': {}, 'label': 'Br', 'xyz': [8.940500266238406, 5.647450164607228, 5.647450164607228]}, {'species': [{'element': 'Br', 'occu': 1}], 'abc': [0.2084480601290792, 0.7915519398709208, 0.2084480601290792], 'properties': {}, 'label': 'Br', 'xyz': [5.647450164607228, 2.354400062976052, 5.647450164607228]}, {'species': [{'element': 'Br', 'occu': 1}], 'abc': [0.7915519398709208, 0.2084480601290792, 0.7915519398709208], 'properties': {}, 'label': 'Br', 'xyz': [5.647450164607228, 8.940500266238406, 5.647450164607228]}, {'species': [{'element': 'Br', 'occu': 1}], 'abc': [0.2084480601290792, 0.2084480601290792, 0.7915519398709208], 'properties': {}, 'label': 'Br', 'xyz': [5.647450164607228, 5.647450164607228, 2.354400062976052]}, {'species': [{'element': 'Br', 'occu': 1}], 'abc': [0.7915519398709208, 0.7915519398709208, 0.2084480601290792], 'properties': {}, 'label': 'Br', 'xyz': [5.647450164607228, 5.647450164607228, 8.940500266238406]}]}"
2874_CsMnAmBr,Am-Br-Cs-Mn,10,"{'@module': 'pymatgen.core.structure', '@class': 'Structure', 'charge': 0.0, 'lattice': {'matrix': [[0.0, 5.518561848321214, 5.518561848321213], [5.518561848321213, 0.0, 5.518561848321214], [5.518561848321213, 5.518561848321214, 0.0]], 'pbc': (True, True, True), 'a': 7.804425010690595, 'b': 7.804425010690595, 'c': 7.804425010690595, 'alpha': 60.00000000000001, 'beta': 59.99999999999999, 'gamma': 60.00000000000001, 'volume': 336.13035815401315}, 'properties': {}, 'sites': [{'species': [{'element': 'Mn', 'occu': 1}], 'abc': [0.0, 0.0, 0.0], 'properties': {}, 'label': 'Mn', 'xyz': [0.0, 0.0, 0.0]}, {'species': [{'element': 'Am', 'occu': 1}], 'abc': [0.5, 0.5, 0.5], 'properties': {}, 'label': 'Am', 'xyz': [5.518561848321213, 5.518561848321214, 5.518561848321214]}, {'species': [{'element': 'Cs', 'occu': 1}], 'abc': [0.25, 0.25, 0.25], 'properties': {}, 'label': 'Cs', 'xyz': [2.7592809241606067, 2.759280924160607, 2.759280924160607]}, {'species': [{'element': 'Cs', 'occu': 1}], 'abc': [0.75, 0.75, 0.75], 'properties': {}, 'label': 'Cs', 'xyz': [8.27784277248182, 8.277842772481822, 8.277842772481822]}, {'species': [{'element': 'Br', 'occu': 1}], 'abc': [0.7606336769415094, 0.2393663230584835, 0.2393663230584835], 'properties': {}, 'label': 'Br', 'xyz': [2.6419157164069547, 5.518561848321175, 5.518561848321175]}, {'species': [{'element': 'Br', 'occu': 1}], 'abc': [0.2393663230584835, 0.7606336769415094, 0.7606336769415094], 'properties': {}, 'label': 'Br', 'xyz': [8.395207980235394, 5.518561848321175, 5.518561848321174]}, {'species': [{'element': 'Br', 'occu': 1}], 'abc': [0.2393663230584835, 0.7606336769415094, 0.2393663230584835], 'properties': {}, 'label': 'Br', 'xyz': [5.518561848321174, 2.641915716406955, 5.518561848321174]}, {'species': [{'element': 'Br', 'occu': 1}], 'abc': [0.7606336769415094, 0.2393663230584835, 0.7606336769415094], 'properties': {}, 'label': 'Br', 'xyz': [5.518561848321174, 8.395207980235394, 5.518561848321175]}, {'species': [{'element': 'Br', 'occu': 1}], 'abc': [0.2393663230584835, 0.2393663230584835, 0.7606336769415094], 'properties': {}, 'label': 'Br', 'xyz': [5.518561848321174, 5.518561848321175, 2.641915716406955]}, {'species': [{'element': 'Br', 'occu': 1}], 'abc': [0.7606336769415094, 0.7606336769415094, 0.2393663230584835], 'properties': {}, 'label': 'Br', 'xyz': [5.518561848321174, 5.518561848321175, 8.395207980235394]}]}"
2880_CsAgAmBr,Ag-Am-Br-Cs,10,"{'@module': 'pymatgen.core.structure', '@class': 'Structure', 'charge': 0.0, 'lattice': {'matrix': [[0.0, 5.578633329152924, 5.578633329152924], [5.578633329152924, 0.0, 5.578633329152924], [5.5786333291529235, 5.578633329152924, 0.0]], 'pbc': (True, True, True), 'a': 7.889378913594636, 'b': 7.889378913594636, 'c': 7.889378913594636, 'alpha': 60.00000000000001, 'beta': 60.00000000000001, 'gamma': 60.00000000000001, 'volume': 347.22696726749996}, 'properties': {}, 'sites': [{'species': [{'element': 'Ag', 'occu': 1}], 'abc': [0.0, 0.0, 0.0], 'properties': {}, 'label': 'Ag', 'xyz': [0.0, 0.0, 0.0]}, {'species': [{'element': 'Am', 'occu': 1}], 'abc': [0.5, 0.5, 0.5], 'properties': {}, 'label': 'Am', 'xyz': [5.5786333291529235, 5.578633329152924, 5.578633329152924]}, {'species': [{'element': 'Cs', 'occu': 1}], 'abc': [0.25, 0.25, 0.25], 'properties': {}, 'label': 'Cs', 'xyz': [2.7893166645764618, 2.789316664576462, 2.789316664576462]}, {'species': [{'element': 'Cs', 'occu': 1}], 'abc': [0.75, 0.75, 0.75], 'properties': {}, 'label': 'Cs', 'xyz': [8.367949993729386, 8.367949993729386, 8.367949993729386]}, {'species': [{'element': 'Br', 'occu': 1}], 'abc': [0.7518552312244111, 0.2481447687755889, 0.2481447687755889], 'properties': {}, 'label': 'Br', 'xyz': [2.768617355092892, 5.578633329152924, 5.578633329152924]}, {'species': [{'element': 'Br', 'occu': 1}], 'abc': [0.2481447687755889, 0.7518552312244111, 0.7518552312244111], 'properties': {}, 'label': 'Br', 'xyz': [8.388649303212956, 5.578633329152924, 5.578633329152924]}, {'species': [{'element': 'Br', 'occu': 1}], 'abc': [0.2481447687755889, 0.7518552312244111, 0.2481447687755889], 'properties': {}, 'label': 'Br', 'xyz': [5.5786333291529235, 2.7686173550928923, 5.578633329152924]}, {'species': [{'element': 'Br', 'occu': 1}], 'abc': [0.7518552312244111, 0.2481447687755889, 0.7518552312244111], 'properties': {}, 'label': 'Br', 'xyz': [5.578633329152924, 8.388649303212956, 5.578633329152924]}, {'species': [{'element': 'Br', 'occu': 1}], 'abc': [0.2481447687755889, 0.2481447687755889, 0.7518552312244111], 'properties': {}, 'label': 'Br', 'xyz': [5.578633329152924, 5.578633329152924, 2.7686173550928923]}, {'species': [{'element': 'Br', 'occu': 1}], 'abc': [0.7518552312244111, 0.7518552312244111, 0.2481447687755889], 'properties': {}, 'label': 'Br', 'xyz': [5.5786333291529235, 5.578633329152924, 8.388649303212956]}]}"
2892_CsZnAmBr,Am-Br-Cs-Zn,10,"{'@module': 'pymatgen.core.structure', '@class': 'Structure', 'charge': 0.0, 'lattice': {'matrix': [[0.0, 5.514492108514984, 5.514492108514984], [5.514492108514984, 0.0, 5.514492108514984], [5.514492108514984, 5.514492108514984, 0.0]], 'pbc': (True, True, True), 'a': 7.798669529461296, 'b': 7.798669529461296, 'c': 7.798669529461296, 'alpha': 60.00000000000001, 'beta': 60.00000000000001, 'gamma': 60.00000000000001, 'volume': 335.3872544826739}, 'properties': {}, 'sites': [{'species': [{'element': 'Zn', 'occu': 1}], 'abc': [0.0, 0.0, 0.0], 'properties': {}, 'label': 'Zn', 'xyz': [0.0, 0.0, 0.0]}, {'species': [{'element': 'Am', 'occu': 1}], 'abc': [0.5, 0.5, 0.5], 'properties': {}, 'label': 'Am', 'xyz': [5.514492108514984, 5.514492108514984, 5.514492108514984]}, {'species': [{'element': 'Cs', 'occu': 1}], 'abc': [0.25, 0.25, 0.25], 'properties': {}, 'label': 'Cs', 'xyz': [2.757246054257492, 2.757246054257492, 2.757246054257492]}, {'species': [{'element': 'Cs', 'occu': 1}], 'abc': [0.75, 0.75, 0.75], 'properties': {}, 'label': 'Cs', 'xyz': [8.271738162772476, 8.271738162772476, 8.271738162772476]}, {'species': [{'element': 'Br', 'occu': 1}], 'abc': [0.7614644841953861, 0.2385355158046139, 0.2385355158046139], 'properties': {}, 'label': 'Br', 'xyz': [2.6308044390101895, 5.514492108514984, 5.514492108514984]}, {'species': [{'element': 'Br', 'occu': 1}], 'abc': [0.2385355158046139, 0.7614644841953861, 0.7614644841953861], 'properties': {}, 'label': 'Br', 'xyz': [8.398179778019779, 5.514492108514984, 5.514492108514984]}, {'species': [{'element': 'Br', 'occu': 1}], 'abc': [0.2385355158046139, 0.7614644841953861, 0.2385355158046139], 'properties': {}, 'label': 'Br', 'xyz': [5.514492108514984, 2.6308044390101895, 5.514492108514984]}, {'species': [{'element': 'Br', 'occu': 1}], 'abc': [0.7614644841953861, 0.2385355158046139, 0.7614644841953861], 'properties': {}, 'label': 'Br', 'xyz': [5.514492108514984, 8.398179778019779, 5.514492108514984]}, {'species': [{'element': 'Br', 'occu': 1}], 'abc': [0.2385355158046139, 0.2385355158046139, 0.7614644841953861], 'properties': {}, 'label': 'Br', 'xyz': [5.514492108514984, 5.514492108514984, 2.6308044390101895]}, {'species': [{'element': 'Br', 'occu': 1}], 'abc': [0.7614644841953861, 0.7614644841953861, 0.2385355158046139], 'properties': {}, 'label': 'Br', 'xyz': [5.514492108514984, 5.514492108514984, 8.398179778019779]}]}"
2916_CsGeAmBr,Am-Br-Cs-Ge,10,"{'@module': 'pymatgen.core.structure', '@class': 'Structure', 'charge': 0.0, 'lattice': {'matrix': [[0.0, 5.650501033403137, 5.650501033403137], [5.650501033403137, 0.0, 5.650501033403137], [5.650501033403137, 5.650501033403137, 0.0]], 'pbc': (True, True, True), 'a': 7.991015195641906, 'b': 7.991015195641906, 'c': 7.991015195641906, 'alpha': 60.00000000000001, 'beta': 60.00000000000001, 'gamma': 60.00000000000001, 'volume': 360.82022394319006}, 'properties': {}, 'sites': [{'species': [{'element': 'Ge', 'occu': 1}], 'abc': [0.0, 0.0, 0.0], 'properties': {}, 'label': 'Ge', 'xyz': [0.0, 0.0, 0.0]}, {'species': [{'element': 'Am', 'occu': 1}], 'abc': [0.5, 0.5, 0.5], 'properties': {}, 'label': 'Am', 'xyz': [5.650501033403137, 5.650501033403137, 5.650501033403137]}, {'species': [{'element': 'Cs', 'occu': 1}], 'abc': [0.25, 0.25, 0.25], 'properties': {}, 'label': 'Cs', 'xyz': [2.8252505167015687, 2.8252505167015687, 2.8252505167015687]}, {'species': [{'element': 'Cs', 'occu': 1}], 'abc': [0.75, 0.75, 0.75], 'properties': {}, 'label': 'Cs', 'xyz': [8.475751550104706, 8.475751550104706, 8.475751550104706]}, {'species': [{'element': 'Br', 'occu': 1}], 'abc': [0.7547424316580091, 0.2452575683419909, 0.2452575683419909], 'properties': {}, 'label': 'Br', 'xyz': [2.7716562867327204, 5.650501033403138, 5.650501033403138]}, {'species': [{'element': 'Br', 'occu': 1}], 'abc': [0.2452575683419909, 0.7547424316580091, 0.7547424316580091], 'properties': {}, 'label': 'Br', 'xyz': [8.529345780073555, 5.650501033403138, 5.650501033403138]}, {'species': [{'element': 'Br', 'occu': 1}], 'abc': [0.2452575683419909, 0.7547424316580091, 0.2452575683419909], 'properties': {}, 'label': 'Br', 'xyz': [5.650501033403138, 2.7716562867327204, 5.650501033403138]}, {'species': [{'element': 'Br', 'occu': 1}], 'abc': [0.7547424316580091, 0.2452575683419909, 0.7547424316580091], 'properties': {}, 'label': 'Br', 'xyz': [5.650501033403138, 8.529345780073555, 5.650501033403138]}, {'species': [{'element': 'Br', 'occu': 1}], 'abc': [0.2452575683419909, 0.2452575683419909, 0.7547424316580091], 'properties': {}, 'label': 'Br', 'xyz': [5.650501033403138, 5.650501033403138, 2.7716562867327204]}, {'species': [{'element': 'Br', 'occu': 1}], 'abc': [0.7547424316580091, 0.7547424316580091, 0.2452575683419909], 'properties': {}, 'label': 'Br', 'xyz': [5.650501033403138, 5.650501033403138, 8.529345780073555]}]}"
2926_CsBeRaBr,Be-Br-Cs-Ra,10,"{'@module': 'pymatgen.core.structure', '@class': 'Structure', 'charge': 0.0, 'lattice': {'matrix': [[0.0, 5.602579473618734, 5.602579473618734], [5.602579473618734, 0.0, 5.602579473618734], [5.602579473618734, 5.602579473618734, 0.0]], 'pbc': (True, True, True), 'a': 7.9232438758647294, 'b': 7.9232438758647294, 'c': 7.9232438758647294, 'alpha': 60.00000000000001, 'beta': 60.00000000000001, 'gamma': 60.00000000000001, 'volume': 351.7175773542144}, 'properties': {}, 'sites': [{'species': [{'element': 'Be', 'occu': 1}], 'abc': [0.0, 0.0, 0.0], 'properties': {}, 'label': 'Be', 'xyz': [0.0, 0.0, 0.0]}, {'species': [{'element': 'Ra', 'occu': 1}], 'abc': [0.5, 0.5, 0.5], 'properties': {}, 'label': 'Ra', 'xyz': [5.602579473618734, 5.602579473618734, 5.602579473618734]}, {'species': [{'element': 'Cs', 'occu': 1}], 'abc': [0.25, 0.25, 0.25], 'properties': {}, 'label': 'Cs', 'xyz': [2.801289736809367, 2.801289736809367, 2.801289736809367]}, {'species': [{'element': 'Cs', 'occu': 1}], 'abc': [0.75, 0.75, 0.75], 'properties': {}, 'label': 'Cs', 'xyz': [8.403869210428102, 8.403869210428102, 8.403869210428102]}, {'species': [{'element': 'Br', 'occu': 1}], 'abc': [0.7814987152853305, 0.2185012847146695, 0.2185012847146695], 'properties': {}, 'label': 'Br', 'xyz': [2.4483416254034602, 5.602579473618734, 5.602579473618734]}, {'species': [{'element': 'Br', 'occu': 1}], 'abc': [0.2185012847146695, 0.7814987152853305, 0.7814987152853305], 'properties': {}, 'label': 'Br', 'xyz': [8.756817321834008, 5.602579473618734, 5.602579473618734]}, {'species': [{'element': 'Br', 'occu': 1}], 'abc': [0.2185012847146695, 0.7814987152853305, 0.2185012847146695], 'properties': {}, 'label': 'Br', 'xyz': [5.602579473618734, 2.4483416254034602, 5.602579473618734]}, {'species': [{'element': 'Br', 'occu': 1}], 'abc': [0.7814987152853305, 0.2185012847146695, 0.7814987152853305], 'properties': {}, 'label': 'Br', 'xyz': [5.602579473618734, 8.756817321834008, 5.602579473618734]}, {'species': [{'element': 'Br', 'occu': 1}], 'abc': [0.2185012847146695, 0.2185012847146695, 0.7814987152853305], 'properties': {}, 'label': 'Br', 'xyz': [5.602579473618734, 5.602579473618734, 2.4483416254034602]}, {'species': [{'element': 'Br', 'occu': 1}], 'abc': [0.7814987152853305, 0.7814987152853305, 0.2185012847146695], 'properties': {}, 'label': 'Br', 'xyz': [5.602579473618734, 5.602579473618734, 8.756817321834008]}]}"
2929_CsMgAmBr,Am-Br-Cs-Mg,10,"{'@module': 'pymatgen.core.structure', '@class': 'Structure', 'charge': 0.0, 'lattice': {'matrix': [[0.0, 5.552265378721579, 5.552265378721579], [5.552265378721579, 0.0, 5.552265378721579], [5.552265378721579, 5.552265378721579, 0.0]], 'pbc': (True, True, True), 'a': 7.852089000482645, 'b': 7.852089000482645, 'c': 7.852089000482645, 'alpha': 59.99999999999999, 'beta': 59.99999999999999, 'gamma': 59.99999999999999, 'volume': 342.3265968853072}, 'properties': {}, 'sites': [{'species': [{'element': 'Mg', 'occu': 1}], 'abc': [0.0, 0.0, 0.0], 'properties': {}, 'label': 'Mg', 'xyz': [0.0, 0.0, 0.0]}, {'species': [{'element': 'Am', 'occu': 1}], 'abc': [0.5, 0.5, 0.5], 'properties': {}, 'label': 'Am', 'xyz': [5.552265378721579, 5.552265378721579, 5.552265378721579]}, {'species': [{'element': 'Cs', 'occu': 1}], 'abc': [0.25, 0.25, 0.25], 'properties': {}, 'label': 'Cs', 'xyz': [2.7761326893607894, 2.7761326893607894, 2.7761326893607894]}, {'species': [{'element': 'Cs', 'occu': 1}], 'abc': [0.75, 0.75, 0.75], 'properties': {}, 'label': 'Cs', 'xyz': [8.328398068082368, 8.328398068082368, 8.328398068082368]}, {'species': [{'element': 'Br', 'occu': 1}], 'abc': [0.7611207689750685, 0.2388792310249315, 0.2388792310249315], 'properties': {}, 'label': 'Br', 'xyz': [2.6526417682307217, 5.552265378721579, 5.552265378721579]}, {'species': [{'element': 'Br', 'occu': 1}], 'abc': [0.2388792310249315, 0.7611207689750685, 0.7611207689750685], 'properties': {}, 'label': 'Br', 'xyz': [8.451888989212437, 5.552265378721579, 5.552265378721579]}, {'species': [{'element': 'Br', 'occu': 1}], 'abc': [0.2388792310249315, 0.7611207689750685, 0.2388792310249315], 'properties': {}, 'label': 'Br', 'xyz': [5.552265378721579, 2.6526417682307217, 5.552265378721579]}, {'species': [{'element': 'Br', 'occu': 1}], 'abc': [0.7611207689750685, 0.2388792310249315, 0.7611207689750685], 'properties': {}, 'label': 'Br', 'xyz': [5.552265378721579, 8.451888989212437, 5.552265378721579]}, {'species': [{'element': 'Br', 'occu': 1}], 'abc': [0.2388792310249315, 0.2388792310249315, 0.7611207689750685], 'properties': {}, 'label': 'Br', 'xyz': [5.552265378721579, 5.552265378721579, 2.6526417682307217]}, {'species': [{'element': 'Br', 'occu': 1}], 'abc': [0.7611207689750685, 0.7611207689750685, 0.2388792310249315], 'properties': {}, 'label': 'Br', 'xyz': [5.552265378721579, 5.552265378721579, 8.451888989212437]}]}"
2934_CsHgCmBr,Br-Cm-Cs-Hg,10,"{'@module': 'pymatgen.core.structure', '@class': 'Structure', 'charge': 0.0, 'lattice': {'matrix': [[0.0, 5.735204244164462, 5.735204244164462], [5.735204244164462, 0.0, 5.735204244164462], [5.735204244164462, 5.735204244164462, 0.0]], 'pbc': (True, True, True), 'a': 8.110803625077118, 'b': 8.110803625077118, 'c': 8.110803625077118, 'alpha': 60.00000000000001, 'beta': 60.00000000000001, 'gamma': 60.00000000000001, 'volume': 377.29118800459815}, 'properties': {}, 'sites': [{'species': [{'element': 'Hg', 'occu': 1}], 'abc': [0.0, 0.0, 0.0], 'properties': {}, 'label': 'Hg', 'xyz': [0.0, 0.0, 0.0]}, {'species': [{'element': 'Cm', 'occu': 1}], 'abc': [0.5, 0.5, 0.5], 'properties': {}, 'label': 'Cm', 'xyz': [5.735204244164462, 5.735204244164462, 5.735204244164462]}, {'species': [{'element': 'Cs', 'occu': 1}], 'abc': [0.25, 0.25, 0.25], 'properties': {}, 'label': 'Cs', 'xyz': [2.867602122082231, 2.867602122082231, 2.867602122082231]}, {'species': [{'element': 'Cs', 'occu': 1}], 'abc': [0.75, 0.75, 0.75], 'properties': {}, 'label': 'Cs', 'xyz': [8.602806366246693, 8.602806366246693, 8.602806366246693]}, {'species': [{'element': 'Br', 'occu': 1}], 'abc': [0.7408086814346575, 0.2591913185653425, 0.2591913185653425], 'properties': {}, 'label': 'Br', 'xyz': [2.973030300573071, 5.735204244164462, 5.735204244164462]}, {'species': [{'element': 'Br', 'occu': 1}], 'abc': [0.2591913185653425, 0.7408086814346575, 0.7408086814346575], 'properties': {}, 'label': 'Br', 'xyz': [8.497378187755853, 5.735204244164462, 5.735204244164462]}, {'species': [{'element': 'Br', 'occu': 1}], 'abc': [0.2591913185653425, 0.7408086814346575, 0.2591913185653425], 'properties': {}, 'label': 'Br', 'xyz': [5.735204244164462, 2.973030300573071, 5.735204244164462]}, {'species': [{'element': 'Br', 'occu': 1}], 'abc': [0.7408086814346575, 0.2591913185653425, 0.7408086814346575], 'properties': {}, 'label': 'Br', 'xyz': [5.735204244164462, 8.497378187755853, 5.735204244164462]}, {'species': [{'element': 'Br', 'occu': 1}], 'abc': [0.2591913185653425, 0.2591913185653425, 0.7408086814346575], 'properties': {}, 'label': 'Br', 'xyz': [5.735204244164462, 5.735204244164462, 2.973030300573071]}, {'species': [{'element': 'Br', 'occu': 1}], 'abc': [0.7408086814346575, 0.7408086814346575, 0.2591913185653425], 'properties': {}, 'label': 'Br', 'xyz': [5.735204244164462, 5.735204244164462, 8.497378187755853]}]}"
2939_CsCdAmBr,Am-Br-Cd-Cs,10,"{'@module': 'pymatgen.core.structure', '@class': 'Structure', 'charge': 0.0, 'lattice': {'matrix': [[0.0, 5.652319885261939, 5.65231988526194], [5.652319885261939, 0.0, 5.652319885261939], [5.65231988526194, 5.65231988526194, 0.0]], 'pbc': (True, True, True), 'a': 7.993587440608572, 'b': 7.993587440608571, 'c': 7.993587440608572, 'alpha': 60.00000000000001, 'beta': 60.00000000000001, 'gamma': 60.00000000000001, 'volume': 361.16877169392876}, 'properties': {}, 'sites': [{'species': [{'element': 'Cd', 'occu': 1}], 'abc': [0.0, 0.0, 0.0], 'properties': {}, 'label': 'Cd', 'xyz': [0.0, 0.0, 0.0]}, {'species': [{'element': 'Am', 'occu': 1}], 'abc': [0.5, 0.5, 0.5], 'properties': {}, 'label': 'Am', 'xyz': [5.652319885261939, 5.652319885261939, 5.652319885261939]}, {'species': [{'element': 'Cs', 'occu': 1}], 'abc': [0.25, 0.25, 0.25], 'properties': {}, 'label': 'Cs', 'xyz': [2.8261599426309694, 2.8261599426309694, 2.8261599426309694]}, {'species': [{'element': 'Cs', 'occu': 1}], 'abc': [0.75, 0.75, 0.75], 'properties': {}, 'label': 'Cs', 'xyz': [8.478479827892908, 8.478479827892908, 8.478479827892908]}, {'species': [{'element': 'Br', 'occu': 1}], 'abc': [0.754505008154787, 0.245494991845213, 0.245494991845213], 'properties': {}, 'label': 'Br', 'xyz': [2.77523244827783, 5.652319885261939, 5.65231988526194]}, {'species': [{'element': 'Br', 'occu': 1}], 'abc': [0.245494991845213, 0.754505008154787, 0.754505008154787], 'properties': {}, 'label': 'Br', 'xyz': [8.529407322246048, 5.65231988526194, 5.652319885261939]}, {'species': [{'element': 'Br', 'occu': 1}], 'abc': [0.245494991845213, 0.754505008154787, 0.245494991845213], 'properties': {}, 'label': 'Br', 'xyz': [5.652319885261939, 2.77523244827783, 5.652319885261939]}, {'species': [{'element': 'Br', 'occu': 1}], 'abc': [0.754505008154787, 0.245494991845213, 0.754505008154787], 'properties': {}, 'label': 'Br', 'xyz': [5.65231988526194, 8.529407322246048, 5.65231988526194]}, {'species': [{'element': 'Br', 'occu': 1}], 'abc': [0.245494991845213, 0.245494991845213, 0.754505008154787], 'properties': {}, 'label': 'Br', 'xyz': [5.65231988526194, 5.65231988526194, 2.77523244827783]}, {'species': [{'element': 'Br', 'occu': 1}], 'abc': [0.754505008154787, 0.754505008154787, 0.245494991845213], 'properties': {}, 'label': 'Br', 'xyz': [5.652319885261939, 5.652319885261939, 8.529407322246048]}]}"
2953_CsNiRaBr,Br-Cs-Ni-Ra,10,"{'@module': 'pymatgen.core.structure', '@class': 'Structure', 'charge': 0.0, 'lattice': {'matrix': [[0.0, 5.656850338380472, 5.656850338380472], [5.656850338380472, 0.0, 5.656850338380472], [5.656850338380472, 5.656850338380472, 0.0]], 'pbc': (True, True, True), 'a': 7.999994468852495, 'b': 7.999994468852495, 'c': 7.999994468852495, 'alpha': 60.00000000000001, 'beta': 60.00000000000001, 'gamma': 60.00000000000001, 'volume': 362.03792103454504}, 'properties': {}, 'sites': [{'species': [{'element': 'Ni', 'occu': 1}], 'abc': [0.0, 0.0, 0.0], 'properties': {}, 'label': 'Ni', 'xyz': [0.0, 0.0, 0.0]}, {'species': [{'element': 'Ra', 'occu': 1}], 'abc': [0.5, 0.5, 0.5], 'properties': {}, 'label': 'Ra', 'xyz': [5.656850338380472, 5.656850338380472, 5.656850338380472]}, {'species': [{'element': 'Cs', 'occu': 1}], 'abc': [0.25, 0.25, 0.25], 'properties': {}, 'label': 'Cs', 'xyz': [2.828425169190236, 2.828425169190236, 2.828425169190236]}, {'species': [{'element': 'Cs', 'occu': 1}], 'abc': [0.75, 0.75, 0.75], 'properties': {}, 'label': 'Cs', 'xyz': [8.485275507570707, 8.485275507570707, 8.485275507570707]}, {'species': [{'element': 'Br', 'occu': 1}], 'abc': [0.7781641898951861, 0.2218358101048139, 0.2218358101048139], 'properties': {}, 'label': 'Br', 'xyz': [2.509783954912645, 5.656850338380472, 5.656850338380472]}, {'species': [{'element': 'Br', 'occu': 1}], 'abc': [0.2218358101048139, 0.7781641898951861, 0.7781641898951861], 'properties': {}, 'label': 'Br', 'xyz': [8.803916721848298, 5.656850338380472, 5.656850338380472]}, {'species': [{'element': 'Br', 'occu': 1}], 'abc': [0.2218358101048139, 0.7781641898951861, 0.2218358101048139], 'properties': {}, 'label': 'Br', 'xyz': [5.656850338380472, 2.509783954912645, 5.656850338380472]}, {'species': [{'element': 'Br', 'occu': 1}], 'abc': [0.7781641898951861, 0.2218358101048139, 0.7781641898951861], 'properties': {}, 'label': 'Br', 'xyz': [5.656850338380472, 8.803916721848298, 5.656850338380472]}, {'species': [{'element': 'Br', 'occu': 1}], 'abc': [0.2218358101048139, 0.2218358101048139, 0.7781641898951861], 'properties': {}, 'label': 'Br', 'xyz': [5.656850338380472, 5.656850338380472, 2.509783954912645]}, {'species': [{'element': 'Br', 'occu': 1}], 'abc': [0.7781641898951861, 0.7781641898951861, 0.2218358101048139], 'properties': {}, 'label': 'Br', 'xyz': [5.656850338380472, 5.656850338380472, 8.803916721848298]}]}"
2972_CsFeRaBr,Br-Cs-Fe-Ra,10,"{'@module': 'pymatgen.core.structure', '@class': 'Structure', 'charge': 0.0, 'lattice': {'matrix': [[0.0, 5.723247884104784, 5.723247884104784], [5.723247884104784, 0.0, 5.723247884104784], [5.723247884104784, 5.723247884104784, 0.0]], 'pbc': (True, True, True), 'a': 8.093894778524104, 'b': 8.093894778524104, 'c': 8.093894778524104, 'alpha': 59.99999999999999, 'beta': 59.99999999999999, 'gamma': 59.99999999999999, 'volume': 374.93645152942577}, 'properties': {}, 'sites': [{'species': [{'element': 'Fe', 'occu': 1}], 'abc': [0.0, 0.0, 0.0], 'properties': {}, 'label': 'Fe', 'xyz': [0.0, 0.0, 0.0]}, {'species': [{'element': 'Ra', 'occu': 1}], 'abc': [0.5, 0.5, 0.5], 'properties': {}, 'label': 'Ra', 'xyz': [5.723247884104784, 5.723247884104784, 5.723247884104784]}, {'species': [{'element': 'Cs', 'occu': 1}], 'abc': [0.25, 0.25, 0.25], 'properties': {}, 'label': 'Cs', 'xyz': [2.861623942052392, 2.861623942052392, 2.861623942052392]}, {'species': [{'element': 'Cs', 'occu': 1}], 'abc': [0.75, 0.75, 0.75], 'properties': {}, 'label': 'Cs', 'xyz': [8.584871826157176, 8.584871826157176, 8.584871826157176]}, {'species': [{'element': 'Br', 'occu': 1}], 'abc': [0.775338324621174, 0.224661675378826, 0.224661675378826], 'properties': {}, 'label': 'Br', 'xyz': [2.5715889165026034, 5.723247884104784, 5.723247884104784]}, {'species': [{'element': 'Br', 'occu': 1}], 'abc': [0.224661675378826, 0.775338324621174, 0.775338324621174], 'properties': {}, 'label': 'Br', 'xyz': [8.874906851706964, 5.723247884104784, 5.723247884104784]}, {'species': [{'element': 'Br', 'occu': 1}], 'abc': [0.224661675378826, 0.775338324621174, 0.224661675378826], 'properties': {}, 'label': 'Br', 'xyz': [5.723247884104784, 2.5715889165026034, 5.723247884104784]}, {'species': [{'element': 'Br', 'occu': 1}], 'abc': [0.775338324621174, 0.224661675378826, 0.775338324621174], 'properties': {}, 'label': 'Br', 'xyz': [5.723247884104784, 8.874906851706964, 5.723247884104784]}, {'species': [{'element': 'Br', 'occu': 1}], 'abc': [0.224661675378826, 0.224661675378826, 0.775338324621174], 'properties': {}, 'label': 'Br', 'xyz': [5.723247884104784, 5.723247884104784, 2.5715889165026034]}, {'species': [{'element': 'Br', 'occu': 1}], 'abc': [0.775338324621174, 0.775338324621174, 0.224661675378826], 'properties': {}, 'label': 'Br', 'xyz': [5.723247884104784, 5.723247884104784, 8.874906851706964]}]}"
2976_CsCoRaBr,Br-Co-Cs-Ra,10,"{'@module': 'pymatgen.core.structure', '@class': 'Structure', 'charge': 0.0, 'lattice': {'matrix': [[0.0, 5.6828631295254874, 5.6828631295254874], [5.6828631295254874, 0.0, 5.6828631295254874], [5.6828631295254874, 5.6828631295254874, 0.0]], 'pbc': (True, True, True), 'a': 8.036782110884955, 'b': 8.036782110884955, 'c': 8.036782110884955, 'alpha': 60.00000000000001, 'beta': 60.00000000000001, 'gamma': 60.00000000000001, 'volume': 367.0553719981236}, 'properties': {}, 'sites': [{'species': [{'element': 'Co', 'occu': 1}], 'abc': [0.0, 0.0, 0.0], 'properties': {}, 'label': 'Co', 'xyz': [0.0, 0.0, 0.0]}, {'species': [{'element': 'Ra', 'occu': 1}], 'abc': [0.5, 0.5, 0.5], 'properties': {}, 'label': 'Ra', 'xyz': [5.6828631295254874, 5.6828631295254874, 5.6828631295254874]}, {'species': [{'element': 'Cs', 'occu': 1}], 'abc': [0.25, 0.25, 0.25], 'properties': {}, 'label': 'Cs', 'xyz': [2.8414315647627437, 2.8414315647627437, 2.8414315647627437]}, {'species': [{'element': 'Cs', 'occu': 1}], 'abc': [0.75, 0.75, 0.75], 'properties': {}, 'label': 'Cs', 'xyz': [8.524294694288232, 8.524294694288232, 8.524294694288232]}, {'species': [{'element': 'Br', 'occu': 1}], 'abc': [0.7770712366045416, 0.2229287633954584, 0.2229287633954584], 'properties': {}, 'label': 'Br', 'xyz': [2.533747300021523, 5.682863129525487, 5.682863129525487]}, {'species': [{'element': 'Br', 'occu': 1}], 'abc': [0.2229287633954584, 0.7770712366045416, 0.7770712366045416], 'properties': {}, 'label': 'Br', 'xyz': [8.83197895902945, 5.682863129525487, 5.682863129525487]}, {'species': [{'element': 'Br', 'occu': 1}], 'abc': [0.2229287633954584, 0.7770712366045416, 0.2229287633954584], 'properties': {}, 'label': 'Br', 'xyz': [5.682863129525487, 2.533747300021523, 5.682863129525487]}, {'species': [{'element': 'Br', 'occu': 1}], 'abc': [0.7770712366045416, 0.2229287633954584, 0.7770712366045416], 'properties': {}, 'label': 'Br', 'xyz': [5.682863129525487, 8.83197895902945, 5.682863129525487]}, {'species': [{'element': 'Br', 'occu': 1}], 'abc': [0.2229287633954584, 0.2229287633954584, 0.7770712366045416], 'properties': {}, 'label': 'Br', 'xyz': [5.682863129525487, 5.682863129525487, 2.533747300021523]}, {'species': [{'element': 'Br', 'occu': 1}], 'abc': [0.7770712366045416, 0.7770712366045416, 0.2229287633954584], 'properties': {}, 'label': 'Br', 'xyz': [5.682863129525487, 5.682863129525487, 8.83197895902945]}]}"
2984_CsNiAmBr,Am-Br-Cs-Ni,10,"{'@module': 'pymatgen.core.structure', '@class': 'Structure', 'charge': 0.0, 'lattice': {'matrix': [[0.0, 5.403622062381498, 5.403622062381498], [5.403622062381498, 0.0, 5.403622062381498], [5.403622062381498, 5.403622062381498, 0.0]], 'pbc': (True, True, True), 'a': 7.641875606558389, 'b': 7.641875606558389, 'c': 7.641875606558389, 'alpha': 60.00000000000001, 'beta': 60.00000000000001, 'gamma': 60.00000000000001, 'volume': 315.56214119578794}, 'properties': {}, 'sites': [{'species': [{'element': 'Ni', 'occu': 1}], 'abc': [0.0, 0.0, 0.0], 'properties': {}, 'label': 'Ni', 'xyz': [0.0, 0.0, 0.0]}, {'species': [{'element': 'Am', 'occu': 1}], 'abc': [0.5, 0.5, 0.5], 'properties': {}, 'label': 'Am', 'xyz': [5.403622062381498, 5.403622062381498, 5.403622062381498]}, {'species': [{'element': 'Cs', 'occu': 1}], 'abc': [0.25, 0.25, 0.25], 'properties': {}, 'label': 'Cs', 'xyz': [2.701811031190749, 2.701811031190749, 2.701811031190749]}, {'species': [{'element': 'Cs', 'occu': 1}], 'abc': [0.75, 0.75, 0.75], 'properties': {}, 'label': 'Cs', 'xyz': [8.105433093572247, 8.105433093572247, 8.105433093572247]}, {'species': [{'element': 'Br', 'occu': 1}], 'abc': [0.7629177802691842, 0.2370822197308158, 0.2370822197308158], 'properties': {}, 'label': 'Br', 'xyz': [2.5622054262716287, 5.403622062381498, 5.403622062381498]}, {'species': [{'element': 'Br', 'occu': 1}], 'abc': [0.2370822197308158, 0.7629177802691842, 0.7629177802691842], 'properties': {}, 'label': 'Br', 'xyz': [8.245038698491367, 5.403622062381498, 5.403622062381498]}, {'species': [{'element': 'Br', 'occu': 1}], 'abc': [0.2370822197308158, 0.7629177802691842, 0.2370822197308158], 'properties': {}, 'label': 'Br', 'xyz': [5.403622062381498, 2.5622054262716287, 5.403622062381498]}, {'species': [{'element': 'Br', 'occu': 1}], 'abc': [0.7629177802691842, 0.2370822197308158, 0.7629177802691842], 'properties': {}, 'label': 'Br', 'xyz': [5.403622062381498, 8.245038698491367, 5.403622062381498]}, {'species': [{'element': 'Br', 'occu': 1}], 'abc': [0.2370822197308158, 0.2370822197308158, 0.7629177802691842], 'properties': {}, 'label': 'Br', 'xyz': [5.403622062381498, 5.403622062381498, 2.5622054262716287]}, {'species': [{'element': 'Br', 'occu': 1}], 'abc': [0.7629177802691842, 0.7629177802691842, 0.2370822197308158], 'properties': {}, 'label': 'Br', 'xyz': [5.403622062381498, 5.403622062381498, 8.245038698491367]}]}"
3010_CsPoVacBr,Br-Cs-Po,9,"{'@module': 'pymatgen.core.structure', '@class': 'Structure', 'charge': 0.0, 'lattice': {'matrix': [[0.0, 5.482350980362961, 5.482350980362961], [5.482350980362961, 0.0, 5.482350980362961], [5.482350980362961, 5.482350980362961, 0.0]], 'pbc': (True, True, True), 'a': 7.753215110118733, 'b': 7.753215110118733, 'c': 7.753215110118733, 'alpha': 59.99999999999999, 'beta': 59.99999999999999, 'gamma': 59.99999999999999, 'volume': 329.5569710414724}, 'properties': {}, 'sites': [{'species': [{'element': 'Po', 'occu': 1}], 'abc': [0.0, 0.0, 0.0], 'properties': {}, 'label': 'Po', 'xyz': [0.0, 0.0, 0.0]}, {'species': [{'element': 'Cs', 'occu': 1}], 'abc': [0.25, 0.25, 0.25], 'properties': {}, 'label': 'Cs', 'xyz': [2.7411754901814804, 2.7411754901814804, 2.7411754901814804]}, {'species': [{'element': 'Cs', 'occu': 1}], 'abc': [0.75, 0.75, 0.75], 'properties': {}, 'label': 'Cs', 'xyz': [8.223526470544442, 8.223526470544442, 8.223526470544442]}, {'species': [{'element': 'Br', 'occu': 1}], 'abc': [0.7480904526221721, 0.2519095473778279, 0.2519095473778279], 'properties': {}, 'label': 'Br', 'xyz': [2.762113108059249, 5.482350980362961, 5.482350980362961]}, {'species': [{'element': 'Br', 'occu': 1}], 'abc': [0.2519095473778279, 0.7480904526221721, 0.7480904526221721], 'properties': {}, 'label': 'Br', 'xyz': [8.202588852666672, 5.482350980362961, 5.482350980362961]}, {'species': [{'element': 'Br', 'occu': 1}], 'abc': [0.2519095473778279, 0.7480904526221721, 0.2519095473778279], 'properties': {}, 'label': 'Br', 'xyz': [5.482350980362961, 2.762113108059249, 5.482350980362961]}, {'species': [{'element': 'Br', 'occu': 1}], 'abc': [0.7480904526221721, 0.2519095473778279, 0.7480904526221721], 'properties': {}, 'label': 'Br', 'xyz': [5.482350980362961, 8.202588852666672, 5.482350980362961]}, {'species': [{'element': 'Br', 'occu': 1}], 'abc': [0.2519095473778279, 0.2519095473778279, 0.7480904526221721], 'properties': {}, 'label': 'Br', 'xyz': [5.482350980362961, 5.482350980362961, 2.762113108059249]}, {'species': [{'element': 'Br', 'occu': 1}], 'abc': [0.7480904526221721, 0.7480904526221721, 0.2519095473778279], 'properties': {}, 'label': 'Br', 'xyz': [5.482350980362961, 5.482350980362961, 8.202588852666672]}]}"
3017_CsMgRaBr,Br-Cs-Mg-Ra,10,"{'@module': 'pymatgen.core.structure', '@class': 'Structure', 'charge': 0.0, 'lattice': {'matrix': [[0.0, 5.797720548422282, 5.797720548422282], [5.797720548422282, 0.0, 5.797720548422282], [5.797720548422282, 5.797720548422282, 0.0]], 'pbc': (True, True, True), 'a': 8.19921503042797, 'b': 8.19921503042797, 'c': 8.19921503042797, 'alpha': 60.00000000000001, 'beta': 60.00000000000001, 'gamma': 60.00000000000001, 'volume': 389.7640962871682}, 'properties': {}, 'sites': [{'species': [{'element': 'Mg', 'occu': 1}], 'abc': [0.0, 0.0, 0.0], 'properties': {}, 'label': 'Mg', 'xyz': [0.0, 0.0, 0.0]}, {'species': [{'element': 'Ra', 'occu': 1}], 'abc': [0.5, 0.5, 0.5], 'properties': {}, 'label': 'Ra', 'xyz': [5.797720548422282, 5.797720548422282, 5.797720548422282]}, {'species': [{'element': 'Cs', 'occu': 1}], 'abc': [0.25, 0.25, 0.25], 'properties': {}, 'label': 'Cs', 'xyz': [2.898860274211141, 2.898860274211141, 2.898860274211141]}, {'species': [{'element': 'Cs', 'occu': 1}], 'abc': [0.75, 0.75, 0.75], 'properties': {}, 'label': 'Cs', 'xyz': [8.696580822633422, 8.696580822633422, 8.696580822633422]}, {'species': [{'element': 'Br', 'occu': 1}], 'abc': [0.7719888121435474, 0.2280111878564526, 0.2280111878564526], 'properties': {}, 'label': 'Br', 'xyz': [2.6438902982110566, 5.797720548422282, 5.797720548422282]}, {'species': [{'element': 'Br', 'occu': 1}], 'abc': [0.2280111878564526, 0.7719888121435474, 0.7719888121435474], 'properties': {}, 'label': 'Br', 'xyz': [8.951550798633507, 5.797720548422282, 5.797720548422282]}, {'species': [{'element': 'Br', 'occu': 1}], 'abc': [0.2280111878564526, 0.7719888121435474, 0.2280111878564526], 'properties': {}, 'label': 'Br', 'xyz': [5.797720548422282, 2.6438902982110566, 5.797720548422282]}, {'species': [{'element': 'Br', 'occu': 1}], 'abc': [0.7719888121435474, 0.2280111878564526, 0.7719888121435474], 'properties': {}, 'label': 'Br', 'xyz': [5.797720548422282, 8.951550798633507, 5.797720548422282]}, {'species': [{'element': 'Br', 'occu': 1}], 'abc': [0.2280111878564526, 0.2280111878564526, 0.7719888121435474], 'properties': {}, 'label': 'Br', 'xyz': [5.797720548422282, 5.797720548422282, 2.6438902982110566]}, {'species': [{'element': 'Br', 'occu': 1}], 'abc': [0.7719888121435474, 0.7719888121435474, 0.2280111878564526], 'properties': {}, 'label': 'Br', 'xyz': [5.797720548422282, 5.797720548422282, 8.951550798633507]}]}"
3033_CsGeRaBr,Br-Cs-Ge-Ra,10,"{'@module': 'pymatgen.core.structure', '@class': 'Structure', 'charge': 0.0, 'lattice': {'matrix': [[0.0, 5.905512444336967, 5.905512444336967], [5.905512444336967, 0.0, 5.905512444336967], [5.905512444336967, 5.905512444336967, 0.0]], 'pbc': (True, True, True), 'a': 8.351655791544426, 'b': 8.351655791544426, 'c': 8.351655791544426, 'alpha': 59.99999999999999, 'beta': 59.99999999999999, 'gamma': 59.99999999999999, 'volume': 411.9104051605396}, 'properties': {}, 'sites': [{'species': [{'element': 'Ge', 'occu': 1}], 'abc': [0.0, 0.0, 0.0], 'properties': {}, 'label': 'Ge', 'xyz': [0.0, 0.0, 0.0]}, {'species': [{'element': 'Ra', 'occu': 1}], 'abc': [0.5, 0.5, 0.5], 'properties': {}, 'label': 'Ra', 'xyz': [5.905512444336967, 5.905512444336967, 5.905512444336967]}, {'species': [{'element': 'Cs', 'occu': 1}], 'abc': [0.25, 0.25, 0.25], 'properties': {}, 'label': 'Cs', 'xyz': [2.9527562221684835, 2.9527562221684835, 2.9527562221684835]}, {'species': [{'element': 'Cs', 'occu': 1}], 'abc': [0.75, 0.75, 0.75], 'properties': {}, 'label': 'Cs', 'xyz': [8.85826866650545, 8.85826866650545, 8.85826866650545]}, {'species': [{'element': 'Br', 'occu': 1}], 'abc': [0.7671193698401595, 0.2328806301598405, 0.2328806301598405], 'properties': {}, 'label': 'Br', 'xyz': [2.750558918907946, 5.905512444336967, 5.905512444336967]}, {'species': [{'element': 'Br', 'occu': 1}], 'abc': [0.2328806301598405, 0.7671193698401595, 0.7671193698401595], 'properties': {}, 'label': 'Br', 'xyz': [9.060465969765989, 5.905512444336967, 5.905512444336967]}, {'species': [{'element': 'Br', 'occu': 1}], 'abc': [0.2328806301598405, 0.7671193698401595, 0.2328806301598405], 'properties': {}, 'label': 'Br', 'xyz': [5.905512444336967, 2.750558918907946, 5.905512444336967]}, {'species': [{'element': 'Br', 'occu': 1}], 'abc': [0.7671193698401595, 0.2328806301598405, 0.7671193698401595], 'properties': {}, 'label': 'Br', 'xyz': [5.905512444336967, 9.060465969765989, 5.905512444336967]}, {'species': [{'element': 'Br', 'occu': 1}], 'abc': [0.2328806301598405, 0.2328806301598405, 0.7671193698401595], 'properties': {}, 'label': 'Br', 'xyz': [5.905512444336967, 5.905512444336967, 2.750558918907946]}, {'species': [{'element': 'Br', 'occu': 1}], 'abc': [0.7671193698401595, 0.7671193698401595, 0.2328806301598405], 'properties': {}, 'label': 'Br', 'xyz': [5.905512444336967, 5.905512444336967, 9.060465969765989]}]}"
3035_CsCuRaBr,Br-Cs-Cu-Ra,10,"{'@module': 'pymatgen.core.structure', '@class': 'Structure', 'charge': 0.0, 'lattice': {'matrix': [[0.0, 5.682034988155027, 5.682034988155027], [5.682034988155027, 0.0, 5.682034988155027], [5.682034988155027, 5.682034988155027, 0.0]], 'pbc': (True, True, True), 'a': 8.035610942127288, 'b': 8.035610942127288, 'c': 8.035610942127288, 'alpha': 60.00000000000001, 'beta': 60.00000000000001, 'gamma': 60.00000000000001, 'volume': 366.894926759276}, 'properties': {}, 'sites': [{'species': [{'element': 'Cu', 'occu': 1}], 'abc': [0.0, 0.0, 0.0], 'properties': {}, 'label': 'Cu', 'xyz': [0.0, 0.0, 0.0]}, {'species': [{'element': 'Ra', 'occu': 1}], 'abc': [0.5, 0.5, 0.5], 'properties': {}, 'label': 'Ra', 'xyz': [5.682034988155027, 5.682034988155027, 5.682034988155027]}, {'species': [{'element': 'Cs', 'occu': 1}], 'abc': [0.25, 0.25, 0.25], 'properties': {}, 'label': 'Cs', 'xyz': [2.8410174940775135, 2.8410174940775135, 2.8410174940775135]}, {'species': [{'element': 'Cs', 'occu': 1}], 'abc': [0.75, 0.75, 0.75], 'properties': {}, 'label': 'Cs', 'xyz': [8.52305248223254, 8.52305248223254, 8.52305248223254]}, {'species': [{'element': 'Br', 'occu': 1}], 'abc': [0.7759105557117181, 0.2240894442882819, 0.2240894442882819], 'properties': {}, 'label': 'Br', 'xyz': [2.546568125844469, 5.682034988155026, 5.682034988155026]}, {'species': [{'element': 'Br', 'occu': 1}], 'abc': [0.2240894442882819, 0.7759105557117181, 0.7759105557117181], 'properties': {}, 'label': 'Br', 'xyz': [8.817501850465584, 5.682034988155026, 5.682034988155026]}, {'species': [{'element': 'Br', 'occu': 1}], 'abc': [0.2240894442882819, 0.7759105557117181, 0.2240894442882819], 'properties': {}, 'label': 'Br', 'xyz': [5.682034988155026, 2.546568125844469, 5.682034988155026]}, {'species': [{'element': 'Br', 'occu': 1}], 'abc': [0.7759105557117181, 0.2240894442882819, 0.7759105557117181], 'properties': {}, 'label': 'Br', 'xyz': [5.682034988155026, 8.817501850465584, 5.682034988155026]}, {'species': [{'element': 'Br', 'occu': 1}], 'abc': [0.2240894442882819, 0.2240894442882819, 0.7759105557117181], 'properties': {}, 'label': 'Br', 'xyz': [5.682034988155026, 5.682034988155026, 2.546568125844469]}, {'species': [{'element': 'Br', 'occu': 1}], 'abc': [0.7759105557117181, 0.7759105557117181, 0.2240894442882819], 'properties': {}, 'label': 'Br', 'xyz': [5.682034988155026, 5.682034988155026, 8.817501850465584]}]}"
3038_CsCaAmBr,Am-Br-Ca-Cs,10,"{'@module': 'pymatgen.core.structure', '@class': 'Structure', 'charge': 0.0, 'lattice': {'matrix': [[0.0, 5.717424691554754, 5.717424691554754], [5.717424691554754, 0.0, 5.717424691554754], [5.717424691554754, 5.717424691554754, 0.0]], 'pbc': (True, True, True), 'a': 8.085659540643544, 'b': 8.085659540643544, 'c': 8.085659540643544, 'alpha': 60.00000000000001, 'beta': 60.00000000000001, 'gamma': 60.00000000000001, 'volume': 373.7931637524008}, 'properties': {}, 'sites': [{'species': [{'element': 'Ca', 'occu': 1}], 'abc': [0.0, 0.0, 0.0], 'properties': {}, 'label': 'Ca', 'xyz': [0.0, 0.0, 0.0]}, {'species': [{'element': 'Am', 'occu': 1}], 'abc': [0.5, 0.5, 0.5], 'properties': {}, 'label': 'Am', 'xyz': [5.717424691554754, 5.717424691554754, 5.717424691554754]}, {'species': [{'element': 'Cs', 'occu': 1}], 'abc': [0.25, 0.25, 0.25], 'properties': {}, 'label': 'Cs', 'xyz': [2.858712345777377, 2.858712345777377, 2.858712345777377]}, {'species': [{'element': 'Cs', 'occu': 1}], 'abc': [0.75, 0.75, 0.75], 'properties': {}, 'label': 'Cs', 'xyz': [8.576137037332131, 8.576137037332131, 8.576137037332131]}, {'species': [{'element': 'Br', 'occu': 1}], 'abc': [0.7531853889947797, 0.2468146110052203, 0.2468146110052203], 'properties': {}, 'label': 'Br', 'xyz': [2.822287902395457, 5.717424691554754, 5.717424691554754]}, {'species': [{'element': 'Br', 'occu': 1}], 'abc': [0.2468146110052203, 0.7531853889947797, 0.7531853889947797], 'properties': {}, 'label': 'Br', 'xyz': [8.612561480714051, 5.717424691554754, 5.717424691554754]}, {'species': [{'element': 'Br', 'occu': 1}], 'abc': [0.2468146110052203, 0.7531853889947797, 0.2468146110052203], 'properties': {}, 'label': 'Br', 'xyz': [5.717424691554754, 2.822287902395457, 5.717424691554754]}, {'species': [{'element': 'Br', 'occu': 1}], 'abc': [0.7531853889947797, 0.2468146110052203, 0.7531853889947797], 'properties': {}, 'label': 'Br', 'xyz': [5.717424691554754, 8.612561480714051, 5.717424691554754]}, {'species': [{'element': 'Br', 'occu': 1}], 'abc': [0.2468146110052203, 0.2468146110052203, 0.7531853889947797], 'properties': {}, 'label': 'Br', 'xyz': [5.717424691554754, 5.717424691554754, 2.822287902395457]}, {'species': [{'element': 'Br', 'occu': 1}], 'abc': [0.7531853889947797, 0.7531853889947797, 0.2468146110052203], 'properties': {}, 'label': 'Br', 'xyz': [5.717424691554754, 5.717424691554754, 8.612561480714051]}]}"
3058_CsZnRaBr,Br-Cs-Ra-Zn,10,"{'@module': 'pymatgen.core.structure', '@class': 'Structure', 'charge': 0.0, 'lattice': {'matrix': [[0.0, 5.741575417191106, 5.741575417191106], [5.741575417191106, 0.0, 5.741575417191106], [5.741575417191106, 5.741575417191106, 0.0]], 'pbc': (True, True, True), 'a': 8.119813824379623, 'b': 8.119813824379623, 'c': 8.119813824379623, 'alpha': 60.00000000000001, 'beta': 60.00000000000001, 'gamma': 60.00000000000001, 'volume': 378.5499707784846}, 'properties': {}, 'sites': [{'species': [{'element': 'Zn', 'occu': 1}], 'abc': [0.0, 0.0, 0.0], 'properties': {}, 'label': 'Zn', 'xyz': [0.0, 0.0, 0.0]}, {'species': [{'element': 'Ra', 'occu': 1}], 'abc': [0.5, 0.5, 0.5], 'properties': {}, 'label': 'Ra', 'xyz': [5.741575417191106, 5.741575417191106, 5.741575417191106]}, {'species': [{'element': 'Cs', 'occu': 1}], 'abc': [0.25, 0.25, 0.25], 'properties': {}, 'label': 'Cs', 'xyz': [2.870787708595553, 2.870787708595553, 2.870787708595553]}, {'species': [{'element': 'Cs', 'occu': 1}], 'abc': [0.75, 0.75, 0.75], 'properties': {}, 'label': 'Cs', 'xyz': [8.612363125786658, 8.612363125786658, 8.612363125786658]}, {'species': [{'element': 'Br', 'occu': 1}], 'abc': [0.7744270939919673, 0.2255729060080327, 0.2255729060080327], 'properties': {}, 'label': 'Br', 'xyz': [2.590287703840161, 5.741575417191106, 5.741575417191106]}, {'species': [{'element': 'Br', 'occu': 1}], 'abc': [0.2255729060080327, 0.7744270939919673, 0.7744270939919673], 'properties': {}, 'label': 'Br', 'xyz': [8.89286313054205, 5.741575417191106, 5.741575417191106]}, {'species': [{'element': 'Br', 'occu': 1}], 'abc': [0.2255729060080327, 0.7744270939919673, 0.2255729060080327], 'properties': {}, 'label': 'Br', 'xyz': [5.741575417191106, 2.590287703840161, 5.741575417191106]}, {'species': [{'element': 'Br', 'occu': 1}], 'abc': [0.7744270939919673, 0.2255729060080327, 0.7744270939919673], 'properties': {}, 'label': 'Br', 'xyz': [5.741575417191106, 8.89286313054205, 5.741575417191106]}, {'species': [{'element': 'Br', 'occu': 1}], 'abc': [0.2255729060080327, 0.2255729060080327, 0.7744270939919673], 'properties': {}, 'label': 'Br', 'xyz': [5.741575417191106, 5.741575417191106, 2.590287703840161]}, {'species': [{'element': 'Br', 'occu': 1}], 'abc': [0.7744270939919673, 0.7744270939919673, 0.2255729060080327], 'properties': {}, 'label': 'Br', 'xyz': [5.741575417191106, 5.741575417191106, 8.89286313054205]}]}"
3066_CsYbAmBr,Am-Br-Cs-Yb,10,"{'@module': 'pymatgen.core.structure', '@class': 'Structure', 'charge': 0.0, 'lattice': {'matrix': [[0.0, 5.616261098223435, 5.616261098223435], [5.616261098223435, 0.0, 5.616261098223435], [5.616261098223435, 5.616261098223435, 0.0]], 'pbc': (True, True, True), 'a': 7.942592614935996, 'b': 7.942592614935996, 'c': 7.942592614935996, 'alpha': 60.00000000000001, 'beta': 60.00000000000001, 'gamma': 60.00000000000001, 'volume': 354.3005814647471}, 'properties': {}, 'sites': [{'species': [{'element': 'Yb', 'occu': 1}], 'abc': [0.0, 0.0, 0.0], 'properties': {}, 'label': 'Yb', 'xyz': [0.0, 0.0, 0.0]}, {'species': [{'element': 'Am', 'occu': 1}], 'abc': [0.5, 0.5, 0.5], 'properties': {}, 'label': 'Am', 'xyz': [5.616261098223435, 5.616261098223435, 5.616261098223435]}, {'species': [{'element': 'Cs', 'occu': 1}], 'abc': [0.25, 0.25, 0.25], 'properties': {}, 'label': 'Cs', 'xyz': [2.8081305491117177, 2.8081305491117177, 2.8081305491117177]}, {'species': [{'element': 'Cs', 'occu': 1}], 'abc': [0.75, 0.75, 0.75], 'properties': {}, 'label': 'Cs', 'xyz': [8.424391647335153, 8.424391647335153, 8.424391647335153]}, {'species': [{'element': 'Br', 'occu': 1}], 'abc': [0.7573561338921948, 0.2426438661078052, 0.2426438661078052], 'properties': {}, 'label': 'Br', 'xyz': [2.7255026118876042, 5.616261098223435, 5.616261098223435]}, {'species': [{'element': 'Br', 'occu': 1}], 'abc': [0.2426438661078052, 0.7573561338921948, 0.7573561338921948], 'properties': {}, 'label': 'Br', 'xyz': [8.507019584559266, 5.616261098223435, 5.616261098223435]}, {'species': [{'element': 'Br', 'occu': 1}], 'abc': [0.2426438661078052, 0.7573561338921948, 0.2426438661078052], 'properties': {}, 'label': 'Br', 'xyz': [5.616261098223435, 2.7255026118876042, 5.616261098223435]}, {'species': [{'element': 'Br', 'occu': 1}], 'abc': [0.7573561338921948, 0.2426438661078052, 0.7573561338921948], 'properties': {}, 'label': 'Br', 'xyz': [5.616261098223435, 8.507019584559266, 5.616261098223435]}, {'species': [{'element': 'Br', 'occu': 1}], 'abc': [0.2426438661078052, 0.2426438661078052, 0.7573561338921948], 'properties': {}, 'label': 'Br', 'xyz': [5.616261098223435, 5.616261098223435, 2.7255026118876042]}, {'species': [{'element': 'Br', 'occu': 1}], 'abc': [0.7573561338921948, 0.7573561338921948, 0.2426438661078052], 'properties': {}, 'label': 'Br', 'xyz': [5.616261098223435, 5.616261098223435, 8.507019584559266]}]}"
3067_CsMnRaBr,Br-Cs-Mn-Ra,10,"{'@module': 'pymatgen.core.structure', '@class': 'Structure', 'charge': 0.0, 'lattice': {'matrix': [[0.0, 5.785126014877496, 5.785126014877496], [5.785126014877496, 0.0, 5.785126014877496], [5.785126014877496, 5.785126014877496, 0.0]], 'pbc': (True, True, True), 'a': 8.18140367027717, 'b': 8.18140367027717, 'c': 8.18140367027717, 'alpha': 60.00000000000001, 'beta': 60.00000000000001, 'gamma': 60.00000000000001, 'volume': 387.22952725465177}, 'properties': {}, 'sites': [{'species': [{'element': 'Mn', 'occu': 1}], 'abc': [0.0, 0.0, 0.0], 'properties': {}, 'label': 'Mn', 'xyz': [0.0, 0.0, 0.0]}, {'species': [{'element': 'Ra', 'occu': 1}], 'abc': [0.5, 0.5, 0.5], 'properties': {}, 'label': 'Ra', 'xyz': [5.785126014877496, 5.785126014877496, 5.785126014877496]}, {'species': [{'element': 'Cs', 'occu': 1}], 'abc': [0.25, 0.25, 0.25], 'properties': {}, 'label': 'Cs', 'xyz': [2.892563007438748, 2.892563007438748, 2.892563007438748]}, {'species': [{'element': 'Cs', 'occu': 1}], 'abc': [0.75, 0.75, 0.75], 'properties': {}, 'label': 'Cs', 'xyz': [8.677689022316244, 8.677689022316244, 8.677689022316244]}, {'species': [{'element': 'Br', 'occu': 1}], 'abc': [0.7727094699038375, 0.2272905300961625, 0.2272905300961625], 'properties': {}, 'label': 'Br', 'xyz': [2.629808717189212, 5.785126014877496, 5.785126014877496]}, {'species': [{'element': 'Br', 'occu': 1}], 'abc': [0.2272905300961625, 0.7727094699038375, 0.7727094699038375], 'properties': {}, 'label': 'Br', 'xyz': [8.94044331256578, 5.785126014877496, 5.785126014877496]}, {'species': [{'element': 'Br', 'occu': 1}], 'abc': [0.2272905300961625, 0.7727094699038375, 0.2272905300961625], 'properties': {}, 'label': 'Br', 'xyz': [5.785126014877496, 2.629808717189212, 5.785126014877496]}, {'species': [{'element': 'Br', 'occu': 1}], 'abc': [0.7727094699038375, 0.2272905300961625, 0.7727094699038375], 'properties': {}, 'label': 'Br', 'xyz': [5.785126014877496, 8.94044331256578, 5.785126014877496]}, {'species': [{'element': 'Br', 'occu': 1}], 'abc': [0.2272905300961625, 0.2272905300961625, 0.7727094699038375], 'properties': {}, 'label': 'Br', 'xyz': [5.785126014877496, 5.785126014877496, 2.629808717189212]}, {'species': [{'element': 'Br', 'occu': 1}], 'abc': [0.7727094699038375, 0.7727094699038375, 0.2272905300961625], 'properties': {}, 'label': 'Br', 'xyz': [5.785126014877496, 5.785126014877496, 8.94044331256578]}]}"
3076_CsPFrBr,Br-Cs-Fr-P,10,"{'@module': 'pymatgen.core.structure', '@class': 'Structure', 'charge': 0.0, 'lattice': {'matrix': [[0.0, 5.890888319958004, 5.890888319958004], [5.890888319958004, 0.0, 5.890888319958004], [5.890888319958004, 5.890888319958004, 0.0]], 'pbc': (True, True, True), 'a': 8.330974156509866, 'b': 8.330974156509866, 'c': 8.330974156509866, 'alpha': 59.99999999999999, 'beta': 59.99999999999999, 'gamma': 59.99999999999999, 'volume': 408.85787199752286}, 'properties': {}, 'sites': [{'species': [{'element': 'P', 'occu': 1}], 'abc': [0.0, 0.0, 0.0], 'properties': {}, 'label': 'P', 'xyz': [0.0, 0.0, 0.0]}, {'species': [{'element': 'Fr', 'occu': 1}], 'abc': [0.5, 0.5, 0.5], 'properties': {}, 'label': 'Fr', 'xyz': [5.890888319958004, 5.890888319958004, 5.890888319958004]}, {'species': [{'element': 'Cs', 'occu': 1}], 'abc': [0.25, 0.25, 0.25], 'properties': {}, 'label': 'Cs', 'xyz': [2.945444159979002, 2.945444159979002, 2.945444159979002]}, {'species': [{'element': 'Cs', 'occu': 1}], 'abc': [0.75, 0.75, 0.75], 'properties': {}, 'label': 'Cs', 'xyz': [8.836332479937006, 8.836332479937006, 8.836332479937006]}, {'species': [{'element': 'Br', 'occu': 1}], 'abc': [0.783764366814097, 0.216235633185903, 0.216235633185903], 'properties': {}, 'label': 'Br', 'xyz': [2.547639931787119, 5.890888319958004, 5.890888319958004]}, {'species': [{'element': 'Br', 'occu': 1}], 'abc': [0.216235633185903, 0.783764366814097, 0.783764366814097], 'properties': {}, 'label': 'Br', 'xyz': [9.23413670812889, 5.890888319958004, 5.890888319958004]}, {'species': [{'element': 'Br', 'occu': 1}], 'abc': [0.216235633185903, 0.783764366814097, 0.216235633185903], 'properties': {}, 'label': 'Br', 'xyz': [5.890888319958004, 2.547639931787119, 5.890888319958004]}, {'species': [{'element': 'Br', 'occu': 1}], 'abc': [0.783764366814097, 0.216235633185903, 0.783764366814097], 'properties': {}, 'label': 'Br', 'xyz': [5.890888319958004, 9.23413670812889, 5.890888319958004]}, {'species': [{'element': 'Br', 'occu': 1}], 'abc': [0.216235633185903, 0.216235633185903, 0.783764366814097], 'properties': {}, 'label': 'Br', 'xyz': [5.890888319958004, 5.890888319958004, 2.547639931787119]}, {'species': [{'element': 'Br', 'occu': 1}], 'abc': [0.783764366814097, 0.783764366814097, 0.216235633185903], 'properties': {}, 'label': 'Br', 'xyz': [5.890888319958004, 5.890888319958004, 9.23413670812889]}]}"
3085_CsCrRaBr,Br-Cr-Cs-Ra,10,"{'@module': 'pymatgen.core.structure', '@class': 'Structure', 'charge': 0.0, 'lattice': {'matrix': [[0.0, 5.748640135594107, 5.748640135594107], [5.748640135594107, 0.0, 5.748640135594107], [5.748640135594107, 5.748640135594107, 0.0]], 'pbc': (True, True, True), 'a': 8.129804844959493, 'b': 8.129804844959493, 'c': 8.129804844959493, 'alpha': 59.99999999999999, 'beta': 59.99999999999999, 'gamma': 59.99999999999999, 'volume': 379.94905069192794}, 'properties': {}, 'sites': [{'species': [{'element': 'Cr', 'occu': 1}], 'abc': [0.0, 0.0, 0.0], 'properties': {}, 'label': 'Cr', 'xyz': [0.0, 0.0, 0.0]}, {'species': [{'element': 'Ra', 'occu': 1}], 'abc': [0.5, 0.5, 0.5], 'properties': {}, 'label': 'Ra', 'xyz': [5.748640135594107, 5.748640135594107, 5.748640135594107]}, {'species': [{'element': 'Cs', 'occu': 1}], 'abc': [0.25, 0.25, 0.25], 'properties': {}, 'label': 'Cs', 'xyz': [2.8743200677970533, 2.8743200677970533, 2.8743200677970533]}, {'species': [{'element': 'Cs', 'occu': 1}], 'abc': [0.75, 0.75, 0.75], 'properties': {}, 'label': 'Cs', 'xyz': [8.622960203391159, 8.622960203391159, 8.622960203391159]}, {'species': [{'element': 'Br', 'occu': 1}], 'abc': [0.7741674610993599, 0.2258325389006401, 0.2258325389006401], 'properties': {}, 'label': 'Br', 'xyz': [2.596459994094674, 5.748640135594107, 5.748640135594107]}, {'species': [{'element': 'Br', 'occu': 1}], 'abc': [0.2258325389006401, 0.7741674610993599, 0.7741674610993599], 'properties': {}, 'label': 'Br', 'xyz': [8.900820277093539, 5.748640135594107, 5.748640135594107]}, {'species': [{'element': 'Br', 'occu': 1}], 'abc': [0.2258325389006401, 0.7741674610993599, 0.2258325389006401], 'properties': {}, 'label': 'Br', 'xyz': [5.748640135594107, 2.596459994094674, 5.748640135594107]}, {'species': [{'element': 'Br', 'occu': 1}], 'abc': [0.7741674610993599, 0.2258325389006401, 0.7741674610993599], 'properties': {}, 'label': 'Br', 'xyz': [5.748640135594107, 8.900820277093539, 5.748640135594107]}, {'species': [{'element': 'Br', 'occu': 1}], 'abc': [0.2258325389006401, 0.2258325389006401, 0.7741674610993599], 'properties': {}, 'label': 'Br', 'xyz': [5.748640135594107, 5.748640135594107, 2.596459994094674]}, {'species': [{'element': 'Br', 'occu': 1}], 'abc': [0.7741674610993599, 0.7741674610993599, 0.2258325389006401], 'properties': {}, 'label': 'Br', 'xyz': [5.748640135594107, 5.748640135594107, 8.900820277093539]}]}"
3128_CsVRaBr,Br-Cs-Ra-V,10,"{'@module': 'pymatgen.core.structure', '@class': 'Structure', 'charge': 0.0, 'lattice': {'matrix': [[0.0, 5.723533363288139, 5.723533363288139], [5.723533363288139, 0.0, 5.723533363288139], [5.723533363288139, 5.723533363288139, 0.0]], 'pbc': (True, True, True), 'a': 8.094298507056982, 'b': 8.094298507056982, 'c': 8.094298507056982, 'alpha': 60.00000000000001, 'beta': 60.00000000000001, 'gamma': 60.00000000000001, 'volume': 374.99256052206374}, 'properties': {}, 'sites': [{'species': [{'element': 'V', 'occu': 1}], 'abc': [0.0, 0.0, 0.0], 'properties': {}, 'label': 'V', 'xyz': [0.0, 0.0, 0.0]}, {'species': [{'element': 'Ra', 'occu': 1}], 'abc': [0.5, 0.5, 0.5], 'properties': {}, 'label': 'Ra', 'xyz': [5.723533363288139, 5.723533363288139, 5.723533363288139]}, {'species': [{'element': 'Cs', 'occu': 1}], 'abc': [0.25, 0.25, 0.25], 'properties': {}, 'label': 'Cs', 'xyz': [2.8617666816440694, 2.8617666816440694, 2.8617666816440694]}, {'species': [{'element': 'Cs', 'occu': 1}], 'abc': [0.75, 0.75, 0.75], 'properties': {}, 'label': 'Cs', 'xyz': [8.585300044932207, 8.585300044932207, 8.585300044932207]}, {'species': [{'element': 'Br', 'occu': 1}], 'abc': [0.7747474493329918, 0.2252525506670082, 0.2252525506670082], 'properties': {}, 'label': 'Br', 'xyz': [2.5784809778167466, 5.723533363288139, 5.723533363288139]}, {'species': [{'element': 'Br', 'occu': 1}], 'abc': [0.2252525506670082, 0.7747474493329918, 0.7747474493329918], 'properties': {}, 'label': 'Br', 'xyz': [8.86858574875953, 5.723533363288139, 5.723533363288139]}, {'species': [{'element': 'Br', 'occu': 1}], 'abc': [0.2252525506670082, 0.7747474493329918, 0.2252525506670082], 'properties': {}, 'label': 'Br', 'xyz': [5.723533363288139, 2.5784809778167466, 5.723533363288139]}, {'species': [{'element': 'Br', 'occu': 1}], 'abc': [0.7747474493329918, 0.2252525506670082, 0.7747474493329918], 'properties': {}, 'label': 'Br', 'xyz': [5.723533363288139, 8.86858574875953, 5.723533363288139]}, {'species': [{'element': 'Br', 'occu': 1}], 'abc': [0.2252525506670082, 0.2252525506670082, 0.7747474493329918], 'properties': {}, 'label': 'Br', 'xyz': [5.723533363288139, 5.723533363288139, 2.5784809778167466]}, {'species': [{'element': 'Br', 'occu': 1}], 'abc': [0.7747474493329918, 0.7747474493329918, 0.2252525506670082], 'properties': {}, 'label': 'Br', 'xyz': [5.723533363288139, 5.723533363288139, 8.86858574875953]}]}"
3143_CsPtRaBr,Br-Cs-Pt-Ra,10,"{'@module': 'pymatgen.core.structure', '@class': 'Structure', 'charge': 0.0, 'lattice': {'matrix': [[0.0, 5.7546291823637015, 5.7546291823637015], [5.7546291823637015, 0.0, 5.7546291823637015], [5.7546291823637015, 5.7546291823637015, 0.0]], 'pbc': (True, True, True), 'a': 8.138274636126742, 'b': 8.138274636126742, 'c': 8.138274636126742, 'alpha': 60.00000000000001, 'beta': 60.00000000000001, 'gamma': 60.00000000000001, 'volume': 381.1378035616626}, 'properties': {}, 'sites': [{'species': [{'element': 'Pt', 'occu': 1}], 'abc': [0.0, 0.0, 0.0], 'properties': {}, 'label': 'Pt', 'xyz': [0.0, 0.0, 0.0]}, {'species': [{'element': 'Ra', 'occu': 1}], 'abc': [0.5, 0.5, 0.5], 'properties': {}, 'label': 'Ra', 'xyz': [5.7546291823637015, 5.7546291823637015, 5.7546291823637015]}, {'species': [{'element': 'Cs', 'occu': 1}], 'abc': [0.25, 0.25, 0.25], 'properties': {}, 'label': 'Cs', 'xyz': [2.8773145911818507, 2.8773145911818507, 2.8773145911818507]}, {'species': [{'element': 'Cs', 'occu': 1}], 'abc': [0.75, 0.75, 0.75], 'properties': {}, 'label': 'Cs', 'xyz': [8.631943773545553, 8.631943773545553, 8.631943773545553]}, {'species': [{'element': 'Br', 'occu': 1}], 'abc': [0.7731831460296519, 0.2268168539703481, 0.2268168539703481], 'properties': {}, 'label': 'Br', 'xyz': [2.6104937738193827, 5.754629182363701, 5.754629182363701]}, {'species': [{'element': 'Br', 'occu': 1}], 'abc': [0.2268168539703481, 0.7731831460296519, 0.7731831460296519], 'properties': {}, 'label': 'Br', 'xyz': [8.89876459090802, 5.754629182363701, 5.754629182363701]}, {'species': [{'element': 'Br', 'occu': 1}], 'abc': [0.2268168539703481, 0.7731831460296519, 0.2268168539703481], 'properties': {}, 'label': 'Br', 'xyz': [5.754629182363701, 2.6104937738193827, 5.754629182363701]}, {'species': [{'element': 'Br', 'occu': 1}], 'abc': [0.7731831460296519, 0.2268168539703481, 0.7731831460296519], 'properties': {}, 'label': 'Br', 'xyz': [5.754629182363701, 8.89876459090802, 5.754629182363701]}, {'species': [{'element': 'Br', 'occu': 1}], 'abc': [0.2268168539703481, 0.2268168539703481, 0.7731831460296519], 'properties': {}, 'label': 'Br', 'xyz': [5.754629182363701, 5.754629182363701, 2.6104937738193827]}, {'species': [{'element': 'Br', 'occu': 1}], 'abc': [0.7731831460296519, 0.7731831460296519, 0.2268168539703481], 'properties': {}, 'label': 'Br', 'xyz': [5.754629182363701, 5.754629182363701, 8.89876459090802]}]}"
3204_CsNpAmBr,Am-Br-Cs-Np,10,"{'@module': 'pymatgen.core.structure', '@class': 'Structure', 'charge': 0.0, 'lattice': {'matrix': [[0.0, 5.726278945260038, 5.726278945260038], [5.726278945260038, 0.0, 5.726278945260038], [5.726278945260038, 5.726278945260038, 0.0]], 'pbc': (True, True, True), 'a': 8.098181346318247, 'b': 8.098181346318247, 'c': 8.098181346318247, 'alpha': 60.00000000000001, 'beta': 60.00000000000001, 'gamma': 60.00000000000001, 'volume': 375.5324718219437}, 'properties': {}, 'sites': [{'species': [{'element': 'Np', 'occu': 1}], 'abc': [0.0, 0.0, 0.0], 'properties': {}, 'label': 'Np', 'xyz': [0.0, 0.0, 0.0]}, {'species': [{'element': 'Am', 'occu': 1}], 'abc': [0.5, 0.5, 0.5], 'properties': {}, 'label': 'Am', 'xyz': [5.726278945260038, 5.726278945260038, 5.726278945260038]}, {'species': [{'element': 'Cs', 'occu': 1}], 'abc': [0.25, 0.25, 0.25], 'properties': {}, 'label': 'Cs', 'xyz': [2.863139472630019, 2.863139472630019, 2.863139472630019]}, {'species': [{'element': 'Cs', 'occu': 1}], 'abc': [0.75, 0.75, 0.75], 'properties': {}, 'label': 'Cs', 'xyz': [8.589418417890057, 8.589418417890057, 8.589418417890057]}, {'species': [{'element': 'Br', 'occu': 1}], 'abc': [0.7508891704261629, 0.2491108295738371, 0.2491108295738371], 'properties': {}, 'label': 'Br', 'xyz': [2.85295619684985, 5.726278945260038, 5.726278945260038]}, {'species': [{'element': 'Br', 'occu': 1}], 'abc': [0.2491108295738371, 0.7508891704261629, 0.7508891704261629], 'properties': {}, 'label': 'Br', 'xyz': [8.599601693670225, 5.726278945260038, 5.726278945260038]}, {'species': [{'element': 'Br', 'occu': 1}], 'abc': [0.2491108295738371, 0.7508891704261629, 0.2491108295738371], 'properties': {}, 'label': 'Br', 'xyz': [5.726278945260038, 2.85295619684985, 5.726278945260038]}, {'species': [{'element': 'Br', 'occu': 1}], 'abc': [0.7508891704261629, 0.2491108295738371, 0.7508891704261629], 'properties': {}, 'label': 'Br', 'xyz': [5.726278945260038, 8.599601693670225, 5.726278945260038]}, {'species': [{'element': 'Br', 'occu': 1}], 'abc': [0.2491108295738371, 0.2491108295738371, 0.7508891704261629], 'properties': {}, 'label': 'Br', 'xyz': [5.726278945260038, 5.726278945260038, 2.85295619684985]}, {'species': [{'element': 'Br', 'occu': 1}], 'abc': [0.7508891704261629, 0.7508891704261629, 0.2491108295738371], 'properties': {}, 'label': 'Br', 'xyz': [5.726278945260038, 5.726278945260038, 8.599601693670225]}]}"
3227_CsCuAmBr,Am-Br-Cs-Cu,10,"{'@module': 'pymatgen.core.structure', '@class': 'Structure', 'charge': 0.0, 'lattice': {'matrix': [[0.0, 5.437050048894113, 5.437050048894113], [5.437050048894113, 0.0, 5.437050048894113], [5.437050048894113, 5.437050048894113, 0.0]], 'pbc': (True, True, True), 'a': 7.689149918447354, 'b': 7.689149918447354, 'c': 7.689149918447354, 'alpha': 60.00000000000001, 'beta': 60.00000000000001, 'gamma': 60.00000000000001, 'volume': 321.45485395055897}, 'properties': {}, 'sites': [{'species': [{'element': 'Cu', 'occu': 1}], 'abc': [0.0, 0.0, 0.0], 'properties': {}, 'label': 'Cu', 'xyz': [0.0, 0.0, 0.0]}, {'species': [{'element': 'Am', 'occu': 1}], 'abc': [0.5, 0.5, 0.5], 'properties': {}, 'label': 'Am', 'xyz': [5.437050048894113, 5.437050048894113, 5.437050048894113]}, {'species': [{'element': 'Cs', 'occu': 1}], 'abc': [0.25, 0.25, 0.25], 'properties': {}, 'label': 'Cs', 'xyz': [2.7185250244470565, 2.7185250244470565, 2.7185250244470565]}, {'species': [{'element': 'Cs', 'occu': 1}], 'abc': [0.75, 0.75, 0.75], 'properties': {}, 'label': 'Cs', 'xyz': [8.155575073341168, 8.155575073341168, 8.155575073341168]}, {'species': [{'element': 'Br', 'occu': 1}], 'abc': [0.7600352086518924, 0.2399647913481076, 0.2399647913481076], 'properties': {}, 'label': 'Br', 'xyz': [2.6094011610641883, 5.437050048894113, 5.437050048894113]}, {'species': [{'element': 'Br', 'occu': 1}], 'abc': [0.2399647913481076, 0.7600352086518924, 0.7600352086518924], 'properties': {}, 'label': 'Br', 'xyz': [8.264698936724038, 5.437050048894113, 5.437050048894113]}, {'species': [{'element': 'Br', 'occu': 1}], 'abc': [0.2399647913481076, 0.7600352086518924, 0.2399647913481076], 'properties': {}, 'label': 'Br', 'xyz': [5.437050048894113, 2.6094011610641883, 5.437050048894113]}, {'species': [{'element': 'Br', 'occu': 1}], 'abc': [0.7600352086518924, 0.2399647913481076, 0.7600352086518924], 'properties': {}, 'label': 'Br', 'xyz': [5.437050048894113, 8.264698936724038, 5.437050048894113]}, {'species': [{'element': 'Br', 'occu': 1}], 'abc': [0.2399647913481076, 0.2399647913481076, 0.7600352086518924], 'properties': {}, 'label': 'Br', 'xyz': [5.437050048894113, 5.437050048894113, 2.6094011610641883]}, {'species': [{'element': 'Br', 'occu': 1}], 'abc': [0.7600352086518924, 0.7600352086518924, 0.2399647913481076], 'properties': {}, 'label': 'Br', 'xyz': [5.437050048894113, 5.437050048894113, 8.264698936724038]}]}"
3238_CsCuCmBr,Br-Cm-Cs-Cu,10,"{'@module': 'pymatgen.core.structure', '@class': 'Structure', 'charge': 0.0, 'lattice': {'matrix': [[0.0, 5.442399765309999, 5.442399765309999], [5.442399765309999, 0.0, 5.442399765309999], [5.442399765309999, 5.442399765309999, 0.0]], 'pbc': (True, True, True), 'a': 7.696715559957551, 'b': 7.696715559957551, 'c': 7.696715559957551, 'alpha': 60.00000000000001, 'beta': 60.00000000000001, 'gamma': 60.00000000000001, 'volume': 322.4046621653403}, 'properties': {}, 'sites': [{'species': [{'element': 'Cu', 'occu': 1}], 'abc': [0.0, 0.0, 0.0], 'properties': {}, 'label': 'Cu', 'xyz': [0.0, 0.0, 0.0]}, {'species': [{'element': 'Cm', 'occu': 1}], 'abc': [0.5, 0.5, 0.5], 'properties': {}, 'label': 'Cm', 'xyz': [5.442399765309999, 5.442399765309999, 5.442399765309999]}, {'species': [{'element': 'Cs', 'occu': 1}], 'abc': [0.25, 0.25, 0.25], 'properties': {}, 'label': 'Cs', 'xyz': [2.7211998826549997, 2.7211998826549997, 2.7211998826549997]}, {'species': [{'element': 'Cs', 'occu': 1}], 'abc': [0.75, 0.75, 0.75], 'properties': {}, 'label': 'Cs', 'xyz': [8.163599647964999, 8.163599647964999, 8.163599647964999]}, {'species': [{'element': 'Br', 'occu': 1}], 'abc': [0.7585357611634009, 0.2414642388365991, 0.2414642388365991], 'properties': {}, 'label': 'Br', 'xyz': [2.628289833550129, 5.442399765309999, 5.442399765309999]}, {'species': [{'element': 'Br', 'occu': 1}], 'abc': [0.2414642388365991, 0.7585357611634009, 0.7585357611634009], 'properties': {}, 'label': 'Br', 'xyz': [8.25650969706987, 5.442399765309999, 5.442399765309999]}, {'species': [{'element': 'Br', 'occu': 1}], 'abc': [0.2414642388365991, 0.7585357611634009, 0.2414642388365991], 'properties': {}, 'label': 'Br', 'xyz': [5.442399765309999, 2.628289833550129, 5.442399765309999]}, {'species': [{'element': 'Br', 'occu': 1}], 'abc': [0.7585357611634009, 0.2414642388365991, 0.7585357611634009], 'properties': {}, 'label': 'Br', 'xyz': [5.442399765309999, 8.25650969706987, 5.442399765309999]}, {'species': [{'element': 'Br', 'occu': 1}], 'abc': [0.2414642388365991, 0.2414642388365991, 0.7585357611634009], 'properties': {}, 'label': 'Br', 'xyz': [5.442399765309999, 5.442399765309999, 2.628289833550129]}, {'species': [{'element': 'Br', 'occu': 1}], 'abc': [0.7585357611634009, 0.7585357611634009, 0.2414642388365991], 'properties': {}, 'label': 'Br', 'xyz': [5.442399765309999, 5.442399765309999, 8.25650969706987]}]}"
3241_CsAlFrBr,Al-Br-Cs-Fr,10,"{'@module': 'pymatgen.core.structure', '@class': 'Structure', 'charge': 0.0, 'lattice': {'matrix': [[0.0, 5.85107419951672, 5.85107419951672], [5.85107419951672, 0.0, 5.85107419951672], [5.85107419951672, 5.85107419951672, 0.0]], 'pbc': (True, True, True), 'a': 8.274668487407846, 'b': 8.274668487407846, 'c': 8.274668487407846, 'alpha': 59.99999999999999, 'beta': 59.99999999999999, 'gamma': 59.99999999999999, 'volume': 400.6238612622963}, 'properties': {}, 'sites': [{'species': [{'element': 'Al', 'occu': 1}], 'abc': [0.0, 0.0, 0.0], 'properties': {}, 'label': 'Al', 'xyz': [0.0, 0.0, 0.0]}, {'species': [{'element': 'Fr', 'occu': 1}], 'abc': [0.5, 0.5, 0.5], 'properties': {}, 'label': 'Fr', 'xyz': [5.85107419951672, 5.85107419951672, 5.85107419951672]}, {'species': [{'element': 'Cs', 'occu': 1}], 'abc': [0.25, 0.25, 0.25], 'properties': {}, 'label': 'Cs', 'xyz': [2.92553709975836, 2.92553709975836, 2.92553709975836]}, {'species': [{'element': 'Cs', 'occu': 1}], 'abc': [0.75, 0.75, 0.75], 'properties': {}, 'label': 'Cs', 'xyz': [8.77661129927508, 8.77661129927508, 8.77661129927508]}, {'species': [{'element': 'Br', 'occu': 1}], 'abc': [0.7867758006975976, 0.2132241993024024, 0.2132241993024024], 'properties': {}, 'label': 'Br', 'xyz': [2.4951812225017957, 5.85107419951672, 5.85107419951672]}, {'species': [{'element': 'Br', 'occu': 1}], 'abc': [0.2132241993024024, 0.7867758006975976, 0.7867758006975976], 'properties': {}, 'label': 'Br', 'xyz': [9.206967176531645, 5.85107419951672, 5.85107419951672]}, {'species': [{'element': 'Br', 'occu': 1}], 'abc': [0.2132241993024024, 0.7867758006975976, 0.2132241993024024], 'properties': {}, 'label': 'Br', 'xyz': [5.85107419951672, 2.4951812225017957, 5.85107419951672]}, {'species': [{'element': 'Br', 'occu': 1}], 'abc': [0.7867758006975976, 0.2132241993024024, 0.7867758006975976], 'properties': {}, 'label': 'Br', 'xyz': [5.85107419951672, 9.206967176531645, 5.85107419951672]}, {'species': [{'element': 'Br', 'occu': 1}], 'abc': [0.2132241993024024, 0.2132241993024024, 0.7867758006975976], 'properties': {}, 'label': 'Br', 'xyz': [5.85107419951672, 5.85107419951672, 2.4951812225017957]}, {'species': [{'element': 'Br', 'occu': 1}], 'abc': [0.7867758006975976, 0.7867758006975976, 0.2132241993024024], 'properties': {}, 'label': 'Br', 'xyz': [5.85107419951672, 5.85107419951672, 9.206967176531645]}]}"
3242_CsEuRaF,Cs-Eu-F-Ra,10,"{'@module': 'pymatgen.core.structure', '@class': 'Structure', 'charge': 0.0, 'lattice': {'matrix': [[0.0, 4.942944880230181, 4.942944880230181], [4.942944880230181, 0.0, 4.942944880230181], [4.942944880230181, 4.942944880230181, 0.0]], 'pbc': (True, True, True), 'a': 6.990379687684176, 'b': 6.990379687684176, 'c': 6.990379687684176, 'alpha': 60.00000000000001, 'beta': 60.00000000000001, 'gamma': 60.00000000000001, 'volume': 241.53901917374142}, 'properties': {}, 'sites': [{'species': [{'element': 'Eu', 'occu': 1}], 'abc': [0.0, 0.0, 0.0], 'properties': {}, 'label': 'Eu', 'xyz': [0.0, 0.0, 0.0]}, {'species': [{'element': 'Ra', 'occu': 1}], 'abc': [0.5, 0.5, 0.5], 'properties': {}, 'label': 'Ra', 'xyz': [4.942944880230181, 4.942944880230181, 4.942944880230181]}, {'species': [{'element': 'Cs', 'occu': 1}], 'abc': [0.25, 0.25, 0.25], 'properties': {}, 'label': 'Cs', 'xyz': [2.4714724401150905, 2.4714724401150905, 2.4714724401150905]}, {'species': [{'element': 'Cs', 'occu': 1}], 'abc': [0.75, 0.75, 0.75], 'properties': {}, 'label': 'Cs', 'xyz': [7.4144173203452715, 7.4144173203452715, 7.4144173203452715]}, {'species': [{'element': 'F', 'occu': 1}], 'abc': [0.7734006032640366, 0.2265993967359634, 0.2265993967359634], 'properties': {}, 'label': 'F', 'xyz': [2.240136655918556, 4.942944880230181, 4.942944880230181]}, {'species': [{'element': 'F', 'occu': 1}], 'abc': [0.2265993967359634, 0.7734006032640366, 0.7734006032640366], 'properties': {}, 'label': 'F', 'xyz': [7.645753104541806, 4.942944880230181, 4.942944880230181]}, {'species': [{'element': 'F', 'occu': 1}], 'abc': [0.2265993967359634, 0.7734006032640366, 0.2265993967359634], 'properties': {}, 'label': 'F', 'xyz': [4.942944880230181, 2.240136655918556, 4.942944880230181]}, {'species': [{'element': 'F', 'occu': 1}], 'abc': [0.7734006032640366, 0.2265993967359634, 0.7734006032640366], 'properties': {}, 'label': 'F', 'xyz': [4.942944880230181, 7.645753104541806, 4.942944880230181]}, {'species': [{'element': 'F', 'occu': 1}], 'abc': [0.2265993967359634, 0.2265993967359634, 0.7734006032640366], 'properties': {}, 'label': 'F', 'xyz': [4.942944880230181, 4.942944880230181, 2.240136655918556]}, {'species': [{'element': 'F', 'occu': 1}], 'abc': [0.7734006032640366, 0.7734006032640366, 0.2265993967359634], 'properties': {}, 'label': 'F', 'xyz': [4.942944880230181, 4.942944880230181, 7.645753104541806]}]}"
3243_CsAuFrF,Au-Cs-F-Fr,10,"{'@module': 'pymatgen.core.structure', '@class': 'Structure', 'charge': 0.0, 'lattice': {'matrix': [[0.0, 4.8823400765062965, 4.8823400765062965], [4.8823400765062965, 0.0, 4.8823400765062965], [4.8823400765062965, 4.8823400765062965, 0.0]], 'pbc': (True, True, True), 'a': 6.904671552312899, 'b': 6.904671552312899, 'c': 6.904671552312899, 'alpha': 60.00000000000001, 'beta': 60.00000000000001, 'gamma': 60.00000000000001, 'volume': 232.76306946938945}, 'properties': {}, 'sites': [{'species': [{'element': 'Au', 'occu': 1}], 'abc': [0.0, 0.0, 0.0], 'properties': {}, 'label': 'Au', 'xyz': [0.0, 0.0, 0.0]}, {'species': [{'element': 'Fr', 'occu': 1}], 'abc': [0.5, 0.5, 0.5], 'properties': {}, 'label': 'Fr', 'xyz': [4.8823400765062965, 4.8823400765062965, 4.8823400765062965]}, {'species': [{'element': 'Cs', 'occu': 1}], 'abc': [0.25, 0.25, 0.25], 'properties': {}, 'label': 'Cs', 'xyz': [2.4411700382531483, 2.4411700382531483, 2.4411700382531483]}, {'species': [{'element': 'Cs', 'occu': 1}], 'abc': [0.75, 0.75, 0.75], 'properties': {}, 'label': 'Cs', 'xyz': [7.323510114759445, 7.323510114759445, 7.323510114759445]}, {'species': [{'element': 'F', 'occu': 1}], 'abc': [0.7830956150473867, 0.2169043849526133, 0.2169043849526133], 'properties': {}, 'label': 'F', 'xyz': [2.118001942848186, 4.8823400765062965, 4.8823400765062965]}, {'species': [{'element': 'F', 'occu': 1}], 'abc': [0.2169043849526133, 0.7830956150473867, 0.7830956150473867], 'properties': {}, 'label': 'F', 'xyz': [7.646678210164406, 4.8823400765062965, 4.8823400765062965]}, {'species': [{'element': 'F', 'occu': 1}], 'abc': [0.2169043849526133, 0.7830956150473867, 0.2169043849526133], 'properties': {}, 'label': 'F', 'xyz': [4.8823400765062965, 2.118001942848186, 4.8823400765062965]}, {'species': [{'element': 'F', 'occu': 1}], 'abc': [0.7830956150473867, 0.2169043849526133, 0.7830956150473867], 'properties': {}, 'label': 'F', 'xyz': [4.8823400765062965, 7.646678210164406, 4.8823400765062965]}, {'species': [{'element': 'F', 'occu': 1}], 'abc': [0.2169043849526133, 0.2169043849526133, 0.7830956150473867], 'properties': {}, 'label': 'F', 'xyz': [4.8823400765062965, 4.8823400765062965, 2.118001942848186]}, {'species': [{'element': 'F', 'occu': 1}], 'abc': [0.7830956150473867, 0.7830956150473867, 0.2169043849526133], 'properties': {}, 'label': 'F', 'xyz': [4.8823400765062965, 4.8823400765062965, 7.646678210164406]}]}"
3244_CsLiAmBr,Am-Br-Cs-Li,10,"{'@module': 'pymatgen.core.structure', '@class': 'Structure', 'charge': 0.0, 'lattice': {'matrix': [[0.0, 5.495225363670343, 5.495225363670343], [5.495225363670343, 0.0, 5.495225363670343], [5.495225363670343, 5.495225363670343, 0.0]], 'pbc': (True, True, True), 'a': 7.771422237599223, 'b': 7.771422237599223, 'c': 7.771422237599223, 'alpha': 60.00000000000001, 'beta': 60.00000000000001, 'gamma': 60.00000000000001, 'volume': 331.88415559448976}, 'properties': {}, 'sites': [{'species': [{'element': 'Li', 'occu': 1}], 'abc': [0.0, 0.0, 0.0], 'properties': {}, 'label': 'Li', 'xyz': [0.0, 0.0, 0.0]}, {'species': [{'element': 'Am', 'occu': 1}], 'abc': [0.5, 0.5, 0.5], 'properties': {}, 'label': 'Am', 'xyz': [5.495225363670343, 5.495225363670343, 5.495225363670343]}, {'species': [{'element': 'Cs', 'occu': 1}], 'abc': [0.25, 0.25, 0.25], 'properties': {}, 'label': 'Cs', 'xyz': [2.7476126818351716, 2.7476126818351716, 2.7476126818351716]}, {'species': [{'element': 'Cs', 'occu': 1}], 'abc': [0.75, 0.75, 0.75], 'properties': {}, 'label': 'Cs', 'xyz': [8.242838045505515, 8.242838045505515, 8.242838045505515]}, {'species': [{'element': 'Br', 'occu': 1}], 'abc': [0.7555304111916854, 0.2444695888083146, 0.2444695888083146], 'properties': {}, 'label': 'Br', 'xyz': [2.6868309701310196, 5.495225363670343, 5.495225363670343]}, {'species': [{'element': 'Br', 'occu': 1}], 'abc': [0.2444695888083146, 0.7555304111916854, 0.7555304111916854], 'properties': {}, 'label': 'Br', 'xyz': [8.303619757209667, 5.495225363670343, 5.495225363670343]}, {'species': [{'element': 'Br', 'occu': 1}], 'abc': [0.2444695888083146, 0.7555304111916854, 0.2444695888083146], 'properties': {}, 'label': 'Br', 'xyz': [5.495225363670343, 2.6868309701310196, 5.495225363670343]}, {'species': [{'element': 'Br', 'occu': 1}], 'abc': [0.7555304111916854, 0.2444695888083146, 0.7555304111916854], 'properties': {}, 'label': 'Br', 'xyz': [5.495225363670343, 8.303619757209667, 5.495225363670343]}, {'species': [{'element': 'Br', 'occu': 1}], 'abc': [0.2444695888083146, 0.2444695888083146, 0.7555304111916854], 'properties': {}, 'label': 'Br', 'xyz': [5.495225363670343, 5.495225363670343, 2.6868309701310196]}, {'species': [{'element': 'Br', 'occu': 1}], 'abc': [0.7555304111916854, 0.7555304111916854, 0.2444695888083146], 'properties': {}, 'label': 'Br', 'xyz': [5.495225363670343, 5.495225363670343, 8.303619757209667]}]}"
3246_CsCuFrBr,Br-Cs-Cu-Fr,10,"{'@module': 'pymatgen.core.structure', '@class': 'Structure', 'charge': 0.0, 'lattice': {'matrix': [[0.0, 5.766765047388808, 5.766765047388808], [5.766765047388807, 0.0, 5.766765047388808], [5.766765047388808, 5.766765047388808, 0.0]], 'pbc': (True, True, True), 'a': 8.155437341036377, 'b': 8.155437341036377, 'c': 8.155437341036377, 'alpha': 60.00000000000001, 'beta': 60.00000000000001, 'gamma': 60.00000000000001, 'volume': 383.5542225050329}, 'properties': {}, 'sites': [{'species': [{'element': 'Cu', 'occu': 1}], 'abc': [0.0, 0.0, 0.0], 'properties': {}, 'label': 'Cu', 'xyz': [0.0, 0.0, 0.0]}, {'species': [{'element': 'Fr', 'occu': 1}], 'abc': [0.5, 0.5, 0.5], 'properties': {}, 'label': 'Fr', 'xyz': [5.766765047388807, 5.766765047388808, 5.766765047388808]}, {'species': [{'element': 'Cs', 'occu': 1}], 'abc': [0.25, 0.25, 0.25], 'properties': {}, 'label': 'Cs', 'xyz': [2.8833825236944035, 2.883382523694404, 2.883382523694404]}, {'species': [{'element': 'Cs', 'occu': 1}], 'abc': [0.75, 0.75, 0.75], 'properties': {}, 'label': 'Cs', 'xyz': [8.65014757108321, 8.650147571083211, 8.650147571083211]}, {'species': [{'element': 'Br', 'occu': 1}], 'abc': [0.7846141801000428, 0.2153858198999572, 0.2153858198999572], 'properties': {}, 'label': 'Br', 'xyz': [2.4841588358045072, 5.766765047388808, 5.766765047388808]}, {'species': [{'element': 'Br', 'occu': 1}], 'abc': [0.2153858198999572, 0.7846141801000428, 0.7846141801000428], 'properties': {}, 'label': 'Br', 'xyz': [9.049371258973107, 5.766765047388808, 5.766765047388808]}, {'species': [{'element': 'Br', 'occu': 1}], 'abc': [0.2153858198999572, 0.7846141801000428, 0.2153858198999572], 'properties': {}, 'label': 'Br', 'xyz': [5.766765047388807, 2.4841588358045077, 5.766765047388808]}, {'species': [{'element': 'Br', 'occu': 1}], 'abc': [0.7846141801000428, 0.2153858198999572, 0.7846141801000428], 'properties': {}, 'label': 'Br', 'xyz': [5.766765047388808, 9.049371258973109, 5.766765047388808]}, {'species': [{'element': 'Br', 'occu': 1}], 'abc': [0.2153858198999572, 0.2153858198999572, 0.7846141801000428], 'properties': {}, 'label': 'Br', 'xyz': [5.766765047388808, 5.766765047388808, 2.4841588358045077]}, {'species': [{'element': 'Br', 'occu': 1}], 'abc': [0.7846141801000428, 0.7846141801000428, 0.2153858198999572], 'properties': {}, 'label': 'Br', 'xyz': [5.766765047388807, 5.766765047388808, 9.049371258973109]}]}"
3247_CsAuCmBr,Au-Br-Cm-Cs,10,"{'@module': 'pymatgen.core.structure', '@class': 'Structure', 'charge': 0.0, 'lattice': {'matrix': [[0.0, 5.570030646777506, 5.570030646777506], [5.570030646777506, 0.0, 5.570030646777506], [5.570030646777506, 5.570030646777506, 0.0]], 'pbc': (True, True, True), 'a': 7.877212883506532, 'b': 7.877212883506532, 'c': 7.877212883506532, 'alpha': 60.00000000000001, 'beta': 60.00000000000001, 'gamma': 60.00000000000001, 'volume': 345.62309091063366}, 'properties': {}, 'sites': [{'species': [{'element': 'Au', 'occu': 1}], 'abc': [0.0, 0.0, 0.0], 'properties': {}, 'label': 'Au', 'xyz': [0.0, 0.0, 0.0]}, {'species': [{'element': 'Cm', 'occu': 1}], 'abc': [0.5, 0.5, 0.5], 'properties': {}, 'label': 'Cm', 'xyz': [5.570030646777506, 5.570030646777506, 5.570030646777506]}, {'species': [{'element': 'Cs', 'occu': 1}], 'abc': [0.25, 0.25, 0.25], 'properties': {}, 'label': 'Cs', 'xyz': [2.785015323388753, 2.785015323388753, 2.785015323388753]}, {'species': [{'element': 'Cs', 'occu': 1}], 'abc': [0.75, 0.75, 0.75], 'properties': {}, 'label': 'Cs', 'xyz': [8.355045970166259, 8.355045970166259, 8.355045970166259]}, {'species': [{'element': 'Br', 'occu': 1}], 'abc': [0.7503362578531778, 0.2496637421468222, 0.2496637421468222], 'properties': {}, 'label': 'Br', 'xyz': [2.781269390293913, 5.570030646777506, 5.570030646777506]}, {'species': [{'element': 'Br', 'occu': 1}], 'abc': [0.2496637421468222, 0.7503362578531778, 0.7503362578531778], 'properties': {}, 'label': 'Br', 'xyz': [8.3587919032611, 5.570030646777506, 5.570030646777506]}, {'species': [{'element': 'Br', 'occu': 1}], 'abc': [0.2496637421468222, 0.7503362578531778, 0.2496637421468222], 'properties': {}, 'label': 'Br', 'xyz': [5.570030646777506, 2.781269390293913, 5.570030646777506]}, {'species': [{'element': 'Br', 'occu': 1}], 'abc': [0.7503362578531778, 0.2496637421468222, 0.7503362578531778], 'properties': {}, 'label': 'Br', 'xyz': [5.570030646777506, 8.3587919032611, 5.570030646777506]}, {'species': [{'element': 'Br', 'occu': 1}], 'abc': [0.2496637421468222, 0.2496637421468222, 0.7503362578531778], 'properties': {}, 'label': 'Br', 'xyz': [5.570030646777506, 5.570030646777506, 2.781269390293913]}, {'species': [{'element': 'Br', 'occu': 1}], 'abc': [0.7503362578531778, 0.7503362578531778, 0.2496637421468222], 'properties': {}, 'label': 'Br', 'xyz': [5.570030646777506, 5.570030646777506, 8.3587919032611]}]}"
3248_CsPdRaBr,Br-Cs-Pd-Ra,10,"{'@module': 'pymatgen.core.structure', '@class': 'Structure', 'charge': 0.0, 'lattice': {'matrix': [[0.0, 5.746386404510517, 5.746386404510517], [5.746386404510517, 0.0, 5.746386404510517], [5.746386404510517, 5.746386404510517, 0.0]], 'pbc': (True, True, True), 'a': 8.12661758789514, 'b': 8.12661758789514, 'c': 8.12661758789514, 'alpha': 60.00000000000001, 'beta': 60.00000000000001, 'gamma': 60.00000000000001, 'volume': 379.5023534038971}, 'properties': {}, 'sites': [{'species': [{'element': 'Pd', 'occu': 1}], 'abc': [0.0, 0.0, 0.0], 'properties': {}, 'label': 'Pd', 'xyz': [0.0, 0.0, 0.0]}, {'species': [{'element': 'Ra', 'occu': 1}], 'abc': [0.5, 0.5, 0.5], 'properties': {}, 'label': 'Ra', 'xyz': [5.746386404510517, 5.746386404510517, 5.746386404510517]}, {'species': [{'element': 'Cs', 'occu': 1}], 'abc': [0.25, 0.25, 0.25], 'properties': {}, 'label': 'Cs', 'xyz': [2.8731932022552584, 2.8731932022552584, 2.8731932022552584]}, {'species': [{'element': 'Cs', 'occu': 1}], 'abc': [0.75, 0.75, 0.75], 'properties': {}, 'label': 'Cs', 'xyz': [8.619579606765775, 8.619579606765775, 8.619579606765775]}, {'species': [{'element': 'Br', 'occu': 1}], 'abc': [0.7732541000397362, 0.2267458999602638, 0.2267458999602638], 'properties': {}, 'label': 'Br', 'xyz': [2.6059391136203236, 5.746386404510517, 5.746386404510517]}, {'species': [{'element': 'Br', 'occu': 1}], 'abc': [0.2267458999602638, 0.7732541000397362, 0.7732541000397362], 'properties': {}, 'label': 'Br', 'xyz': [8.88683369540071, 5.746386404510517, 5.746386404510517]}, {'species': [{'element': 'Br', 'occu': 1}], 'abc': [0.2267458999602638, 0.7732541000397362, 0.2267458999602638], 'properties': {}, 'label': 'Br', 'xyz': [5.746386404510517, 2.6059391136203236, 5.746386404510517]}, {'species': [{'element': 'Br', 'occu': 1}], 'abc': [0.7732541000397362, 0.2267458999602638, 0.7732541000397362], 'properties': {}, 'label': 'Br', 'xyz': [5.746386404510517, 8.88683369540071, 5.746386404510517]}, {'species': [{'element': 'Br', 'occu': 1}], 'abc': [0.2267458999602638, 0.2267458999602638, 0.7732541000397362], 'properties': {}, 'label': 'Br', 'xyz': [5.746386404510517, 5.746386404510517, 2.6059391136203236]}, {'species': [{'element': 'Br', 'occu': 1}], 'abc': [0.7732541000397362, 0.7732541000397362, 0.2267458999602638], 'properties': {}, 'label': 'Br', 'xyz': [5.746386404510517, 5.746386404510517, 8.88683369540071]}]}"
3249_CsTiRaBr,Br-Cs-Ra-Ti,10,"{'@module': 'pymatgen.core.structure', '@class': 'Structure', 'charge': 0.0, 'lattice': {'matrix': [[0.0, 5.763799528451732, 5.763799528451732], [5.763799528451732, 0.0, 5.763799528451732], [5.763799528451732, 5.763799528451732, 0.0]], 'pbc': (True, True, True), 'a': 8.151243463936089, 'b': 8.151243463936089, 'c': 8.151243463936089, 'alpha': 60.00000000000001, 'beta': 60.00000000000001, 'gamma': 60.00000000000001, 'volume': 382.9628064432169}, 'properties': {}, 'sites': [{'species': [{'element': 'Ti', 'occu': 1}], 'abc': [0.0, 0.0, 0.0], 'properties': {}, 'label': 'Ti', 'xyz': [0.0, 0.0, 0.0]}, {'species': [{'element': 'Ra', 'occu': 1}], 'abc': [0.5, 0.5, 0.5], 'properties': {}, 'label': 'Ra', 'xyz': [5.763799528451732, 5.763799528451732, 5.763799528451732]}, {'species': [{'element': 'Cs', 'occu': 1}], 'abc': [0.25, 0.25, 0.25], 'properties': {}, 'label': 'Cs', 'xyz': [2.881899764225866, 2.881899764225866, 2.881899764225866]}, {'species': [{'element': 'Cs', 'occu': 1}], 'abc': [0.75, 0.75, 0.75], 'properties': {}, 'label': 'Cs', 'xyz': [8.645699292677598, 8.645699292677598, 8.645699292677598]}, {'species': [{'element': 'Br', 'occu': 1}], 'abc': [0.7730094619978303, 0.2269905380021697, 0.2269905380021697], 'properties': {}, 'label': 'Br', 'xyz': [2.616655911799821, 5.763799528451732, 5.763799528451732]}, {'species': [{'element': 'Br', 'occu': 1}], 'abc': [0.2269905380021697, 0.7730094619978303, 0.7730094619978303], 'properties': {}, 'label': 'Br', 'xyz': [8.910943145103642, 5.763799528451732, 5.763799528451732]}, {'species': [{'element': 'Br', 'occu': 1}], 'abc': [0.2269905380021697, 0.7730094619978303, 0.2269905380021697], 'properties': {}, 'label': 'Br', 'xyz': [5.763799528451732, 2.616655911799821, 5.763799528451732]}, {'species': [{'element': 'Br', 'occu': 1}], 'abc': [0.7730094619978303, 0.2269905380021697, 0.7730094619978303], 'properties': {}, 'label': 'Br', 'xyz': [5.763799528451732, 8.910943145103642, 5.763799528451732]}, {'species': [{'element': 'Br', 'occu': 1}], 'abc': [0.2269905380021697, 0.2269905380021697, 0.7730094619978303], 'properties': {}, 'label': 'Br', 'xyz': [5.763799528451732, 5.763799528451732, 2.616655911799821]}, {'species': [{'element': 'Br', 'occu': 1}], 'abc': [0.7730094619978303, 0.7730094619978303, 0.2269905380021697], 'properties': {}, 'label': 'Br', 'xyz': [5.763799528451732, 5.763799528451732, 8.910943145103642]}]}"
3252_CsLiCmBr,Br-Cm-Cs-Li,10,"{'@module': 'pymatgen.core.structure', '@class': 'Structure', 'charge': 0.0, 'lattice': {'matrix': [[0.0, 5.502570208742531, 5.502570208742531], [5.502570208742531, 0.0, 5.502570208742531], [5.502570208742531, 5.502570208742531, 0.0]], 'pbc': (True, True, True), 'a': 7.78180941711384, 'b': 7.78180941711384, 'c': 7.78180941711384, 'alpha': 60.00000000000001, 'beta': 60.00000000000001, 'gamma': 60.00000000000001, 'volume': 333.2167109178352}, 'properties': {}, 'sites': [{'species': [{'element': 'Li', 'occu': 1}], 'abc': [0.0, 0.0, 0.0], 'properties': {}, 'label': 'Li', 'xyz': [0.0, 0.0, 0.0]}, {'species': [{'element': 'Cm', 'occu': 1}], 'abc': [0.5, 0.5, 0.5], 'properties': {}, 'label': 'Cm', 'xyz': [5.502570208742531, 5.502570208742531, 5.502570208742531]}, {'species': [{'element': 'Cs', 'occu': 1}], 'abc': [0.25, 0.25, 0.25], 'properties': {}, 'label': 'Cs', 'xyz': [2.7512851043712656, 2.7512851043712656, 2.7512851043712656]}, {'species': [{'element': 'Cs', 'occu': 1}], 'abc': [0.75, 0.75, 0.75], 'properties': {}, 'label': 'Cs', 'xyz': [8.253855313113796, 8.253855313113796, 8.253855313113796]}, {'species': [{'element': 'Br', 'occu': 1}], 'abc': [0.7549943961881809, 0.2450056038118191, 0.2450056038118191], 'properties': {}, 'label': 'Br', 'xyz': [2.696321073019783, 5.502570208742531, 5.502570208742531]}, {'species': [{'element': 'Br', 'occu': 1}], 'abc': [0.2450056038118191, 0.7549943961881809, 0.7549943961881809], 'properties': {}, 'label': 'Br', 'xyz': [8.30881934446528, 5.502570208742531, 5.502570208742531]}, {'species': [{'element': 'Br', 'occu': 1}], 'abc': [0.2450056038118191, 0.7549943961881809, 0.2450056038118191], 'properties': {}, 'label': 'Br', 'xyz': [5.502570208742531, 2.696321073019783, 5.502570208742531]}, {'species': [{'element': 'Br', 'occu': 1}], 'abc': [0.7549943961881809, 0.2450056038118191, 0.7549943961881809], 'properties': {}, 'label': 'Br', 'xyz': [5.502570208742531, 8.30881934446528, 5.502570208742531]}, {'species': [{'element': 'Br', 'occu': 1}], 'abc': [0.2450056038118191, 0.2450056038118191, 0.7549943961881809], 'properties': {}, 'label': 'Br', 'xyz': [5.502570208742531, 5.502570208742531, 2.696321073019783]}, {'species': [{'element': 'Br', 'occu': 1}], 'abc': [0.7549943961881809, 0.7549943961881809, 0.2450056038118191], 'properties': {}, 'label': 'Br', 'xyz': [5.502570208742531, 5.502570208742531, 8.30881934446528]}]}"
3259_CsAuAmBr,Am-Au-Br-Cs,10,"{'@module': 'pymatgen.core.structure', '@class': 'Structure', 'charge': 0.0, 'lattice': {'matrix': [[0.0, 5.5790225619368785, 5.5790225619368785], [5.5790225619368785, 0.0, 5.5790225619368785], [5.5790225619368785, 5.5790225619368785, 0.0]], 'pbc': (True, True, True), 'a': 7.889929371876624, 'b': 7.889929371876624, 'c': 7.889929371876624, 'alpha': 60.00000000000001, 'beta': 60.00000000000001, 'gamma': 60.00000000000001, 'volume': 347.2996525693763}, 'properties': {}, 'sites': [{'species': [{'element': 'Au', 'occu': 1}], 'abc': [0.0, 0.0, 0.0], 'properties': {}, 'label': 'Au', 'xyz': [0.0, 0.0, 0.0]}, {'species': [{'element': 'Am', 'occu': 1}], 'abc': [0.5, 0.5, 0.5], 'properties': {}, 'label': 'Am', 'xyz': [5.5790225619368785, 5.5790225619368785, 5.5790225619368785]}, {'species': [{'element': 'Cs', 'occu': 1}], 'abc': [0.25, 0.25, 0.25], 'properties': {}, 'label': 'Cs', 'xyz': [2.7895112809684393, 2.7895112809684393, 2.7895112809684393]}, {'species': [{'element': 'Cs', 'occu': 1}], 'abc': [0.75, 0.75, 0.75], 'properties': {}, 'label': 'Cs', 'xyz': [8.368533842905318, 8.368533842905318, 8.368533842905318]}, {'species': [{'element': 'Br', 'occu': 1}], 'abc': [0.7521204894694549, 0.2478795105305451, 0.2478795105305451], 'properties': {}, 'label': 'Br', 'xyz': [2.7658507637835625, 5.5790225619368785, 5.5790225619368785]}, {'species': [{'element': 'Br', 'occu': 1}], 'abc': [0.2478795105305451, 0.7521204894694549, 0.7521204894694549], 'properties': {}, 'label': 'Br', 'xyz': [8.392194360090194, 5.5790225619368785, 5.5790225619368785]}, {'species': [{'element': 'Br', 'occu': 1}], 'abc': [0.2478795105305451, 0.7521204894694549, 0.2478795105305451], 'properties': {}, 'label': 'Br', 'xyz': [5.5790225619368785, 2.7658507637835625, 5.5790225619368785]}, {'species': [{'element': 'Br', 'occu': 1}], 'abc': [0.7521204894694549, 0.2478795105305451, 0.7521204894694549], 'properties': {}, 'label': 'Br', 'xyz': [5.5790225619368785, 8.392194360090194, 5.5790225619368785]}, {'species': [{'element': 'Br', 'occu': 1}], 'abc': [0.2478795105305451, 0.2478795105305451, 0.7521204894694549], 'properties': {}, 'label': 'Br', 'xyz': [5.5790225619368785, 5.5790225619368785, 2.7658507637835625]}, {'species': [{'element': 'Br', 'occu': 1}], 'abc': [0.7521204894694549, 0.7521204894694549, 0.2478795105305451], 'properties': {}, 'label': 'Br', 'xyz': [5.5790225619368785, 5.5790225619368785, 8.392194360090194]}]}"
3264_CsKCmBr,Br-Cm-Cs-K,10,"{'@module': 'pymatgen.core.structure', '@class': 'Structure', 'charge': 0.0, 'lattice': {'matrix': [[0.0, 5.876026805151568, 5.876026805151568], [5.876026805151568, 0.0, 5.876026805151568], [5.876026805151568, 5.876026805151568, 0.0]], 'pbc': (True, True, True), 'a': 8.309956800713195, 'b': 8.309956800713195, 'c': 8.309956800713195, 'alpha': 60.00000000000001, 'beta': 60.00000000000001, 'gamma': 60.00000000000001, 'volume': 405.77127584661355}, 'properties': {}, 'sites': [{'species': [{'element': 'K', 'occu': 1}], 'abc': [0.0, 0.0, 0.0], 'properties': {}, 'label': 'K', 'xyz': [0.0, 0.0, 0.0]}, {'species': [{'element': 'Cm', 'occu': 1}], 'abc': [0.5, 0.5, 0.5], 'properties': {}, 'label': 'Cm', 'xyz': [5.876026805151568, 5.876026805151568, 5.876026805151568]}, {'species': [{'element': 'Cs', 'occu': 1}], 'abc': [0.25, 0.25, 0.25], 'properties': {}, 'label': 'Cs', 'xyz': [2.938013402575784, 2.938013402575784, 2.938013402575784]}, {'species': [{'element': 'Cs', 'occu': 1}], 'abc': [0.75, 0.75, 0.75], 'properties': {}, 'label': 'Cs', 'xyz': [8.814040207727352, 8.814040207727352, 8.814040207727352]}, {'species': [{'element': 'Br', 'occu': 1}], 'abc': [0.7384647923817695, 0.2615352076182305, 0.2615352076182305], 'properties': {}, 'label': 'Br', 'xyz': [3.0735757809112063, 5.876026805151568, 5.876026805151568]}, {'species': [{'element': 'Br', 'occu': 1}], 'abc': [0.2615352076182305, 0.7384647923817695, 0.7384647923817695], 'properties': {}, 'label': 'Br', 'xyz': [8.67847782939193, 5.876026805151568, 5.876026805151568]}, {'species': [{'element': 'Br', 'occu': 1}], 'abc': [0.2615352076182305, 0.7384647923817695, 0.2615352076182305], 'properties': {}, 'label': 'Br', 'xyz': [5.876026805151568, 3.0735757809112063, 5.876026805151568]}, {'species': [{'element': 'Br', 'occu': 1}], 'abc': [0.7384647923817695, 0.2615352076182305, 0.7384647923817695], 'properties': {}, 'label': 'Br', 'xyz': [5.876026805151568, 8.67847782939193, 5.876026805151568]}, {'species': [{'element': 'Br', 'occu': 1}], 'abc': [0.2615352076182305, 0.2615352076182305, 0.7384647923817695], 'properties': {}, 'label': 'Br', 'xyz': [5.876026805151568, 5.876026805151568, 3.0735757809112063]}, {'species': [{'element': 'Br', 'occu': 1}], 'abc': [0.7384647923817695, 0.7384647923817695, 0.2615352076182305], 'properties': {}, 'label': 'Br', 'xyz': [5.876026805151568, 5.876026805151568, 8.67847782939193]}]}"
3273_CsKAmBr,Am-Br-Cs-K,10,"{'@module': 'pymatgen.core.structure', '@class': 'Structure', 'charge': 0.0, 'lattice': {'matrix': [[0.0, 5.873991897709262, 5.873991897709261], [5.873991897709262, 0.0, 5.873991897709261], [5.873991897709262, 5.873991897709262, 0.0]], 'pbc': (True, True, True), 'a': 8.307079007010111, 'b': 8.307079007010111, 'c': 8.307079007010111, 'alpha': 60.00000000000001, 'beta': 60.00000000000001, 'gamma': 60.00000000000001, 'volume': 405.34985788770393}, 'properties': {}, 'sites': [{'species': [{'element': 'K', 'occu': 1}], 'abc': [0.0, 0.0, 0.0], 'properties': {}, 'label': 'K', 'xyz': [0.0, 0.0, 0.0]}, {'species': [{'element': 'Am', 'occu': 1}], 'abc': [0.5, 0.5, 0.5], 'properties': {}, 'label': 'Am', 'xyz': [5.873991897709262, 5.873991897709262, 5.873991897709261]}, {'species': [{'element': 'Cs', 'occu': 1}], 'abc': [0.25, 0.25, 0.25], 'properties': {}, 'label': 'Cs', 'xyz': [2.936995948854631, 2.936995948854631, 2.9369959488546304]}, {'species': [{'element': 'Cs', 'occu': 1}], 'abc': [0.75, 0.75, 0.75], 'properties': {}, 'label': 'Cs', 'xyz': [8.810987846563894, 8.810987846563894, 8.810987846563892]}, {'species': [{'element': 'Br', 'occu': 1}], 'abc': [0.7387265352585359, 0.2612734647414641, 0.2612734647414641], 'properties': {}, 'label': 'Br', 'xyz': [3.0694364299555734, 5.873991897709262, 5.873991897709261]}, {'species': [{'element': 'Br', 'occu': 1}], 'abc': [0.2612734647414641, 0.7387265352585359, 0.7387265352585359], 'properties': {}, 'label': 'Br', 'xyz': [8.67854736546295, 5.873991897709262, 5.873991897709261]}, {'species': [{'element': 'Br', 'occu': 1}], 'abc': [0.2612734647414641, 0.7387265352585359, 0.2612734647414641], 'properties': {}, 'label': 'Br', 'xyz': [5.873991897709262, 3.0694364299555734, 5.873991897709261]}, {'species': [{'element': 'Br', 'occu': 1}], 'abc': [0.7387265352585359, 0.2612734647414641, 0.7387265352585359], 'properties': {}, 'label': 'Br', 'xyz': [5.873991897709262, 8.67854736546295, 5.873991897709261]}, {'species': [{'element': 'Br', 'occu': 1}], 'abc': [0.2612734647414641, 0.2612734647414641, 0.7387265352585359], 'properties': {}, 'label': 'Br', 'xyz': [5.873991897709262, 5.873991897709262, 3.069436429955573]}, {'species': [{'element': 'Br', 'occu': 1}], 'abc': [0.7387265352585359, 0.7387265352585359, 0.2612734647414641], 'properties': {}, 'label': 'Br', 'xyz': [5.873991897709262, 5.873991897709262, 8.678547365462949]}]}"
3285_CsSrRaF,Cs-F-Ra-Sr,10,"{'@module': 'pymatgen.core.structure', '@class': 'Structure', 'charge': 0.0, 'lattice': {'matrix': [[0.0, 4.947291361157916, 4.947291361157916], [4.947291361157916, 0.0, 4.947291361157916], [4.947291361157916, 4.947291361157916, 0.0]], 'pbc': (True, True, True), 'a': 6.996526539960775, 'b': 6.996526539960775, 'c': 6.996526539960775, 'alpha': 60.00000000000001, 'beta': 60.00000000000001, 'gamma': 60.00000000000001, 'volume': 242.17675732159992}, 'properties': {}, 'sites': [{'species': [{'element': 'Sr', 'occu': 1}], 'abc': [0.0, 0.0, 0.0], 'properties': {}, 'label': 'Sr', 'xyz': [0.0, 0.0, 0.0]}, {'species': [{'element': 'Ra', 'occu': 1}], 'abc': [0.5, 0.5, 0.5], 'properties': {}, 'label': 'Ra', 'xyz': [4.947291361157916, 4.947291361157916, 4.947291361157916]}, {'species': [{'element': 'Cs', 'occu': 1}], 'abc': [0.25, 0.25, 0.25], 'properties': {}, 'label': 'Cs', 'xyz': [2.473645680578958, 2.473645680578958, 2.473645680578958]}, {'species': [{'element': 'Cs', 'occu': 1}], 'abc': [0.75, 0.75, 0.75], 'properties': {}, 'label': 'Cs', 'xyz': [7.420937041736874, 7.420937041736874, 7.420937041736874]}, {'species': [{'element': 'F', 'occu': 1}], 'abc': [0.7604584857304815, 0.2395415142695185, 0.2395415142695185], 'properties': {}, 'label': 'F', 'xyz': [2.370163328368549, 4.947291361157916, 4.947291361157916]}, {'species': [{'element': 'F', 'occu': 1}], 'abc': [0.2395415142695185, 0.7604584857304815, 0.7604584857304815], 'properties': {}, 'label': 'F', 'xyz': [7.524419393947283, 4.947291361157916, 4.947291361157916]}, {'species': [{'element': 'F', 'occu': 1}], 'abc': [0.2395415142695185, 0.7604584857304815, 0.2395415142695185], 'properties': {}, 'label': 'F', 'xyz': [4.947291361157916, 2.370163328368549, 4.947291361157916]}, {'species': [{'element': 'F', 'occu': 1}], 'abc': [0.7604584857304815, 0.2395415142695185, 0.7604584857304815], 'properties': {}, 'label': 'F', 'xyz': [4.947291361157916, 7.524419393947283, 4.947291361157916]}, {'species': [{'element': 'F', 'occu': 1}], 'abc': [0.2395415142695185, 0.2395415142695185, 0.7604584857304815], 'properties': {}, 'label': 'F', 'xyz': [4.947291361157916, 4.947291361157916, 2.370163328368549]}, {'species': [{'element': 'F', 'occu': 1}], 'abc': [0.7604584857304815, 0.7604584857304815, 0.2395415142695185], 'properties': {}, 'label': 'F', 'xyz': [4.947291361157916, 4.947291361157916, 7.524419393947283]}]}"
3290_CsLuFrF,Cs-F-Fr-Lu,10,"{'@module': 'pymatgen.core.structure', '@class': 'Structure', 'charge': 0.0, 'lattice': {'matrix': [[0.0, 4.919092418908575, 4.919092418908575], [4.919092418908575, 0.0, 4.919092418908575], [4.919092418908575, 4.919092418908575, 0.0]], 'pbc': (True, True, True), 'a': 6.956647213387182, 'b': 6.956647213387182, 'c': 6.956647213387182, 'alpha': 60.00000000000001, 'beta': 60.00000000000001, 'gamma': 60.00000000000001, 'volume': 238.05918468864155}, 'properties': {}, 'sites': [{'species': [{'element': 'Lu', 'occu': 1}], 'abc': [0.0, 0.0, 0.0], 'properties': {}, 'label': 'Lu', 'xyz': [0.0, 0.0, 0.0]}, {'species': [{'element': 'Fr', 'occu': 1}], 'abc': [0.5, 0.5, 0.5], 'properties': {}, 'label': 'Fr', 'xyz': [4.919092418908575, 4.919092418908575, 4.919092418908575]}, {'species': [{'element': 'Cs', 'occu': 1}], 'abc': [0.25, 0.25, 0.25], 'properties': {}, 'label': 'Cs', 'xyz': [2.4595462094542877, 2.4595462094542877, 2.4595462094542877]}, {'species': [{'element': 'Cs', 'occu': 1}], 'abc': [0.75, 0.75, 0.75], 'properties': {}, 'label': 'Cs', 'xyz': [7.378638628362863, 7.378638628362863, 7.378638628362863]}, {'species': [{'element': 'F', 'occu': 1}], 'abc': [0.7869453654771448, 0.2130546345228552, 0.2130546345228552], 'properties': {}, 'label': 'F', 'xyz': [2.0960708749894286, 4.919092418908575, 4.919092418908575]}, {'species': [{'element': 'F', 'occu': 1}], 'abc': [0.2130546345228552, 0.7869453654771448, 0.7869453654771448], 'properties': {}, 'label': 'F', 'xyz': [7.742113962827722, 4.919092418908575, 4.919092418908575]}, {'species': [{'element': 'F', 'occu': 1}], 'abc': [0.2130546345228552, 0.7869453654771448, 0.2130546345228552], 'properties': {}, 'label': 'F', 'xyz': [4.919092418908575, 2.0960708749894286, 4.919092418908575]}, {'species': [{'element': 'F', 'occu': 1}], 'abc': [0.7869453654771448, 0.2130546345228552, 0.7869453654771448], 'properties': {}, 'label': 'F', 'xyz': [4.919092418908575, 7.742113962827722, 4.919092418908575]}, {'species': [{'element': 'F', 'occu': 1}], 'abc': [0.2130546345228552, 0.2130546345228552, 0.7869453654771448], 'properties': {}, 'label': 'F', 'xyz': [4.919092418908575, 4.919092418908575, 2.0960708749894286]}, {'species': [{'element': 'F', 'occu': 1}], 'abc': [0.7869453654771448, 0.7869453654771448, 0.2130546345228552], 'properties': {}, 'label': 'F', 'xyz': [4.919092418908575, 4.919092418908575, 7.742113962827722]}]}"
3298_CsCmVacBr,Br-Cm-Cs,9,"{'@module': 'pymatgen.core.structure', '@class': 'Structure', 'charge': 0.0, 'lattice': {'matrix': [[0.0, 5.428601408016047, 5.428601408016047], [5.428601408016047, 0.0, 5.428601408016047], [5.428601408016047, 5.428601408016047, 0.0]], 'pbc': (True, True, True), 'a': 7.6772017359339735, 'b': 7.6772017359339735, 'c': 7.6772017359339735, 'alpha': 60.00000000000001, 'beta': 60.00000000000001, 'gamma': 60.00000000000001, 'volume': 319.95865365422236}, 'properties': {}, 'sites': [{'species': [{'element': 'Cm', 'occu': 1}], 'abc': [0.0, 0.0, 0.0], 'properties': {}, 'label': 'Cm', 'xyz': [0.0, 0.0, 0.0]}, {'species': [{'element': 'Cs', 'occu': 1}], 'abc': [0.25, 0.25, 0.25], 'properties': {}, 'label': 'Cs', 'xyz': [2.7143007040080236, 2.7143007040080236, 2.7143007040080236]}, {'species': [{'element': 'Cs', 'occu': 1}], 'abc': [0.75, 0.75, 0.75], 'properties': {}, 'label': 'Cs', 'xyz': [8.142902112024071, 8.142902112024071, 8.142902112024071]}, {'species': [{'element': 'Br', 'occu': 1}], 'abc': [0.7468833141633198, 0.2531166858366802, 0.2531166858366802], 'properties': {}, 'label': 'Br', 'xyz': [2.748139194250715, 5.428601408016047, 5.428601408016047]}, {'species': [{'element': 'Br', 'occu': 1}], 'abc': [0.2531166858366802, 0.7468833141633198, 0.7468833141633198], 'properties': {}, 'label': 'Br', 'xyz': [8.10906362178138, 5.428601408016047, 5.428601408016047]}, {'species': [{'element': 'Br', 'occu': 1}], 'abc': [0.2531166858366802, 0.7468833141633198, 0.2531166858366802], 'properties': {}, 'label': 'Br', 'xyz': [5.428601408016047, 2.748139194250715, 5.428601408016047]}, {'species': [{'element': 'Br', 'occu': 1}], 'abc': [0.7468833141633198, 0.2531166858366802, 0.7468833141633198], 'properties': {}, 'label': 'Br', 'xyz': [5.428601408016047, 8.10906362178138, 5.428601408016047]}, {'species': [{'element': 'Br', 'occu': 1}], 'abc': [0.2531166858366802, 0.2531166858366802, 0.7468833141633198], 'properties': {}, 'label': 'Br', 'xyz': [5.428601408016047, 5.428601408016047, 2.748139194250715]}, {'species': [{'element': 'Br', 'occu': 1}], 'abc': [0.7468833141633198, 0.7468833141633198, 0.2531166858366802], 'properties': {}, 'label': 'Br', 'xyz': [5.428601408016047, 5.428601408016047, 8.10906362178138]}]}"
3301_CsAmVacBr,Am-Br-Cs,9,"{'@module': 'pymatgen.core.structure', '@class': 'Structure', 'charge': 0.0, 'lattice': {'matrix': [[0.0, 5.434758457109162, 5.434758457109162], [5.434758457109162, 0.0, 5.434758457109162], [5.434758457109162, 5.434758457109162, 0.0]], 'pbc': (True, True, True), 'a': 7.685909118265653, 'b': 7.685909118265653, 'c': 7.685909118265653, 'alpha': 59.99999999999999, 'beta': 59.99999999999999, 'gamma': 59.99999999999999, 'volume': 321.0485677137383}, 'properties': {}, 'sites': [{'species': [{'element': 'Am', 'occu': 1}], 'abc': [0.0, 0.0, 0.0], 'properties': {}, 'label': 'Am', 'xyz': [0.0, 0.0, 0.0]}, {'species': [{'element': 'Cs', 'occu': 1}], 'abc': [0.25, 0.25, 0.25], 'properties': {}, 'label': 'Cs', 'xyz': [2.717379228554581, 2.717379228554581, 2.717379228554581]}, {'species': [{'element': 'Cs', 'occu': 1}], 'abc': [0.75, 0.75, 0.75], 'properties': {}, 'label': 'Cs', 'xyz': [8.152137685663742, 8.152137685663742, 8.152137685663742]}, {'species': [{'element': 'Br', 'occu': 1}], 'abc': [0.7486629651069094, 0.2513370348930906, 0.2513370348930906], 'properties': {}, 'label': 'Br', 'xyz': [2.7319121519399294, 5.434758457109162, 5.434758457109162]}, {'species': [{'element': 'Br', 'occu': 1}], 'abc': [0.2513370348930906, 0.7486629651069094, 0.7486629651069094], 'properties': {}, 'label': 'Br', 'xyz': [8.137604762278395, 5.434758457109162, 5.434758457109162]}, {'species': [{'element': 'Br', 'occu': 1}], 'abc': [0.2513370348930906, 0.7486629651069094, 0.2513370348930906], 'properties': {}, 'label': 'Br', 'xyz': [5.434758457109162, 2.7319121519399294, 5.434758457109162]}, {'species': [{'element': 'Br', 'occu': 1}], 'abc': [0.7486629651069094, 0.2513370348930906, 0.7486629651069094], 'properties': {}, 'label': 'Br', 'xyz': [5.434758457109162, 8.137604762278395, 5.434758457109162]}, {'species': [{'element': 'Br', 'occu': 1}], 'abc': [0.2513370348930906, 0.2513370348930906, 0.7486629651069094], 'properties': {}, 'label': 'Br', 'xyz': [5.434758457109162, 5.434758457109162, 2.7319121519399294]}, {'species': [{'element': 'Br', 'occu': 1}], 'abc': [0.7486629651069094, 0.7486629651069094, 0.2513370348930906], 'properties': {}, 'label': 'Br', 'xyz': [5.434758457109162, 5.434758457109162, 8.137604762278395]}]}"
3310_CsCoFrBr,Br-Co-Cs-Fr,10,"{'@module': 'pymatgen.core.structure', '@class': 'Structure', 'charge': 0.0, 'lattice': {'matrix': [[0.0, 5.694421717891614, 5.694421717891614], [5.694421717891614, 0.0, 5.694421717891614], [5.694421717891614, 5.694421717891614, 0.0]], 'pbc': (True, True, True), 'a': 8.053128423314218, 'b': 8.053128423314218, 'c': 8.053128423314218, 'alpha': 59.99999999999999, 'beta': 59.99999999999999, 'gamma': 59.99999999999999, 'volume': 369.2996335479396}, 'properties': {}, 'sites': [{'species': [{'element': 'Co', 'occu': 1}], 'abc': [0.0, 0.0, 0.0], 'properties': {}, 'label': 'Co', 'xyz': [0.0, 0.0, 0.0]}, {'species': [{'element': 'Fr', 'occu': 1}], 'abc': [0.5, 0.5, 0.5], 'properties': {}, 'label': 'Fr', 'xyz': [5.694421717891614, 5.694421717891614, 5.694421717891614]}, {'species': [{'element': 'Cs', 'occu': 1}], 'abc': [0.25, 0.25, 0.25], 'properties': {}, 'label': 'Cs', 'xyz': [2.847210858945807, 2.847210858945807, 2.847210858945807]}, {'species': [{'element': 'Cs', 'occu': 1}], 'abc': [0.75, 0.75, 0.75], 'properties': {}, 'label': 'Cs', 'xyz': [8.54163257683742, 8.54163257683742, 8.54163257683742]}, {'species': [{'element': 'Br', 'occu': 1}], 'abc': [0.7912142996976357, 0.2087857003023643, 0.2087857003023643], 'properties': {}, 'label': 'Br', 'xyz': [2.377827652373986, 5.694421717891614, 5.694421717891614]}, {'species': [{'element': 'Br', 'occu': 1}], 'abc': [0.2087857003023643, 0.7912142996976357, 0.7912142996976357], 'properties': {}, 'label': 'Br', 'xyz': [9.011015783409242, 5.694421717891614, 5.694421717891614]}, {'species': [{'element': 'Br', 'occu': 1}], 'abc': [0.2087857003023643, 0.7912142996976357, 0.2087857003023643], 'properties': {}, 'label': 'Br', 'xyz': [5.694421717891614, 2.377827652373986, 5.694421717891614]}, {'species': [{'element': 'Br', 'occu': 1}], 'abc': [0.7912142996976357, 0.2087857003023643, 0.7912142996976357], 'properties': {}, 'label': 'Br', 'xyz': [5.694421717891614, 9.011015783409242, 5.694421717891614]}, {'species': [{'element': 'Br', 'occu': 1}], 'abc': [0.2087857003023643, 0.2087857003023643, 0.7912142996976357], 'properties': {}, 'label': 'Br', 'xyz': [5.694421717891614, 5.694421717891614, 2.377827652373986]}, {'species': [{'element': 'Br', 'occu': 1}], 'abc': [0.7912142996976357, 0.7912142996976357, 0.2087857003023643], 'properties': {}, 'label': 'Br', 'xyz': [5.694421717891614, 5.694421717891614, 9.011015783409242]}]}"
3313_CsNiFrBr,Br-Cs-Fr-Ni,10,"{'@module': 'pymatgen.core.structure', '@class': 'Structure', 'charge': 0.0, 'lattice': {'matrix': [[0.0, 5.709262047319508, 5.709262047319508], [5.709262047319508, 0.0, 5.709262047319508], [5.709262047319508, 5.709262047319508, 0.0]], 'pbc': (True, True, True), 'a': 8.074115818461232, 'b': 8.074115818461232, 'c': 8.074115818461232, 'alpha': 60.00000000000001, 'beta': 60.00000000000001, 'gamma': 60.00000000000001, 'volume': 372.1944789583668}, 'properties': {}, 'sites': [{'species': [{'element': 'Ni', 'occu': 1}], 'abc': [0.0, 0.0, 0.0], 'properties': {}, 'label': 'Ni', 'xyz': [0.0, 0.0, 0.0]}, {'species': [{'element': 'Fr', 'occu': 1}], 'abc': [0.5, 0.5, 0.5], 'properties': {}, 'label': 'Fr', 'xyz': [5.709262047319508, 5.709262047319508, 5.709262047319508]}, {'species': [{'element': 'Cs', 'occu': 1}], 'abc': [0.25, 0.25, 0.25], 'properties': {}, 'label': 'Cs', 'xyz': [2.854631023659754, 2.854631023659754, 2.854631023659754]}, {'species': [{'element': 'Cs', 'occu': 1}], 'abc': [0.75, 0.75, 0.75], 'properties': {}, 'label': 'Cs', 'xyz': [8.563893070979262, 8.563893070979262, 8.563893070979262]}, {'species': [{'element': 'Br', 'occu': 1}], 'abc': [0.787856887204299, 0.212143112795701, 0.212143112795701], 'properties': {}, 'label': 'Br', 'xyz': [2.4223612449694345, 5.709262047319509, 5.709262047319509]}, {'species': [{'element': 'Br', 'occu': 1}], 'abc': [0.212143112795701, 0.787856887204299, 0.787856887204299], 'properties': {}, 'label': 'Br', 'xyz': [8.996162849669583, 5.709262047319509, 5.709262047319509]}, {'species': [{'element': 'Br', 'occu': 1}], 'abc': [0.212143112795701, 0.787856887204299, 0.212143112795701], 'properties': {}, 'label': 'Br', 'xyz': [5.709262047319509, 2.4223612449694345, 5.709262047319509]}, {'species': [{'element': 'Br', 'occu': 1}], 'abc': [0.787856887204299, 0.212143112795701, 0.787856887204299], 'properties': {}, 'label': 'Br', 'xyz': [5.709262047319509, 8.996162849669583, 5.709262047319509]}, {'species': [{'element': 'Br', 'occu': 1}], 'abc': [0.212143112795701, 0.212143112795701, 0.787856887204299], 'properties': {}, 'label': 'Br', 'xyz': [5.709262047319509, 5.709262047319509, 2.4223612449694345]}, {'species': [{'element': 'Br', 'occu': 1}], 'abc': [0.787856887204299, 0.787856887204299, 0.212143112795701], 'properties': {}, 'label': 'Br', 'xyz': [5.709262047319509, 5.709262047319509, 8.996162849669583]}]}"
3317_CsAsFrBr,As-Br-Cs-Fr,10,"{'@module': 'pymatgen.core.structure', '@class': 'Structure', 'charge': 0.0, 'lattice': {'matrix': [[0.0, 5.973450377363245, 5.973450377363245], [5.973450377363245, 0.0, 5.973450377363245], [5.973450377363245, 5.973450377363245, 0.0]], 'pbc': (True, True, True), 'a': 8.447734537829785, 'b': 8.447734537829785, 'c': 8.447734537829785, 'alpha': 60.00000000000001, 'beta': 60.00000000000001, 'gamma': 60.00000000000001, 'volume': 426.2906198503718}, 'properties': {}, 'sites': [{'species': [{'element': 'As', 'occu': 1}], 'abc': [0.0, 0.0, 0.0], 'properties': {}, 'label': 'As', 'xyz': [0.0, 0.0, 0.0]}, {'species': [{'element': 'Fr', 'occu': 1}], 'abc': [0.5, 0.5, 0.5], 'properties': {}, 'label': 'Fr', 'xyz': [5.973450377363245, 5.973450377363245, 5.973450377363245]}, {'species': [{'element': 'Cs', 'occu': 1}], 'abc': [0.25, 0.25, 0.25], 'properties': {}, 'label': 'Cs', 'xyz': [2.9867251886816226, 2.9867251886816226, 2.9867251886816226]}, {'species': [{'element': 'Cs', 'occu': 1}], 'abc': [0.75, 0.75, 0.75], 'properties': {}, 'label': 'Cs', 'xyz': [8.960175566044867, 8.960175566044867, 8.960175566044867]}, {'species': [{'element': 'Br', 'occu': 1}], 'abc': [0.7801229926830189, 0.2198770073169811, 0.2198770073169811], 'properties': {}, 'label': 'Br', 'xyz': [2.6268487846622435, 5.973450377363245, 5.973450377363245]}, {'species': [{'element': 'Br', 'occu': 1}], 'abc': [0.2198770073169811, 0.7801229926830189, 0.7801229926830189], 'properties': {}, 'label': 'Br', 'xyz': [9.320051970064247, 5.973450377363245, 5.973450377363245]}, {'species': [{'element': 'Br', 'occu': 1}], 'abc': [0.2198770073169811, 0.7801229926830189, 0.2198770073169811], 'properties': {}, 'label': 'Br', 'xyz': [5.973450377363245, 2.6268487846622435, 5.973450377363245]}, {'species': [{'element': 'Br', 'occu': 1}], 'abc': [0.7801229926830189, 0.2198770073169811, 0.7801229926830189], 'properties': {}, 'label': 'Br', 'xyz': [5.973450377363245, 9.320051970064247, 5.973450377363245]}, {'species': [{'element': 'Br', 'occu': 1}], 'abc': [0.2198770073169811, 0.2198770073169811, 0.7801229926830189], 'properties': {}, 'label': 'Br', 'xyz': [5.973450377363245, 5.973450377363245, 2.6268487846622435]}, {'species': [{'element': 'Br', 'occu': 1}], 'abc': [0.7801229926830189, 0.7801229926830189, 0.2198770073169811], 'properties': {}, 'label': 'Br', 'xyz': [5.973450377363245, 5.973450377363245, 9.320051970064247]}]}"
3318_CsEuAmBr,Am-Br-Cs-Eu,10,"{'@module': 'pymatgen.core.structure', '@class': 'Structure', 'charge': 0.0, 'lattice': {'matrix': [[0.0, 5.699389806993116, 5.699389806993116], [5.699389806993116, 0.0, 5.699389806993116], [5.699389806993116, 5.699389806993116, 0.0]], 'pbc': (True, True, True), 'a': 8.060154362300642, 'b': 8.060154362300642, 'c': 8.060154362300642, 'alpha': 60.00000000000001, 'beta': 60.00000000000001, 'gamma': 60.00000000000001, 'volume': 370.26706170865793}, 'properties': {}, 'sites': [{'species': [{'element': 'Eu', 'occu': 1}], 'abc': [0.0, 0.0, 0.0], 'properties': {}, 'label': 'Eu', 'xyz': [0.0, 0.0, 0.0]}, {'species': [{'element': 'Am', 'occu': 1}], 'abc': [0.5, 0.5, 0.5], 'properties': {}, 'label': 'Am', 'xyz': [5.699389806993116, 5.699389806993116, 5.699389806993116]}, {'species': [{'element': 'Cs', 'occu': 1}], 'abc': [0.25, 0.25, 0.25], 'properties': {}, 'label': 'Cs', 'xyz': [2.849694903496558, 2.849694903496558, 2.849694903496558]}, {'species': [{'element': 'Cs', 'occu': 1}], 'abc': [0.75, 0.75, 0.75], 'properties': {}, 'label': 'Cs', 'xyz': [8.549084710489673, 8.549084710489673, 8.549084710489673]}, {'species': [{'element': 'Br', 'occu': 1}], 'abc': [0.7527334618054695, 0.2472665381945305, 0.2472665381945305], 'properties': {}, 'label': 'Br', 'xyz': [2.8185367747927623, 5.699389806993116, 5.699389806993116]}, {'species': [{'element': 'Br', 'occu': 1}], 'abc': [0.2472665381945305, 0.7527334618054695, 0.7527334618054695], 'properties': {}, 'label': 'Br', 'xyz': [8.58024283919347, 5.699389806993116, 5.699389806993116]}, {'species': [{'element': 'Br', 'occu': 1}], 'abc': [0.2472665381945305, 0.7527334618054695, 0.2472665381945305], 'properties': {}, 'label': 'Br', 'xyz': [5.699389806993116, 2.8185367747927623, 5.699389806993116]}, {'species': [{'element': 'Br', 'occu': 1}], 'abc': [0.7527334618054695, 0.2472665381945305, 0.7527334618054695], 'properties': {}, 'label': 'Br', 'xyz': [5.699389806993116, 8.58024283919347, 5.699389806993116]}, {'species': [{'element': 'Br', 'occu': 1}], 'abc': [0.2472665381945305, 0.2472665381945305, 0.7527334618054695], 'properties': {}, 'label': 'Br', 'xyz': [5.699389806993116, 5.699389806993116, 2.8185367747927623]}, {'species': [{'element': 'Br', 'occu': 1}], 'abc': [0.7527334618054695, 0.7527334618054695, 0.2472665381945305], 'properties': {}, 'label': 'Br', 'xyz': [5.699389806993116, 5.699389806993116, 8.58024283919347]}]}"
3323_CsYbFrF,Cs-F-Fr-Yb,10,"{'@module': 'pymatgen.core.structure', '@class': 'Structure', 'charge': 0.0, 'lattice': {'matrix': [[0.0, 4.932070471021518, 4.932070471021518], [4.932070471021518, 0.0, 4.932070471021518], [4.932070471021518, 4.932070471021518, 0.0]], 'pbc': (True, True, True), 'a': 6.97500095069849, 'b': 6.97500095069849, 'c': 6.97500095069849, 'alpha': 60.00000000000001, 'beta': 60.00000000000001, 'gamma': 60.00000000000001, 'volume': 239.9483763695674}, 'properties': {}, 'sites': [{'species': [{'element': 'Yb', 'occu': 1}], 'abc': [0.0, 0.0, 0.0], 'properties': {}, 'label': 'Yb', 'xyz': [0.0, 0.0, 0.0]}, {'species': [{'element': 'Fr', 'occu': 1}], 'abc': [0.5, 0.5, 0.5], 'properties': {}, 'label': 'Fr', 'xyz': [4.932070471021518, 4.932070471021518, 4.932070471021518]}, {'species': [{'element': 'Cs', 'occu': 1}], 'abc': [0.25, 0.25, 0.25], 'properties': {}, 'label': 'Cs', 'xyz': [2.466035235510759, 2.466035235510759, 2.466035235510759]}, {'species': [{'element': 'Cs', 'occu': 1}], 'abc': [0.75, 0.75, 0.75], 'properties': {}, 'label': 'Cs', 'xyz': [7.398105706532277, 7.398105706532277, 7.398105706532277]}, {'species': [{'element': 'F', 'occu': 1}], 'abc': [0.7862162998359636, 0.2137837001640364, 0.2137837001640364], 'properties': {}, 'label': 'F', 'xyz': [2.108792549529524, 4.932070471021518, 4.932070471021518]}, {'species': [{'element': 'F', 'occu': 1}], 'abc': [0.2137837001640364, 0.7862162998359636, 0.7862162998359636], 'properties': {}, 'label': 'F', 'xyz': [7.755348392513513, 4.932070471021518, 4.932070471021518]}, {'species': [{'element': 'F', 'occu': 1}], 'abc': [0.2137837001640364, 0.7862162998359636, 0.2137837001640364], 'properties': {}, 'label': 'F', 'xyz': [4.932070471021518, 2.108792549529524, 4.932070471021518]}, {'species': [{'element': 'F', 'occu': 1}], 'abc': [0.7862162998359636, 0.2137837001640364, 0.7862162998359636], 'properties': {}, 'label': 'F', 'xyz': [4.932070471021518, 7.755348392513513, 4.932070471021518]}, {'species': [{'element': 'F', 'occu': 1}], 'abc': [0.2137837001640364, 0.2137837001640364, 0.7862162998359636], 'properties': {}, 'label': 'F', 'xyz': [4.932070471021518, 4.932070471021518, 2.108792549529524]}, {'species': [{'element': 'F', 'occu': 1}], 'abc': [0.7862162998359636, 0.7862162998359636, 0.2137837001640364], 'properties': {}, 'label': 'F', 'xyz': [4.932070471021518, 4.932070471021518, 7.755348392513513]}]}"
3330_CsPbRaF,Cs-F-Pb-Ra,10,"{'@module': 'pymatgen.core.structure', '@class': 'Structure', 'charge': 0.0, 'lattice': {'matrix': [[0.0, 4.981620449311662, 4.981620449311662], [4.981620449311662, 0.0, 4.981620449311662], [4.981620449311662, 4.981620449311662, 0.0]], 'pbc': (True, True, True), 'a': 7.045075202011704, 'b': 7.045075202011704, 'c': 7.045075202011704, 'alpha': 60.00000000000001, 'beta': 60.00000000000001, 'gamma': 60.00000000000001, 'volume': 247.25318921574024}, 'properties': {}, 'sites': [{'species': [{'element': 'Pb', 'occu': 1}], 'abc': [0.0, 0.0, 0.0], 'properties': {}, 'label': 'Pb', 'xyz': [0.0, 0.0, 0.0]}, {'species': [{'element': 'Ra', 'occu': 1}], 'abc': [0.5, 0.5, 0.5], 'properties': {}, 'label': 'Ra', 'xyz': [4.981620449311662, 4.981620449311662, 4.981620449311662]}, {'species': [{'element': 'Cs', 'occu': 1}], 'abc': [0.25, 0.25, 0.25], 'properties': {}, 'label': 'Cs', 'xyz': [2.490810224655831, 2.490810224655831, 2.490810224655831]}, {'species': [{'element': 'Cs', 'occu': 1}], 'abc': [0.75, 0.75, 0.75], 'properties': {}, 'label': 'Cs', 'xyz': [7.472430673967493, 7.472430673967493, 7.472430673967493]}, {'species': [{'element': 'F', 'occu': 1}], 'abc': [0.75828030888988, 0.24171969111012, 0.24171969111012], 'properties': {}, 'label': 'F', 'xyz': [2.408311512470944, 4.981620449311661, 4.981620449311661]}, {'species': [{'element': 'F', 'occu': 1}], 'abc': [0.24171969111012, 0.75828030888988, 0.75828030888988], 'properties': {}, 'label': 'F', 'xyz': [7.554929386152379, 4.981620449311661, 4.981620449311661]}, {'species': [{'element': 'F', 'occu': 1}], 'abc': [0.24171969111012, 0.75828030888988, 0.24171969111012], 'properties': {}, 'label': 'F', 'xyz': [4.981620449311661, 2.408311512470944, 4.981620449311661]}, {'species': [{'element': 'F', 'occu': 1}], 'abc': [0.75828030888988, 0.24171969111012, 0.75828030888988], 'properties': {}, 'label': 'F', 'xyz': [4.981620449311661, 7.554929386152379, 4.981620449311661]}, {'species': [{'element': 'F', 'occu': 1}], 'abc': [0.24171969111012, 0.24171969111012, 0.75828030888988], 'properties': {}, 'label': 'F', 'xyz': [4.981620449311661, 4.981620449311661, 2.408311512470944]}, {'species': [{'element': 'F', 'occu': 1}], 'abc': [0.75828030888988, 0.75828030888988, 0.24171969111012], 'properties': {}, 'label': 'F', 'xyz': [4.981620449311661, 4.981620449311661, 7.554929386152379]}]}"
3340_CsSrAmBr,Am-Br-Cs-Sr,10,"{'@module': 'pymatgen.core.structure', '@class': 'Structure', 'charge': 0.0, 'lattice': {'matrix': [[0.0, 5.8475166084664005, 5.8475166084664005], [5.8475166084664005, 0.0, 5.8475166084664005], [5.8475166084664005, 5.8475166084664005, 0.0]], 'pbc': (True, True, True), 'a': 8.269637293895107, 'b': 8.269637293895107, 'c': 8.269637293895107, 'alpha': 60.00000000000001, 'beta': 60.00000000000001, 'gamma': 60.00000000000001, 'volume': 399.89353923871323}, 'properties': {}, 'sites': [{'species': [{'element': 'Sr', 'occu': 1}], 'abc': [0.0, 0.0, 0.0], 'properties': {}, 'label': 'Sr', 'xyz': [0.0, 0.0, 0.0]}, {'species': [{'element': 'Am', 'occu': 1}], 'abc': [0.5, 0.5, 0.5], 'properties': {}, 'label': 'Am', 'xyz': [5.8475166084664005, 5.8475166084664005, 5.8475166084664005]}, {'species': [{'element': 'Cs', 'occu': 1}], 'abc': [0.25, 0.25, 0.25], 'properties': {}, 'label': 'Cs', 'xyz': [2.9237583042332003, 2.9237583042332003, 2.9237583042332003]}, {'species': [{'element': 'Cs', 'occu': 1}], 'abc': [0.75, 0.75, 0.75], 'properties': {}, 'label': 'Cs', 'xyz': [8.771274912699601, 8.771274912699601, 8.771274912699601]}, {'species': [{'element': 'Br', 'occu': 1}], 'abc': [0.7477142805866279, 0.2522857194133721, 0.2522857194133721], 'properties': {}, 'label': 'Br', 'xyz': [2.9504898686971748, 5.8475166084664, 5.8475166084664]}, {'species': [{'element': 'Br', 'occu': 1}], 'abc': [0.2522857194133721, 0.7477142805866279, 0.7477142805866279], 'properties': {}, 'label': 'Br', 'xyz': [8.744543348235625, 5.8475166084664, 5.8475166084664]}, {'species': [{'element': 'Br', 'occu': 1}], 'abc': [0.2522857194133721, 0.7477142805866279, 0.2522857194133721], 'properties': {}, 'label': 'Br', 'xyz': [5.8475166084664, 2.9504898686971748, 5.8475166084664]}, {'species': [{'element': 'Br', 'occu': 1}], 'abc': [0.7477142805866279, 0.2522857194133721, 0.7477142805866279], 'properties': {}, 'label': 'Br', 'xyz': [5.8475166084664, 8.744543348235625, 5.8475166084664]}, {'species': [{'element': 'Br', 'occu': 1}], 'abc': [0.2522857194133721, 0.2522857194133721, 0.7477142805866279], 'properties': {}, 'label': 'Br', 'xyz': [5.8475166084664, 5.8475166084664, 2.9504898686971748]}, {'species': [{'element': 'Br', 'occu': 1}], 'abc': [0.7477142805866279, 0.7477142805866279, 0.2522857194133721], 'properties': {}, 'label': 'Br', 'xyz': [5.8475166084664, 5.8475166084664, 8.744543348235625]}]}"
3344_CsFeFrBr,Br-Cs-Fe-Fr,10,"{'@module': 'pymatgen.core.structure', '@class': 'Structure', 'charge': 0.0, 'lattice': {'matrix': [[0.0, 5.879770539899656, 5.879770539899656], [5.879770539899656, 0.0, 5.879770539899656], [5.879770539899656, 5.879770539899656, 0.0]], 'pbc': (True, True, True), 'a': 8.31525124116787, 'b': 8.31525124116787, 'c': 8.31525124116787, 'alpha': 60.00000000000001, 'beta': 60.00000000000001, 'gamma': 60.00000000000001, 'volume': 406.54734518577624}, 'properties': {}, 'sites': [{'species': [{'element': 'Fe', 'occu': 1}], 'abc': [0.0, 0.0, 0.0], 'properties': {}, 'label': 'Fe', 'xyz': [0.0, 0.0, 0.0]}, {'species': [{'element': 'Fr', 'occu': 1}], 'abc': [0.5, 0.5, 0.5], 'properties': {}, 'label': 'Fr', 'xyz': [5.879770539899656, 5.879770539899656, 5.879770539899656]}, {'species': [{'element': 'Cs', 'occu': 1}], 'abc': [0.25, 0.25, 0.25], 'properties': {}, 'label': 'Cs', 'xyz': [2.939885269949828, 2.939885269949828, 2.939885269949828]}, {'species': [{'element': 'Cs', 'occu': 1}], 'abc': [0.75, 0.75, 0.75], 'properties': {}, 'label': 'Cs', 'xyz': [8.819655809849484, 8.819655809849484, 8.819655809849484]}, {'species': [{'element': 'Br', 'occu': 1}], 'abc': [0.785535376019773, 0.214464623980227, 0.214464623980227], 'properties': {}, 'label': 'Br', 'xyz': [2.522005555859192, 5.879770539899655, 5.879770539899655]}, {'species': [{'element': 'Br', 'occu': 1}], 'abc': [0.214464623980227, 0.785535376019773, 0.785535376019773], 'properties': {}, 'label': 'Br', 'xyz': [9.23753552394012, 5.879770539899655, 5.879770539899655]}, {'species': [{'element': 'Br', 'occu': 1}], 'abc': [0.214464623980227, 0.785535376019773, 0.214464623980227], 'properties': {}, 'label': 'Br', 'xyz': [5.879770539899655, 2.522005555859192, 5.879770539899655]}, {'species': [{'element': 'Br', 'occu': 1}], 'abc': [0.785535376019773, 0.214464623980227, 0.785535376019773], 'properties': {}, 'label': 'Br', 'xyz': [5.879770539899655, 9.23753552394012, 5.879770539899655]}, {'species': [{'element': 'Br', 'occu': 1}], 'abc': [0.214464623980227, 0.214464623980227, 0.785535376019773], 'properties': {}, 'label': 'Br', 'xyz': [5.879770539899655, 5.879770539899655, 2.522005555859192]}, {'species': [{'element': 'Br', 'occu': 1}], 'abc': [0.785535376019773, 0.785535376019773, 0.214464623980227], 'properties': {}, 'label': 'Br', 'xyz': [5.879770539899655, 5.879770539899655, 9.23753552394012]}]}"
3354_CsPbAmBr,Am-Br-Cs-Pb,10,"{'@module': 'pymatgen.core.structure', '@class': 'Structure', 'charge': 0.0, 'lattice': {'matrix': [[0.0, 5.8444697905200975, 5.8444697905200975], [5.8444697905200975, 0.0, 5.8444697905200975], [5.8444697905200975, 5.8444697905200975, 0.0]], 'pbc': (True, True, True), 'a': 8.265328442633363, 'b': 8.265328442633363, 'c': 8.265328442633363, 'alpha': 59.99999999999999, 'beta': 59.99999999999999, 'gamma': 59.99999999999999, 'volume': 399.2687775690939}, 'properties': {}, 'sites': [{'species': [{'element': 'Pb', 'occu': 1}], 'abc': [0.0, 0.0, 0.0], 'properties': {}, 'label': 'Pb', 'xyz': [0.0, 0.0, 0.0]}, {'species': [{'element': 'Am', 'occu': 1}], 'abc': [0.5, 0.5, 0.5], 'properties': {}, 'label': 'Am', 'xyz': [5.8444697905200975, 5.8444697905200975, 5.8444697905200975]}, {'species': [{'element': 'Cs', 'occu': 1}], 'abc': [0.25, 0.25, 0.25], 'properties': {}, 'label': 'Cs', 'xyz': [2.9222348952600488, 2.9222348952600488, 2.9222348952600488]}, {'species': [{'element': 'Cs', 'occu': 1}], 'abc': [0.75, 0.75, 0.75], 'properties': {}, 'label': 'Cs', 'xyz': [8.766704685780146, 8.766704685780146, 8.766704685780146]}, {'species': [{'element': 'Br', 'occu': 1}], 'abc': [0.746460079025745, 0.253539920974255, 0.253539920974255], 'properties': {}, 'label': 'Br', 'xyz': [2.9636128176497722, 5.8444697905200975, 5.8444697905200975]}, {'species': [{'element': 'Br', 'occu': 1}], 'abc': [0.253539920974255, 0.746460079025745, 0.746460079025745], 'properties': {}, 'label': 'Br', 'xyz': [8.725326763390422, 5.8444697905200975, 5.8444697905200975]}, {'species': [{'element': 'Br', 'occu': 1}], 'abc': [0.253539920974255, 0.746460079025745, 0.253539920974255], 'properties': {}, 'label': 'Br', 'xyz': [5.8444697905200975, 2.9636128176497722, 5.8444697905200975]}, {'species': [{'element': 'Br', 'occu': 1}], 'abc': [0.746460079025745, 0.253539920974255, 0.746460079025745], 'properties': {}, 'label': 'Br', 'xyz': [5.8444697905200975, 8.725326763390422, 5.8444697905200975]}, {'species': [{'element': 'Br', 'occu': 1}], 'abc': [0.253539920974255, 0.253539920974255, 0.746460079025745], 'properties': {}, 'label': 'Br', 'xyz': [5.8444697905200975, 5.8444697905200975, 2.9636128176497722]}, {'species': [{'element': 'Br', 'occu': 1}], 'abc': [0.746460079025745, 0.746460079025745, 0.253539920974255], 'properties': {}, 'label': 'Br', 'xyz': [5.8444697905200975, 5.8444697905200975, 8.725326763390422]}]}"
3367_CsBeAmBr,Am-Be-Br-Cs,10,"{'@module': 'pymatgen.core.structure', '@class': 'Structure', 'charge': 0.0, 'lattice': {'matrix': [[0.0, 5.373888526393403, 5.373888526393403], [5.373888526393403, 0.0, 5.373888526393403], [5.373888526393403, 5.373888526393403, 0.0]], 'pbc': (True, True, True), 'a': 7.599826036706716, 'b': 7.599826036706716, 'c': 7.599826036706716, 'alpha': 59.99999999999999, 'beta': 59.99999999999999, 'gamma': 59.99999999999999, 'volume': 310.3815915850581}, 'properties': {}, 'sites': [{'species': [{'element': 'Be', 'occu': 1}], 'abc': [0.0, 0.0, 0.0], 'properties': {}, 'label': 'Be', 'xyz': [0.0, 0.0, 0.0]}, {'species': [{'element': 'Am', 'occu': 1}], 'abc': [0.5, 0.5, 0.5], 'properties': {}, 'label': 'Am', 'xyz': [5.373888526393403, 5.373888526393403, 5.373888526393403]}, {'species': [{'element': 'Cs', 'occu': 1}], 'abc': [0.25, 0.25, 0.25], 'properties': {}, 'label': 'Cs', 'xyz': [2.6869442631967013, 2.6869442631967013, 2.6869442631967013]}, {'species': [{'element': 'Cs', 'occu': 1}], 'abc': [0.75, 0.75, 0.75], 'properties': {}, 'label': 'Cs', 'xyz': [8.060832789590105, 8.060832789590105, 8.060832789590105]}, {'species': [{'element': 'Br', 'occu': 1}], 'abc': [0.7704081595761778, 0.2295918404238222, 0.2295918404238222], 'properties': {}, 'label': 'Br', 'xyz': [2.4676019140142462, 5.373888526393403, 5.373888526393403]}, {'species': [{'element': 'Br', 'occu': 1}], 'abc': [0.2295918404238222, 0.7704081595761778, 0.7704081595761778], 'properties': {}, 'label': 'Br', 'xyz': [8.28017513877256, 5.373888526393403, 5.373888526393403]}, {'species': [{'element': 'Br', 'occu': 1}], 'abc': [0.2295918404238222, 0.7704081595761778, 0.2295918404238222], 'properties': {}, 'label': 'Br', 'xyz': [5.373888526393403, 2.4676019140142462, 5.373888526393403]}, {'species': [{'element': 'Br', 'occu': 1}], 'abc': [0.7704081595761778, 0.2295918404238222, 0.7704081595761778], 'properties': {}, 'label': 'Br', 'xyz': [5.373888526393403, 8.28017513877256, 5.373888526393403]}, {'species': [{'element': 'Br', 'occu': 1}], 'abc': [0.2295918404238222, 0.2295918404238222, 0.7704081595761778], 'properties': {}, 'label': 'Br', 'xyz': [5.373888526393403, 5.373888526393403, 2.4676019140142462]}, {'species': [{'element': 'Br', 'occu': 1}], 'abc': [0.7704081595761778, 0.7704081595761778, 0.2295918404238222], 'properties': {}, 'label': 'Br', 'xyz': [5.373888526393403, 5.373888526393403, 8.28017513877256]}]}"
3375_CsTmFrF,Cs-F-Fr-Tm,10,"{'@module': 'pymatgen.core.structure', '@class': 'Structure', 'charge': 0.0, 'lattice': {'matrix': [[0.0, 4.942979532351863, 4.942979532351863], [4.942979532351863, 0.0, 4.942979532351863], [4.942979532351863, 4.942979532351863, 0.0]], 'pbc': (True, True, True), 'a': 6.990428693184624, 'b': 6.990428693184624, 'c': 6.990428693184624, 'alpha': 60.00000000000001, 'beta': 60.00000000000001, 'gamma': 60.00000000000001, 'volume': 241.54409907956423}, 'properties': {}, 'sites': [{'species': [{'element': 'Tm', 'occu': 1}], 'abc': [0.0, 0.0, 0.0], 'properties': {}, 'label': 'Tm', 'xyz': [0.0, 0.0, 0.0]}, {'species': [{'element': 'Fr', 'occu': 1}], 'abc': [0.5, 0.5, 0.5], 'properties': {}, 'label': 'Fr', 'xyz': [4.942979532351863, 4.942979532351863, 4.942979532351863]}, {'species': [{'element': 'Cs', 'occu': 1}], 'abc': [0.25, 0.25, 0.25], 'properties': {}, 'label': 'Cs', 'xyz': [2.4714897661759316, 2.4714897661759316, 2.4714897661759316]}, {'species': [{'element': 'Cs', 'occu': 1}], 'abc': [0.75, 0.75, 0.75], 'properties': {}, 'label': 'Cs', 'xyz': [7.414469298527795, 7.414469298527795, 7.414469298527795]}, {'species': [{'element': 'F', 'occu': 1}], 'abc': [0.7855898845753444, 0.2144101154246556, 0.2144101154246556], 'properties': {}, 'label': 'F', 'xyz': [2.1196496241465463, 4.942979532351863, 4.942979532351863]}, {'species': [{'element': 'F', 'occu': 1}], 'abc': [0.2144101154246556, 0.7855898845753444, 0.7855898845753444], 'properties': {}, 'label': 'F', 'xyz': [7.766309440557181, 4.942979532351863, 4.942979532351863]}, {'species': [{'element': 'F', 'occu': 1}], 'abc': [0.2144101154246556, 0.7855898845753444, 0.2144101154246556], 'properties': {}, 'label': 'F', 'xyz': [4.942979532351863, 2.1196496241465463, 4.942979532351863]}, {'species': [{'element': 'F', 'occu': 1}], 'abc': [0.7855898845753444, 0.2144101154246556, 0.7855898845753444], 'properties': {}, 'label': 'F', 'xyz': [4.942979532351863, 7.766309440557181, 4.942979532351863]}, {'species': [{'element': 'F', 'occu': 1}], 'abc': [0.2144101154246556, 0.2144101154246556, 0.7855898845753444], 'properties': {}, 'label': 'F', 'xyz': [4.942979532351863, 4.942979532351863, 2.1196496241465463]}, {'species': [{'element': 'F', 'occu': 1}], 'abc': [0.7855898845753444, 0.7855898845753444, 0.2144101154246556], 'properties': {}, 'label': 'F', 'xyz': [4.942979532351863, 4.942979532351863, 7.766309440557181]}]}"
3378_CsMnFrBr,Br-Cs-Fr-Mn,10,"{'@module': 'pymatgen.core.structure', '@class': 'Structure', 'charge': 0.0, 'lattice': {'matrix': [[0.0, 5.842755326131476, 5.842755326131476], [5.842755326131476, 0.0, 5.842755326131476], [5.842755326131476, 5.842755326131476, 0.0]], 'pbc': (True, True, True), 'a': 8.26290382384277, 'b': 8.26290382384277, 'c': 8.26290382384277, 'alpha': 60.00000000000001, 'beta': 60.00000000000001, 'gamma': 60.00000000000001, 'volume': 398.91750636474}, 'properties': {}, 'sites': [{'species': [{'element': 'Mn', 'occu': 1}], 'abc': [0.0, 0.0, 0.0], 'properties': {}, 'label': 'Mn', 'xyz': [0.0, 0.0, 0.0]}, {'species': [{'element': 'Fr', 'occu': 1}], 'abc': [0.5, 0.5, 0.5], 'properties': {}, 'label': 'Fr', 'xyz': [5.842755326131476, 5.842755326131476, 5.842755326131476]}, {'species': [{'element': 'Cs', 'occu': 1}], 'abc': [0.25, 0.25, 0.25], 'properties': {}, 'label': 'Cs', 'xyz': [2.921377663065738, 2.921377663065738, 2.921377663065738]}, {'species': [{'element': 'Cs', 'occu': 1}], 'abc': [0.75, 0.75, 0.75], 'properties': {}, 'label': 'Cs', 'xyz': [8.764132989197215, 8.764132989197215, 8.764132989197215]}, {'species': [{'element': 'Br', 'occu': 1}], 'abc': [0.7851914199573642, 0.2148085800426358, 0.2148085800426358], 'properties': {}, 'label': 'Br', 'xyz': [2.5101479502857, 5.842755326131476, 5.842755326131476]}, {'species': [{'element': 'Br', 'occu': 1}], 'abc': [0.2148085800426358, 0.7851914199573642, 0.7851914199573642], 'properties': {}, 'label': 'Br', 'xyz': [9.175362701977253, 5.842755326131476, 5.842755326131476]}, {'species': [{'element': 'Br', 'occu': 1}], 'abc': [0.2148085800426358, 0.7851914199573642, 0.2148085800426358], 'properties': {}, 'label': 'Br', 'xyz': [5.842755326131476, 2.5101479502857, 5.842755326131476]}, {'species': [{'element': 'Br', 'occu': 1}], 'abc': [0.7851914199573642, 0.2148085800426358, 0.7851914199573642], 'properties': {}, 'label': 'Br', 'xyz': [5.842755326131476, 9.175362701977253, 5.842755326131476]}, {'species': [{'element': 'Br', 'occu': 1}], 'abc': [0.2148085800426358, 0.2148085800426358, 0.7851914199573642], 'properties': {}, 'label': 'Br', 'xyz': [5.842755326131476, 5.842755326131476, 2.5101479502857]}, {'species': [{'element': 'Br', 'occu': 1}], 'abc': [0.7851914199573642, 0.7851914199573642, 0.2148085800426358], 'properties': {}, 'label': 'Br', 'xyz': [5.842755326131476, 5.842755326131476, 9.175362701977253]}]}"
3380_CsCrFrBr,Br-Cr-Cs-Fr,10,"{'@module': 'pymatgen.core.structure', '@class': 'Structure', 'charge': 0.0, 'lattice': {'matrix': [[0.0, 5.819603915856898, 5.819603915856898], [5.819603915856898, 0.0, 5.819603915856898], [5.819603915856898, 5.819603915856898, 0.0]], 'pbc': (True, True, True), 'a': 8.230162785444397, 'b': 8.230162785444397, 'c': 8.230162785444397, 'alpha': 60.00000000000001, 'beta': 60.00000000000001, 'gamma': 60.00000000000001, 'volume': 394.1942435550449}, 'properties': {}, 'sites': [{'species': [{'element': 'Cr', 'occu': 1}], 'abc': [0.0, 0.0, 0.0], 'properties': {}, 'label': 'Cr', 'xyz': [0.0, 0.0, 0.0]}, {'species': [{'element': 'Fr', 'occu': 1}], 'abc': [0.5, 0.5, 0.5], 'properties': {}, 'label': 'Fr', 'xyz': [5.819603915856898, 5.819603915856898, 5.819603915856898]}, {'species': [{'element': 'Cs', 'occu': 1}], 'abc': [0.25, 0.25, 0.25], 'properties': {}, 'label': 'Cs', 'xyz': [2.909801957928449, 2.909801957928449, 2.909801957928449]}, {'species': [{'element': 'Cs', 'occu': 1}], 'abc': [0.75, 0.75, 0.75], 'properties': {}, 'label': 'Cs', 'xyz': [8.729405873785346, 8.729405873785346, 8.729405873785346]}, {'species': [{'element': 'Br', 'occu': 1}], 'abc': [0.7869919867641215, 0.2130080132358785, 0.2130080132358785], 'properties': {}, 'label': 'Br', 'xyz': [2.4792445358728328, 5.819603915856899, 5.819603915856899]}, {'species': [{'element': 'Br', 'occu': 1}], 'abc': [0.2130080132358785, 0.7869919867641215, 0.7869919867641215], 'properties': {}, 'label': 'Br', 'xyz': [9.159963295840964, 5.819603915856899, 5.819603915856899]}, {'species': [{'element': 'Br', 'occu': 1}], 'abc': [0.2130080132358785, 0.7869919867641215, 0.2130080132358785], 'properties': {}, 'label': 'Br', 'xyz': [5.819603915856899, 2.4792445358728328, 5.819603915856899]}, {'species': [{'element': 'Br', 'occu': 1}], 'abc': [0.7869919867641215, 0.2130080132358785, 0.7869919867641215], 'properties': {}, 'label': 'Br', 'xyz': [5.819603915856899, 9.159963295840964, 5.819603915856899]}, {'species': [{'element': 'Br', 'occu': 1}], 'abc': [0.2130080132358785, 0.2130080132358785, 0.7869919867641215], 'properties': {}, 'label': 'Br', 'xyz': [5.819603915856899, 5.819603915856899, 2.4792445358728328]}, {'species': [{'element': 'Br', 'occu': 1}], 'abc': [0.7869919867641215, 0.7869919867641215, 0.2130080132358785], 'properties': {}, 'label': 'Br', 'xyz': [5.819603915856899, 5.819603915856899, 9.159963295840964]}]}"
3386_CsGaFrBr,Br-Cs-Fr-Ga,10,"{'@module': 'pymatgen.core.structure', '@class': 'Structure', 'charge': 0.0, 'lattice': {'matrix': [[0.0, 5.874256583530798, 5.874256583530798], [5.874256583530798, 0.0, 5.874256583530798], [5.874256583530798, 5.874256583530798, 0.0]], 'pbc': (True, True, True), 'a': 8.307453329288697, 'b': 8.307453329288697, 'c': 8.307453329288697, 'alpha': 60.00000000000001, 'beta': 60.00000000000001, 'gamma': 60.00000000000001, 'volume': 405.40465632630804}, 'properties': {}, 'sites': [{'species': [{'element': 'Ga', 'occu': 1}], 'abc': [0.0, 0.0, 0.0], 'properties': {}, 'label': 'Ga', 'xyz': [0.0, 0.0, 0.0]}, {'species': [{'element': 'Fr', 'occu': 1}], 'abc': [0.5, 0.5, 0.5], 'properties': {}, 'label': 'Fr', 'xyz': [5.874256583530798, 5.874256583530798, 5.874256583530798]}, {'species': [{'element': 'Cs', 'occu': 1}], 'abc': [0.25, 0.25, 0.25], 'properties': {}, 'label': 'Cs', 'xyz': [2.937128291765399, 2.937128291765399, 2.937128291765399]}, {'species': [{'element': 'Cs', 'occu': 1}], 'abc': [0.75, 0.75, 0.75], 'properties': {}, 'label': 'Cs', 'xyz': [8.811384875296197, 8.811384875296197, 8.811384875296197]}, {'species': [{'element': 'Br', 'occu': 1}], 'abc': [0.7847802717678007, 0.2152197282321993, 0.2152197282321993], 'properties': {}, 'label': 'Br', 'xyz': [2.5285118109474114, 5.874256583530798, 5.874256583530798]}, {'species': [{'element': 'Br', 'occu': 1}], 'abc': [0.2152197282321993, 0.7847802717678007, 0.7847802717678007], 'properties': {}, 'label': 'Br', 'xyz': [9.220001356114185, 5.874256583530798, 5.874256583530798]}, {'species': [{'element': 'Br', 'occu': 1}], 'abc': [0.2152197282321993, 0.7847802717678007, 0.2152197282321993], 'properties': {}, 'label': 'Br', 'xyz': [5.874256583530798, 2.5285118109474114, 5.874256583530798]}, {'species': [{'element': 'Br', 'occu': 1}], 'abc': [0.7847802717678007, 0.2152197282321993, 0.7847802717678007], 'properties': {}, 'label': 'Br', 'xyz': [5.874256583530798, 9.220001356114185, 5.874256583530798]}, {'species': [{'element': 'Br', 'occu': 1}], 'abc': [0.2152197282321993, 0.2152197282321993, 0.7847802717678007], 'properties': {}, 'label': 'Br', 'xyz': [5.874256583530798, 5.874256583530798, 2.5285118109474114]}, {'species': [{'element': 'Br', 'occu': 1}], 'abc': [0.7847802717678007, 0.7847802717678007, 0.2152197282321993], 'properties': {}, 'label': 'Br', 'xyz': [5.874256583530798, 5.874256583530798, 9.220001356114185]}]}"
3387_CsAgRaBr,Ag-Br-Cs-Ra,10,"{'@module': 'pymatgen.core.structure', '@class': 'Structure', 'charge': 0.0, 'lattice': {'matrix': [[0.0, 5.814417637074285, 5.8144176370742855], [5.814417637074285, 0.0, 5.8144176370742855], [5.814417637074285, 5.814417637074285, 0.0]], 'pbc': (True, True, True), 'a': 8.222828279651779, 'b': 8.222828279651779, 'c': 8.222828279651777, 'alpha': 60.00000000000001, 'beta': 60.00000000000001, 'gamma': 60.00000000000001, 'volume': 393.14129567641834}, 'properties': {}, 'sites': [{'species': [{'element': 'Ag', 'occu': 1}], 'abc': [0.0, 0.0, 0.0], 'properties': {}, 'label': 'Ag', 'xyz': [0.0, 0.0, 0.0]}, {'species': [{'element': 'Ra', 'occu': 1}], 'abc': [0.5, 0.5, 0.5], 'properties': {}, 'label': 'Ra', 'xyz': [5.814417637074285, 5.814417637074285, 5.8144176370742855]}, {'species': [{'element': 'Cs', 'occu': 1}], 'abc': [0.25, 0.25, 0.25], 'properties': {}, 'label': 'Cs', 'xyz': [2.9072088185371423, 2.9072088185371423, 2.9072088185371427]}, {'species': [{'element': 'Cs', 'occu': 1}], 'abc': [0.75, 0.75, 0.75], 'properties': {}, 'label': 'Cs', 'xyz': [8.721626455611426, 8.721626455611426, 8.721626455611428]}, {'species': [{'element': 'Br', 'occu': 1}], 'abc': [0.7691545386784711, 0.2308454613215289, 0.2308454613215289], 'properties': {}, 'label': 'Br', 'xyz': [2.6844638434928942, 5.814417637074285, 5.814417637074285]}, {'species': [{'element': 'Br', 'occu': 1}], 'abc': [0.2308454613215289, 0.7691545386784711, 0.7691545386784711], 'properties': {}, 'label': 'Br', 'xyz': [8.944371430655675, 5.814417637074285, 5.814417637074285]}, {'species': [{'element': 'Br', 'occu': 1}], 'abc': [0.2308454613215289, 0.7691545386784711, 0.2308454613215289], 'properties': {}, 'label': 'Br', 'xyz': [5.814417637074285, 2.6844638434928942, 5.814417637074285]}, {'species': [{'element': 'Br', 'occu': 1}], 'abc': [0.7691545386784711, 0.2308454613215289, 0.7691545386784711], 'properties': {}, 'label': 'Br', 'xyz': [5.814417637074285, 8.944371430655675, 5.814417637074285]}, {'species': [{'element': 'Br', 'occu': 1}], 'abc': [0.2308454613215289, 0.2308454613215289, 0.7691545386784711], 'properties': {}, 'label': 'Br', 'xyz': [5.814417637074285, 5.814417637074285, 2.6844638434928947]}, {'species': [{'element': 'Br', 'occu': 1}], 'abc': [0.7691545386784711, 0.7691545386784711, 0.2308454613215289], 'properties': {}, 'label': 'Br', 'xyz': [5.814417637074285, 5.814417637074285, 8.944371430655675]}]}"
3394_CsTlFrF,Cs-F-Fr-Tl,10,"{'@module': 'pymatgen.core.structure', '@class': 'Structure', 'charge': 0.0, 'lattice': {'matrix': [[0.0, 4.960897971308147, 4.960897971308148], [4.960897971308148, 0.0, 4.960897971308148], [4.960897971308148, 4.960897971308147, 0.0]], 'pbc': (True, True, True), 'a': 7.015769192573155, 'b': 7.015769192573156, 'c': 7.015769192573155, 'alpha': 60.00000000000001, 'beta': 60.00000000000001, 'gamma': 60.00000000000001, 'volume': 244.18044518410483}, 'properties': {}, 'sites': [{'species': [{'element': 'Tl', 'occu': 1}], 'abc': [0.0, 0.0, 0.0], 'properties': {}, 'label': 'Tl', 'xyz': [0.0, 0.0, 0.0]}, {'species': [{'element': 'Fr', 'occu': 1}], 'abc': [0.5, 0.5, 0.5], 'properties': {}, 'label': 'Fr', 'xyz': [4.960897971308148, 4.960897971308147, 4.960897971308148]}, {'species': [{'element': 'Cs', 'occu': 1}], 'abc': [0.25, 0.25, 0.25], 'properties': {}, 'label': 'Cs', 'xyz': [2.480448985654074, 2.4804489856540735, 2.480448985654074]}, {'species': [{'element': 'Cs', 'occu': 1}], 'abc': [0.75, 0.75, 0.75], 'properties': {}, 'label': 'Cs', 'xyz': [7.441346956962222, 7.441346956962221, 7.441346956962222]}, {'species': [{'element': 'F', 'occu': 1}], 'abc': [0.7810898395055759, 0.2189101604944241, 0.2189101604944241], 'properties': {}, 'label': 'F', 'xyz': [2.171981942191059, 4.960897971308147, 4.960897971308148]}, {'species': [{'element': 'F', 'occu': 1}], 'abc': [0.2189101604944241, 0.7810898395055759, 0.7810898395055759], 'properties': {}, 'label': 'F', 'xyz': [7.7498140004252365, 4.960897971308147, 4.960897971308148]}, {'species': [{'element': 'F', 'occu': 1}], 'abc': [0.2189101604944241, 0.7810898395055759, 0.2189101604944241], 'properties': {}, 'label': 'F', 'xyz': [4.960897971308148, 2.1719819421910587, 4.960897971308148]}, {'species': [{'element': 'F', 'occu': 1}], 'abc': [0.7810898395055759, 0.2189101604944241, 0.7810898395055759], 'properties': {}, 'label': 'F', 'xyz': [4.960897971308148, 7.749814000425235, 4.960897971308148]}, {'species': [{'element': 'F', 'occu': 1}], 'abc': [0.2189101604944241, 0.2189101604944241, 0.7810898395055759], 'properties': {}, 'label': 'F', 'xyz': [4.960897971308148, 4.960897971308147, 2.171981942191059]}, {'species': [{'element': 'F', 'occu': 1}], 'abc': [0.7810898395055759, 0.7810898395055759, 0.2189101604944241], 'properties': {}, 'label': 'F', 'xyz': [4.960897971308148, 4.960897971308147, 7.7498140004252365]}]}"
3403_CsCdRaBr,Br-Cd-Cs-Ra,10,"{'@module': 'pymatgen.core.structure', '@class': 'Structure', 'charge': 0.0, 'lattice': {'matrix': [[0.0, 5.889388854246422, 5.889388854246422], [5.889388854246422, 0.0, 5.889388854246422], [5.889388854246422, 5.889388854246422, 0.0]], 'pbc': (True, True, True), 'a': 8.328853591764235, 'b': 8.328853591764235, 'c': 8.328853591764235, 'alpha': 60.00000000000001, 'beta': 60.00000000000001, 'gamma': 60.00000000000001, 'volume': 408.54573962141666}, 'properties': {}, 'sites': [{'species': [{'element': 'Cd', 'occu': 1}], 'abc': [0.0, 0.0, 0.0], 'properties': {}, 'label': 'Cd', 'xyz': [0.0, 0.0, 0.0]}, {'species': [{'element': 'Ra', 'occu': 1}], 'abc': [0.5, 0.5, 0.5], 'properties': {}, 'label': 'Ra', 'xyz': [5.889388854246422, 5.889388854246422, 5.889388854246422]}, {'species': [{'element': 'Cs', 'occu': 1}], 'abc': [0.25, 0.25, 0.25], 'properties': {}, 'label': 'Cs', 'xyz': [2.944694427123211, 2.944694427123211, 2.944694427123211]}, {'species': [{'element': 'Cs', 'occu': 1}], 'abc': [0.75, 0.75, 0.75], 'properties': {}, 'label': 'Cs', 'xyz': [8.834083281369633, 8.834083281369633, 8.834083281369633]}, {'species': [{'element': 'Br', 'occu': 1}], 'abc': [0.76765168436674, 0.23234831563326, 0.23234831563326], 'properties': {}, 'label': 'Br', 'xyz': [2.7367791607869023, 5.889388854246422, 5.889388854246422]}, {'species': [{'element': 'Br', 'occu': 1}], 'abc': [0.23234831563326, 0.76765168436674, 0.76765168436674], 'properties': {}, 'label': 'Br', 'xyz': [9.041998547705942, 5.889388854246422, 5.889388854246422]}, {'species': [{'element': 'Br', 'occu': 1}], 'abc': [0.23234831563326, 0.76765168436674, 0.23234831563326], 'properties': {}, 'label': 'Br', 'xyz': [5.889388854246422, 2.7367791607869023, 5.889388854246422]}, {'species': [{'element': 'Br', 'occu': 1}], 'abc': [0.76765168436674, 0.23234831563326, 0.76765168436674], 'properties': {}, 'label': 'Br', 'xyz': [5.889388854246422, 9.041998547705942, 5.889388854246422]}, {'species': [{'element': 'Br', 'occu': 1}], 'abc': [0.23234831563326, 0.23234831563326, 0.76765168436674], 'properties': {}, 'label': 'Br', 'xyz': [5.889388854246422, 5.889388854246422, 2.7367791607869023]}, {'species': [{'element': 'Br', 'occu': 1}], 'abc': [0.76765168436674, 0.76765168436674, 0.23234831563326], 'properties': {}, 'label': 'Br', 'xyz': [5.889388854246422, 5.889388854246422, 9.041998547705942]}]}"
3404_CsSmAmBr,Am-Br-Cs-Sm,10,"{'@module': 'pymatgen.core.structure', '@class': 'Structure', 'charge': 0.0, 'lattice': {'matrix': [[0.0, 5.715896149133982, 5.715896149133982], [5.715896149133982, 0.0, 5.715896149133982], [5.715896149133982, 5.715896149133982, 0.0]], 'pbc': (True, True, True), 'a': 8.083497855221426, 'b': 8.083497855221426, 'c': 8.083497855221426, 'alpha': 60.00000000000001, 'beta': 60.00000000000001, 'gamma': 60.00000000000001, 'volume': 373.493445260156}, 'properties': {}, 'sites': [{'species': [{'element': 'Sm', 'occu': 1}], 'abc': [0.0, 0.0, 0.0], 'properties': {}, 'label': 'Sm', 'xyz': [0.0, 0.0, 0.0]}, {'species': [{'element': 'Am', 'occu': 1}], 'abc': [0.5, 0.5, 0.5], 'properties': {}, 'label': 'Am', 'xyz': [5.715896149133982, 5.715896149133982, 5.715896149133982]}, {'species': [{'element': 'Cs', 'occu': 1}], 'abc': [0.25, 0.25, 0.25], 'properties': {}, 'label': 'Cs', 'xyz': [2.857948074566991, 2.857948074566991, 2.857948074566991]}, {'species': [{'element': 'Cs', 'occu': 1}], 'abc': [0.75, 0.75, 0.75], 'properties': {}, 'label': 'Cs', 'xyz': [8.573844223700974, 8.573844223700974, 8.573844223700974]}, {'species': [{'element': 'Br', 'occu': 1}], 'abc': [0.7519237001161798, 0.2480762998838202, 0.2480762998838202], 'properties': {}, 'label': 'Br', 'xyz': [2.83595673439467, 5.715896149133982, 5.715896149133982]}, {'species': [{'element': 'Br', 'occu': 1}], 'abc': [0.2480762998838202, 0.7519237001161798, 0.7519237001161798], 'properties': {}, 'label': 'Br', 'xyz': [8.595835563873296, 5.715896149133982, 5.715896149133982]}, {'species': [{'element': 'Br', 'occu': 1}], 'abc': [0.2480762998838202, 0.7519237001161798, 0.2480762998838202], 'properties': {}, 'label': 'Br', 'xyz': [5.715896149133982, 2.83595673439467, 5.715896149133982]}, {'species': [{'element': 'Br', 'occu': 1}], 'abc': [0.7519237001161798, 0.2480762998838202, 0.7519237001161798], 'properties': {}, 'label': 'Br', 'xyz': [5.715896149133982, 8.595835563873296, 5.715896149133982]}, {'species': [{'element': 'Br', 'occu': 1}], 'abc': [0.2480762998838202, 0.2480762998838202, 0.7519237001161798], 'properties': {}, 'label': 'Br', 'xyz': [5.715896149133982, 5.715896149133982, 2.83595673439467]}, {'species': [{'element': 'Br', 'occu': 1}], 'abc': [0.7519237001161798, 0.7519237001161798, 0.2480762998838202], 'properties': {}, 'label': 'Br', 'xyz': [5.715896149133982, 5.715896149133982, 8.595835563873296]}]}"
3409_CsErFrF,Cs-Er-F-Fr,10,"{'@module': 'pymatgen.core.structure', '@class': 'Structure', 'charge': 0.0, 'lattice': {'matrix': [[0.0, 4.956516151536144, 4.956516151536144], [4.956516151536144, 0.0, 4.956516151536144], [4.956516151536144, 4.956516151536144, 0.0]], 'pbc': (True, True, True), 'a': 7.009572363623714, 'b': 7.009572363623714, 'c': 7.009572363623714, 'alpha': 60.00000000000001, 'beta': 60.00000000000001, 'gamma': 60.00000000000001, 'volume': 243.53398364029684}, 'properties': {}, 'sites': [{'species': [{'element': 'Er', 'occu': 1}], 'abc': [0.0, 0.0, 0.0], 'properties': {}, 'label': 'Er', 'xyz': [0.0, 0.0, 0.0]}, {'species': [{'element': 'Fr', 'occu': 1}], 'abc': [0.5, 0.5, 0.5], 'properties': {}, 'label': 'Fr', 'xyz': [4.956516151536144, 4.956516151536144, 4.956516151536144]}, {'species': [{'element': 'Cs', 'occu': 1}], 'abc': [0.25, 0.25, 0.25], 'properties': {}, 'label': 'Cs', 'xyz': [2.478258075768072, 2.478258075768072, 2.478258075768072]}, {'species': [{'element': 'Cs', 'occu': 1}], 'abc': [0.75, 0.75, 0.75], 'properties': {}, 'label': 'Cs', 'xyz': [7.434774227304216, 7.434774227304216, 7.434774227304216]}, {'species': [{'element': 'F', 'occu': 1}], 'abc': [0.784788342956162, 0.215211657043838, 0.215211657043838], 'properties': {}, 'label': 'F', 'xyz': [2.133400108273281, 4.956516151536144, 4.956516151536144]}, {'species': [{'element': 'F', 'occu': 1}], 'abc': [0.215211657043838, 0.784788342956162, 0.784788342956162], 'properties': {}, 'label': 'F', 'xyz': [7.7796321947990075, 4.956516151536144, 4.956516151536144]}, {'species': [{'element': 'F', 'occu': 1}], 'abc': [0.215211657043838, 0.784788342956162, 0.215211657043838], 'properties': {}, 'label': 'F', 'xyz': [4.956516151536144, 2.133400108273281, 4.956516151536144]}, {'species': [{'element': 'F', 'occu': 1}], 'abc': [0.784788342956162, 0.215211657043838, 0.784788342956162], 'properties': {}, 'label': 'F', 'xyz': [4.956516151536144, 7.7796321947990075, 4.956516151536144]}, {'species': [{'element': 'F', 'occu': 1}], 'abc': [0.215211657043838, 0.215211657043838, 0.784788342956162], 'properties': {}, 'label': 'F', 'xyz': [4.956516151536144, 4.956516151536144, 2.133400108273281]}, {'species': [{'element': 'F', 'occu': 1}], 'abc': [0.784788342956162, 0.784788342956162, 0.215211657043838], 'properties': {}, 'label': 'F', 'xyz': [4.956516151536144, 4.956516151536144, 7.7796321947990075]}]}"
3437_CsBFrI,B-Cs-Fr-I,10,"{'@module': 'pymatgen.core.structure', '@class': 'Structure', 'charge': 0.0, 'lattice': {'matrix': [[0.0, 6.076209559553599, 6.076209559553599], [6.076209559553599, 0.0, 6.076209559553599], [6.076209559553599, 6.076209559553599, 0.0]], 'pbc': (True, True, True), 'a': 8.59305796694175, 'b': 8.59305796694175, 'c': 8.59305796694175, 'alpha': 59.99999999999999, 'beta': 59.99999999999999, 'gamma': 59.99999999999999, 'volume': 448.6712343889418}, 'properties': {}, 'sites': [{'species': [{'element': 'B', 'occu': 1}], 'abc': [0.0, 0.0, 0.0], 'properties': {}, 'label': 'B', 'xyz': [0.0, 0.0, 0.0]}, {'species': [{'element': 'Fr', 'occu': 1}], 'abc': [0.5, 0.5, 0.5], 'properties': {}, 'label': 'Fr', 'xyz': [6.076209559553599, 6.076209559553599, 6.076209559553599]}, {'species': [{'element': 'Cs', 'occu': 1}], 'abc': [0.25, 0.25, 0.25], 'properties': {}, 'label': 'Cs', 'xyz': [3.0381047797767997, 3.0381047797767997, 3.0381047797767997]}, {'species': [{'element': 'Cs', 'occu': 1}], 'abc': [0.75, 0.75, 0.75], 'properties': {}, 'label': 'Cs', 'xyz': [9.114314339330399, 9.114314339330399, 9.114314339330399]}, {'species': [{'element': 'I', 'occu': 1}], 'abc': [0.7903067632438407, 0.2096932367561593, 0.2096932367561593], 'properties': {}, 'label': 'I', 'xyz': [2.548280099503023, 6.076209559553599, 6.076209559553599]}, {'species': [{'element': 'I', 'occu': 1}], 'abc': [0.2096932367561593, 0.7903067632438407, 0.7903067632438407], 'properties': {}, 'label': 'I', 'xyz': [9.604139019604176, 6.076209559553599, 6.076209559553599]}, {'species': [{'element': 'I', 'occu': 1}], 'abc': [0.2096932367561593, 0.7903067632438407, 0.2096932367561593], 'properties': {}, 'label': 'I', 'xyz': [6.076209559553599, 2.548280099503023, 6.076209559553599]}, {'species': [{'element': 'I', 'occu': 1}], 'abc': [0.7903067632438407, 0.2096932367561593, 0.7903067632438407], 'properties': {}, 'label': 'I', 'xyz': [6.076209559553599, 9.604139019604176, 6.076209559553599]}, {'species': [{'element': 'I', 'occu': 1}], 'abc': [0.2096932367561593, 0.2096932367561593, 0.7903067632438407], 'properties': {}, 'label': 'I', 'xyz': [6.076209559553599, 6.076209559553599, 2.548280099503023]}, {'species': [{'element': 'I', 'occu': 1}], 'abc': [0.7903067632438407, 0.7903067632438407, 0.2096932367561593], 'properties': {}, 'label': 'I', 'xyz': [6.076209559553599, 6.076209559553599, 9.604139019604176]}]}"
3440_CsTiAmI,Am-Cs-I-Ti,10,"{'@module': 'pymatgen.core.structure', '@class': 'Structure', 'charge': 0.0, 'lattice': {'matrix': [[0.0, 5.9091525175011785, 5.9091525175011785], [5.9091525175011785, -1e-16, 5.9091525175011785], [5.9091525175011785, 5.9091525175011785, 0.0]], 'pbc': (True, True, True), 'a': 8.356803632381284, 'b': 8.356803632381284, 'c': 8.356803632381284, 'alpha': 59.99999999999999, 'beta': 59.99999999999999, 'gamma': 59.99999999999999, 'volume': 412.6725617462949}, 'properties': {}, 'sites': [{'species': [{'element': 'Ti', 'occu': 1}], 'abc': [0.0, 0.0, 0.0], 'properties': {}, 'label': 'Ti', 'xyz': [0.0, 0.0, 0.0]}, {'species': [{'element': 'Am', 'occu': 1}], 'abc': [0.5, 0.5, 0.5], 'properties': {}, 'label': 'Am', 'xyz': [5.9091525175011785, 5.9091525175011785, 5.9091525175011785]}, {'species': [{'element': 'Cs', 'occu': 1}], 'abc': [0.25, 0.25, 0.25], 'properties': {}, 'label': 'Cs', 'xyz': [2.9545762587505893, 2.9545762587505893, 2.9545762587505893]}, {'species': [{'element': 'Cs', 'occu': 1}], 'abc': [0.75, 0.75, 0.75], 'properties': {}, 'label': 'Cs', 'xyz': [8.863728776251769, 8.863728776251769, 8.863728776251769]}, {'species': [{'element': 'I', 'occu': 1}], 'abc': [0.7604139438426927, 0.2395860561573073, 0.2395860561573073], 'properties': {}, 'label': 'I', 'xyz': [2.8315010938002625, 5.9091525175011785, 5.9091525175011785]}, {'species': [{'element': 'I', 'occu': 1}], 'abc': [0.2395860561573073, 0.7604139438426927, 0.7604139438426927], 'properties': {}, 'label': 'I', 'xyz': [8.986803941202094, 5.9091525175011785, 5.9091525175011785]}, {'species': [{'element': 'I', 'occu': 1}], 'abc': [0.2395860561573073, 0.7604139438426927, 0.2395860561573073], 'properties': {}, 'label': 'I', 'xyz': [5.9091525175011785, 2.8315010938002625, 5.9091525175011785]}, {'species': [{'element': 'I', 'occu': 1}], 'abc': [0.7604139438426927, 0.2395860561573073, 0.7604139438426927], 'properties': {}, 'label': 'I', 'xyz': [5.9091525175011785, 8.986803941202094, 5.9091525175011785]}, {'species': [{'element': 'I', 'occu': 1}], 'abc': [0.2395860561573073, 0.2395860561573073, 0.7604139438426927], 'properties': {}, 'label': 'I', 'xyz': [5.9091525175011785, 5.9091525175011785, 2.8315010938002625]}, {'species': [{'element': 'I', 'occu': 1}], 'abc': [0.7604139438426927, 0.7604139438426927, 0.2395860561573073], 'properties': {}, 'label': 'I', 'xyz': [5.9091525175011785, 5.9091525175011785, 8.986803941202094]}]}"
3477_CsVFrBr,Br-Cs-Fr-V,10,"{'@module': 'pymatgen.core.structure', '@class': 'Structure', 'charge': 0.0, 'lattice': {'matrix': [[0.0, 5.8534693179089485, 5.8534693179089485], [5.8534693179089485, 0.0, 5.8534693179089485], [5.8534693179089485, 5.8534693179089485, 0.0]], 'pbc': (True, True, True), 'a': 8.278055696321625, 'b': 8.278055696321625, 'c': 8.278055696321625, 'alpha': 60.00000000000001, 'beta': 60.00000000000001, 'gamma': 60.00000000000001, 'volume': 401.11604494580155}, 'properties': {}, 'sites': [{'species': [{'element': 'V', 'occu': 1}], 'abc': [0.0, 0.0, 0.0], 'properties': {}, 'label': 'V', 'xyz': [0.0, 0.0, 0.0]}, {'species': [{'element': 'Fr', 'occu': 1}], 'abc': [0.5, 0.5, 0.5], 'properties': {}, 'label': 'Fr', 'xyz': [5.8534693179089485, 5.8534693179089485, 5.8534693179089485]}, {'species': [{'element': 'Cs', 'occu': 1}], 'abc': [0.25, 0.25, 0.25], 'properties': {}, 'label': 'Cs', 'xyz': [2.9267346589544743, 2.9267346589544743, 2.9267346589544743]}, {'species': [{'element': 'Cs', 'occu': 1}], 'abc': [0.75, 0.75, 0.75], 'properties': {}, 'label': 'Cs', 'xyz': [8.780203976863422, 8.780203976863422, 8.780203976863422]}, {'species': [{'element': 'Br', 'occu': 1}], 'abc': [0.7858540695704264, 0.2141459304295736, 0.2141459304295736], 'properties': {}, 'label': 'Br', 'xyz': [2.506993266649147, 5.8534693179089485, 5.8534693179089485]}, {'species': [{'element': 'Br', 'occu': 1}], 'abc': [0.2141459304295736, 0.7858540695704264, 0.7858540695704264], 'properties': {}, 'label': 'Br', 'xyz': [9.19994536916875, 5.8534693179089485, 5.8534693179089485]}, {'species': [{'element': 'Br', 'occu': 1}], 'abc': [0.2141459304295736, 0.7858540695704264, 0.2141459304295736], 'properties': {}, 'label': 'Br', 'xyz': [5.8534693179089485, 2.506993266649147, 5.8534693179089485]}, {'species': [{'element': 'Br', 'occu': 1}], 'abc': [0.7858540695704264, 0.2141459304295736, 0.7858540695704264], 'properties': {}, 'label': 'Br', 'xyz': [5.8534693179089485, 9.19994536916875, 5.8534693179089485]}, {'species': [{'element': 'Br', 'occu': 1}], 'abc': [0.2141459304295736, 0.2141459304295736, 0.7858540695704264], 'properties': {}, 'label': 'Br', 'xyz': [5.8534693179089485, 5.8534693179089485, 2.506993266649147]}, {'species': [{'element': 'Br', 'occu': 1}], 'abc': [0.7858540695704264, 0.7858540695704264, 0.2141459304295736], 'properties': {}, 'label': 'Br', 'xyz': [5.8534693179089485, 5.8534693179089485, 9.19994536916875]}]}"
3491_CsAgCmI,Ag-Cm-Cs-I,10,"{'@module': 'pymatgen.core.structure', '@class': 'Structure', 'charge': 0.0, 'lattice': {'matrix': [[0.0, 5.968075751198622, 5.968075751198622], [5.968075751198622, 0.0, 5.968075751198622], [5.968075751198622, 5.968075751198622, 0.0]], 'pbc': (True, True, True), 'a': 8.440133668615088, 'b': 8.440133668615088, 'c': 8.440133668615088, 'alpha': 59.99999999999999, 'beta': 59.99999999999999, 'gamma': 59.99999999999999, 'volume': 425.140986863032}, 'properties': {}, 'sites': [{'species': [{'element': 'Ag', 'occu': 1}], 'abc': [0.0, 0.0, 0.0], 'properties': {}, 'label': 'Ag', 'xyz': [0.0, 0.0, 0.0]}, {'species': [{'element': 'Cm', 'occu': 1}], 'abc': [0.5, 0.5, 0.5], 'properties': {}, 'label': 'Cm', 'xyz': [5.968075751198622, 5.968075751198622, 5.968075751198622]}, {'species': [{'element': 'Cs', 'occu': 1}], 'abc': [0.25, 0.25, 0.25], 'properties': {}, 'label': 'Cs', 'xyz': [2.984037875599311, 2.984037875599311, 2.984037875599311]}, {'species': [{'element': 'Cs', 'occu': 1}], 'abc': [0.75, 0.75, 0.75], 'properties': {}, 'label': 'Cs', 'xyz': [8.952113626797933, 8.952113626797933, 8.952113626797933]}, {'species': [{'element': 'I', 'occu': 1}], 'abc': [0.7529574266673436, 0.2470425733326564, 0.2470425733326564], 'properties': {}, 'label': 'I', 'xyz': [2.948737582840668, 5.968075751198621, 5.968075751198621]}, {'species': [{'element': 'I', 'occu': 1}], 'abc': [0.2470425733326564, 0.7529574266673436, 0.7529574266673436], 'properties': {}, 'label': 'I', 'xyz': [8.987413919556575, 5.968075751198621, 5.968075751198621]}, {'species': [{'element': 'I', 'occu': 1}], 'abc': [0.2470425733326564, 0.7529574266673436, 0.2470425733326564], 'properties': {}, 'label': 'I', 'xyz': [5.968075751198621, 2.948737582840668, 5.968075751198621]}, {'species': [{'element': 'I', 'occu': 1}], 'abc': [0.7529574266673436, 0.2470425733326564, 0.7529574266673436], 'properties': {}, 'label': 'I', 'xyz': [5.968075751198621, 8.987413919556575, 5.968075751198621]}, {'species': [{'element': 'I', 'occu': 1}], 'abc': [0.2470425733326564, 0.2470425733326564, 0.7529574266673436], 'properties': {}, 'label': 'I', 'xyz': [5.968075751198621, 5.968075751198621, 2.948737582840668]}, {'species': [{'element': 'I', 'occu': 1}], 'abc': [0.7529574266673436, 0.7529574266673436, 0.2470425733326564], 'properties': {}, 'label': 'I', 'xyz': [5.968075751198621, 5.968075751198621, 8.987413919556575]}]}"
3502_CsAgAmI,Ag-Am-Cs-I,10,"{'@module': 'pymatgen.core.structure', '@class': 'Structure', 'charge': 0.0, 'lattice': {'matrix': [[0.0, 5.9579977496240355, 5.9579977496240355], [5.9579977496240355, 0.0, 5.9579977496240355], [5.9579977496240355, 5.9579977496240355, 0.0]], 'pbc': (True, True, True), 'a': 8.42588122210669, 'b': 8.42588122210669, 'c': 8.42588122210669, 'alpha': 60.00000000000001, 'beta': 60.00000000000001, 'gamma': 60.00000000000001, 'volume': 422.99087652429165}, 'properties': {}, 'sites': [{'species': [{'element': 'Ag', 'occu': 1}], 'abc': [0.0, 0.0, 0.0], 'properties': {}, 'label': 'Ag', 'xyz': [0.0, 0.0, 0.0]}, {'species': [{'element': 'Am', 'occu': 1}], 'abc': [0.5, 0.5, 0.5], 'properties': {}, 'label': 'Am', 'xyz': [5.9579977496240355, 5.9579977496240355, 5.9579977496240355]}, {'species': [{'element': 'Cs', 'occu': 1}], 'abc': [0.25, 0.25, 0.25], 'properties': {}, 'label': 'Cs', 'xyz': [2.9789988748120177, 2.9789988748120177, 2.9789988748120177]}, {'species': [{'element': 'Cs', 'occu': 1}], 'abc': [0.75, 0.75, 0.75], 'properties': {}, 'label': 'Cs', 'xyz': [8.936996624436054, 8.936996624436054, 8.936996624436054]}, {'species': [{'element': 'I', 'occu': 1}], 'abc': [0.7539351062284183, 0.2460648937715817, 0.2460648937715817], 'properties': {}, 'label': 'I', 'xyz': [2.932108166705122, 5.9579977496240355, 5.9579977496240355]}, {'species': [{'element': 'I', 'occu': 1}], 'abc': [0.2460648937715817, 0.7539351062284183, 0.7539351062284183], 'properties': {}, 'label': 'I', 'xyz': [8.983887332542949, 5.9579977496240355, 5.9579977496240355]}, {'species': [{'element': 'I', 'occu': 1}], 'abc': [0.2460648937715817, 0.7539351062284183, 0.2460648937715817], 'properties': {}, 'label': 'I', 'xyz': [5.9579977496240355, 2.932108166705122, 5.9579977496240355]}, {'species': [{'element': 'I', 'occu': 1}], 'abc': [0.7539351062284183, 0.2460648937715817, 0.7539351062284183], 'properties': {}, 'label': 'I', 'xyz': [5.9579977496240355, 8.983887332542949, 5.9579977496240355]}, {'species': [{'element': 'I', 'occu': 1}], 'abc': [0.2460648937715817, 0.2460648937715817, 0.7539351062284183], 'properties': {}, 'label': 'I', 'xyz': [5.9579977496240355, 5.9579977496240355, 2.932108166705122]}, {'species': [{'element': 'I', 'occu': 1}], 'abc': [0.7539351062284183, 0.7539351062284183, 0.2460648937715817], 'properties': {}, 'label': 'I', 'xyz': [5.9579977496240355, 5.9579977496240355, 8.983887332542949]}]}"
3551_CsPtAmI,Am-Cs-I-Pt,10,"{'@module': 'pymatgen.core.structure', '@class': 'Structure', 'charge': 0.0, 'lattice': {'matrix': [[0.0, 5.855871977854461, 5.855871977854461], [5.855871977854461, 0.0, 5.855871977854461], [5.855871977854461, 5.855871977854461, 0.0]], 'pbc': (True, True, True), 'a': 8.28145357060234, 'b': 8.28145357060234, 'c': 8.28145357060234, 'alpha': 60.00000000000001, 'beta': 60.00000000000001, 'gamma': 60.00000000000001, 'volume': 401.61018323002855}, 'properties': {}, 'sites': [{'species': [{'element': 'Pt', 'occu': 1}], 'abc': [0.0, 0.0, 0.0], 'properties': {}, 'label': 'Pt', 'xyz': [0.0, 0.0, 0.0]}, {'species': [{'element': 'Am', 'occu': 1}], 'abc': [0.5, 0.5, 0.5], 'properties': {}, 'label': 'Am', 'xyz': [5.855871977854461, 5.855871977854461, 5.855871977854461]}, {'species': [{'element': 'Cs', 'occu': 1}], 'abc': [0.25, 0.25, 0.25], 'properties': {}, 'label': 'Cs', 'xyz': [2.9279359889272305, 2.9279359889272305, 2.9279359889272305]}, {'species': [{'element': 'Cs', 'occu': 1}], 'abc': [0.75, 0.75, 0.75], 'properties': {}, 'label': 'Cs', 'xyz': [8.78380796678169, 8.78380796678169, 8.78380796678169]}, {'species': [{'element': 'I', 'occu': 1}], 'abc': [0.7611176417030521, 0.2388823582969479, 0.2388823582969479], 'properties': {}, 'label': 'I', 'xyz': [2.7977290159097725, 5.855871977854461, 5.855871977854461]}, {'species': [{'element': 'I', 'occu': 1}], 'abc': [0.2388823582969479, 0.7611176417030521, 0.7611176417030521], 'properties': {}, 'label': 'I', 'xyz': [8.914014939799149, 5.855871977854461, 5.855871977854461]}, {'species': [{'element': 'I', 'occu': 1}], 'abc': [0.2388823582969479, 0.7611176417030521, 0.2388823582969479], 'properties': {}, 'label': 'I', 'xyz': [5.855871977854461, 2.7977290159097725, 5.855871977854461]}, {'species': [{'element': 'I', 'occu': 1}], 'abc': [0.7611176417030521, 0.2388823582969479, 0.7611176417030521], 'properties': {}, 'label': 'I', 'xyz': [5.855871977854461, 8.914014939799149, 5.855871977854461]}, {'species': [{'element': 'I', 'occu': 1}], 'abc': [0.2388823582969479, 0.2388823582969479, 0.7611176417030521], 'properties': {}, 'label': 'I', 'xyz': [5.855871977854461, 5.855871977854461, 2.7977290159097725]}, {'species': [{'element': 'I', 'occu': 1}], 'abc': [0.7611176417030521, 0.7611176417030521, 0.2388823582969479], 'properties': {}, 'label': 'I', 'xyz': [5.855871977854461, 5.855871977854461, 8.914014939799149]}]}"
3555_CsCdAmI,Am-Cd-Cs-I,10,"{'@module': 'pymatgen.core.structure', '@class': 'Structure', 'charge': 0.0, 'lattice': {'matrix': [[0.0, 6.05165869797019, 6.05165869797019], [6.05165869797019, 0.0, 6.05165869797019], [6.05165869797019, 6.05165869797019, 0.0]], 'pbc': (True, True, True), 'a': 8.558337805522548, 'b': 8.558337805522548, 'c': 8.558337805522548, 'alpha': 60.00000000000001, 'beta': 60.00000000000001, 'gamma': 60.00000000000001, 'volume': 443.25462483527645}, 'properties': {}, 'sites': [{'species': [{'element': 'Cd', 'occu': 1}], 'abc': [0.0, 0.0, 0.0], 'properties': {}, 'label': 'Cd', 'xyz': [0.0, 0.0, 0.0]}, {'species': [{'element': 'Am', 'occu': 1}], 'abc': [0.5, 0.5, 0.5], 'properties': {}, 'label': 'Am', 'xyz': [6.05165869797019, 6.05165869797019, 6.05165869797019]}, {'species': [{'element': 'Cs', 'occu': 1}], 'abc': [0.25, 0.25, 0.25], 'properties': {}, 'label': 'Cs', 'xyz': [3.025829348985095, 3.025829348985095, 3.025829348985095]}, {'species': [{'element': 'Cs', 'occu': 1}], 'abc': [0.75, 0.75, 0.75], 'properties': {}, 'label': 'Cs', 'xyz': [9.077488046955285, 9.077488046955285, 9.077488046955285]}, {'species': [{'element': 'I', 'occu': 1}], 'abc': [0.7545784852496809, 0.2454215147503191, 0.2454215147503191], 'properties': {}, 'label': 'I', 'xyz': [2.9704144888155755, 6.05165869797019, 6.05165869797019]}, {'species': [{'element': 'I', 'occu': 1}], 'abc': [0.2454215147503191, 0.7545784852496809, 0.7545784852496809], 'properties': {}, 'label': 'I', 'xyz': [9.132902907124803, 6.05165869797019, 6.05165869797019]}, {'species': [{'element': 'I', 'occu': 1}], 'abc': [0.2454215147503191, 0.7545784852496809, 0.2454215147503191], 'properties': {}, 'label': 'I', 'xyz': [6.05165869797019, 2.9704144888155755, 6.05165869797019]}, {'species': [{'element': 'I', 'occu': 1}], 'abc': [0.7545784852496809, 0.2454215147503191, 0.7545784852496809], 'properties': {}, 'label': 'I', 'xyz': [6.05165869797019, 9.132902907124803, 6.05165869797019]}, {'species': [{'element': 'I', 'occu': 1}], 'abc': [0.2454215147503191, 0.2454215147503191, 0.7545784852496809], 'properties': {}, 'label': 'I', 'xyz': [6.05165869797019, 6.05165869797019, 2.9704144888155755]}, {'species': [{'element': 'I', 'occu': 1}], 'abc': [0.7545784852496809, 0.7545784852496809, 0.2454215147503191], 'properties': {}, 'label': 'I', 'xyz': [6.05165869797019, 6.05165869797019, 9.132902907124803]}]}"
3560_CsHgCmI,Cm-Cs-Hg-I,10,"{'@module': 'pymatgen.core.structure', '@class': 'Structure', 'charge': 0.0, 'lattice': {'matrix': [[0.0, 6.133126721588041, 6.133126721588041], [6.133126721588041, 1e-16, 6.133126721588041], [6.133126721588041, 6.133126721588041, 0.0]], 'pbc': (True, True, True), 'a': 8.673550989422644, 'b': 8.673550989422644, 'c': 8.673550989422644, 'alpha': 59.99999999999999, 'beta': 59.99999999999999, 'gamma': 59.99999999999999, 'volume': 461.39810866333255}, 'properties': {}, 'sites': [{'species': [{'element': 'Hg', 'occu': 1}], 'abc': [0.0, 0.0, 0.0], 'properties': {}, 'label': 'Hg', 'xyz': [0.0, 0.0, 0.0]}, {'species': [{'element': 'Cm', 'occu': 1}], 'abc': [0.5, 0.5, 0.5], 'properties': {}, 'label': 'Cm', 'xyz': [6.133126721588041, 6.133126721588041, 6.133126721588041]}, {'species': [{'element': 'Cs', 'occu': 1}], 'abc': [0.25, 0.25, 0.25], 'properties': {}, 'label': 'Cs', 'xyz': [3.0665633607940204, 3.0665633607940204, 3.0665633607940204]}, {'species': [{'element': 'Cs', 'occu': 1}], 'abc': [0.75, 0.75, 0.75], 'properties': {}, 'label': 'Cs', 'xyz': [9.19969008238206, 9.19969008238206, 9.19969008238206]}, {'species': [{'element': 'I', 'occu': 1}], 'abc': [0.7459272490054829, 0.2540727509945171, 0.2540727509945171], 'properties': {}, 'label': 'I', 'xyz': [3.1165207567037143, 6.133126721588041, 6.133126721588041]}, {'species': [{'element': 'I', 'occu': 1}], 'abc': [0.2540727509945171, 0.7459272490054829, 0.7459272490054829], 'properties': {}, 'label': 'I', 'xyz': [9.149732686472367, 6.133126721588041, 6.133126721588041]}, {'species': [{'element': 'I', 'occu': 1}], 'abc': [0.2540727509945171, 0.7459272490054829, 0.2540727509945171], 'properties': {}, 'label': 'I', 'xyz': [6.133126721588041, 3.1165207567037143, 6.133126721588041]}, {'species': [{'element': 'I', 'occu': 1}], 'abc': [0.7459272490054829, 0.2540727509945171, 0.7459272490054829], 'properties': {}, 'label': 'I', 'xyz': [6.133126721588041, 9.149732686472367, 6.133126721588041]}, {'species': [{'element': 'I', 'occu': 1}], 'abc': [0.2540727509945171, 0.2540727509945171, 0.7459272490054829], 'properties': {}, 'label': 'I', 'xyz': [6.133126721588041, 6.133126721588041, 3.1165207567037143]}, {'species': [{'element': 'I', 'occu': 1}], 'abc': [0.7459272490054829, 0.7459272490054829, 0.2540727509945171], 'properties': {}, 'label': 'I', 'xyz': [6.133126721588041, 6.133126721588041, 9.149732686472367]}]}"
3564_CsVAmI,Am-Cs-I-V,10,"{'@module': 'pymatgen.core.structure', '@class': 'Structure', 'charge': 0.0, 'lattice': {'matrix': [[0.0, 5.865877496100334, 5.865877496100333], [5.865877496100333, 0.0, 5.865877496100333], [5.865877496100333, 5.865877496100334, 0.0]], 'pbc': (True, True, True), 'a': 8.295603510204224, 'b': 8.295603510204222, 'c': 8.295603510204224, 'alpha': 60.00000000000001, 'beta': 59.99999999999999, 'gamma': 60.00000000000001, 'volume': 403.67231219740574}, 'properties': {}, 'sites': [{'species': [{'element': 'V', 'occu': 1}], 'abc': [0.0, 0.0, 0.0], 'properties': {}, 'label': 'V', 'xyz': [0.0, 0.0, 0.0]}, {'species': [{'element': 'Am', 'occu': 1}], 'abc': [0.5, 0.5, 0.5], 'properties': {}, 'label': 'Am', 'xyz': [5.865877496100333, 5.865877496100334, 5.865877496100333]}, {'species': [{'element': 'Cs', 'occu': 1}], 'abc': [0.25, 0.25, 0.25], 'properties': {}, 'label': 'Cs', 'xyz': [2.9329387480501663, 2.932938748050167, 2.9329387480501663]}, {'species': [{'element': 'Cs', 'occu': 1}], 'abc': [0.75, 0.75, 0.75], 'properties': {}, 'label': 'Cs', 'xyz': [8.7988162441505, 8.798816244150501, 8.7988162441505]}, {'species': [{'element': 'I', 'occu': 1}], 'abc': [0.7627282710991992, 0.2372717289008008, 0.2372717289008008], 'properties': {}, 'label': 'I', 'xyz': [2.783613790040053, 5.865877496100334, 5.865877496100332]}, {'species': [{'element': 'I', 'occu': 1}], 'abc': [0.2372717289008008, 0.7627282710991992, 0.7627282710991992], 'properties': {}, 'label': 'I', 'xyz': [8.948141202160611, 5.865877496100334, 5.865877496100332]}, {'species': [{'element': 'I', 'occu': 1}], 'abc': [0.2372717289008008, 0.7627282710991992, 0.2372717289008008], 'properties': {}, 'label': 'I', 'xyz': [5.865877496100332, 2.7836137900400537, 5.865877496100332]}, {'species': [{'element': 'I', 'occu': 1}], 'abc': [0.7627282710991992, 0.2372717289008008, 0.7627282710991992], 'properties': {}, 'label': 'I', 'xyz': [5.865877496100332, 8.948141202160615, 5.865877496100332]}, {'species': [{'element': 'I', 'occu': 1}], 'abc': [0.2372717289008008, 0.2372717289008008, 0.7627282710991992], 'properties': {}, 'label': 'I', 'xyz': [5.865877496100332, 5.865877496100334, 2.783613790040053]}, {'species': [{'element': 'I', 'occu': 1}], 'abc': [0.7627282710991992, 0.7627282710991992, 0.2372717289008008], 'properties': {}, 'label': 'I', 'xyz': [5.865877496100332, 5.865877496100334, 8.948141202160611]}]}"
3569_CsNaAmI,Am-Cs-I-Na,10,"{'@module': 'pymatgen.core.structure', '@class': 'Structure', 'charge': 0.0, 'lattice': {'matrix': [[0.0, 6.070273463156978, 6.070273463156978], [6.070273463156978, 0.0, 6.070273463156978], [6.070273463156978, 6.070273463156978, 0.0]], 'pbc': (True, True, True), 'a': 8.584663058910095, 'b': 8.584663058910095, 'c': 8.584663058910095, 'alpha': 60.00000000000001, 'beta': 60.00000000000001, 'gamma': 60.00000000000001, 'volume': 447.35754305964014}, 'properties': {}, 'sites': [{'species': [{'element': 'Na', 'occu': 1}], 'abc': [0.0, 0.0, 0.0], 'properties': {}, 'label': 'Na', 'xyz': [0.0, 0.0, 0.0]}, {'species': [{'element': 'Am', 'occu': 1}], 'abc': [0.5, 0.5, 0.5], 'properties': {}, 'label': 'Am', 'xyz': [6.070273463156978, 6.070273463156978, 6.070273463156978]}, {'species': [{'element': 'Cs', 'occu': 1}], 'abc': [0.25, 0.25, 0.25], 'properties': {}, 'label': 'Cs', 'xyz': [3.035136731578489, 3.035136731578489, 3.035136731578489]}, {'species': [{'element': 'Cs', 'occu': 1}], 'abc': [0.75, 0.75, 0.75], 'properties': {}, 'label': 'Cs', 'xyz': [9.105410194735466, 9.105410194735466, 9.105410194735466]}, {'species': [{'element': 'I', 'occu': 1}], 'abc': [0.7485024999454524, 0.2514975000545476, 0.2514975000545476], 'properties': {}, 'label': 'I', 'xyz': [3.0533172012628813, 6.070273463156978, 6.070273463156978]}, {'species': [{'element': 'I', 'occu': 1}], 'abc': [0.2514975000545476, 0.7485024999454524, 0.7485024999454524], 'properties': {}, 'label': 'I', 'xyz': [9.087229725051074, 6.070273463156978, 6.070273463156978]}, {'species': [{'element': 'I', 'occu': 1}], 'abc': [0.2514975000545476, 0.7485024999454524, 0.2514975000545476], 'properties': {}, 'label': 'I', 'xyz': [6.070273463156978, 3.0533172012628813, 6.070273463156978]}, {'species': [{'element': 'I', 'occu': 1}], 'abc': [0.7485024999454524, 0.2514975000545476, 0.7485024999454524], 'properties': {}, 'label': 'I', 'xyz': [6.070273463156978, 9.087229725051074, 6.070273463156978]}, {'species': [{'element': 'I', 'occu': 1}], 'abc': [0.2514975000545476, 0.2514975000545476, 0.7485024999454524], 'properties': {}, 'label': 'I', 'xyz': [6.070273463156978, 6.070273463156978, 3.0533172012628813]}, {'species': [{'element': 'I', 'occu': 1}], 'abc': [0.7485024999454524, 0.7485024999454524, 0.2514975000545476], 'properties': {}, 'label': 'I', 'xyz': [6.070273463156978, 6.070273463156978, 9.087229725051074]}]}"
3574_CsNiRaI,Cs-I-Ni-Ra,10,"{'@module': 'pymatgen.core.structure', '@class': 'Structure', 'charge': 0.0, 'lattice': {'matrix': [[0.0, 6.059336922896089, 6.059336922896089], [6.059336922896089, 0.0, 6.059336922896089], [6.059336922896089, 6.059336922896089, 0.0]], 'pbc': (True, True, True), 'a': 8.569196455347706, 'b': 8.569196455347706, 'c': 8.569196455347706, 'alpha': 59.99999999999999, 'beta': 59.99999999999999, 'gamma': 59.99999999999999, 'volume': 444.9439445158644}, 'properties': {}, 'sites': [{'species': [{'element': 'Ni', 'occu': 1}], 'abc': [0.0, 0.0, 0.0], 'properties': {}, 'label': 'Ni', 'xyz': [0.0, 0.0, 0.0]}, {'species': [{'element': 'Ra', 'occu': 1}], 'abc': [0.5, 0.5, 0.5], 'properties': {}, 'label': 'Ra', 'xyz': [6.059336922896089, 6.059336922896089, 6.059336922896089]}, {'species': [{'element': 'Cs', 'occu': 1}], 'abc': [0.25, 0.25, 0.25], 'properties': {}, 'label': 'Cs', 'xyz': [3.0296684614480447, 3.0296684614480447, 3.0296684614480447]}, {'species': [{'element': 'Cs', 'occu': 1}], 'abc': [0.75, 0.75, 0.75], 'properties': {}, 'label': 'Cs', 'xyz': [9.089005384344134, 9.089005384344134, 9.089005384344134]}, {'species': [{'element': 'I', 'occu': 1}], 'abc': [0.7770808473272268, 0.2229191526727732, 0.2229191526727732], 'properties': {}, 'label': 'I', 'xyz': [2.7014845052216905, 6.05933692289609, 6.05933692289609]}, {'species': [{'element': 'I', 'occu': 1}], 'abc': [0.2229191526727732, 0.7770808473272268, 0.7770808473272268], 'properties': {}, 'label': 'I', 'xyz': [9.41718934057049, 6.05933692289609, 6.05933692289609]}, {'species': [{'element': 'I', 'occu': 1}], 'abc': [0.2229191526727732, 0.7770808473272268, 0.2229191526727732], 'properties': {}, 'label': 'I', 'xyz': [6.05933692289609, 2.7014845052216905, 6.05933692289609]}, {'species': [{'element': 'I', 'occu': 1}], 'abc': [0.7770808473272268, 0.2229191526727732, 0.7770808473272268], 'properties': {}, 'label': 'I', 'xyz': [6.05933692289609, 9.41718934057049, 6.05933692289609]}, {'species': [{'element': 'I', 'occu': 1}], 'abc': [0.2229191526727732, 0.2229191526727732, 0.7770808473272268], 'properties': {}, 'label': 'I', 'xyz': [6.05933692289609, 6.05933692289609, 2.7014845052216905]}, {'species': [{'element': 'I', 'occu': 1}], 'abc': [0.7770808473272268, 0.7770808473272268, 0.2229191526727732], 'properties': {}, 'label': 'I', 'xyz': [6.05933692289609, 6.05933692289609, 9.41718934057049]}]}"
3581_CsPoVacI,Cs-I-Po,9,"{'@module': 'pymatgen.core.structure', '@class': 'Structure', 'charge': 0.0, 'lattice': {'matrix': [[0.0, 5.855352256948644, 5.855352256948644], [5.855352256948644, 0.0, 5.855352256948644], [5.855352256948644, 5.855352256948644, 0.0]], 'pbc': (True, True, True), 'a': 8.280718574248684, 'b': 8.280718574248684, 'c': 8.280718574248684, 'alpha': 60.00000000000001, 'beta': 60.00000000000001, 'gamma': 60.00000000000001, 'volume': 401.50326148476927}, 'properties': {}, 'sites': [{'species': [{'element': 'Po', 'occu': 1}], 'abc': [0.0, 0.0, 0.0], 'properties': {}, 'label': 'Po', 'xyz': [0.0, 0.0, 0.0]}, {'species': [{'element': 'Cs', 'occu': 1}], 'abc': [0.25, 0.25, 0.25], 'properties': {}, 'label': 'Cs', 'xyz': [2.927676128474322, 2.927676128474322, 2.927676128474322]}, {'species': [{'element': 'Cs', 'occu': 1}], 'abc': [0.75, 0.75, 0.75], 'properties': {}, 'label': 'Cs', 'xyz': [8.783028385422966, 8.783028385422966, 8.783028385422966]}, {'species': [{'element': 'I', 'occu': 1}], 'abc': [0.744941565172418, 0.2550584348275819, 0.2550584348275819], 'properties': {}, 'label': 'I', 'xyz': [2.9869139640429405, 5.855352256948644, 5.855352256948644]}, {'species': [{'element': 'I', 'occu': 1}], 'abc': [0.2550584348275819, 0.744941565172418, 0.744941565172418], 'properties': {}, 'label': 'I', 'xyz': [8.723790549854346, 5.855352256948644, 5.855352256948644]}, {'species': [{'element': 'I', 'occu': 1}], 'abc': [0.2550584348275819, 0.744941565172418, 0.2550584348275819], 'properties': {}, 'label': 'I', 'xyz': [5.855352256948644, 2.9869139640429405, 5.855352256948644]}, {'species': [{'element': 'I', 'occu': 1}], 'abc': [0.744941565172418, 0.2550584348275819, 0.744941565172418], 'properties': {}, 'label': 'I', 'xyz': [5.855352256948644, 8.723790549854346, 5.855352256948644]}, {'species': [{'element': 'I', 'occu': 1}], 'abc': [0.2550584348275819, 0.2550584348275819, 0.744941565172418], 'properties': {}, 'label': 'I', 'xyz': [5.855352256948644, 5.855352256948644, 2.9869139640429405]}, {'species': [{'element': 'I', 'occu': 1}], 'abc': [0.744941565172418, 0.744941565172418, 0.2550584348275819], 'properties': {}, 'label': 'I', 'xyz': [5.855352256948644, 5.855352256948644, 8.723790549854346]}]}"
3596_CsAmVacI,Am-Cs-I,9,"{'@module': 'pymatgen.core.structure', '@class': 'Structure', 'charge': 0.0, 'lattice': {'matrix': [[0.0, 5.812216385913523, 5.812216385913523], [5.812216385913524, 0.0, 5.812216385913523], [5.812216385913524, 5.812216385913523, 0.0]], 'pbc': (True, True, True), 'a': 8.219715240406039, 'b': 8.21971524040604, 'c': 8.21971524040604, 'alpha': 60.00000000000001, 'beta': 60.00000000000001, 'gamma': 60.00000000000001, 'volume': 392.694952534085}, 'properties': {}, 'sites': [{'species': [{'element': 'Am', 'occu': 1}], 'abc': [0.0, 0.0, 0.0], 'properties': {}, 'label': 'Am', 'xyz': [0.0, 0.0, 0.0]}, {'species': [{'element': 'Cs', 'occu': 1}], 'abc': [0.25, 0.25, 0.25], 'properties': {}, 'label': 'Cs', 'xyz': [2.906108192956762, 2.9061081929567614, 2.9061081929567614]}, {'species': [{'element': 'Cs', 'occu': 1}], 'abc': [0.75, 0.75, 0.75], 'properties': {}, 'label': 'Cs', 'xyz': [8.718324578870286, 8.718324578870284, 8.718324578870284]}, {'species': [{'element': 'I', 'occu': 1}], 'abc': [0.745020957122712, 0.254979042877288, 0.254979042877288], 'properties': {}, 'label': 'I', 'xyz': [2.9639867421518407, 5.812216385913523, 5.812216385913523]}, {'species': [{'element': 'I', 'occu': 1}], 'abc': [0.254979042877288, 0.745020957122712, 0.745020957122712], 'properties': {}, 'label': 'I', 'xyz': [8.660446029675207, 5.812216385913523, 5.812216385913523]}, {'species': [{'element': 'I', 'occu': 1}], 'abc': [0.254979042877288, 0.745020957122712, 0.254979042877288], 'properties': {}, 'label': 'I', 'xyz': [5.812216385913524, 2.96398674215184, 5.812216385913523]}, {'species': [{'element': 'I', 'occu': 1}], 'abc': [0.745020957122712, 0.254979042877288, 0.745020957122712], 'properties': {}, 'label': 'I', 'xyz': [5.812216385913524, 8.660446029675205, 5.812216385913523]}, {'species': [{'element': 'I', 'occu': 1}], 'abc': [0.254979042877288, 0.254979042877288, 0.745020957122712], 'properties': {}, 'label': 'I', 'xyz': [5.812216385913524, 5.812216385913523, 2.96398674215184]}, {'species': [{'element': 'I', 'occu': 1}], 'abc': [0.745020957122712, 0.745020957122712, 0.254979042877288], 'properties': {}, 'label': 'I', 'xyz': [5.812216385913524, 5.812216385913523, 8.660446029675205]}]}"
3597_CsCmVacI,Cm-Cs-I,9,"{'@module': 'pymatgen.core.structure', '@class': 'Structure', 'charge': 0.0, 'lattice': {'matrix': [[0.0, 5.810335531121459, 5.810335531121459], [5.810335531121459, 0.0, 5.810335531121458], [5.810335531121459, 5.810335531121458, 0.0]], 'pbc': (True, True, True), 'a': 8.217055310050247, 'b': 8.217055310050247, 'c': 8.217055310050247, 'alpha': 59.99999999999999, 'beta': 60.00000000000001, 'gamma': 60.00000000000001, 'volume': 392.3138432571883}, 'properties': {}, 'sites': [{'species': [{'element': 'Cm', 'occu': 1}], 'abc': [0.0, 0.0, 0.0], 'properties': {}, 'label': 'Cm', 'xyz': [0.0, 0.0, 0.0]}, {'species': [{'element': 'Cs', 'occu': 1}], 'abc': [0.25, 0.25, 0.25], 'properties': {}, 'label': 'Cs', 'xyz': [2.9051677655607295, 2.905167765560729, 2.905167765560729]}, {'species': [{'element': 'Cs', 'occu': 1}], 'abc': [0.75, 0.75, 0.75], 'properties': {}, 'label': 'Cs', 'xyz': [8.715503296682188, 8.715503296682186, 8.715503296682186]}, {'species': [{'element': 'I', 'occu': 1}], 'abc': [0.7435763365440735, 0.2564236634559265, 0.2564236634559265], 'properties': {}, 'label': 'I', 'xyz': [2.979815045596602, 5.810335531121458, 5.810335531121458]}, {'species': [{'element': 'I', 'occu': 1}], 'abc': [0.2564236634559265, 0.7435763365440735, 0.7435763365440735], 'properties': {}, 'label': 'I', 'xyz': [8.640856016646316, 5.810335531121459, 5.810335531121459]}, {'species': [{'element': 'I', 'occu': 1}], 'abc': [0.2564236634559265, 0.7435763365440735, 0.2564236634559265], 'properties': {}, 'label': 'I', 'xyz': [5.810335531121459, 2.9798150455966015, 5.810335531121459]}, {'species': [{'element': 'I', 'occu': 1}], 'abc': [0.7435763365440735, 0.2564236634559265, 0.7435763365440735], 'properties': {}, 'label': 'I', 'xyz': [5.810335531121459, 8.640856016646316, 5.810335531121458]}, {'species': [{'element': 'I', 'occu': 1}], 'abc': [0.2564236634559265, 0.2564236634559265, 0.7435763365440735], 'properties': {}, 'label': 'I', 'xyz': [5.810335531121459, 5.810335531121459, 2.9798150455966015]}, {'species': [{'element': 'I', 'occu': 1}], 'abc': [0.7435763365440735, 0.7435763365440735, 0.2564236634559265], 'properties': {}, 'label': 'I', 'xyz': [5.810335531121459, 5.810335531121458, 8.640856016646316]}]}"
3756_CsCsAmF,Am-Cs-F,10,"{'@module': 'pymatgen.core.structure', '@class': 'Structure', 'charge': 0.0, 'lattice': {'matrix': [[0.0, 5.01524121268312, 5.01524121268312], [5.01524121268312, 0.0, 5.01524121268312], [5.01524121268312, 5.01524121268312, 0.0]], 'pbc': (True, True, True), 'a': 7.092622141548956, 'b': 7.092622141548956, 'c': 7.092622141548956, 'alpha': 60.00000000000001, 'beta': 60.00000000000001, 'gamma': 60.00000000000001, 'volume': 252.2931578202912}, 'properties': {}, 'sites': [{'species': [{'element': 'Cs', 'occu': 1}], 'abc': [0.0, 0.0, 0.0], 'properties': {}, 'label': 'Cs', 'xyz': [0.0, 0.0, 0.0]}, {'species': [{'element': 'Am', 'occu': 1}], 'abc': [0.5, 0.5, 0.5], 'properties': {}, 'label': 'Am', 'xyz': [5.01524121268312, 5.01524121268312, 5.01524121268312]}, {'species': [{'element': 'Cs', 'occu': 1}], 'abc': [0.25, 0.25, 0.25], 'properties': {}, 'label': 'Cs', 'xyz': [2.50762060634156, 2.50762060634156, 2.50762060634156]}, {'species': [{'element': 'Cs', 'occu': 1}], 'abc': [0.75, 0.75, 0.75], 'properties': {}, 'label': 'Cs', 'xyz': [7.52286181902468, 7.52286181902468, 7.52286181902468]}, {'species': [{'element': 'F', 'occu': 1}], 'abc': [0.7243670658958195, 0.2756329341041805, 0.2756329341041805], 'properties': {}, 'label': 'F', 'xyz': [2.764731301384113, 5.01524121268312, 5.01524121268312]}, {'species': [{'element': 'F', 'occu': 1}], 'abc': [0.2756329341041805, 0.7243670658958195, 0.7243670658958195], 'properties': {}, 'label': 'F', 'xyz': [7.265751123982126, 5.01524121268312, 5.01524121268312]}, {'species': [{'element': 'F', 'occu': 1}], 'abc': [0.2756329341041805, 0.7243670658958195, 0.2756329341041805], 'properties': {}, 'label': 'F', 'xyz': [5.01524121268312, 2.764731301384113, 5.01524121268312]}, {'species': [{'element': 'F', 'occu': 1}], 'abc': [0.7243670658958195, 0.2756329341041805, 0.7243670658958195], 'properties': {}, 'label': 'F', 'xyz': [5.01524121268312, 7.265751123982126, 5.01524121268312]}, {'species': [{'element': 'F', 'occu': 1}], 'abc': [0.2756329341041805, 0.2756329341041805, 0.7243670658958195], 'properties': {}, 'label': 'F', 'xyz': [5.01524121268312, 5.01524121268312, 2.764731301384113]}, {'species': [{'element': 'F', 'occu': 1}], 'abc': [0.7243670658958195, 0.7243670658958195, 0.2756329341041805], 'properties': {}, 'label': 'F', 'xyz': [5.01524121268312, 5.01524121268312, 7.265751123982126]}]}"
